Method 'SystemVoidCosmosSystemKernelStart', ID = '0'
Method 'SystemVoidCosmosIL2CPURuntimeEngineInitializeApplication', ID = '1'
Method 'SystemVoidCosmosIL2CPURuntimeEngineFinalizeApplicationSystemInt32', ID = '2'
Method 'SystemBooleanCosmosCoreVTablesImplIsInstanceSystemUInt32SystemUInt32SystemBoolean', ID = '3'
Method 'SystemVoidCosmosCoreVTablesImplSetTypeInfoSystemInt32SystemUInt32SystemUInt32SystemUInt32SystemUInt32arraySystemUInt32SystemUInt32arraySystemUInt32arraySystemUInt32Syst2350FF37540DB026AD8A0FEF8931DCAC', ID = '4'
Method 'SystemVoidCosmosCoreVTablesImplSetInterfaceInfoSystemInt32SystemInt32SystemUInt32', ID = '5'
Method 'SystemVoidCosmosCoreVTablesImplSetMethodInfoSystemInt32SystemInt32SystemUInt32SystemUInt32', ID = '6'
Method 'SystemVoidCosmosCoreVTablesImplSetInterfaceMethodInfoSystemInt32SystemInt32SystemUInt32SystemUInt32', ID = '7'
Method 'SystemUInt32CosmosCoreVTablesImplGetMethodAddressForTypeSystemUInt32SystemUInt32', ID = '8'
Method 'SystemUInt32CosmosCoreVTablesImplGetMethodAddressForInterfaceTypeSystemUInt32SystemUInt32', ID = '9'
Method 'SystemUInt32CosmosCoreVTablesImplGetDeclaringTypeOfMethodForTypeSystemUInt32SystemUInt32', ID = '10'
Method 'SystemVoidCosmosCoreGCImplementationInit', ID = '11'
Method 'SystemVoidCosmosCoreGCImplementationIncRootCountSystemUInt16pointer', ID = '12'
Method 'SystemVoidCosmosCoreGCImplementationIncRootCountsInStructSystemUInt16pointerSystemUInt32', ID = '13'
Method 'SystemVoidCosmosCoreGCImplementationDecRootCountSystemUInt16pointer', ID = '14'
Method 'SystemVoidCosmosCoreGCImplementationDecRootCountsInStructSystemUInt16pointerSystemUInt32', ID = '15'
Method 'SystemUInt32CosmosCoreGCImplementationAllocNewObjectSystemUInt32', ID = '16'
Method 'SystemVoidCosmosIL2CPUExceptionHelperThrowNotImplementedSystemString', ID = '17'
Method 'SystemVoidCosmosIL2CPUExceptionHelperThrowOverflow', ID = '18'
Method 'SystemVoidCosmosIL2CPUExceptionHelperThrowInvalidOperationSystemString', ID = '19'
Method 'SystemVoidCosmosIL2CPUExceptionHelperThrowArgumentOutOfRangeSystemString', ID = '20'
Method 'SystemVoidSystemArrayctor', ID = '23'
Method 'SystemDelegatearraySystemMulticastDelegateGetInvocationList', ID = '24'
Method 'SystemVoidCosmosIL2CPUExceptionHelperThrowInvalidCastException', ID = '26'
Method 'SystemVoidCosmosIL2CPUExceptionHelperThrowNotFiniteNumberExceptionSystemDouble', ID = '27'
Method 'SystemVoidCosmosIL2CPUExceptionHelperThrowDivideByZeroException', ID = '28'
Method 'SystemVoidCosmosIL2CPUExceptionHelperThrowIndexOutOfRangeException', ID = '29'
Method 'SystemVoidRTL8102E_DriverKernelctor', ID = '30'
Method 'SystemVoidCosmosDebugKernelDebuggerSendSystemString', ID = '35'
Method 'SystemVoidCosmosHALBootstrapInit', ID = '39'
Method 'SystemVoidCosmosSystemKernelOnBoot', ID = '40'
Method 'SystemVoidCosmosSystemKernelBeforeRun', ID = '41'
Method 'SystemVoidCosmosHALGlobalEnableInterrupts', ID = '42'
Method 'SystemVoidCosmosSystemKernelAfterRun', ID = '44'
Method 'SystemVoidCosmosIL2CPURuntimeEngineInitializeEngine', ID = '48'
Method 'SystemVoidCosmosIL2CPURuntimeEngineHeap_Initialize', ID = '49'
Method 'SystemVoidCosmosIL2CPURuntimeEngineFinalizeEngine', ID = '51'
Method 'SystemVoidCosmosIL2CPURuntimeEngineExitProcessSystemInt32', ID = '52'
Method 'SystemVoidCosmosCoreVTablesImplDebugSystemString', ID = '58'
Method 'SystemVoidCosmosCoreVTablesImplDebugHexSystemStringSystemUInt32', ID = '59'
Method 'SystemVoidCosmosCoreVTablesImplDebugAndHaltSystemString', ID = '63'
Method 'SystemVoidCosmosDebugKernelPlugsAsmDebuggerAsmSendKernelPanicSystemUInt32', ID = '65'
Method 'CosmosCoreRawMemoryMapBlockpointerCosmosCoreCPUGetLargestMemoryBlock', ID = '69'
Method 'SystemVoidCosmosCoreMemoryRATInitSystemBytepointerSystemUInt32', ID = '74'
Method 'CosmosCoreMemoryRATPageTypeCosmosCoreMemoryRATGetPageTypeSystemVoidpointer', ID = '76'
Method 'SystemUInt32CosmosCoreVTablesImplGetGCFieldCountSystemUInt32', ID = '77'
Method 'SystemUInt32arrayCosmosCoreVTablesImplGetGCFieldOffsetsSystemUInt32', ID = '78'
Method 'SystemUInt32arrayCosmosCoreVTablesImplGetGCFieldTypesSystemUInt32', ID = '79'
Method 'SystemBooleanCosmosCoreVTablesImplIsStructSystemUInt32', ID = '80'
Method 'SystemBytepointerCosmosCoreMemoryHeapAllocSystemUInt32', ID = '81'
Method 'SystemVoidSystemNotImplementedExceptionctorSystemString', ID = '83'
Method 'SystemVoidSystemOverflowExceptionctorSystemString', ID = '84'
Method 'SystemVoidSystemInvalidOperationExceptionctorSystemString', ID = '85'
Method 'SystemVoidSystemArgumentOutOfRangeExceptionctorSystemString', ID = '86'
Method 'SystemDelegatearraySystemDelegateGetInvocationList', ID = '97'
Method 'SystemInt32SystemIntPtrop_ExplicitSystemIntPtr', ID = '100'
Method 'SystemVoidSystemInvalidCastExceptionctor', ID = '101'
Method 'SystemVoidSystemNotFiniteNumberExceptionctorSystemDouble', ID = '103'
Method 'SystemVoidSystemDivideByZeroExceptionctor', ID = '104'
Method 'SystemVoidSystemIndexOutOfRangeExceptionctor', ID = '105'
Method 'SystemVoidCosmosSystemKernelctor', ID = '107'
Method 'SystemVoidCosmosSystemGlobalcctor', ID = '110'
Method 'SystemVoidCosmosCore_PlugsSystemExceptionImplCtorSystemString', ID = '113'
Method 'SystemVoidCosmosCoreBootstrapInit', ID = '121'
Method 'CosmosHALTextScreenBaseCosmosSystemKernelGetTextScreen', ID = '122'
Method 'SystemVoidCosmosSystemGlobalInitCosmosHALTextScreenBaseSystemBooleanSystemBooleanSystemBooleanSystemBoolean', ID = '123'
Method 'SystemVoidRTL8102E_DriverKernelBeforeRun', ID = '124'
Method 'SystemVoidCosmosCoreCPUEnableInterrupts', ID = '126'
Method 'SystemVoidRTL8102E_DriverKernelRun', ID = '127'
Method 'SystemVoidCosmosSystem_PlugsSystemConsoleImplWriteLineSystemString', ID = '129'
Method 'SystemStringSystemValueTypeToString', ID = '130'
Method 'SystemStringSystemStringToString', ID = '131'
Method 'SystemStringSystemBooleanToString', ID = '134'
Method 'SystemStringSystemCharToString', ID = '137'
Method 'SystemStringCosmosCore_PlugsSystemObjectImplToString', ID = '138'
Method 'SystemVoidSystemBooleancctor', ID = '189'
Method 'SystemVoidCosmosCoreVTablesImplcctor', ID = '192'
Method 'SystemVoidCosmosDebugKernelDebuggerSendNumberSystemUInt32', ID = '194'
Method 'SystemCollectionsGenericIEnumerator1SystemUInt32SystemSZArrayHelperGetEnumeratorSystemUInt32', ID = '195'
Method 'SystemVoidSystemSZArrayHelperCopyToSystemUInt32SystemUInt32arraySystemInt32', ID = '196'
Method 'SystemInt32SystemSZArrayHelperget_CountSystemUInt32', ID = '197'
Method 'SystemUInt32SystemSZArrayHelperget_ItemSystemUInt32SystemInt32', ID = '198'
Method 'SystemVoidSystemSZArrayHelperset_ItemSystemUInt32SystemInt32SystemUInt32', ID = '199'
Method 'SystemVoidSystemSZArrayHelperAddSystemUInt32SystemUInt32', ID = '200'
Method 'SystemBooleanSystemSZArrayHelperContainsSystemUInt32SystemUInt32', ID = '201'
Method 'SystemBooleanSystemSZArrayHelperget_IsReadOnlySystemUInt32', ID = '202'
Method 'SystemVoidSystemSZArrayHelperClearSystemUInt32', ID = '203'
Method 'SystemInt32SystemSZArrayHelperIndexOfSystemUInt32SystemUInt32', ID = '204'
Method 'SystemVoidSystemSZArrayHelperInsertSystemUInt32SystemInt32SystemUInt32', ID = '205'
Method 'SystemBooleanSystemSZArrayHelperRemoveSystemUInt32SystemUInt32', ID = '206'
Method 'SystemVoidSystemSZArrayHelperRemoveAtSystemUInt32SystemInt32', ID = '207'
Method 'SystemVoidCosmosDebugKernelPlugsAsmDebuggerAsmDoBochsBreak', ID = '215'
Method 'SystemVoidCosmosCoreGCImplementationcctor', ID = '216'
Method 'SystemBooleanCosmosCoreMultiboot2MemoryMapExists', ID = '219'
Method 'CosmosCoreMultiboot2Mb2TagMemoryMappointerCosmosCoreMultiboot2get_MemoryMap', ID = '220'
Method 'SystemUInt32CosmosCore_AsmCPUImplGetEndOfKernel', ID = '223'
Method 'SystemVoidCosmosCoreMemoryHeapInit', ID = '233'
Method 'SystemUInt32CosmosCoreMemoryRATGetFirstRATIndexSystemVoidpointer', ID = '236'
Method 'SystemBooleanCosmosCoreCPUDisableInterrupts', ID = '238'
Method 'SystemBytepointerCosmosCoreMemoryHeapSmallAllocSystemUInt16', ID = '241'
Method 'SystemBytepointerCosmosCoreMemoryHeapMediumAllocSystemUInt32', ID = '242'
Method 'SystemBytepointerCosmosCoreMemoryHeapLargeAllocSystemUInt32CosmosCoreMemoryRATPageType', ID = '243'
Method 'SystemVoidSystemSystemExceptionctorSystemString', ID = '245'
Method 'SystemVoidSystemExceptionset_HResultSystemInt32', ID = '246'
Method 'SystemVoidSystemArithmeticExceptionctorSystemString', ID = '248'
Method 'SystemStringSystemPrivateCoreLibSystemSRget_Arg_ArgumentOutOfRangeException', ID = '251'
Method 'SystemVoidSystemArgumentExceptionctorSystemStringSystemString', ID = '252'
Method 'SystemVoidCosmosCore_PlugsSystemObjectImplCtor', ID = '253'
Method 'SystemCollectionsGenericIEnumerator1SystemDelegateSystemSZArrayHelperGetEnumeratorSystemDelegate', ID = '256'
Method 'SystemVoidSystemSZArrayHelperCopyToSystemDelegateSystemDelegatearraySystemInt32', ID = '257'
Method 'SystemInt32SystemSZArrayHelperget_CountSystemDelegate', ID = '258'
Method 'SystemDelegateSystemSZArrayHelperget_ItemSystemDelegateSystemInt32', ID = '259'
Method 'SystemVoidSystemSZArrayHelperset_ItemSystemDelegateSystemInt32SystemDelegate', ID = '260'
Method 'SystemVoidSystemSZArrayHelperAddSystemDelegateSystemDelegate', ID = '261'
Method 'SystemBooleanSystemSZArrayHelperContainsSystemDelegateSystemDelegate', ID = '262'
Method 'SystemBooleanSystemSZArrayHelperget_IsReadOnlySystemDelegate', ID = '263'
Method 'SystemVoidSystemSZArrayHelperClearSystemDelegate', ID = '264'
Method 'SystemInt32SystemSZArrayHelperIndexOfSystemDelegateSystemDelegate', ID = '265'
Method 'SystemVoidSystemSZArrayHelperInsertSystemDelegateSystemInt32SystemDelegate', ID = '266'
Method 'SystemBooleanSystemSZArrayHelperRemoveSystemDelegateSystemDelegate', ID = '267'
Method 'SystemVoidSystemSZArrayHelperRemoveAtSystemDelegateSystemInt32', ID = '268'
Method 'SystemCollectionsGenericIEnumerator1SystemObjectSystemSZArrayHelperGetEnumeratorSystemObject', ID = '275'
Method 'SystemVoidSystemSZArrayHelperCopyToSystemObjectSystemObjectarraySystemInt32', ID = '276'
Method 'SystemInt32SystemSZArrayHelperget_CountSystemObject', ID = '277'
Method 'SystemObjectSystemSZArrayHelperget_ItemSystemObjectSystemInt32', ID = '278'
Method 'SystemVoidSystemSZArrayHelperset_ItemSystemObjectSystemInt32SystemObject', ID = '279'
Method 'SystemVoidSystemSZArrayHelperAddSystemObjectSystemObject', ID = '280'
Method 'SystemBooleanSystemSZArrayHelperContainsSystemObjectSystemObject', ID = '281'
Method 'SystemBooleanSystemSZArrayHelperget_IsReadOnlySystemObject', ID = '282'
Method 'SystemVoidSystemSZArrayHelperClearSystemObject', ID = '283'
Method 'SystemInt32SystemSZArrayHelperIndexOfSystemObjectSystemObject', ID = '284'
Method 'SystemVoidSystemSZArrayHelperInsertSystemObjectSystemInt32SystemObject', ID = '285'
Method 'SystemBooleanSystemSZArrayHelperRemoveSystemObjectSystemObject', ID = '286'
Method 'SystemVoidSystemSZArrayHelperRemoveAtSystemObjectSystemInt32', ID = '287'
Method 'SystemStringSystemPrivateCoreLibSystemSRget_Arg_InvalidCastException', ID = '295'
Method 'SystemVoidSystemArithmeticExceptionctor', ID = '321'
Method 'SystemStringSystemPrivateCoreLibSystemSRget_Arg_DivideByZero', ID = '323'
Method 'SystemStringSystemPrivateCoreLibSystemSRget_Arg_IndexOutOfRangeException', ID = '325'
Method 'SystemVoidCosmosDebugKernelDebuggerctorSystemStringSystemString', ID = '326'
Method 'CosmosDebugKernelDebuggerCosmosDebugKernelDebuggerFactoryCreateDebuggerSystemStringSystemString', ID = '327'
Method 'SystemVoidCosmosDebugKernelPlugsAsmDebuggerAsmDoSendSystemString', ID = '329'
Method 'SystemVoidCosmosCoreMultiboot2Init', ID = '362'
Method 'SystemVoidCosmosCoreINTsDummy', ID = '363'
Method 'SystemVoidCosmosCorePICctor', ID = '364'
Method 'SystemVoidCosmosSystemConsolectorCosmosHALTextScreenBase', ID = '370'
Method 'SystemVoidCosmosHALGlobalInitCosmosHALTextScreenBaseSystemBooleanSystemBooleanSystemBooleanSystemBoolean', ID = '372'
Method 'SystemVoidCosmosSystemNetworkNetworkStackInit', ID = '373'
Method 'SystemVoidCosmosSystemGlobalset_NumLockSystemBoolean', ID = '374'
Method 'SystemVoidCosmosSystemGlobalset_CapsLockSystemBoolean', ID = '375'
Method 'SystemVoidCosmosSystemGlobalset_ScrollLockSystemBoolean', ID = '376'
Method 'SystemVoidRTL8102E_DriverRTL8102Ector', ID = '377'
Method 'SystemBooleanRTL8102E_DriverRTL8102EInitialize', ID = '378'
Method 'SystemVoidCosmosHALGlobalcctor', ID = '379'
Method 'SystemVoidSystemConsolecctor', ID = '382'
Method 'SystemStringSystemEnvironmentget_NewLine', ID = '384'
Method 'SystemStringSystemStringConcatSystemStringSystemString', ID = '385'
Method 'SystemVoidCosmosSystem_PlugsSystemConsoleImplWriteSystemString', ID = '386'
Method 'SystemStringCosmosSystem_PlugsSystemInt32ImplToString', ID = '388'
Method 'SystemStringCosmosSystem_PlugsSystemUInt32ImplToString', ID = '389'
Method 'SystemStringCosmosSystem_PlugsSystemDoubleImplToString', ID = '390'
Method 'SystemStringCosmosCore_PlugsSystemExceptionImplToString', ID = '391'
Method 'SystemStringSystemCharToStringSystemChar', ID = '392'
Method 'SystemUInt32arrayInternalRuntimeCompilerServicesUnsafeAsSystemUInt32arraySystemObject', ID = '398'
Method 'SystemVoidSystemSZGenericArrayEnumerator1SystemUInt32ctorSystemUInt32array', ID = '399'
Method 'SystemVoidSystemThrowHelperThrowArgumentOutOfRange_IndexException', ID = '403'
Method 'SystemVoidSystemThrowHelperThrowNotSupportedExceptionSystemExceptionResource', ID = '404'
Method 'SystemInt32SystemArrayIndexOfSystemUInt32SystemUInt32arraySystemUInt32SystemInt32SystemInt32', ID = '405'
Method 'SystemCollectionsGenericIEnumerator1SystemUInt32CosmosIL2CPUSZArrayImpl1SystemUInt32GetEnumerator', ID = '406'
Method 'SystemVoidCosmosIL2CPUSZArrayImpl1SystemUInt32CopyToSystemUInt32arraySystemInt32', ID = '407'
Method 'SystemInt32CosmosIL2CPUSZArrayImpl1SystemUInt32get_Count', ID = '408'
Method 'SystemUInt32CosmosIL2CPUSZArrayImpl1SystemUInt32get_ItemSystemInt32', ID = '409'
Method 'SystemVoidCosmosIL2CPUSZArrayImpl1SystemUInt32set_ItemSystemInt32SystemUInt32', ID = '410'
Method 'SystemVoidCosmosIL2CPUSZArrayImpl1SystemUInt32AddSystemUInt32', ID = '411'
Method 'SystemBooleanCosmosIL2CPUSZArrayImpl1SystemUInt32ContainsSystemUInt32', ID = '412'
Method 'SystemBooleanCosmosIL2CPUSZArrayImpl1SystemUInt32get_IsReadOnly', ID = '413'
Method 'SystemVoidCosmosIL2CPUSZArrayImpl1SystemUInt32Clear', ID = '414'
Method 'SystemInt32CosmosIL2CPUSZArrayImpl1SystemUInt32IndexOfSystemUInt32', ID = '415'
Method 'SystemVoidCosmosIL2CPUSZArrayImpl1SystemUInt32InsertSystemInt32SystemUInt32', ID = '416'
Method 'SystemVoidCosmosIL2CPUSZArrayImpl1SystemUInt32RemoveAtSystemInt32', ID = '417'
Method 'SystemBooleanCosmosIL2CPUSZArrayImpl1SystemUInt32get_IsFixedSize', ID = '418'
Method 'SystemVoidCosmosIL2CPUSZArrayImpl1SystemUInt32RemoveSystemUInt32', ID = '419'
Method 'SystemObjectCosmosIL2CPUSZArrayImpl1SystemUInt32get_SyncRoot', ID = '420'
Method 'SystemBooleanCosmosIL2CPUSZArrayImpl1SystemUInt32get_IsSynchronized', ID = '421'
Method 'SystemBooleanSystemObjectEqualsSystemObject', ID = '422'
Method 'SystemVoidCosmosDebugKernelPlugsAsmDebuggerAsmDoSendNumberSystemUInt32', ID = '454'
Method 'SystemVoidCosmosCoreMemoryHeapSmallInit', ID = '457'
Method 'SystemVoidCosmosCoreMemoryHeapMediumInit', ID = '458'
Method 'SystemVoidCosmosCoreMemoryHeapLargeInit', ID = '459'
Method 'CosmosCoreMemorySMTBlockpointerCosmosCoreMemoryHeapSmallGetFirstWithSpaceSystemUInt32', ID = '464'
Method 'CosmosCoreMemorySMTPagepointerCosmosCoreMemoryHeapSmallGetLastPage', ID = '465'
Method 'SystemUInt32CosmosCoreMemoryHeapSmallGetRoundedSizeSystemUInt32', ID = '466'
Method 'SystemVoidCosmosCoreMemoryHeapSmallCreatePageCosmosCoreMemorySMTPagepointerSystemUInt32', ID = '467'
Method 'SystemVoidpointerCosmosCoreMemoryRATAllocPagesCosmosCoreMemoryRATPageTypeSystemUInt32', ID = '472'
Method 'SystemStringSystemPrivateCoreLibSystemSRGetResourceStringSystemString', ID = '477'
Method 'SystemDelegatearrayInternalRuntimeCompilerServicesUnsafeAsSystemDelegatearraySystemObject', ID = '504'
Method 'SystemVoidSystemSZGenericArrayEnumerator1SystemDelegatectorSystemDelegatearray', ID = '505'
Method 'SystemInt32SystemArrayIndexOfSystemDelegateSystemDelegatearraySystemDelegateSystemInt32SystemInt32', ID = '508'
Method 'SystemCollectionsGenericIEnumerator1SystemDelegateCosmosIL2CPUSZArrayImpl1SystemDelegateGetEnumerator', ID = '509'
Method 'SystemVoidCosmosIL2CPUSZArrayImpl1SystemDelegateCopyToSystemDelegatearraySystemInt32', ID = '510'
Method 'SystemInt32CosmosIL2CPUSZArrayImpl1SystemDelegateget_Count', ID = '511'
Method 'SystemDelegateCosmosIL2CPUSZArrayImpl1SystemDelegateget_ItemSystemInt32', ID = '512'
Method 'SystemVoidCosmosIL2CPUSZArrayImpl1SystemDelegateset_ItemSystemInt32SystemDelegate', ID = '513'
Method 'SystemVoidCosmosIL2CPUSZArrayImpl1SystemDelegateAddSystemDelegate', ID = '514'
Method 'SystemBooleanCosmosIL2CPUSZArrayImpl1SystemDelegateContainsSystemDelegate', ID = '515'
Method 'SystemBooleanCosmosIL2CPUSZArrayImpl1SystemDelegateget_IsReadOnly', ID = '516'
Method 'SystemVoidCosmosIL2CPUSZArrayImpl1SystemDelegateClear', ID = '517'
Method 'SystemInt32CosmosIL2CPUSZArrayImpl1SystemDelegateIndexOfSystemDelegate', ID = '518'
Method 'SystemVoidCosmosIL2CPUSZArrayImpl1SystemDelegateInsertSystemInt32SystemDelegate', ID = '519'
Method 'SystemVoidCosmosIL2CPUSZArrayImpl1SystemDelegateRemoveAtSystemInt32', ID = '520'
Method 'SystemBooleanCosmosIL2CPUSZArrayImpl1SystemDelegateget_IsFixedSize', ID = '521'
Method 'SystemVoidCosmosIL2CPUSZArrayImpl1SystemDelegateRemoveSystemDelegate', ID = '522'
Method 'SystemObjectCosmosIL2CPUSZArrayImpl1SystemDelegateget_SyncRoot', ID = '523'
Method 'SystemBooleanCosmosIL2CPUSZArrayImpl1SystemDelegateget_IsSynchronized', ID = '524'
Method 'SystemObjectarrayInternalRuntimeCompilerServicesUnsafeAsSystemObjectarraySystemObject', ID = '526'
Method 'SystemVoidSystemSZGenericArrayEnumerator1SystemObjectctorSystemObjectarray', ID = '527'
Method 'SystemInt32SystemArrayIndexOfSystemObjectSystemObjectarraySystemObjectSystemInt32SystemInt32', ID = '530'
Method 'SystemCollectionsGenericIEnumerator1SystemObjectCosmosIL2CPUSZArrayImpl1SystemObjectGetEnumerator', ID = '531'
Method 'SystemVoidCosmosIL2CPUSZArrayImpl1SystemObjectCopyToSystemObjectarraySystemInt32', ID = '532'
Method 'SystemInt32CosmosIL2CPUSZArrayImpl1SystemObjectget_Count', ID = '533'
Method 'SystemObjectCosmosIL2CPUSZArrayImpl1SystemObjectget_ItemSystemInt32', ID = '534'
Method 'SystemVoidCosmosIL2CPUSZArrayImpl1SystemObjectset_ItemSystemInt32SystemObject', ID = '535'
Method 'SystemVoidCosmosIL2CPUSZArrayImpl1SystemObjectAddSystemObject', ID = '536'
Method 'SystemBooleanCosmosIL2CPUSZArrayImpl1SystemObjectContainsSystemObject', ID = '537'
Method 'SystemBooleanCosmosIL2CPUSZArrayImpl1SystemObjectget_IsReadOnly', ID = '538'
Method 'SystemVoidCosmosIL2CPUSZArrayImpl1SystemObjectClear', ID = '539'
Method 'SystemInt32CosmosIL2CPUSZArrayImpl1SystemObjectIndexOfSystemObject', ID = '540'
Method 'SystemVoidCosmosIL2CPUSZArrayImpl1SystemObjectInsertSystemInt32SystemObject', ID = '541'
Method 'SystemVoidCosmosIL2CPUSZArrayImpl1SystemObjectRemoveAtSystemInt32', ID = '542'
Method 'SystemBooleanCosmosIL2CPUSZArrayImpl1SystemObjectget_IsFixedSize', ID = '543'
Method 'SystemVoidCosmosIL2CPUSZArrayImpl1SystemObjectRemoveSystemObject', ID = '544'
Method 'SystemObjectCosmosIL2CPUSZArrayImpl1SystemObjectget_SyncRoot', ID = '545'
Method 'SystemBooleanCosmosIL2CPUSZArrayImpl1SystemObjectget_IsSynchronized', ID = '546'
Method 'SystemStringSystemPrivateCoreLibSystemSRget_Arg_ArithmeticException', ID = '547'
Method 'SystemVoidCosmosDebugKernelConsoleDebuggerctorSystemStringSystemString', ID = '550'
Method 'SystemCollectionsGenericIEnumerator1SystemByteSystemSZArrayHelperGetEnumeratorSystemByte', ID = '553'
Method 'SystemVoidSystemSZArrayHelperCopyToSystemByteSystemBytearraySystemInt32', ID = '554'
Method 'SystemInt32SystemSZArrayHelperget_CountSystemByte', ID = '555'
Method 'SystemByteSystemSZArrayHelperget_ItemSystemByteSystemInt32', ID = '556'
Method 'SystemVoidSystemSZArrayHelperset_ItemSystemByteSystemInt32SystemByte', ID = '557'
Method 'SystemVoidSystemSZArrayHelperAddSystemByteSystemByte', ID = '558'
Method 'SystemBooleanSystemSZArrayHelperContainsSystemByteSystemByte', ID = '559'
Method 'SystemBooleanSystemSZArrayHelperget_IsReadOnlySystemByte', ID = '560'
Method 'SystemVoidSystemSZArrayHelperClearSystemByte', ID = '561'
Method 'SystemInt32SystemSZArrayHelperIndexOfSystemByteSystemByte', ID = '562'
Method 'SystemVoidSystemSZArrayHelperInsertSystemByteSystemInt32SystemByte', ID = '563'
Method 'SystemBooleanSystemSZArrayHelperRemoveSystemByteSystemByte', ID = '564'
Method 'SystemVoidSystemSZArrayHelperRemoveAtSystemByteSystemInt32', ID = '565'
Method 'SystemCollectionsGenericIEnumerator1SystemCharSystemSZArrayHelperGetEnumeratorSystemChar', ID = '597'
Method 'SystemVoidSystemSZArrayHelperCopyToSystemCharSystemChararraySystemInt32', ID = '598'
Method 'SystemInt32SystemSZArrayHelperget_CountSystemChar', ID = '599'
Method 'SystemCharSystemSZArrayHelperget_ItemSystemCharSystemInt32', ID = '600'
Method 'SystemVoidSystemSZArrayHelperset_ItemSystemCharSystemInt32SystemChar', ID = '601'
Method 'SystemVoidSystemSZArrayHelperAddSystemCharSystemChar', ID = '602'
Method 'SystemBooleanSystemSZArrayHelperContainsSystemCharSystemChar', ID = '603'
Method 'SystemBooleanSystemSZArrayHelperget_IsReadOnlySystemChar', ID = '604'
Method 'SystemVoidSystemSZArrayHelperClearSystemChar', ID = '605'
Method 'SystemInt32SystemSZArrayHelperIndexOfSystemCharSystemChar', ID = '606'
Method 'SystemVoidSystemSZArrayHelperInsertSystemCharSystemInt32SystemChar', ID = '607'
Method 'SystemBooleanSystemSZArrayHelperRemoveSystemCharSystemChar', ID = '608'
Method 'SystemVoidSystemSZArrayHelperRemoveAtSystemCharSystemInt32', ID = '609'
Method 'SystemIntPtrSystemIntPtrop_ExplicitSystemInt64', ID = '617'
Method 'SystemIntPtrSystemIntPtrop_AdditionSystemIntPtrSystemInt32', ID = '618'
Method 'SystemVoidpointerSystemIntPtrop_ExplicitSystemIntPtr', ID = '619'
Method 'SystemVoidCosmosCoreMultiboot2set_BasicMemoryInformationCosmosCoreMultiboot2Mb2TagBasicMemoryInformationpointer', ID = '621'
Method 'SystemVoidCosmosCoreMultiboot2set_MemoryMapCosmosCoreMultiboot2Mb2TagMemoryMappointer', ID = '622'
Method 'SystemVoidCosmosCoreMultiboot2set_VbeInfoCosmosCoreMultiboot2Mb2TagVbeInfopointer', ID = '623'
Method 'SystemVoidCosmosCoreINTsHandleInterrupt_DefaultCosmosCoreINTsIRQContext', ID = '626'
Method 'SystemVoidCosmosCoreINTsHandleInterrupt_00CosmosCoreINTsIRQContext', ID = '627'
Method 'SystemVoidCosmosCoreINTsHandleInterrupt_01CosmosCoreINTsIRQContext', ID = '628'
Method 'SystemVoidCosmosCoreINTsHandleInterrupt_02CosmosCoreINTsIRQContext', ID = '629'
Method 'SystemVoidCosmosCoreINTsHandleInterrupt_03CosmosCoreINTsIRQContext', ID = '630'
Method 'SystemVoidCosmosCoreINTsHandleInterrupt_04CosmosCoreINTsIRQContext', ID = '631'
Method 'SystemVoidCosmosCoreINTsHandleInterrupt_05CosmosCoreINTsIRQContext', ID = '632'
Method 'SystemVoidCosmosCoreINTsHandleInterrupt_06CosmosCoreINTsIRQContext', ID = '633'
Method 'SystemVoidCosmosCoreINTsHandleInterrupt_07CosmosCoreINTsIRQContext', ID = '634'
Method 'SystemVoidCosmosCoreINTsHandleInterrupt_08CosmosCoreINTsIRQContext', ID = '635'
Method 'SystemVoidCosmosCoreINTsHandleInterrupt_09CosmosCoreINTsIRQContext', ID = '636'
Method 'SystemVoidCosmosCoreINTsHandleInterrupt_0ACosmosCoreINTsIRQContext', ID = '637'
Method 'SystemVoidCosmosCoreINTsHandleInterrupt_0BCosmosCoreINTsIRQContext', ID = '638'
Method 'SystemVoidCosmosCoreINTsHandleInterrupt_0CCosmosCoreINTsIRQContext', ID = '639'
Method 'SystemVoidCosmosCoreINTsHandleInterrupt_0DCosmosCoreINTsIRQContext', ID = '640'
Method 'SystemVoidCosmosCoreINTsHandleInterrupt_0ECosmosCoreINTsIRQContext', ID = '641'
Method 'SystemVoidCosmosCoreINTsHandleInterrupt_0FCosmosCoreINTsIRQContext', ID = '642'
Method 'SystemVoidCosmosCoreINTsHandleInterrupt_10CosmosCoreINTsIRQContext', ID = '643'
Method 'SystemVoidCosmosCoreINTsHandleInterrupt_11CosmosCoreINTsIRQContext', ID = '644'
Method 'SystemVoidCosmosCoreINTsHandleInterrupt_12CosmosCoreINTsIRQContext', ID = '645'
Method 'SystemVoidCosmosCoreINTsHandleInterrupt_13CosmosCoreINTsIRQContext', ID = '646'
Method 'SystemVoidCosmosCoreINTsHandleInterrupt_20CosmosCoreINTsIRQContext', ID = '647'
Method 'SystemVoidCosmosCoreINTsHandleInterrupt_21CosmosCoreINTsIRQContext', ID = '648'
Method 'SystemVoidCosmosCoreINTsHandleInterrupt_22CosmosCoreINTsIRQContext', ID = '649'
Method 'SystemVoidCosmosCoreINTsHandleInterrupt_23CosmosCoreINTsIRQContext', ID = '650'
Method 'SystemVoidCosmosCoreINTsHandleInterrupt_24CosmosCoreINTsIRQContext', ID = '651'
Method 'SystemVoidCosmosCoreINTsHandleInterrupt_25CosmosCoreINTsIRQContext', ID = '652'
Method 'SystemVoidCosmosCoreINTsHandleInterrupt_26CosmosCoreINTsIRQContext', ID = '653'
Method 'SystemVoidCosmosCoreINTsHandleInterrupt_27CosmosCoreINTsIRQContext', ID = '654'
Method 'SystemVoidCosmosCoreINTsHandleInterrupt_28CosmosCoreINTsIRQContext', ID = '655'
Method 'SystemVoidCosmosCoreINTsHandleInterrupt_29CosmosCoreINTsIRQContext', ID = '656'
Method 'SystemVoidCosmosCoreINTsHandleInterrupt_2ACosmosCoreINTsIRQContext', ID = '657'
Method 'SystemVoidCosmosCoreINTsHandleInterrupt_2BCosmosCoreINTsIRQContext', ID = '658'
Method 'SystemVoidCosmosCoreINTsHandleInterrupt_2CCosmosCoreINTsIRQContext', ID = '659'
Method 'SystemVoidCosmosCoreINTsHandleInterrupt_2DCosmosCoreINTsIRQContext', ID = '660'
Method 'SystemVoidCosmosCoreINTsHandleInterrupt_2ECosmosCoreINTsIRQContext', ID = '661'
Method 'SystemVoidCosmosCoreINTsHandleInterrupt_2FCosmosCoreINTsIRQContext', ID = '662'
Method 'SystemVoidCosmosCoreINTsHandleInterrupt_30CosmosCoreINTsIRQContext', ID = '663'
Method 'SystemVoidCosmosCoreINTsHandleInterrupt_35CosmosCoreINTsIRQContext', ID = '664'
Method 'SystemVoidCosmosCoreINTsHandleInterrupt_40CosmosCoreINTsIRQContext', ID = '665'
Method 'SystemVoidCosmosCoreINTsHandleInterrupt_41CosmosCoreINTsIRQContext', ID = '666'
Method 'SystemVoidCosmosCoreINTsHandleInterrupt_42CosmosCoreINTsIRQContext', ID = '667'
Method 'SystemVoidCosmosCoreINTsHandleInterrupt_43CosmosCoreINTsIRQContext', ID = '668'
Method 'SystemVoidCosmosCoreINTsHandleInterrupt_44CosmosCoreINTsIRQContext', ID = '669'
Method 'SystemVoidCosmosCoreINTsHandleInterrupt_45CosmosCoreINTsIRQContext', ID = '670'
Method 'SystemVoidCosmosCoreINTsHandleInterrupt_46CosmosCoreINTsIRQContext', ID = '671'
Method 'SystemVoidCosmosCoreINTsHandleInterrupt_47CosmosCoreINTsIRQContext', ID = '672'
Method 'SystemVoidCosmosCoreINTsHandleInterrupt_48CosmosCoreINTsIRQContext', ID = '673'
Method 'SystemVoidCosmosCoreINTsHandleInterrupt_49CosmosCoreINTsIRQContext', ID = '674'
Method 'SystemVoidCosmosCoreIOGroupPICctorSystemBoolean', ID = '676'
Method 'SystemVoidCosmosCorePICRemapSystemByteSystemByteSystemByteSystemByte', ID = '677'
Method 'SystemVoidCosmosCore_AsmCPUImplUpdateIDTSystemBoolean', ID = '678'
Method 'SystemVoidCosmosCore_AsmCPUImplInitSSE', ID = '679'
Method 'SystemVoidCosmosCore_AsmCPUImplInitFloat', ID = '680'
Method 'SystemVoidCosmosHALTextScreenctor', ID = '683'
Method 'SystemVoidCosmosCoreGlobalInit', ID = '686'
Method 'SystemVoidCosmosHALPCISetup', ID = '688'
Method 'SystemVoidCosmosCoreACPIStartSystemBooleanSystemBoolean', ID = '689'
Method 'SystemVoidCosmosHALPS2ControllerInitializeSystemBoolean', ID = '691'
Method 'SystemVoidCosmosHALBlockDeviceIDEInitDriver', ID = '692'
Method 'SystemVoidCosmosHALBlockDeviceAHCIInitDriver', ID = '693'
Method 'SystemVoidCosmosHALNetworkNetworkInitInit', ID = '694'
Method 'SystemVoidCosmosHALDebugSerialEnable', ID = '695'
Method 'SystemVoidSystemCollectionsGenericDictionary2SystemUInt32CosmosHALNetworkDevicector', ID = '697'
Method 'SystemVoidCosmosSystemNetworkNetworkStackset_AddressMapSystemCollectionsGenericDictionary2SystemUInt32CosmosHALNetworkDevice', ID = '698'
Method 'SystemVoidCosmosSystemNetworkNetworkStackset_MACMapSystemCollectionsGenericDictionary2SystemUInt32CosmosHALNetworkDevice', ID = '699'
Method 'SystemVoidCosmosSystemKeyboardManagerset_NumLockSystemBoolean', ID = '700'
Method 'SystemVoidCosmosSystemKeyboardManagerset_CapsLockSystemBoolean', ID = '701'
Method 'SystemVoidCosmosSystemKeyboardManagerset_ScrollLockSystemBoolean', ID = '702'
Method 'SystemCollectionsGenericList1EnumeratorCosmosHALPCIDeviceSystemCollectionsGenericList1CosmosHALPCIDeviceGetEnumerator', ID = '707'
Method 'CosmosHALPCIDeviceSystemCollectionsGenericList1EnumeratorCosmosHALPCIDeviceget_Current', ID = '708'
Method 'SystemVoidCosmosHALPCIDeviceNormalctorSystemUInt32SystemUInt32SystemUInt32', ID = '710'
Method 'SystemVoidSystemRuntimeCompilerServicesDefaultInterpolatedStringHandlerctorSystemInt32SystemInt32', ID = '711'
Method 'SystemVoidSystemRuntimeCompilerServicesDefaultInterpolatedStringHandlerAppendLiteralSystemString', ID = '712'
Method 'SystemVoidSystemRuntimeCompilerServicesDefaultInterpolatedStringHandlerAppendFormattedSystemUInt32SystemUInt32', ID = '713'
Method 'SystemStringSystemRuntimeCompilerServicesDefaultInterpolatedStringHandlerToStringAndClear', ID = '714'
Method 'SystemBooleanSystemCollectionsGenericList1EnumeratorCosmosHALPCIDeviceMoveNext', ID = '715'
Method 'SystemVoidCosmosHALPCIDeviceEnableDevice', ID = '718'
Method 'SystemUInt32CosmosHALPCIDeviceReadRegister32SystemByte', ID = '719'
Method 'SystemVoidSystemRuntimeCompilerServicesDefaultInterpolatedStringHandlerAppendFormattedSystemByteSystemByte', ID = '720'
Method 'SystemVoidSystemRuntimeCompilerServicesDefaultInterpolatedStringHandlerAppendFormattedSystemUInt32SystemUInt32SystemString', ID = '721'
Method 'SystemVoidCosmosCoreMemoryBlockctorSystemUInt32SystemUInt32', ID = '722'
Method 'SystemBooleanRTL8102E_DriverRTL8102EPhase2ResetAndMAC', ID = '723'
Method 'SystemVoidCosmosHALPITctor', ID = '724'
Method 'SystemVoidCosmosHALPS2Controllerctor', ID = '726'
Method 'SystemVoidCosmosCore_AsmCPUImplDoEnableInterrupts', ID = '727'
Method 'SystemVoidCosmosSystem_PlugsSystemConsoleImplcctor', ID = '729'
Method 'SystemBooleanSystemStringIsNullOrEmptySystemString', ID = '731'
Method 'SystemVoidSystemStringFillStringCheckedSystemStringSystemInt32SystemString', ID = '734'
Method 'CosmosSystemConsoleCosmosSystem_PlugsSystemConsoleImplGetConsole', ID = '735'
Method 'SystemBytearraySystemTextEncodingGetBytesSystemString', ID = '737'
Method 'SystemVoidCosmosSystemConsoleWriteSystemBytearray', ID = '738'
Method 'SystemTypeCosmosCore_PlugsSystemObjectImplGetType', ID = '740'
Method 'SystemStringCosmosCommonStringHelperGetNumberStringSystemInt32', ID = '743'
Method 'SystemStringCosmosCommonStringHelperGetNumberStringSystemUInt32', ID = '746'
Method 'SystemStringCosmosCommonStringHelperGetNumberStringSystemDouble', ID = '749'
Method 'SystemStringSystemStringCreateFromCharSystemChar', ID = '751'
Method 'SystemVoidCosmosCore_PlugsSystemObjectImplcctor', ID = '752'
Method 'SystemVoidSystemSZGenericArrayEnumerator1SystemUInt32cctor', ID = '756'
Method 'SystemVoidCosmosCore_AsmArrayImplCopySystemArraySystemInt32SystemArraySystemInt32SystemInt32', ID = '757'
Method 'SystemArgumentOutOfRangeExceptionSystemThrowHelperGetArgumentOutOfRangeExceptionSystemExceptionArgumentSystemExceptionResource', ID = '759'
Method 'SystemStringSystemThrowHelperGetResourceStringSystemExceptionResource', ID = '761'
Method 'SystemVoidSystemNotSupportedExceptionctorSystemString', ID = '762'
Method 'SystemVoidSystemThrowHelperThrowArgumentNullExceptionSystemExceptionArgument', ID = '763'
Method 'SystemVoidSystemThrowHelperThrowStartIndexArgumentOutOfRange_ArgumentOutOfRange_Index', ID = '764'
Method 'SystemVoidSystemThrowHelperThrowCountArgumentOutOfRange_ArgumentOutOfRange_Count', ID = '765'
Method 'SystemBooleanSystemRuntimeCompilerServicesRuntimeHelpersIsBitwiseEquatableSystemUInt32', ID = '766'
Method 'SystemInt32InternalRuntimeCompilerServicesUnsafeSizeOfSystemUInt32', ID = '767'
Method 'SystemBytearrayInternalRuntimeCompilerServicesUnsafeAsSystemBytearraySystemObject', ID = '768'
Method 'SystemByteSystemRuntimeInteropServicesMemoryMarshalGetArrayDataReferenceSystemByteSystemBytearray', ID = '769'
Method 'SystemByteInternalRuntimeCompilerServicesUnsafeAddSystemByteSystemByteSystemInt32', ID = '770'
Method 'SystemByteInternalRuntimeCompilerServicesUnsafeAsSystemUInt32SystemByteSystemUInt32', ID = '771'
Method 'SystemInt32SystemSpanHelpersIndexOfSystemByteSystemByteSystemInt32', ID = '772'
Method 'SystemChararrayInternalRuntimeCompilerServicesUnsafeAsSystemChararraySystemObject', ID = '773'
Method 'SystemCharSystemRuntimeInteropServicesMemoryMarshalGetArrayDataReferenceSystemCharSystemChararray', ID = '774'
Method 'SystemCharInternalRuntimeCompilerServicesUnsafeAddSystemCharSystemCharSystemInt32', ID = '775'
Method 'SystemCharInternalRuntimeCompilerServicesUnsafeAsSystemUInt32SystemCharSystemUInt32', ID = '776'
Method 'SystemInt32SystemSpanHelpersIndexOfSystemCharSystemCharSystemInt32', ID = '777'
Method 'SystemInt32arrayInternalRuntimeCompilerServicesUnsafeAsSystemInt32arraySystemObject', ID = '778'
Method 'SystemInt32SystemRuntimeInteropServicesMemoryMarshalGetArrayDataReferenceSystemInt32SystemInt32array', ID = '779'
Method 'SystemInt32InternalRuntimeCompilerServicesUnsafeAddSystemInt32SystemInt32SystemInt32', ID = '780'
Method 'SystemInt32InternalRuntimeCompilerServicesUnsafeAsSystemUInt32SystemInt32SystemUInt32', ID = '781'
Method 'SystemInt32SystemSpanHelpersIndexOfSystemInt32SystemInt32SystemInt32SystemInt32', ID = '782'
Method 'SystemInt64arrayInternalRuntimeCompilerServicesUnsafeAsSystemInt64arraySystemObject', ID = '783'
Method 'SystemInt64SystemRuntimeInteropServicesMemoryMarshalGetArrayDataReferenceSystemInt64SystemInt64array', ID = '784'
Method 'SystemInt64InternalRuntimeCompilerServicesUnsafeAddSystemInt64SystemInt64SystemInt32', ID = '785'
Method 'SystemInt64InternalRuntimeCompilerServicesUnsafeAsSystemUInt32SystemInt64SystemUInt32', ID = '786'
Method 'SystemInt32SystemSpanHelpersIndexOfSystemInt64SystemInt64SystemInt64SystemInt32', ID = '787'
Method 'SystemCollectionsGenericEqualityComparer1SystemUInt32SystemCollectionsGenericEqualityComparer1SystemUInt32get_Default', ID = '788'
Method 'SystemInt32SystemCollectionsGenericEqualityComparer1SystemUInt32IndexOfSystemUInt32arraySystemUInt32SystemInt32SystemInt32', ID = '789'
Method 'SystemVoidCosmosIL2CPUSZArrayImpl1GetEnumeratord__0SystemUInt32ctorSystemInt32', ID = '790'
Method 'SystemVoidSystemArrayCopyToSystemArraySystemInt32', ID = '792'
Method 'SystemVoidSystemNotSupportedExceptionctor', ID = '793'
Method 'SystemBooleanSystemStringEqualsSystemObject', ID = '795'
Method 'SystemBooleanSystemInt32EqualsSystemObject', ID = '796'
Method 'SystemBooleanSystemUInt32EqualsSystemObject', ID = '797'
Method 'SystemBooleanSystemBooleanEqualsSystemObject', ID = '798'
Method 'SystemBooleanSystemDoubleEqualsSystemObject', ID = '801'
Method 'SystemBooleanSystemCharEqualsSystemObject', ID = '802'
Method 'SystemBooleanSystemUInt64EqualsSystemObject', ID = '803'
Method 'SystemBooleanSystemIntPtrEqualsSystemObject', ID = '805'
Method 'SystemBooleanSystemReflectionMethodBaseEqualsSystemObject', ID = '806'
Method 'SystemBooleanSystemUIntPtrEqualsSystemObject', ID = '807'
Method 'SystemBooleanSystemUInt16EqualsSystemObject', ID = '808'
Method 'SystemBooleanSystemReflectionMemberInfoEqualsSystemObject', ID = '809'
Method 'SystemBooleanSystemByteEqualsSystemObject', ID = '810'
Method 'SystemBooleanSystemTypeEqualsSystemObject', ID = '811'
Method 'SystemInt32SystemStringGetHashCode', ID = '814'
Method 'SystemInt32SystemInt32GetHashCode', ID = '815'
Method 'SystemInt32SystemUInt32GetHashCode', ID = '816'
Method 'SystemInt32SystemBooleanGetHashCode', ID = '817'
Method 'SystemInt32SystemMulticastDelegateGetHashCode', ID = '818'
Method 'SystemInt32SystemDelegateGetHashCode', ID = '819'
Method 'SystemInt32SystemDoubleGetHashCode', ID = '820'
Method 'SystemInt32SystemCharGetHashCode', ID = '821'
Method 'SystemInt32SystemUInt64GetHashCode', ID = '822'
Method 'SystemInt32SystemReflectionMethodBaseGetHashCode', ID = '825'
Method 'SystemInt32SystemUInt16GetHashCode', ID = '827'
Method 'SystemInt32SystemReflectionMemberInfoGetHashCode', ID = '828'
Method 'SystemInt32SystemByteGetHashCode', ID = '829'
Method 'SystemInt32SystemTypeGetHashCode', ID = '830'
Method 'SystemInt32CosmosCore_PlugsSystemObjectImplGetHashCode', ID = '831'
Method 'SystemStringCosmosSystem_PlugsSystemUInt64ImplToString', ID = '832'
Method 'SystemUInt32CosmosCore_AsmCPUImplGetStackStart', ID = '833'
Method 'SystemVoidCosmosCoreMemoryHeapSmallInitSMTSystemUInt32', ID = '834'
Method 'SystemStringCosmosSystem_PlugsSystemEnumImplToString', ID = '835'
Method 'SystemVoidCosmosCore_AsmCPUImplDoDisableInterrupts', ID = '836'
Method 'CosmosCoreMemorySMTBlockpointerCosmosCoreMemoryHeapSmallGetFirstWithSpaceCosmosCoreMemorySMTPagepointerSystemUInt32', ID = '864'
Method 'CosmosCoreMemoryRootSMTBlockpointerCosmosCoreMemoryHeapSmallGetFirstBlockCosmosCoreMemorySMTPagepointerSystemUInt32', ID = '867'
Method 'CosmosCoreMemorySMTBlockpointerCosmosCoreMemoryHeapSmallGetLastBlockCosmosCoreMemorySMTPagepointerSystemUInt32', ID = '869'
Method 'CosmosCoreMemorySMTBlockpointerCosmosCoreMemoryHeapSmallNextFreeBlockCosmosCoreMemorySMTPagepointer', ID = '870'
Method 'CosmosCoreMemorySMTPagepointerCosmosCoreMemoryHeapSmallInitSMTPage', ID = '871'
Method 'CosmosCoreMemorySMTBlockpointerCosmosCoreMemoryHeapSmallNextFreeBlock', ID = '872'
Method 'SystemVoidCosmosDebugKernelPlugsAsmDebuggerAsmDoSendNumberSystemInt32', ID = '873'
Method 'SystemVoidSystemPrivateCoreLibSystemSRcctor', ID = '875'
Method 'SystemBooleanSystemPrivateCoreLibSystemSRUsingResourceKeys', ID = '876'
Method 'SystemStringCosmosSystem_PlugsSystemIntPtrImplToString', ID = '878'
Method 'SystemVoidSystemSZGenericArrayEnumerator1SystemDelegatecctor', ID = '879'
Method 'SystemBooleanSystemRuntimeCompilerServicesRuntimeHelpersIsBitwiseEquatableSystemDelegate', ID = '880'
Method 'SystemInt32InternalRuntimeCompilerServicesUnsafeSizeOfSystemDelegate', ID = '881'
Method 'SystemByteInternalRuntimeCompilerServicesUnsafeAsSystemDelegateSystemByteSystemDelegate', ID = '882'
Method 'SystemCharInternalRuntimeCompilerServicesUnsafeAsSystemDelegateSystemCharSystemDelegate', ID = '883'
Method 'SystemInt32InternalRuntimeCompilerServicesUnsafeAsSystemDelegateSystemInt32SystemDelegate', ID = '884'
Method 'SystemInt64InternalRuntimeCompilerServicesUnsafeAsSystemDelegateSystemInt64SystemDelegate', ID = '885'
Method 'SystemCollectionsGenericEqualityComparer1SystemDelegateSystemCollectionsGenericEqualityComparer1SystemDelegateget_Default', ID = '886'
Method 'SystemInt32SystemCollectionsGenericEqualityComparer1SystemDelegateIndexOfSystemDelegatearraySystemDelegateSystemInt32SystemInt32', ID = '887'
Method 'SystemVoidCosmosIL2CPUSZArrayImpl1GetEnumeratord__0SystemDelegatectorSystemInt32', ID = '888'
Method 'SystemVoidSystemSZGenericArrayEnumerator1SystemObjectcctor', ID = '890'
Method 'SystemBooleanSystemRuntimeCompilerServicesRuntimeHelpersIsBitwiseEquatableSystemObject', ID = '891'
Method 'SystemInt32InternalRuntimeCompilerServicesUnsafeSizeOfSystemObject', ID = '892'
Method 'SystemByteInternalRuntimeCompilerServicesUnsafeAsSystemObjectSystemByteSystemObject', ID = '893'
Method 'SystemCharInternalRuntimeCompilerServicesUnsafeAsSystemObjectSystemCharSystemObject', ID = '894'
Method 'SystemInt32InternalRuntimeCompilerServicesUnsafeAsSystemObjectSystemInt32SystemObject', ID = '895'
Method 'SystemInt64InternalRuntimeCompilerServicesUnsafeAsSystemObjectSystemInt64SystemObject', ID = '896'
Method 'SystemCollectionsGenericEqualityComparer1SystemObjectSystemCollectionsGenericEqualityComparer1SystemObjectget_Default', ID = '897'
Method 'SystemInt32SystemCollectionsGenericEqualityComparer1SystemObjectIndexOfSystemObjectarraySystemObjectSystemInt32SystemInt32', ID = '898'
Method 'SystemVoidCosmosIL2CPUSZArrayImpl1GetEnumeratord__0SystemObjectctorSystemInt32', ID = '899'
Method 'SystemVoidSystemSZGenericArrayEnumerator1SystemBytectorSystemBytearray', ID = '903'
Method 'SystemInt32SystemArrayIndexOfSystemByteSystemBytearraySystemByteSystemInt32SystemInt32', ID = '906'
Method 'SystemCollectionsGenericIEnumerator1SystemByteCosmosIL2CPUSZArrayImpl1SystemByteGetEnumerator', ID = '907'
Method 'SystemVoidCosmosIL2CPUSZArrayImpl1SystemByteCopyToSystemBytearraySystemInt32', ID = '908'
Method 'SystemInt32CosmosIL2CPUSZArrayImpl1SystemByteget_Count', ID = '909'
Method 'SystemByteCosmosIL2CPUSZArrayImpl1SystemByteget_ItemSystemInt32', ID = '910'
Method 'SystemVoidCosmosIL2CPUSZArrayImpl1SystemByteset_ItemSystemInt32SystemByte', ID = '911'
Method 'SystemVoidCosmosIL2CPUSZArrayImpl1SystemByteAddSystemByte', ID = '912'
Method 'SystemBooleanCosmosIL2CPUSZArrayImpl1SystemByteContainsSystemByte', ID = '913'
Method 'SystemBooleanCosmosIL2CPUSZArrayImpl1SystemByteget_IsReadOnly', ID = '914'
Method 'SystemVoidCosmosIL2CPUSZArrayImpl1SystemByteClear', ID = '915'
Method 'SystemInt32CosmosIL2CPUSZArrayImpl1SystemByteIndexOfSystemByte', ID = '916'
Method 'SystemVoidCosmosIL2CPUSZArrayImpl1SystemByteInsertSystemInt32SystemByte', ID = '917'
Method 'SystemVoidCosmosIL2CPUSZArrayImpl1SystemByteRemoveAtSystemInt32', ID = '918'
Method 'SystemBooleanCosmosIL2CPUSZArrayImpl1SystemByteget_IsFixedSize', ID = '919'
Method 'SystemVoidCosmosIL2CPUSZArrayImpl1SystemByteRemoveSystemByte', ID = '920'
Method 'SystemObjectCosmosIL2CPUSZArrayImpl1SystemByteget_SyncRoot', ID = '921'
Method 'SystemBooleanCosmosIL2CPUSZArrayImpl1SystemByteget_IsSynchronized', ID = '922'
Method 'SystemStringCosmosSystem_PlugsSystemUIntPtrImplToString', ID = '923'
Method 'SystemVoidSystemSZGenericArrayEnumerator1SystemCharctorSystemChararray', ID = '925'
Method 'SystemInt32SystemArrayIndexOfSystemCharSystemChararraySystemCharSystemInt32SystemInt32', ID = '928'
Method 'SystemCollectionsGenericIEnumerator1SystemCharCosmosIL2CPUSZArrayImpl1SystemCharGetEnumerator', ID = '929'
Method 'SystemVoidCosmosIL2CPUSZArrayImpl1SystemCharCopyToSystemChararraySystemInt32', ID = '930'
Method 'SystemInt32CosmosIL2CPUSZArrayImpl1SystemCharget_Count', ID = '931'
Method 'SystemCharCosmosIL2CPUSZArrayImpl1SystemCharget_ItemSystemInt32', ID = '932'
Method 'SystemVoidCosmosIL2CPUSZArrayImpl1SystemCharset_ItemSystemInt32SystemChar', ID = '933'
Method 'SystemVoidCosmosIL2CPUSZArrayImpl1SystemCharAddSystemChar', ID = '934'
Method 'SystemBooleanCosmosIL2CPUSZArrayImpl1SystemCharContainsSystemChar', ID = '935'
Method 'SystemBooleanCosmosIL2CPUSZArrayImpl1SystemCharget_IsReadOnly', ID = '936'
Method 'SystemVoidCosmosIL2CPUSZArrayImpl1SystemCharClear', ID = '937'
Method 'SystemInt32CosmosIL2CPUSZArrayImpl1SystemCharIndexOfSystemChar', ID = '938'
Method 'SystemVoidCosmosIL2CPUSZArrayImpl1SystemCharInsertSystemInt32SystemChar', ID = '939'
Method 'SystemVoidCosmosIL2CPUSZArrayImpl1SystemCharRemoveAtSystemInt32', ID = '940'
Method 'SystemBooleanCosmosIL2CPUSZArrayImpl1SystemCharget_IsFixedSize', ID = '941'
Method 'SystemVoidCosmosIL2CPUSZArrayImpl1SystemCharRemoveSystemChar', ID = '942'
Method 'SystemObjectCosmosIL2CPUSZArrayImpl1SystemCharget_SyncRoot', ID = '943'
Method 'SystemBooleanCosmosIL2CPUSZArrayImpl1SystemCharget_IsSynchronized', ID = '944'
Method 'SystemUInt32CosmosCore_AsmMultiboot2ImplGetMBIAddress', ID = '945'
Method 'SystemVoidSystemIntPtrctorSystemInt64', ID = '947'
Method 'SystemVoidCosmosCoreINTscctor', ID = '952'
Method 'CosmosCorePICCosmosCoreGlobalget_PIC', ID = '956'
Method 'SystemVoidCosmosCorePICEoiSlave', ID = '957'
Method 'SystemVoidCosmosCorePICEoiMaster', ID = '958'
Method 'SystemVoidCosmosCoreINTsHandleExceptionSystemUInt32SystemStringSystemStringCosmosCoreINTsIRQContextSystemUInt32', ID = '959'
Method 'SystemVoidCosmosCore_AsmDelegateImplInvoke', ID = '1443'
Method 'SystemVoidCosmosCoreINTsIRQSystemUInt32CosmosCoreINTsIRQContext', ID = '963'
Method 'SystemVoidCosmosCoreIOPortctorSystemUInt16', ID = '966'
Method 'SystemVoidCosmosCoreIOGroupIOGroupctor', ID = '967'
Method 'SystemByteCosmosCoreIOPortget_Byte', ID = '968'
Method 'SystemVoidCosmosCoreIOPortset_ByteSystemByte', ID = '969'
Method 'SystemVoidCosmosCoreIOPortWait', ID = '970'
Method 'SystemVoidCosmosCoreIOGroupTextScreenctor', ID = '972'
Method 'SystemVoidCosmosHALTextScreenBasector', ID = '973'
Method 'SystemVoidCosmosSystem_PlugsSystemConsoleImplClear', ID = '982'
Method 'SystemVoidSystemCollectionsGenericList1CosmosHALPCIDevicector', ID = '983'
Method 'SystemUInt16CosmosHALPCIDeviceGetHeaderTypeSystemUInt16SystemUInt16SystemUInt16', ID = '984'
Method 'SystemVoidCosmosHALPCICheckBusSystemUInt16', ID = '985'
Method 'SystemUInt16CosmosHALPCIDeviceGetVendorIDSystemUInt16SystemUInt16SystemUInt16', ID = '986'
Method 'SystemBooleanCosmosCoreACPIInit', ID = '988'
Method 'SystemVoidCosmosCoreACPIEnable', ID = '989'
Method 'SystemVoidCosmosHALPS2ControllerSendCommandCosmosHALPS2ControllerCommandSystemNullable1SystemByte', ID = '992'
Method 'SystemByteCosmosHALPS2ControllerReadData', ID = '993'
Method 'SystemBooleanCosmosHALPS2ControllerWaitToReadData', ID = '994'
Method 'SystemVoidSystemNullable1SystemBytectorSystemByte', ID = '995'
Method 'SystemBooleanCosmosHALPS2ControllerTestPortSystemByte', ID = '996'
Method 'SystemVoidCosmosHALPS2ControllerIdentifyDeviceSystemByteCosmosHALDeviceSystemBoolean', ID = '997'
Method 'SystemVoidCosmosHALBlockDeviceIDEInitializeCosmosHALBlockDeviceAtaControllerIdEnumCosmosHALBlockDeviceAtaBusPositionEnum', ID = '1000'
Method 'SystemCollectionsGenericList1EnumeratorCosmosHALBlockDeviceBlockDeviceSystemCollectionsGenericList1CosmosHALBlockDeviceBlockDeviceGetEnumerator', ID = '1002'
Method 'CosmosHALBlockDeviceBlockDeviceSystemCollectionsGenericList1EnumeratorCosmosHALBlockDeviceBlockDeviceget_Current', ID = '1003'
Method 'SystemVoidSystemCollectionsGenericList1CosmosHALBlockDeviceBlockDeviceAddCosmosHALBlockDeviceBlockDevice', ID = '1006'
Method 'SystemBooleanSystemCollectionsGenericList1EnumeratorCosmosHALBlockDeviceBlockDeviceMoveNext', ID = '1007'
Method 'SystemCollectionsGenericList1EnumeratorCosmosHALBlockDevicePartitionSystemCollectionsGenericList1CosmosHALBlockDevicePartitionGetEnumerator', ID = '1010'
Method 'CosmosHALBlockDevicePartitionSystemCollectionsGenericList1EnumeratorCosmosHALBlockDevicePartitionget_Current', ID = '1011'
Method 'SystemVoidSystemCollectionsGenericList1CosmosHALBlockDevicePartitionAddCosmosHALBlockDevicePartition', ID = '1014'
Method 'SystemBooleanSystemCollectionsGenericList1EnumeratorCosmosHALBlockDevicePartitionMoveNext', ID = '1015'
Method 'SystemVoidCosmosHALBlockDeviceAHCIctorCosmosHALPCIDevice', ID = '1019'
Method 'CosmosHALPCIDeviceCosmosHALPCIGetDeviceSystemUInt32SystemUInt32SystemUInt32', ID = '1021'
Method 'SystemStringCosmosHALPCIDeviceDeviceClassGetDeviceStringCosmosHALPCIDevice', ID = '1022'
Method 'SystemStringSystemStringConcatSystemStringarray', ID = '1023'
Method 'SystemByteCosmosHALPCIDeviceget_InterruptLine', ID = '1024'
Method 'SystemVoidCosmosHALDriversPCINetworkAMDPCNetIIctorCosmosHALPCIDevice', ID = '1026'
Method 'SystemVoidCosmosHALNetworkDeviceset_NameIDSystemString', ID = '1027'
Method 'SystemStringCosmosHALNetworkDeviceget_NameID', ID = '1028'
Method 'SystemVoidCosmosHALDriversPCINetworkRTL8139ctorCosmosHALPCIDevice', ID = '1031'
Method 'SystemCollectionsGenericList1CosmosHALNetworkDeviceCosmosHALNetworkDeviceget_Devices', ID = '1032'
Method 'SystemInt32SystemCollectionsGenericList1CosmosHALNetworkDeviceget_Count', ID = '1033'
Method 'SystemVoidCosmosSystemNetworkNetworkStackcctor', ID = '1036'
Method 'SystemVoidSystemCollectionsGenericDictionary2SystemUInt32CosmosHALNetworkDevicectorSystemInt32SystemCollectionsGenericIEqualityComparer1SystemUInt32', ID = '1038'
Method 'SystemVoidSystemCollectionsGenericList1EnumeratorCosmosHALPCIDevicectorSystemCollectionsGenericList1CosmosHALPCIDevice', ID = '1071'
Method 'SystemVoidCosmosHALPCIDevicecctor', ID = '1072'
Method 'SystemVoidCosmosHALPCIDevicectorSystemUInt32SystemUInt32SystemUInt32', ID = '1077'
Method 'SystemVoidCosmosHALPCIDeviceNormalset_BaseAddressesCosmosHALPCIBaseAddressBararray', ID = '1079'
Method 'CosmosHALPCIBaseAddressBararrayCosmosHALPCIDeviceNormalget_BaseAddresses', ID = '1080'
Method 'SystemVoidCosmosHALPCIBaseAddressBarctorSystemUInt32', ID = '1081'
Method 'SystemVoidCosmosHALPCIDeviceNormalset_CardbusCISPointerSystemUInt32', ID = '1082'
Method 'SystemUInt16CosmosHALPCIDeviceReadRegister16SystemByte', ID = '1083'
Method 'SystemVoidCosmosHALPCIDeviceNormalset_SubsystemVendorIDSystemUInt16', ID = '1084'
Method 'SystemVoidCosmosHALPCIDeviceNormalset_SubsystemIDSystemUInt16', ID = '1085'
Method 'SystemVoidCosmosHALPCIDeviceNormalset_ExpansionROMBaseAddressSystemUInt32', ID = '1086'
Method 'SystemByteCosmosHALPCIDeviceReadRegister8SystemByte', ID = '1087'
Method 'SystemVoidCosmosHALPCIDeviceNormalset_CapabilitiesPointerSystemByte', ID = '1088'
Method 'SystemVoidCosmosHALPCIDeviceNormalset_MinGrantSystemByte', ID = '1089'
Method 'SystemVoidCosmosHALPCIDeviceNormalset_MaxLatencySystemByte', ID = '1090'
Method 'SystemInt32SystemRuntimeCompilerServicesDefaultInterpolatedStringHandlerGetDefaultLengthSystemInt32SystemInt32', ID = '1093'
Method 'SystemSpan1SystemCharSystemSpan1SystemCharop_ImplicitSystemChararray', ID = '1095'
Method 'SystemInt32SystemSpan1SystemCharget_Length', ID = '1096'
Method 'SystemCharSystemSpan1SystemCharget_ItemSystemInt32', ID = '1097'
Method 'SystemVoidSystemRuntimeCompilerServicesDefaultInterpolatedStringHandlerGrowThenCopyStringSystemString', ID = '1099'
Method 'SystemCharSystemRuntimeInteropServicesMemoryMarshalGetReferenceSystemCharSystemSpan1SystemChar', ID = '1100'
Method 'SystemByteInternalRuntimeCompilerServicesUnsafeAsSystemCharSystemByteSystemChar', ID = '1101'
Method 'SystemCharSystemStringGetRawStringData', ID = '1102'
Method 'SystemInt32InternalRuntimeCompilerServicesUnsafeReadUnalignedSystemInt32SystemByte', ID = '1103'
Method 'SystemVoidInternalRuntimeCompilerServicesUnsafeWriteUnalignedSystemInt32SystemByteSystemInt32', ID = '1104'
Method 'SystemVoidSystemRuntimeCompilerServicesDefaultInterpolatedStringHandlerAppendStringDirectSystemString', ID = '1105'
Method 'SystemVoidSystemRuntimeCompilerServicesDefaultInterpolatedStringHandlerAppendCustomFormatterSystemUInt32SystemUInt32SystemString', ID = '1106'
Method 'SystemVoidSystemRuntimeCompilerServicesDefaultInterpolatedStringHandlerGrow', ID = '1107'
Method 'SystemSpan1SystemCharSystemSpan1SystemCharSliceSystemInt32', ID = '1108'
Method 'SystemReadOnlySpan1SystemCharSystemRuntimeCompilerServicesDefaultInterpolatedStringHandlerget_Text', ID = '1112'
Method 'SystemVoidSystemRuntimeCompilerServicesDefaultInterpolatedStringHandlerClear', ID = '1114'
Method 'SystemBooleanSystemCollectionsGenericList1EnumeratorCosmosHALPCIDeviceMoveNextRare', ID = '1115'
Method 'SystemVoidSystemSZGenericArrayEnumerator1SystemUInt32Dispose', ID = '1117'
Method 'SystemVoidSystemSZGenericArrayEnumerator1SystemDelegateDispose', ID = '1118'
Method 'SystemVoidSystemSZGenericArrayEnumerator1SystemObjectDispose', ID = '1119'
Method 'SystemVoidSystemCollectionsGenericList1EnumeratorCosmosHALPCIDeviceDispose', ID = '1120'
Method 'SystemVoidCosmosIL2CPUSZArrayImpl1GetEnumeratord__0SystemUInt32SystemIDisposableDispose', ID = '1121'
Method 'SystemVoidCosmosIL2CPUSZArrayImpl1GetEnumeratord__0SystemDelegateSystemIDisposableDispose', ID = '1122'
Method 'SystemVoidCosmosIL2CPUSZArrayImpl1GetEnumeratord__0SystemObjectSystemIDisposableDispose', ID = '1123'
Method 'SystemVoidSystemSZGenericArrayEnumerator1SystemByteDispose', ID = '1124'
Method 'SystemVoidSystemSZGenericArrayEnumerator1SystemCharDispose', ID = '1125'
Method 'SystemVoidSystemCollectionsGenericList1EnumeratorCosmosHALBlockDeviceBlockDeviceDispose', ID = '1126'
Method 'SystemVoidSystemCollectionsGenericList1EnumeratorCosmosHALBlockDevicePartitionDispose', ID = '1127'
Method 'CosmosHALPCIDevicePCICommandCosmosHALPCIDeviceget_Command', ID = '1128'
Method 'SystemVoidCosmosHALPCIDeviceset_CommandCosmosHALPCIDevicePCICommand', ID = '1129'
Method 'SystemUInt32CosmosHALPCIDeviceGetAddressBaseSystemUInt32SystemUInt32SystemUInt32', ID = '1130'
Method 'SystemVoidCosmosCoreIOPortset_DWordSystemUInt32', ID = '1133'
Method 'SystemUInt32CosmosCoreIOPortget_DWord', ID = '1134'
Method 'SystemVoidSystemRuntimeCompilerServicesDefaultInterpolatedStringHandlerAppendCustomFormatterSystemByteSystemByteSystemString', ID = '1135'
Method 'SystemReadOnlySpan1SystemCharSystemStringop_ImplicitSystemString', ID = '1136'
Method 'SystemVoidCosmosCoreMemoryBlock08ctorSystemUInt32SystemUInt32', ID = '1137'
Method 'SystemVoidCosmosCoreMemoryBlock16ctorSystemUInt32SystemUInt32', ID = '1138'
Method 'SystemVoidCosmosCoreMemoryBlock32ctorSystemUInt32SystemUInt32', ID = '1139'
Method 'SystemVoidCosmosCoreMemoryBlock08set_ItemSystemUInt32SystemByte', ID = '1140'
Method 'SystemByteCosmosCoreMemoryBlock08get_ItemSystemUInt32', ID = '1141'
Method 'SystemBytearrayRTL8102E_DriverRTL8102Eget_MACAddress', ID = '1142'
Method 'SystemStringSystemByteToStringSystemString', ID = '1144'
Method 'SystemVoidSystemCollectionsGenericList1CosmosHALPITPITTimerctor', ID = '1149'
Method 'SystemVoidCosmosHALDevicector', ID = '1150'
Method 'SystemVoidCosmosHALPITHandleIRQCosmosCoreINTsIRQContext', ID = '1151'
Method 'SystemVoidCosmosCore_AsmDelegateImplCtorSystemObjectSystemIntPtr', ID = '1700'
Method 'SystemVoidCosmosCoreINTsSetIrqHandlerSystemByteCosmosCoreINTsIRQDelegate', ID = '1153'
Method 'SystemVoidCosmosHALPITset_T0CountdownSystemUInt16', ID = '1154'
Method 'SystemTextEncodingSystemTextEncodingget_ASCII', ID = '1157'
Method 'SystemInt32CosmosCore_PlugsSystemStringImplget_LengthSystemInt32', ID = '1161'
Method 'SystemStringCosmosCore_PlugsSystemStringImplFastAllocateStringSystemInt32', ID = '1162'
Method 'SystemVoidSystemBufferMemmoveSystemCharSystemCharSystemCharSystemUIntPtr', ID = '1163'
Method 'SystemStringSystemPrivateCoreLibSystemSRget_ArgumentNull_String', ID = '1165'
Method 'SystemVoidSystemArgumentNullExceptionctorSystemStringSystemString', ID = '1166'
Method 'SystemInt32SystemTextEncodingGetByteCountSystemString', ID = '1167'
Method 'SystemInt32SystemTextEncodingGetBytesSystemStringSystemInt32SystemInt32SystemBytearraySystemInt32', ID = '1168'
Method 'SystemVoidCosmosSystemConsoleDoLineFeed', ID = '1169'
Method 'SystemVoidCosmosSystemConsoleDoCarriageReturn', ID = '1170'
Method 'SystemVoidCosmosSystemConsoleDoTab', ID = '1171'
Method 'SystemVoidCosmosSystemConsoleWriteSystemByte', ID = '1172'
Method 'SystemStringSystemTypeToString', ID = '1174'
Method 'SystemVoidCosmosCoreCosmosRuntimeTypectorSystemUInt32', ID = '1177'
Method 'SystemInt64SystemBitConverterDoubleToInt64BitsSystemDouble', ID = '1179'
Method 'SystemStringSystemStringSubstringSystemInt32SystemInt32', ID = '1182'
Method 'SystemStringSystemArgumentOutOfRangeExceptionget_Message', ID = '1183'
Method 'SystemStringSystemArgumentExceptionget_Message', ID = '1184'
Method 'SystemStringCosmosCore_PlugsSystemExceptionImplget_Message', ID = '1185'
Method 'SystemVoidCosmosCore_AsmArrayImplCopySystemArraySystemInt32SystemArraySystemInt32SystemInt32SystemBoolean', ID = '1187'
Method 'SystemStringSystemThrowHelperGetArgumentNameSystemExceptionArgument', ID = '1189'
Method 'SystemVoidSystemArgumentOutOfRangeExceptionctorSystemStringSystemString', ID = '1190'
Method 'SystemStringSystemPrivateCoreLibSystemSRget_ArgumentOutOfRange_Index', ID = '1191'
Method 'SystemStringSystemPrivateCoreLibSystemSRget_ArgumentOutOfRange_IndexCount', ID = '1192'
Method 'SystemStringSystemPrivateCoreLibSystemSRget_ArgumentOutOfRange_IndexCountBuffer', ID = '1193'
Method 'SystemStringSystemPrivateCoreLibSystemSRget_ArgumentOutOfRange_Count', ID = '1194'
Method 'SystemStringSystemPrivateCoreLibSystemSRget_ArgumentOutOfRange_Year', ID = '1195'
Method 'SystemStringSystemPrivateCoreLibSystemSRget_Arg_ArrayPlusOffTooSmall', ID = '1196'
Method 'SystemStringSystemPrivateCoreLibSystemSRget_NotSupported_ReadOnlyCollection', ID = '1197'
Method 'SystemStringSystemPrivateCoreLibSystemSRget_Arg_RankMultiDimNotSupported', ID = '1198'
Method 'SystemStringSystemPrivateCoreLibSystemSRget_Arg_NonZeroLowerBound', ID = '1199'
Method 'SystemStringSystemPrivateCoreLibSystemSRget_ArgumentOutOfRange_GetCharCountOverflow', ID = '1200'
Method 'SystemStringSystemPrivateCoreLibSystemSRget_ArgumentOutOfRange_ListInsert', ID = '1201'
Method 'SystemStringSystemPrivateCoreLibSystemSRget_ArgumentOutOfRange_NeedNonNegNum', ID = '1202'
Method 'SystemStringSystemPrivateCoreLibSystemSRget_ArgumentOutOfRange_SmallCapacity', ID = '1203'
Method 'SystemStringSystemPrivateCoreLibSystemSRget_Argument_InvalidOffLen', ID = '1204'
Method 'SystemStringSystemPrivateCoreLibSystemSRget_Argument_CannotExtractScalar', ID = '1205'
Method 'SystemStringSystemPrivateCoreLibSystemSRget_ArgumentOutOfRange_BiggerThanCollection', ID = '1206'
Method 'SystemStringSystemPrivateCoreLibSystemSRget_Serialization_MissingKeys', ID = '1207'
Method 'SystemStringSystemPrivateCoreLibSystemSRget_Serialization_NullKey', ID = '1208'
Method 'SystemStringSystemPrivateCoreLibSystemSRget_NotSupported_KeyCollectionSet', ID = '1209'
Method 'SystemStringSystemPrivateCoreLibSystemSRget_NotSupported_ValueCollectionSet', ID = '1210'
Method 'SystemStringSystemPrivateCoreLibSystemSRget_InvalidOperation_NullArray', ID = '1211'
Method 'SystemStringSystemPrivateCoreLibSystemSRget_TaskT_TransitionToFinal_AlreadyCompleted', ID = '1212'
Method 'SystemStringSystemPrivateCoreLibSystemSRget_TaskCompletionSourceT_TrySetException_NullException', ID = '1213'
Method 'SystemStringSystemPrivateCoreLibSystemSRget_TaskCompletionSourceT_TrySetException_NoExceptions', ID = '1214'
Method 'SystemStringSystemPrivateCoreLibSystemSRget_NotSupported_StringComparison', ID = '1215'
Method 'SystemStringSystemPrivateCoreLibSystemSRget_ConcurrentCollection_SyncRoot_NotSupported', ID = '1216'
Method 'SystemStringSystemPrivateCoreLibSystemSRget_Task_MultiTaskContinuation_NullTask', ID = '1217'
Method 'SystemStringSystemPrivateCoreLibSystemSRget_InvalidOperation_WrongAsyncResultOrEndCalledMultiple', ID = '1218'
Method 'SystemStringSystemPrivateCoreLibSystemSRget_Task_MultiTaskContinuation_EmptyTaskList', ID = '1219'
Method 'SystemStringSystemPrivateCoreLibSystemSRget_Task_Start_TaskCompleted', ID = '1220'
Method 'SystemStringSystemPrivateCoreLibSystemSRget_Task_Start_Promise', ID = '1221'
Method 'SystemStringSystemPrivateCoreLibSystemSRget_Task_Start_ContinuationTask', ID = '1222'
Method 'SystemStringSystemPrivateCoreLibSystemSRget_Task_Start_AlreadyStarted', ID = '1223'
Method 'SystemStringSystemPrivateCoreLibSystemSRget_Task_RunSynchronously_Continuation', ID = '1224'
Method 'SystemStringSystemPrivateCoreLibSystemSRget_Task_RunSynchronously_Promise', ID = '1225'
Method 'SystemStringSystemPrivateCoreLibSystemSRget_Task_RunSynchronously_TaskCompleted', ID = '1226'
Method 'SystemStringSystemPrivateCoreLibSystemSRget_Task_RunSynchronously_AlreadyStarted', ID = '1227'
Method 'SystemStringSystemPrivateCoreLibSystemSRget_AsyncMethodBuilder_InstanceNotInitialized', ID = '1228'
Method 'SystemStringSystemPrivateCoreLibSystemSRget_Task_ContinueWith_ESandLR', ID = '1229'
Method 'SystemStringSystemPrivateCoreLibSystemSRget_Task_ContinueWith_NotOnAnything', ID = '1230'
Method 'SystemStringSystemPrivateCoreLibSystemSRget_Task_InvalidTimerTimeSpan', ID = '1231'
Method 'SystemStringSystemPrivateCoreLibSystemSRget_Task_Delay_InvalidMillisecondsDelay', ID = '1232'
Method 'SystemStringSystemPrivateCoreLibSystemSRget_Task_Dispose_NotCompleted', ID = '1233'
Method 'SystemStringSystemPrivateCoreLibSystemSRget_Task_ThrowIfDisposed', ID = '1234'
Method 'SystemStringSystemPrivateCoreLibSystemSRget_Task_WaitMulti_NullTask', ID = '1235'
Method 'SystemStringSystemPrivateCoreLibSystemSRget_ArgumentException_OtherNotArrayOfCorrectLength', ID = '1236'
Method 'SystemStringSystemPrivateCoreLibSystemSRget_ArgumentNull_Array', ID = '1237'
Method 'SystemStringSystemPrivateCoreLibSystemSRget_ArgumentNull_SafeHandle', ID = '1238'
Method 'SystemStringSystemPrivateCoreLibSystemSRget_ArgumentOutOfRange_EndIndexStartIndex', ID = '1239'
Method 'SystemStringSystemPrivateCoreLibSystemSRget_ArgumentOutOfRange_Enum', ID = '1240'
Method 'SystemStringSystemPrivateCoreLibSystemSRget_ArgumentOutOfRange_HugeArrayNotSupported', ID = '1241'
Method 'SystemStringSystemPrivateCoreLibSystemSRget_Argument_AddingDuplicate', ID = '1242'
Method 'SystemStringSystemPrivateCoreLibSystemSRget_Argument_InvalidArgumentForComparison', ID = '1243'
Method 'SystemStringSystemPrivateCoreLibSystemSRget_Arg_LowerBoundsMustMatch', ID = '1244'
Method 'SystemStringSystemPrivateCoreLibSystemSRget_Arg_MustBeType', ID = '1245'
Method 'SystemStringSystemPrivateCoreLibSystemSRget_Arg_Need1DArray', ID = '1246'
Method 'SystemStringSystemPrivateCoreLibSystemSRget_Arg_Need2DArray', ID = '1247'
Method 'SystemStringSystemPrivateCoreLibSystemSRget_Arg_Need3DArray', ID = '1248'
Method 'SystemStringSystemPrivateCoreLibSystemSRget_Arg_NeedAtLeast1Rank', ID = '1249'
Method 'SystemStringSystemPrivateCoreLibSystemSRget_Arg_RankIndices', ID = '1250'
Method 'SystemStringSystemPrivateCoreLibSystemSRget_Arg_RanksAndBounds', ID = '1251'
Method 'SystemStringSystemPrivateCoreLibSystemSRget_InvalidOperation_IComparerFailed', ID = '1252'
Method 'SystemStringSystemPrivateCoreLibSystemSRget_NotSupported_FixedSizeCollection', ID = '1253'
Method 'SystemStringSystemPrivateCoreLibSystemSRget_Rank_MultiDimNotSupported', ID = '1254'
Method 'SystemStringSystemPrivateCoreLibSystemSRget_Arg_TypeNotSupported', ID = '1255'
Method 'SystemStringSystemPrivateCoreLibSystemSRget_Argument_SpansMustHaveSameLength', ID = '1256'
Method 'SystemStringSystemPrivateCoreLibSystemSRget_Argument_InvalidFlag', ID = '1257'
Method 'SystemStringSystemPrivateCoreLibSystemSRget_CancellationTokenSource_Disposed', ID = '1258'
Method 'SystemStringSystemPrivateCoreLibSystemSRget_Argument_AlignmentMustBePow2', ID = '1259'
Method 'SystemVoidSystemArgumentNullExceptionctorSystemString', ID = '1261'
Method 'SystemRuntimeCompilerServicesRawArrayDataInternalRuntimeCompilerServicesUnsafeAsSystemRuntimeCompilerServicesRawArrayDataSystemObject', ID = '1265'
Method 'SystemByteInternalRuntimeCompilerServicesUnsafeAsSystemByteSystemByteSystemByte', ID = '1267'
Method 'SystemBooleanSystemRuntimeIntrinsicsArmAdvSimdArm64get_IsSupported', ID = '1270'
Method 'SystemInt32SystemRuntimeIntrinsicsVector1281SystemByteget_Count', ID = '1271'
Method 'SystemUIntPtrSystemSpanHelpersUnalignedCountVector128SystemByte', ID = '1272'
Method 'SystemBooleanSystemNumericsVectorget_IsHardwareAccelerated', ID = '1273'
Method 'SystemInt32SystemNumericsVector1SystemByteget_Count', ID = '1274'
Method 'SystemUIntPtrSystemSpanHelpersUnalignedCountVectorSystemByte', ID = '1275'
Method 'SystemByteInternalRuntimeCompilerServicesUnsafeAddByteOffsetSystemByteSystemByteSystemUIntPtr', ID = '1276'
Method 'SystemVoidpointerInternalRuntimeCompilerServicesUnsafeAsPointerSystemByteSystemByte', ID = '1278'
Method 'SystemInt32SystemRuntimeIntrinsicsVector2561SystemByteget_Count', ID = '1279'
Method 'SystemRuntimeIntrinsicsVector1281SystemByteSystemRuntimeIntrinsicsVector128CreateSystemByte', ID = '1280'
Method 'SystemRuntimeIntrinsicsVector1281SystemByteSystemSpanHelpersLoadVector128SystemByteSystemUIntPtr', ID = '1281'
Method 'SystemRuntimeIntrinsicsVector1281SystemByteSystemRuntimeIntrinsicsX86Sse2CompareEqualSystemRuntimeIntrinsicsVector1281SystemByteSystemRuntimeIntrinsicsVector1281SystemByte', ID = '1282'
Method 'SystemInt32SystemRuntimeIntrinsicsX86Sse2MoveMaskSystemRuntimeIntrinsicsVector1281SystemByte', ID = '1283'
Method 'SystemInt32SystemNumericsBitOperationsTrailingZeroCountSystemInt32', ID = '1284'
Method 'SystemUIntPtrSystemSpanHelpersGetByteVector256SpanLengthSystemUIntPtrSystemInt32', ID = '1285'
Method 'SystemRuntimeIntrinsicsVector2561SystemByteSystemRuntimeIntrinsicsVector256CreateSystemByte', ID = '1286'
Method 'SystemRuntimeIntrinsicsVector2561SystemByteSystemSpanHelpersLoadVector256SystemByteSystemUIntPtr', ID = '1287'
Method 'SystemRuntimeIntrinsicsVector2561SystemByteSystemRuntimeIntrinsicsX86Avx2CompareEqualSystemRuntimeIntrinsicsVector2561SystemByteSystemRuntimeIntrinsicsVector2561SystemByte', ID = '1288'
Method 'SystemInt32SystemRuntimeIntrinsicsX86Avx2MoveMaskSystemRuntimeIntrinsicsVector2561SystemByte', ID = '1289'
Method 'SystemUIntPtrSystemSpanHelpersGetByteVector128SpanLengthSystemUIntPtrSystemInt32', ID = '1290'
Method 'SystemUIntPtrSystemSpanHelpersGetByteVectorSpanLengthSystemUIntPtrSystemInt32', ID = '1291'
Method 'SystemVoidSystemNumericsVector1SystemBytectorSystemByte', ID = '1292'
Method 'SystemNumericsVector1SystemByteSystemSpanHelpersLoadVectorSystemByteSystemUIntPtr', ID = '1293'
Method 'SystemNumericsVector1SystemByteSystemNumericsVectorEqualsSystemByteSystemNumericsVector1SystemByteSystemNumericsVector1SystemByte', ID = '1294'
Method 'SystemNumericsVector1SystemByteSystemNumericsVector1SystemByteget_Zero', ID = '1295'
Method 'SystemBooleanSystemNumericsVector1SystemByteEqualsSystemNumericsVector1SystemByte', ID = '1296'
Method 'SystemInt32SystemSpanHelpersLocateFirstFoundByteSystemNumericsVector1SystemByte', ID = '1297'
Method 'SystemCharInternalRuntimeCompilerServicesUnsafeAsSystemByteSystemCharSystemByte', ID = '1299'
Method 'SystemVoidpointerInternalRuntimeCompilerServicesUnsafeAsPointerSystemCharSystemChar', ID = '1300'
Method 'SystemInt32SystemRuntimeIntrinsicsVector1281SystemUInt16get_Count', ID = '1301'
Method 'SystemIntPtrSystemSpanHelpersUnalignedCountVector128SystemChar', ID = '1302'
Method 'SystemInt32SystemNumericsVector1SystemUInt16get_Count', ID = '1303'
Method 'SystemIntPtrSystemSpanHelpersUnalignedCountVectorSystemChar', ID = '1304'
Method 'SystemCharInternalRuntimeCompilerServicesUnsafeAddSystemCharSystemCharSystemIntPtr', ID = '1305'
Method 'SystemRuntimeIntrinsicsVector1281SystemUInt16SystemRuntimeIntrinsicsVector128CreateSystemUInt16', ID = '1306'
Method 'SystemRuntimeIntrinsicsVector1281SystemUInt16SystemSpanHelpersLoadVector128SystemCharSystemIntPtr', ID = '1307'
Method 'SystemRuntimeIntrinsicsVector1281SystemUInt16SystemRuntimeIntrinsicsX86Sse2CompareEqualSystemRuntimeIntrinsicsVector1281SystemUInt16SystemRuntimeIntrinsicsVector1281SystemUInt16', ID = '1308'
Method 'SystemRuntimeIntrinsicsVector1281SystemByteSystemRuntimeIntrinsicsVector128AsByteSystemUInt16SystemRuntimeIntrinsicsVector1281SystemUInt16', ID = '1309'
Method 'SystemIntPtrSystemSpanHelpersGetCharVector256SpanLengthSystemIntPtrSystemIntPtr', ID = '1310'
Method 'SystemRuntimeIntrinsicsVector2561SystemUInt16SystemRuntimeIntrinsicsVector256CreateSystemUInt16', ID = '1311'
Method 'SystemRuntimeIntrinsicsVector2561SystemUInt16SystemSpanHelpersLoadVector256SystemCharSystemIntPtr', ID = '1312'
Method 'SystemRuntimeIntrinsicsVector2561SystemUInt16SystemRuntimeIntrinsicsX86Avx2CompareEqualSystemRuntimeIntrinsicsVector2561SystemUInt16SystemRuntimeIntrinsicsVector2561SystemUInt16', ID = '1313'
Method 'SystemRuntimeIntrinsicsVector2561SystemByteSystemRuntimeIntrinsicsVector256AsByteSystemUInt16SystemRuntimeIntrinsicsVector2561SystemUInt16', ID = '1314'
Method 'SystemInt32SystemRuntimeIntrinsicsVector2561SystemUInt16get_Count', ID = '1315'
Method 'SystemIntPtrSystemSpanHelpersGetCharVector128SpanLengthSystemIntPtrSystemIntPtr', ID = '1316'
Method 'SystemIntPtrSystemSpanHelpersGetCharVectorSpanLengthSystemIntPtrSystemIntPtr', ID = '1317'
Method 'SystemVoidSystemNumericsVector1SystemUInt16ctorSystemUInt16', ID = '1318'
Method 'SystemNumericsVector1SystemUInt16SystemSpanHelpersLoadVectorSystemCharSystemIntPtr', ID = '1319'
Method 'SystemNumericsVector1SystemUInt16SystemNumericsVectorEqualsSystemUInt16SystemNumericsVector1SystemUInt16SystemNumericsVector1SystemUInt16', ID = '1320'
Method 'SystemNumericsVector1SystemUInt16SystemNumericsVector1SystemUInt16get_Zero', ID = '1321'
Method 'SystemBooleanSystemNumericsVector1SystemUInt16EqualsSystemNumericsVector1SystemUInt16', ID = '1322'
Method 'SystemInt32SystemSpanHelpersLocateFirstFoundCharSystemNumericsVector1SystemUInt16', ID = '1323'
Method 'SystemInt32InternalRuntimeCompilerServicesUnsafeAsSystemByteSystemInt32SystemByte', ID = '1325'
Method 'SystemInt32InternalRuntimeCompilerServicesUnsafeAddSystemInt32SystemInt32SystemIntPtr', ID = '1326'
Method 'SystemInt64InternalRuntimeCompilerServicesUnsafeAsSystemByteSystemInt64SystemByte', ID = '1330'
Method 'SystemInt64InternalRuntimeCompilerServicesUnsafeAddSystemInt64SystemInt64SystemIntPtr', ID = '1331'
Method 'SystemVoidSystemThrowHelperThrowArgumentExceptionSystemExceptionResource', ID = '1337'
Method 'SystemStringSystemPrivateCoreLibSystemSRget_Arg_NotSupportedException', ID = '1340'
Method 'SystemBooleanSystemInt64EqualsSystemObject', ID = '1341'
Method 'SystemBooleanSystemNullable1SystemByteEqualsSystemObject', ID = '1342'
Method 'SystemBooleanSystemReadOnlySpan1SystemCharEqualsSystemObject', ID = '1343'
Method 'SystemBooleanSystemTextEncodingEqualsSystemObject', ID = '1344'
Method 'SystemBooleanCosmosSystem_PlugsSystemValueTypeImplEqualsSystemObject', ID = '1345'
Method 'SystemBooleanCosmosCore_PlugsSystemMulticastDelegateImplEqualsSystemObject', ID = '1347'
Method 'SystemBooleanCosmosCore_PlugsSystemDelegateImplEqualsSystemObject', ID = '1348'
Method 'SystemBooleanSystemDoubleIsNaNSystemDouble', ID = '1349'
Method 'SystemBooleanCosmosSystem_PlugsSystemEnumImplEqualsSystemObject', ID = '1350'
Method 'SystemBooleanSystemTypeEqualsSystemType', ID = '1351'
Method 'SystemBooleanCosmosCore_PlugsSystemRuntimeCompilerServicesRuntimeHelpersImplEqualsSystemObjectSystemObject', ID = '1352'
Method 'SystemInt32SystemInt64GetHashCode', ID = '1353'
Method 'SystemInt32SystemNullable1SystemByteGetHashCode', ID = '1354'
Method 'SystemInt32SystemReadOnlySpan1SystemCharGetHashCode', ID = '1355'
Method 'SystemInt32SystemTextEncodingGetHashCode', ID = '1356'
Method 'SystemInt32CosmosSystem_PlugsSystemValueTypeImplGetHashCode', ID = '1357'
Method 'SystemUInt64SystemMarvinget_DefaultSeed', ID = '1358'
Method 'SystemInt32SystemMarvinComputeHash32SystemByteSystemUInt32SystemUInt32SystemUInt32', ID = '1359'
Method 'SystemBooleanSystemMulticastDelegateIsUnmanagedFunctionPtr', ID = '1360'
Method 'SystemIntPtrSystemIntPtrop_ExplicitSystemInt32', ID = '1362'
Method 'SystemBooleanSystemIntPtrop_InequalitySystemIntPtrSystemIntPtr', ID = '1363'
Method 'SystemBooleanSystemIntPtrop_EqualitySystemIntPtrSystemIntPtr', ID = '1365'
Method 'SystemDoubleInternalRuntimeCompilerServicesUnsafeAsRefSystemDoubleSystemDouble', ID = '1367'
Method 'SystemInt64InternalRuntimeCompilerServicesUnsafeAsSystemDoubleSystemInt64SystemDouble', ID = '1368'
Method 'SystemInt32CosmosSystem_PlugsSystemEnumImplGetHashCode', ID = '1369'
Method 'SystemInt32CosmosSystem_PlugsSystemIntPtrImplGetHashCode', ID = '1370'
Method 'SystemInt32CosmosSystem_PlugsSystemUIntPtrImplGetHashCode', ID = '1371'
Method 'SystemStringCosmosCommonStringHelperGetNumberStringSystemUInt64', ID = '1375'
Method 'SystemStringCosmosSystem_PlugsSystemUInt16ImplToString', ID = '1377'
Method 'CosmosCoreMemorySMTBlockpointerCosmosCoreMemoryHeapSmallGetFirstWithSpaceSystemUInt32CosmosCoreMemoryRootSMTBlockpointer', ID = '1378'
Method 'SystemVoidCosmosCoreMemoryHeapSmallAddRootSMTBlockCosmosCoreMemorySMTPagepointerSystemUInt32', ID = '1380'
Method 'SystemVoidCosmosCore_AsmCPUImplZeroFillSystemUInt32SystemUInt32', ID = '1381'
Method 'SystemBooleanSystemAppContextTryGetSwitchSystemStringSystemBoolean', ID = '1383'
Method 'SystemStringCosmosCore_PlugsSystemSRImplInternalGetResourceStringSystemString', ID = '1385'
Method 'SystemVoidSystemSZGenericArrayEnumerator1SystemBytecctor', ID = '1395'
Method 'SystemBooleanSystemRuntimeCompilerServicesRuntimeHelpersIsBitwiseEquatableSystemByte', ID = '1396'
Method 'SystemInt32InternalRuntimeCompilerServicesUnsafeSizeOfSystemByte', ID = '1397'
Method 'SystemCollectionsGenericEqualityComparer1SystemByteSystemCollectionsGenericEqualityComparer1SystemByteget_Default', ID = '1398'
Method 'SystemInt32SystemCollectionsGenericEqualityComparer1SystemByteIndexOfSystemBytearraySystemByteSystemInt32SystemInt32', ID = '1399'
Method 'SystemVoidCosmosIL2CPUSZArrayImpl1GetEnumeratord__0SystemBytectorSystemInt32', ID = '1400'
Method 'SystemVoidSystemSZGenericArrayEnumerator1SystemCharcctor', ID = '1403'
Method 'SystemBooleanSystemRuntimeCompilerServicesRuntimeHelpersIsBitwiseEquatableSystemChar', ID = '1404'
Method 'SystemInt32InternalRuntimeCompilerServicesUnsafeSizeOfSystemChar', ID = '1405'
Method 'SystemCharInternalRuntimeCompilerServicesUnsafeAsSystemCharSystemCharSystemChar', ID = '1406'
Method 'SystemInt32InternalRuntimeCompilerServicesUnsafeAsSystemCharSystemInt32SystemChar', ID = '1407'
Method 'SystemInt64InternalRuntimeCompilerServicesUnsafeAsSystemCharSystemInt64SystemChar', ID = '1408'
Method 'SystemCollectionsGenericEqualityComparer1SystemCharSystemCollectionsGenericEqualityComparer1SystemCharget_Default', ID = '1409'
Method 'SystemInt32SystemCollectionsGenericEqualityComparer1SystemCharIndexOfSystemChararraySystemCharSystemInt32SystemInt32', ID = '1410'
Method 'SystemVoidCosmosIL2CPUSZArrayImpl1GetEnumeratord__0SystemCharctorSystemInt32', ID = '1411'
Method 'SystemVoidCosmosCoreINTsPutErrorStringSystemInt32SystemInt32SystemString', ID = '1441'
Method 'SystemVoidCosmosCoreINTsPutErrorCharSystemInt32SystemInt32SystemChar', ID = '1442'
Method 'SystemVoidCosmosCoreIOPortBasectorSystemUInt16', ID = '1446'
Method 'SystemVoidCosmosHALTextScreenSetColorsSystemConsoleColorSystemConsoleColor', ID = '1454'
Method 'SystemUInt16CosmosHALTextScreenget_Cols', ID = '1455'
Method 'SystemUInt16CosmosHALTextScreenget_Rows', ID = '1456'
Method 'SystemVoidCosmosHALTextScreenSetCursorSizeSystemInt32', ID = '1457'
Method 'SystemVoidCosmosHALTextScreenSetCursorVisibleSystemBoolean', ID = '1458'
Method 'SystemVoidCosmosCoreGlobalcctor', ID = '1459'
Method 'SystemVoidCosmosSystemConsoleClear', ID = '1460'
Method 'SystemVoidCosmosHALPCICheckFunctionCosmosHALPCIDevice', ID = '1462'
Method 'SystemVoidCosmosCoreACPIcctor', ID = '1463'
Method 'SystemUInt32CosmosCoreACPIRSDPAddress', ID = '1464'
Method 'SystemInt32CosmosCoreACPIacpiCheckHeaderSystemBytepointerSystemString', ID = '1465'
Method 'SystemInt32pointerCosmosCoreACPIfacpgetSystemInt32', ID = '1467'
Method 'SystemInt32CosmosCoreACPICompareSystemStringSystemBytepointer', ID = '1468'
Method 'SystemByteCosmosCoreACPIfacpbgetSystemInt32', ID = '1472'
Method 'SystemStringSystemNullable1SystemByteToString', ID = '1483'
Method 'SystemBooleanCosmosHALPS2ControllerWaitToWrite', ID = '1485'
Method 'SystemVoidCosmosCoreIOPortWriteset_ByteSystemByte', ID = '1486'
Method 'SystemBooleanSystemNullable1SystemByteget_HasValue', ID = '1487'
Method 'SystemByteSystemNullable1SystemByteget_Value', ID = '1488'
Method 'SystemByteCosmosCoreIOPortReadget_Byte', ID = '1489'
Method 'SystemStringCosmosCommonExtensionsToHexStringToHexSystemByte', ID = '1490'
Method 'SystemStringSystemStringConcatSystemStringSystemStringSystemStringSystemString', ID = '1491'
Method 'SystemStringSystemStringConcatSystemStringSystemStringSystemString', ID = '1492'
Method 'SystemVoidCosmosHALPS2ControllerSendDeviceCommandCosmosHALPS2ControllerDeviceCommandSystemBooleanSystemNullable1SystemByte', ID = '1494'
Method 'SystemBooleanCosmosHALPS2ControllerReadByteAfterAckWithTimeoutSystemByte', ID = '1495'
Method 'SystemVoidCosmosHALPS2MousectorSystemByteSystemByte', ID = '1496'
Method 'SystemBooleanCosmosHALPS2ControllerReadDataWithTimeoutSystemByte', ID = '1498'
Method 'SystemVoidCosmosHALPS2KeyboardctorSystemByte', ID = '1499'
Method 'SystemVoidCosmosHALBlockDeviceIDEcctor', ID = '1501'
Method 'SystemVoidCosmosHALBlockDeviceATA_PIOctorCosmosCoreIOGroupATACosmosHALBlockDeviceAtaControllerIdEnumCosmosHALBlockDeviceAtaBusPositionEnum', ID = '1504'
Method 'CosmosHALBlockDeviceATA_PIOSpecLevelCosmosHALBlockDeviceATA_PIOget_DriveType', ID = '1505'
Method 'SystemVoidCosmosHALBlockDeviceATAPIctorCosmosHALBlockDeviceATA_PIO', ID = '1508'
Method 'SystemVoidCosmosHALBlockDevicePartitionctorCosmosHALBlockDeviceBlockDeviceSystemUInt64SystemUInt64', ID = '1509'
Method 'SystemVoidCosmosHALBlockDeviceIDEScanAndInitPartitionsCosmosHALBlockDeviceBlockDevice', ID = '1510'
Method 'SystemVoidSystemCollectionsGenericList1EnumeratorCosmosHALBlockDeviceBlockDevicectorSystemCollectionsGenericList1CosmosHALBlockDeviceBlockDevice', ID = '1512'
Method 'SystemVoidCosmosHALBlockDeviceBlockDevicecctor', ID = '1513'
Method 'SystemVoidSystemCollectionsGenericList1CosmosHALBlockDeviceBlockDeviceAddWithResizeCosmosHALBlockDeviceBlockDevice', ID = '1514'
Method 'SystemBooleanSystemCollectionsGenericList1EnumeratorCosmosHALBlockDeviceBlockDeviceMoveNextRare', ID = '1515'
Method 'SystemVoidSystemCollectionsGenericList1EnumeratorCosmosHALBlockDevicePartitionctorSystemCollectionsGenericList1CosmosHALBlockDevicePartition', ID = '1518'
Method 'SystemVoidCosmosHALBlockDevicePartitioncctor', ID = '1519'
Method 'SystemStringCosmosHALBlockDevicePartitionToString', ID = '1520'
Method 'SystemVoidSystemCollectionsGenericList1CosmosHALBlockDevicePartitionAddWithResizeCosmosHALBlockDevicePartition', ID = '1521'
Method 'SystemBooleanSystemCollectionsGenericList1EnumeratorCosmosHALBlockDevicePartitionMoveNextRare', ID = '1522'
Method 'SystemVoidCosmosHALBlockDeviceAHCIcctor', ID = '1524'
Method 'SystemVoidCosmosHALPCIDeviceEnableBusMasterSystemBoolean', ID = '1525'
Method 'SystemVoidCosmosHALPCIDeviceEnableMemorySystemBoolean', ID = '1526'
Method 'SystemUInt32CosmosHALPCIBaseAddressBarget_BaseAddress', ID = '1527'
Method 'SystemVoidCosmosHALBlockDeviceRegistersGenericRegistersctorSystemUInt32', ID = '1529'
Method 'SystemUInt32CosmosHALBlockDeviceRegistersGenericRegistersget_GlobalHostControl', ID = '1531'
Method 'SystemVoidCosmosHALBlockDeviceRegistersGenericRegistersset_GlobalHostControlSystemUInt32', ID = '1532'
Method 'SystemVoidCosmosHALBlockDeviceAHCIGetCapabilities', ID = '1533'
Method 'SystemVoidSystemCollectionsGenericList1CosmosHALBlockDevicePortsStoragePortset_CapacitySystemInt32', ID = '1536'
Method 'SystemVoidCosmosHALBlockDeviceAHCIGetPorts', ID = '1537'
Method 'SystemCollectionsGenericList1EnumeratorCosmosHALBlockDevicePortsStoragePortSystemCollectionsGenericList1CosmosHALBlockDevicePortsStoragePortGetEnumerator', ID = '1538'
Method 'CosmosHALBlockDevicePortsStoragePortSystemCollectionsGenericList1EnumeratorCosmosHALBlockDevicePortsStoragePortget_Current', ID = '1539'
Method 'SystemVoidSystemRuntimeCompilerServicesDefaultInterpolatedStringHandlerAppendFormattedSystemString', ID = '1543'
Method 'SystemBooleanSystemCollectionsGenericList1EnumeratorCosmosHALBlockDevicePortsStoragePortMoveNext', ID = '1545'
Method 'SystemObjectSystemArrayClone', ID = '1550'
Method 'SystemStringCosmosSystem_PlugsSystemByteImplToString', ID = '1551'
Method 'SystemVoidCosmosHALNetworkDevicector', ID = '1553'
Method 'SystemVoidSystemArgumentExceptionctorSystemString', ID = '1554'
Method 'SystemVoidCosmosHALPCIDeviceset_ClaimedSystemBoolean', ID = '1555'
Method 'SystemVoidCosmosCoreIOGroupNetworkAMDPCNetIIIOGroupctorSystemUInt16', ID = '1556'
Method 'SystemUInt32CosmosCoreIOPortReadget_DWord', ID = '1558'
Method 'SystemByteCosmosCommonBinaryHelperGetByteFrom32bitSystemUInt32SystemByte', ID = '1559'
Method 'SystemVoidCosmosHALNetworkMACAddressctorSystemBytearray', ID = '1560'
Method 'SystemVoidCosmosCoreManagedMemoryBlockctorSystemUInt32SystemInt32', ID = '1561'
Method 'SystemVoidCosmosCoreManagedMemoryBlockWrite32SystemUInt32SystemUInt32', ID = '1562'
Method 'SystemVoidCosmosHALDriversPCINetworkAMDPCNetIIset_InitializationBlockAddressSystemUInt32', ID = '1564'
Method 'SystemVoidCosmosHALDriversPCINetworkAMDPCNetIIset_SoftwareStyleRegisterSystemUInt32', ID = '1565'
Method 'SystemVoidSystemCollectionsGenericList1CosmosCoreManagedMemoryBlockctor', ID = '1566'
Method 'SystemVoidCosmosCoreManagedMemoryBlockctorSystemUInt32', ID = '1567'
Method 'SystemVoidSystemCollectionsGenericList1CosmosCoreManagedMemoryBlockAddCosmosCoreManagedMemoryBlock', ID = '1568'
Method 'SystemVoidSystemCollectionsGenericQueue1SystemBytearrayctor', ID = '1569'
Method 'SystemVoidCosmosHALDriversPCINetworkAMDPCNetIIHandleNetworkInterruptCosmosCoreINTsIRQContext', ID = '1570'
Method 'CosmosHALNetworkMACAddressCosmosHALDriversPCINetworkAMDPCNetIIget_MACAddress', ID = '1573'
Method 'SystemBooleanCosmosHALDriversPCINetworkAMDPCNetIIEnable', ID = '1574'
Method 'SystemVoidCosmosHALDriversPCINetworkRTL8139HandleNetworkInterruptCosmosCoreINTsIRQContext', ID = '1576'
Method 'SystemVoidCosmosHALDriversPCINetworkRTL8139OutBSystemUInt32SystemByte', ID = '1577'
Method 'SystemVoidCosmosHALDriversPCINetworkRTL8139SoftwareReset', ID = '1578'
Method 'SystemByteCosmosHALDriversPCINetworkRTL8139InbSystemUInt32', ID = '1579'
Method 'SystemVoidCosmosHALDriversPCINetworkRTL8139set_RBStartRegisterSystemUInt32', ID = '1580'
Method 'SystemVoidCosmosHALDriversPCINetworkRTL8139set_RecvConfigRegisterSystemUInt32', ID = '1581'
Method 'SystemVoidCosmosHALDriversPCINetworkRTL8139set_TransmitConfigRegisterSystemUInt32', ID = '1582'
Method 'SystemVoidCosmosHALDriversPCINetworkRTL8139set_IntMaskRegisterSystemUInt16', ID = '1583'
Method 'SystemVoidCosmosHALDriversPCINetworkRTL8139set_IntStatusRegisterSystemUInt16', ID = '1584'
Method 'SystemVoidCosmosHALDebugSerialcctor', ID = '1587'
Method 'SystemVoidSystemThrowHelperThrowArgumentOutOfRangeExceptionSystemExceptionArgument', ID = '1599'
Method 'SystemInt32SystemCollectionsGenericDictionary2SystemUInt32CosmosHALNetworkDeviceInitializeSystemInt32', ID = '1600'
Method 'SystemCollectionsGenericIEqualityComparer1SystemStringSystemCollectionsGenericNonRandomizedStringEqualityComparerGetStringComparerSystemObject', ID = '1603'
Method 'SystemVoidCosmosSystemKeyboardManagercctor', ID = '1604'
Method 'SystemVoidSystemCollectionsGenericList1CosmosHALPCIDevicecctor', ID = '1605'
Method 'SystemVoidCosmosCoreIOGroupPCIctor', ID = '1612'
Method 'SystemCollectionsGenericIEnumerator1CosmosHALPCIBaseAddressBarSystemSZArrayHelperGetEnumeratorCosmosHALPCIBaseAddressBar', ID = '1613'
Method 'SystemVoidSystemSZArrayHelperCopyToCosmosHALPCIBaseAddressBarCosmosHALPCIBaseAddressBararraySystemInt32', ID = '1614'
Method 'SystemInt32SystemSZArrayHelperget_CountCosmosHALPCIBaseAddressBar', ID = '1615'
Method 'CosmosHALPCIBaseAddressBarSystemSZArrayHelperget_ItemCosmosHALPCIBaseAddressBarSystemInt32', ID = '1616'
Method 'SystemVoidSystemSZArrayHelperset_ItemCosmosHALPCIBaseAddressBarSystemInt32CosmosHALPCIBaseAddressBar', ID = '1617'
Method 'SystemVoidSystemSZArrayHelperAddCosmosHALPCIBaseAddressBarCosmosHALPCIBaseAddressBar', ID = '1618'
Method 'SystemBooleanSystemSZArrayHelperContainsCosmosHALPCIBaseAddressBarCosmosHALPCIBaseAddressBar', ID = '1619'
Method 'SystemBooleanSystemSZArrayHelperget_IsReadOnlyCosmosHALPCIBaseAddressBar', ID = '1620'
Method 'SystemVoidSystemSZArrayHelperClearCosmosHALPCIBaseAddressBar', ID = '1621'
Method 'SystemInt32SystemSZArrayHelperIndexOfCosmosHALPCIBaseAddressBarCosmosHALPCIBaseAddressBar', ID = '1622'
Method 'SystemVoidSystemSZArrayHelperInsertCosmosHALPCIBaseAddressBarSystemInt32CosmosHALPCIBaseAddressBar', ID = '1623'
Method 'SystemBooleanSystemSZArrayHelperRemoveCosmosHALPCIBaseAddressBarCosmosHALPCIBaseAddressBar', ID = '1624'
Method 'SystemVoidSystemSZArrayHelperRemoveAtCosmosHALPCIBaseAddressBarSystemInt32', ID = '1625'
Method 'SystemVoidCosmosHALPCIDeviceset_InterruptLineSystemByte', ID = '1632'
Method 'SystemStringSystemRuntimeCompilerServicesDefaultInterpolatedStringHandlerToString', ID = '1635'
Method 'SystemBuffersArrayPool1SystemCharCosmosCore_PlugsSystemBuffersArrayPoolImpl1SystemCharget_Shared', ID = '1637'
Method 'SystemInt32SystemMathMaxSystemInt32SystemInt32', ID = '1638'
Method 'SystemVoidSystemSpan1SystemCharctorSystemChararray', ID = '1639'
Method 'SystemVoidSystemThrowHelperThrowIndexOutOfRangeException', ID = '1640'
Method 'SystemCharSystemByReference1SystemCharget_Value', ID = '1641'
Method 'SystemCharCosmosCore_PlugsSystemStringImplget_CharsSystemInt32SystemCharpointer', ID = '1642'
Method 'SystemVoidSystemRuntimeCompilerServicesDefaultInterpolatedStringHandlerGrowSystemInt32', ID = '1643'
Method 'SystemVoidSystemStringCopyToSystemSpan1SystemChar', ID = '1644'
Method 'SystemBooleanSystemStringTryCopyToSystemSpan1SystemChar', ID = '1645'
Method 'SystemVoidSystemRuntimeCompilerServicesDefaultInterpolatedStringHandlerGrowCoreSystemUInt32', ID = '1649'
Method 'SystemVoidSystemThrowHelperThrowArgumentOutOfRangeException', ID = '1650'
Method 'SystemVoidSystemSpan1SystemCharctorSystemCharSystemInt32', ID = '1651'
Method 'SystemStringSystemReadOnlySpan1SystemCharToString', ID = '1653'
Method 'SystemBooleanSystemInt32TryFormatSystemSpan1SystemCharSystemInt32SystemReadOnlySpan1SystemCharSystemIFormatProvider', ID = '1654'
Method 'SystemBooleanSystemUInt32TryFormatSystemSpan1SystemCharSystemInt32SystemReadOnlySpan1SystemCharSystemIFormatProvider', ID = '1655'
Method 'SystemBooleanSystemDoubleTryFormatSystemSpan1SystemCharSystemInt32SystemReadOnlySpan1SystemCharSystemIFormatProvider', ID = '1656'
Method 'SystemBooleanSystemCharSystemISpanFormattableTryFormatSystemSpan1SystemCharSystemInt32SystemReadOnlySpan1SystemCharSystemIFormatProvider', ID = '1657'
Method 'SystemBooleanSystemUInt64TryFormatSystemSpan1SystemCharSystemInt32SystemReadOnlySpan1SystemCharSystemIFormatProvider', ID = '1658'
Method 'SystemBooleanSystemIntPtrTryFormatSystemSpan1SystemCharSystemInt32SystemReadOnlySpan1SystemCharSystemIFormatProvider', ID = '1659'
Method 'SystemBooleanSystemUIntPtrTryFormatSystemSpan1SystemCharSystemInt32SystemReadOnlySpan1SystemCharSystemIFormatProvider', ID = '1660'
Method 'SystemBooleanSystemUInt16TryFormatSystemSpan1SystemCharSystemInt32SystemReadOnlySpan1SystemCharSystemIFormatProvider', ID = '1661'
Method 'SystemBooleanSystemByteTryFormatSystemSpan1SystemCharSystemInt32SystemReadOnlySpan1SystemCharSystemIFormatProvider', ID = '1662'
Method 'SystemBooleanSystemInt64TryFormatSystemSpan1SystemCharSystemInt32SystemReadOnlySpan1SystemCharSystemIFormatProvider', ID = '1663'
Method 'SystemStringSystemCharSystemIFormattableToStringSystemStringSystemIFormatProvider', ID = '1667'
Method 'SystemStringSystemUInt64ToStringSystemStringSystemIFormatProvider', ID = '1668'
Method 'SystemStringSystemIntPtrToStringSystemStringSystemIFormatProvider', ID = '1669'
Method 'SystemStringSystemUIntPtrToStringSystemStringSystemIFormatProvider', ID = '1670'
Method 'SystemStringSystemEnumToStringSystemStringSystemIFormatProvider', ID = '1671'
Method 'SystemSpan1SystemCharSystemSpan1SystemCharSliceSystemInt32SystemInt32', ID = '1675'
Method 'SystemReadOnlySpan1SystemCharSystemSpan1SystemCharop_ImplicitSystemSpan1SystemChar', ID = '1676'
Method 'SystemVoidCosmosCore_PlugsSystemStringImplCtorSystemReadOnlySpan1SystemCharSystemStringSystemInt32SystemCharpointer', ID = '1677'
Method 'SystemVoidSystemThrowHelperThrowInvalidOperationException_InvalidOperation_EnumFailedVersion', ID = '1679'
Method 'SystemVoidCosmosHALPCIDeviceWriteRegister16SystemByteSystemUInt16', ID = '1681'
Method 'SystemVoidSystemReadOnlySpan1SystemCharctorSystemCharSystemInt32', ID = '1684'
Method 'SystemStringSystemNumberFormatUInt32SystemUInt32SystemStringSystemIFormatProvider', ID = '1685'
Method 'SystemVoidCosmosSystem_PlugsSystemConsoleImplWriteLine', ID = '1686'
Method 'SystemVoidCosmosCoreBaseIOGroupscctor', ID = '1689'
Method 'SystemUInt32CosmosHALPITget_T0DelayNS', ID = '1694'
Method 'SystemInt32SystemCollectionsGenericList1CosmosHALPITPITTimerget_Count', ID = '1695'
Method 'CosmosHALPITPITTimerSystemCollectionsGenericList1CosmosHALPITPITTimerget_ItemSystemInt32', ID = '1696'
Method 'SystemVoidSystemCollectionsGenericList1CosmosHALPITPITTimerRemoveAtSystemInt32', ID = '1698'
Method 'SystemVoidCosmosCore_AsmDelegateImplInvoke', ID = '1443'
Method 'SystemVoidCosmosCoreINTsSetIntHandlerSystemByteCosmosCoreINTsIRQDelegate', ID = '1701'
Method 'SystemVoidCosmosCore_PlugsSystemInternalEnvironmentImplCCtor', ID = '1704'
Method 'SystemVoidSystemTextEncodingcctor', ID = '1710'
Method 'SystemInt32SystemTextASCIIEncodingGetByteCountSystemString', ID = '1715'
Method 'SystemInt32SystemTextASCIIEncodingGetBytesSystemStringSystemInt32SystemInt32SystemBytearraySystemInt32', ID = '1717'
Method 'SystemVoidCosmosSystemConsoleUpdateCursor', ID = '1720'
Method 'SystemVoidCosmosCore_PlugsSystemTypeImplCCtor', ID = '1722'
Method 'SystemVoidCosmosCoreCosmosRuntimeTypector', ID = '1725'
Method 'SystemVoidCosmosCommonStringHelpercctor', ID = '1726'
Method 'SystemRuntimeIntrinsicsVector1281SystemDoubleSystemRuntimeIntrinsicsVector128CreateScalarUnsafeSystemDouble', ID = '1729'
Method 'SystemRuntimeIntrinsicsVector1281SystemInt64SystemRuntimeIntrinsicsVector128AsInt64SystemDoubleSystemRuntimeIntrinsicsVector1281SystemDouble', ID = '1730'
Method 'SystemInt64SystemRuntimeIntrinsicsX86Sse2X64ConvertToInt64SystemRuntimeIntrinsicsVector1281SystemInt64', ID = '1731'
Method 'SystemChararrayCosmosCore_PlugsSystemStringImplToCharArray', ID = '1732'
Method 'SystemVoidCosmosCore_PlugsSystemStringImplCtorSystemChararraySystemStringSystemInt32SystemCharpointer', ID = '1733'
Method 'SystemStringSystemPrivateCoreLibSystemSRget_ArgumentOutOfRange_StartIndex', ID = '1734'
Method 'SystemStringSystemPrivateCoreLibSystemSRget_ArgumentOutOfRange_StartIndexLargerThanLength', ID = '1735'
Method 'SystemStringSystemPrivateCoreLibSystemSRget_ArgumentOutOfRange_NegativeLength', ID = '1736'
Method 'SystemStringSystemPrivateCoreLibSystemSRget_ArgumentOutOfRange_IndexLength', ID = '1737'
Method 'SystemStringSystemStringInternalSubStringSystemInt32SystemInt32', ID = '1738'
Method 'SystemStringSystemPrivateCoreLibSystemSRget_ArgumentOutOfRange_ActualValue', ID = '1739'
Method 'SystemStringSystemPrivateCoreLibSystemSRFormatSystemStringSystemObject', ID = '1740'
Method 'SystemVoidSystemArgumentExceptionSetMessageField', ID = '1741'
Method 'SystemStringSystemPrivateCoreLibSystemSRget_Arg_ParamName_Name', ID = '1742'
Method 'SystemVoidSystemNotImplementedExceptionctor', ID = '1743'
Method 'SystemStringSystemPrivateCoreLibSystemSRget_ArgumentNull_Generic', ID = '1744'
Method 'SystemBooleanCosmosCore_PlugsRuntimeIntrinsicsX86Sse2Implget_IsSupported', ID = '1746'
Method 'SystemVoidSystemThrowHelperThrowForUnsupportedIntrinsicsVectorBaseTypeSystemByte', ID = '1749'
Method 'SystemVoidSystemThrowHelperThrowForUnsupportedNumericsVectorBaseTypeSystemByte', ID = '1752'
Method 'SystemInt32InternalRuntimeCompilerServicesUnsafeSizeOfSystemNumericsVector1SystemByte', ID = '1753'
Method 'SystemBooleanCosmosCore_PlugsRuntimeIntrinsicsX86Avx2Implget_IsSupported', ID = '1755'
Method 'SystemBooleanSystemRuntimeIntrinsicsArmAdvSimdget_IsSupported', ID = '1758'
Method 'SystemRuntimeIntrinsicsVector1281SystemByteSystemRuntimeIntrinsicsVector128Createg__SoftwareFallbacksLine20_0SystemByte', ID = '1759'
Method 'SystemRuntimeIntrinsicsVector1281SystemByteInternalRuntimeCompilerServicesUnsafeReadUnalignedSystemRuntimeIntrinsicsVector1281SystemByteSystemByte', ID = '1760'
Method 'SystemInt32SystemNumericsBitOperationsTrailingZeroCountSystemUInt32', ID = '1762'
Method 'SystemBooleanSystemRuntimeIntrinsicsX86Avxget_IsSupported', ID = '1764'
Method 'SystemRuntimeIntrinsicsVector2561SystemByteSystemRuntimeIntrinsicsVector256Createg__SoftwareFallbacksLine14_0SystemByte', ID = '1765'
Method 'SystemRuntimeIntrinsicsVector2561SystemByteInternalRuntimeCompilerServicesUnsafeReadUnalignedSystemRuntimeIntrinsicsVector2561SystemByteSystemByte', ID = '1766'
Method 'SystemVoidInternalRuntimeCompilerServicesUnsafeSkipInitSystemNumericsVector1SystemByteSystemNumericsVector1SystemByte', ID = '1767'
Method 'SystemVoidSystemNumericsVector1SystemByteSetElementSystemIntPtrSystemByte', ID = '1768'
Method 'SystemNumericsVector1SystemByteInternalRuntimeCompilerServicesUnsafeReadUnalignedSystemNumericsVector1SystemByteSystemByte', ID = '1769'
Method 'SystemNumericsVector1SystemByteSystemNumericsVector1SystemByteEqualsSystemNumericsVector1SystemByteSystemNumericsVector1SystemByte', ID = '1770'
Method 'SystemBooleanSystemNumericsVector1SystemByteop_EqualitySystemNumericsVector1SystemByteSystemNumericsVector1SystemByte', ID = '1771'
Method 'SystemNumericsVector1SystemUInt64SystemNumericsVectorAsVectorUInt64SystemByteSystemNumericsVector1SystemByte', ID = '1772'
Method 'SystemUInt64SystemNumericsVector1SystemUInt64get_ItemSystemInt32', ID = '1773'
Method 'SystemInt32SystemNumericsVector1SystemUInt64get_Count', ID = '1774'
Method 'SystemInt32SystemSpanHelpersLocateFirstFoundByteSystemUInt64', ID = '1775'
Method 'SystemVoidSystemThrowHelperThrowForUnsupportedIntrinsicsVectorBaseTypeSystemUInt16', ID = '1777'
Method 'SystemInt32InternalRuntimeCompilerServicesUnsafeSizeOfSystemUInt16', ID = '1778'
Method 'SystemVoidSystemThrowHelperThrowForUnsupportedNumericsVectorBaseTypeSystemUInt16', ID = '1780'
Method 'SystemInt32InternalRuntimeCompilerServicesUnsafeSizeOfSystemNumericsVector1SystemUInt16', ID = '1781'
Method 'SystemRuntimeIntrinsicsVector1281SystemUInt16SystemRuntimeIntrinsicsVector128Createg__SoftwareFallbacksLine27_0SystemUInt16', ID = '1782'
Method 'SystemRuntimeIntrinsicsVector1281SystemUInt16InternalRuntimeCompilerServicesUnsafeReadUnalignedSystemRuntimeIntrinsicsVector1281SystemUInt16SystemByte', ID = '1783'
Method 'SystemRuntimeIntrinsicsVector1281SystemByteSystemRuntimeIntrinsicsVector128AsSystemUInt16SystemByteSystemRuntimeIntrinsicsVector1281SystemUInt16', ID = '1784'
Method 'SystemRuntimeIntrinsicsVector2561SystemUInt16SystemRuntimeIntrinsicsVector256Createg__SoftwareFallbacksLine21_0SystemUInt16', ID = '1786'
Method 'SystemRuntimeIntrinsicsVector2561SystemUInt16InternalRuntimeCompilerServicesUnsafeReadUnalignedSystemRuntimeIntrinsicsVector2561SystemUInt16SystemByte', ID = '1787'
Method 'SystemRuntimeIntrinsicsVector2561SystemByteSystemRuntimeIntrinsicsVector256AsSystemUInt16SystemByteSystemRuntimeIntrinsicsVector2561SystemUInt16', ID = '1788'
Method 'SystemVoidInternalRuntimeCompilerServicesUnsafeSkipInitSystemNumericsVector1SystemUInt16SystemNumericsVector1SystemUInt16', ID = '1789'
Method 'SystemVoidSystemNumericsVector1SystemUInt16SetElementSystemIntPtrSystemUInt16', ID = '1790'
Method 'SystemNumericsVector1SystemUInt16InternalRuntimeCompilerServicesUnsafeReadUnalignedSystemNumericsVector1SystemUInt16SystemByte', ID = '1791'
Method 'SystemNumericsVector1SystemUInt16SystemNumericsVector1SystemUInt16EqualsSystemNumericsVector1SystemUInt16SystemNumericsVector1SystemUInt16', ID = '1792'
Method 'SystemBooleanSystemNumericsVector1SystemUInt16op_EqualitySystemNumericsVector1SystemUInt16SystemNumericsVector1SystemUInt16', ID = '1793'
Method 'SystemNumericsVector1SystemUInt64SystemNumericsVectorAsVectorUInt64SystemUInt16SystemNumericsVector1SystemUInt16', ID = '1794'
Method 'SystemInt32SystemSpanHelpersLocateFirstFoundCharSystemUInt64', ID = '1795'
Method 'SystemCollectionsGenericIEnumerator1SystemInt32SystemSZArrayHelperGetEnumeratorSystemInt32', ID = '1796'
Method 'SystemVoidSystemSZArrayHelperCopyToSystemInt32SystemInt32arraySystemInt32', ID = '1797'
Method 'SystemInt32SystemSZArrayHelperget_CountSystemInt32', ID = '1798'
Method 'SystemInt32SystemSZArrayHelperget_ItemSystemInt32SystemInt32', ID = '1799'
Method 'SystemVoidSystemSZArrayHelperset_ItemSystemInt32SystemInt32SystemInt32', ID = '1800'
Method 'SystemVoidSystemSZArrayHelperAddSystemInt32SystemInt32', ID = '1801'
Method 'SystemBooleanSystemSZArrayHelperContainsSystemInt32SystemInt32', ID = '1802'
Method 'SystemBooleanSystemSZArrayHelperget_IsReadOnlySystemInt32', ID = '1803'
Method 'SystemVoidSystemSZArrayHelperClearSystemInt32', ID = '1804'
Method 'SystemInt32SystemSZArrayHelperIndexOfSystemInt32SystemInt32', ID = '1805'
Method 'SystemVoidSystemSZArrayHelperInsertSystemInt32SystemInt32SystemInt32', ID = '1806'
Method 'SystemBooleanSystemSZArrayHelperRemoveSystemInt32SystemInt32', ID = '1807'
Method 'SystemVoidSystemSZArrayHelperRemoveAtSystemInt32SystemInt32', ID = '1808'
Method 'SystemBooleanSystemInt32EqualsSystemInt32', ID = '1815'
Method 'SystemCollectionsGenericIEnumerator1SystemInt64SystemSZArrayHelperGetEnumeratorSystemInt64', ID = '1816'
Method 'SystemVoidSystemSZArrayHelperCopyToSystemInt64SystemInt64arraySystemInt32', ID = '1817'
Method 'SystemInt32SystemSZArrayHelperget_CountSystemInt64', ID = '1818'
Method 'SystemInt64SystemSZArrayHelperget_ItemSystemInt64SystemInt32', ID = '1819'
Method 'SystemVoidSystemSZArrayHelperset_ItemSystemInt64SystemInt32SystemInt64', ID = '1820'
Method 'SystemVoidSystemSZArrayHelperAddSystemInt64SystemInt64', ID = '1821'
Method 'SystemBooleanSystemSZArrayHelperContainsSystemInt64SystemInt64', ID = '1822'
Method 'SystemBooleanSystemSZArrayHelperget_IsReadOnlySystemInt64', ID = '1823'
Method 'SystemVoidSystemSZArrayHelperClearSystemInt64', ID = '1824'
Method 'SystemInt32SystemSZArrayHelperIndexOfSystemInt64SystemInt64', ID = '1825'
Method 'SystemVoidSystemSZArrayHelperInsertSystemInt64SystemInt32SystemInt64', ID = '1826'
Method 'SystemBooleanSystemSZArrayHelperRemoveSystemInt64SystemInt64', ID = '1827'
Method 'SystemVoidSystemSZArrayHelperRemoveAtSystemInt64SystemInt32', ID = '1828'
Method 'SystemBooleanSystemInt64EqualsSystemInt64', ID = '1835'
Method 'SystemVoidSystemCollectionsGenericEqualityComparer1SystemUInt32cctor', ID = '1836'
Method 'SystemInt32CosmosCore_PlugsSystemArrayImplget_Rank', ID = '1838'
Method 'SystemArgumentExceptionSystemThrowHelperGetArgumentExceptionSystemExceptionResource', ID = '1839'
Method 'SystemInt32CosmosCore_PlugsSystemArrayImplGetLowerBoundSystemInt32', ID = '1840'
Method 'SystemInt32CosmosCore_AsmArrayImplget_Length', ID = '1841'
Method 'SystemStringSystemPrivateCoreLibSystemSRget_NotSupported_CannotCallEqualsOnSpan', ID = '1842'
Method 'SystemTextEncoderFallbackSystemTextEncodingget_EncoderFallback', ID = '1843'
Method 'SystemTextDecoderFallbackSystemTextEncodingget_DecoderFallback', ID = '1844'
Method 'SystemBooleanCosmosCore_PlugsSystemStringImplEqualsHelperSystemStringSystemString', ID = '1846'
Method 'SystemStringSystemPrivateCoreLibSystemSRget_NotSupported_CannotCallGetHashCodeOnSpan', ID = '1850'
Method 'SystemUInt32InternalRuntimeCompilerServicesUnsafeReadUnalignedSystemUInt32SystemByte', ID = '1853'
Method 'SystemVoidSystemMarvinBlockSystemUInt32SystemUInt32', ID = '1854'
Method 'SystemUInt16InternalRuntimeCompilerServicesUnsafeReadUnalignedSystemUInt16SystemByte', ID = '1856'
Method 'SystemInt32CosmosSystem_PlugsSystemValueTypeImplGetHashCodeOfPtrSystemIntPtr', ID = '1857'
Method 'SystemVoidSystemIntPtrctorSystemInt32', ID = '1858'
Method 'SystemInt32CosmosCore_PlugsSystemRuntimeCompilerServicesRuntimeHelpersImplGetHashCodeSystemObject', ID = '1859'
Method 'SystemUInt32SystemUIntPtrop_ExplicitSystemUIntPtr', ID = '1862'
Method 'SystemTypeCosmosCoreCosmosRuntimeTypeget_UnderlyingSystemType', ID = '1863'
Method 'SystemStringSystemPrivateCoreLibSystemSRget_Argument_EmptyName', ID = '1868'
Method 'SystemVoidSystemThreadingMonitorEnterSystemObjectSystemBoolean', ID = '1870'
Method 'SystemBooleanSystemCollectionsGenericDictionary2SystemStringSystemBooleanTryGetValueSystemStringSystemBoolean', ID = '1871'
Method 'SystemObjectSystemAppContextGetDataSystemString', ID = '1873'
Method 'SystemBooleanSystemBooleanTryParseSystemStringSystemBoolean', ID = '1874'
Method 'SystemBooleanSystemStringop_EqualitySystemStringSystemString', ID = '1876'
Method 'SystemVoidSystemCollectionsGenericEqualityComparer1SystemDelegatecctor', ID = '1877'
Method 'SystemVoidSystemCollectionsGenericEqualityComparer1SystemObjectcctor', ID = '1879'
Method 'SystemVoidCosmosIL2CPUSZArrayImpl1GetEnumeratord__0SystemByteSystemIDisposableDispose', ID = '1884'
Method 'SystemVoidCosmosIL2CPUSZArrayImpl1GetEnumeratord__0SystemCharSystemIDisposableDispose', ID = '1888'
Method 'SystemStringCosmosSystem_PlugsSystemInt64ImplToString', ID = '1889'
Method 'SystemByteCosmosCore_AsmIOPortImplRead8SystemUInt16', ID = '1891'
Method 'SystemVoidCosmosCore_AsmIOPortImplWrite8SystemUInt16SystemByte', ID = '1892'
Method 'SystemVoidCosmosCoreBaseIOGroupsctor', ID = '1894'
Method 'SystemVoidSystemCollectionsGenericList1CosmosHALPCIDeviceAddCosmosHALPCIDevice', ID = '1896'
Method 'SystemBooleanCosmosCoreACPICheck_RSDSystemUInt32', ID = '1898'
Method 'SystemVoidSystemThrowHelperThrowInvalidOperationException_InvalidOperation_NoValue', ID = '1902'
Method 'SystemStringCosmosCommonExtensionsToHexStringConvertToHexSystemUInt32SystemInt32', ID = '1904'
Method 'SystemBooleanCosmosHALPS2ControllerWaitForAck', ID = '1906'
Method 'SystemVoidCosmosHALMouseBasector', ID = '1908'
Method 'SystemVoidCosmosHALPS2MouseInitialize', ID = '1910'
Method 'SystemVoidCosmosHALKeyboardBasector', ID = '1912'
Method 'SystemVoidCosmosHALPS2KeyboardInitialize', ID = '1914'
Method 'CosmosHALPCIDeviceCosmosHALPCIGetDeviceClassCosmosHALClassIDCosmosHALSubclassID', ID = '1915'
Method 'SystemVoidSystemCollectionsGenericList1CosmosHALBlockDeviceBlockDevicector', ID = '1916'
Method 'SystemVoidSystemCollectionsGenericList1CosmosHALBlockDevicePartitionctor', ID = '1917'
Method 'SystemVoidCosmosHALBlockDeviceAtactor', ID = '1919'
Method 'CosmosHALBlockDeviceATA_PIOSpecLevelCosmosHALBlockDeviceATA_PIODiscoverDrive', ID = '1920'
Method 'SystemVoidCosmosHALBlockDeviceATA_PIOInitDrive', ID = '1921'
Method 'SystemVoidCosmosHALBlockDeviceAtacctor', ID = '1923'
Method 'SystemStringCosmosHALBlockDeviceAtaToString', ID = '1924'
Method 'SystemVoidCosmosHALBlockDeviceBlockDevicector', ID = '1926'
Method 'CosmosHALBlockDeviceAtaBusPositionEnumCosmosHALBlockDeviceAtaget_BusPosition', ID = '1927'
Method 'SystemVoidCosmosHALBlockDeviceATAPIset_BusPositionCosmosHALBlockDeviceAtaBusPositionEnum', ID = '1928'
Method 'CosmosHALBlockDeviceAtaControllerIdEnumCosmosHALBlockDeviceAtaget_ControllerID', ID = '1929'
Method 'SystemVoidCosmosHALBlockDeviceATAPIset_PrimarySystemBoolean', ID = '1930'
Method 'SystemBooleanCosmosHALBlockDeviceATAPIget_Primary', ID = '1931'
Method 'SystemVoidCosmosCoreIOGroupATActorSystemBoolean', ID = '1932'
Method 'CosmosHALBlockDeviceAtaBusPositionEnumCosmosHALBlockDeviceATAPIget_BusPosition', ID = '1934'
Method 'SystemUInt64CosmosHALBlockDeviceATAPIGetMaxLBA', ID = '1935'
Method 'SystemVoidCosmosHALBlockDeviceATAPIset_MaxLBASystemUInt64', ID = '1936'
Method 'SystemVoidCosmosHALBlockDeviceATAPIInit', ID = '1937'
Method 'SystemUInt64CosmosHALBlockDeviceBlockDeviceget_BlockSize', ID = '1938'
Method 'SystemBooleanCosmosHALBlockDeviceGPTIsGPTPartitionCosmosHALBlockDeviceBlockDevice', ID = '1939'
Method 'SystemVoidCosmosHALBlockDeviceGPTctorCosmosHALBlockDeviceBlockDevice', ID = '1940'
Method 'SystemInt32SystemCollectionsGenericList1CosmosHALBlockDeviceGPTGPartInfoget_Count', ID = '1942'
Method 'SystemVoidCosmosDebugKernelDebuggerSendNumberSystemInt32', ID = '1943'
Method 'SystemCollectionsGenericList1EnumeratorCosmosHALBlockDeviceGPTGPartInfoSystemCollectionsGenericList1CosmosHALBlockDeviceGPTGPartInfoGetEnumerator', ID = '1944'
Method 'CosmosHALBlockDeviceGPTGPartInfoSystemCollectionsGenericList1EnumeratorCosmosHALBlockDeviceGPTGPartInfoget_Current', ID = '1945'
Method 'SystemBooleanSystemCollectionsGenericList1EnumeratorCosmosHALBlockDeviceGPTGPartInfoMoveNext', ID = '1947'
Method 'SystemVoidCosmosHALBlockDeviceMBRctorCosmosHALBlockDeviceBlockDevice', ID = '1949'
Method 'SystemVoidCosmosHALBlockDeviceEBRctorSystemBytearray', ID = '1952'
Method 'SystemInt32SystemCollectionsGenericList1CosmosHALBlockDeviceEBRPartInfoget_Count', ID = '1954'
Method 'SystemCollectionsGenericList1EnumeratorCosmosHALBlockDeviceMBRPartInfoSystemCollectionsGenericList1CosmosHALBlockDeviceMBRPartInfoGetEnumerator', ID = '1955'
Method 'CosmosHALBlockDeviceMBRPartInfoSystemCollectionsGenericList1EnumeratorCosmosHALBlockDeviceMBRPartInfoget_Current', ID = '1956'
Method 'SystemBooleanSystemCollectionsGenericList1EnumeratorCosmosHALBlockDeviceMBRPartInfoMoveNext', ID = '1958'
Method 'SystemVoidSystemCollectionsGenericList1CosmosHALBlockDeviceBlockDevicecctor', ID = '1960'
Method 'SystemVoidSystemCollectionsGenericList1CosmosHALBlockDeviceBlockDeviceGrowSystemInt32', ID = '1967'
Method 'SystemVoidSystemCollectionsGenericList1CosmosHALBlockDevicePartitioncctor', ID = '1968'
Method 'SystemVoidSystemCollectionsGenericList1CosmosHALBlockDevicePartitionGrowSystemInt32', ID = '1975'
Method 'CosmosHALPCIDeviceCosmosHALPCIGetDeviceClassCosmosHALClassIDCosmosHALSubclassIDCosmosHALProgramIF', ID = '1976'
Method 'SystemVoidSystemCollectionsGenericList1CosmosHALBlockDevicePortsStoragePortctor', ID = '1977'
Method 'SystemUInt32CosmosCoreMemoryBlockget_ItemSystemUInt32', ID = '1979'
Method 'SystemVoidCosmosCoreMemoryBlockset_ItemSystemUInt32SystemUInt32', ID = '1980'
Method 'SystemUInt32CosmosHALBlockDeviceRegistersGenericRegistersget_Capabilities', ID = '1981'
Method 'SystemVoidSystemThrowHelperThrowArgumentOutOfRangeExceptionSystemExceptionArgumentSystemExceptionResource', ID = '2002'
Method 'SystemVoidSystemArrayCopySystemArraySystemArraySystemInt32', ID = '2004'
Method 'SystemUInt32CosmosHALBlockDeviceRegistersGenericRegistersget_ImplementedPorts', ID = '2006'
Method 'SystemVoidCosmosHALBlockDeviceRegistersPortRegistersctorSystemUInt32SystemUInt32', ID = '2007'
Method 'CosmosHALBlockDeviceRegistersPortTypeCosmosHALBlockDeviceAHCICheckPortTypeCosmosHALBlockDeviceRegistersPortRegisters', ID = '2008'
Method 'SystemStringSystemStringPadLeftSystemInt32SystemChar', ID = '2010'
Method 'SystemVoidCosmosHALBlockDeviceAHCIPortRebaseCosmosHALBlockDeviceRegistersPortRegistersSystemUInt32', ID = '2011'
Method 'SystemVoidCosmosHALBlockDevicePortsSATActorCosmosHALBlockDeviceRegistersPortRegisters', ID = '2012'
Method 'SystemVoidSystemCollectionsGenericList1CosmosHALBlockDevicePortsStoragePortAddCosmosHALBlockDevicePortsStoragePort', ID = '2013'
Method 'SystemVoidSystemCollectionsGenericList1EnumeratorCosmosHALBlockDevicePortsStoragePortctorSystemCollectionsGenericList1CosmosHALBlockDevicePortsStoragePort', ID = '2014'
Method 'SystemVoidSystemRuntimeCompilerServicesDefaultInterpolatedStringHandlerAppendFormattedSlowSystemString', ID = '2016'
Method 'SystemBooleanSystemCollectionsGenericList1EnumeratorCosmosHALBlockDevicePortsStoragePortMoveNextRare', ID = '2017'
Method 'SystemVoidSystemCollectionsGenericList1EnumeratorCosmosHALBlockDevicePortsStoragePortDispose', ID = '2018'
Method 'SystemCollectionsGenericIEnumerator1SystemStringSystemSZArrayHelperGetEnumeratorSystemString', ID = '2020'
Method 'SystemVoidSystemSZArrayHelperCopyToSystemStringSystemStringarraySystemInt32', ID = '2021'
Method 'SystemInt32SystemSZArrayHelperget_CountSystemString', ID = '2022'
Method 'SystemStringSystemSZArrayHelperget_ItemSystemStringSystemInt32', ID = '2023'
Method 'SystemVoidSystemSZArrayHelperset_ItemSystemStringSystemInt32SystemString', ID = '2024'
Method 'SystemVoidSystemSZArrayHelperAddSystemStringSystemString', ID = '2025'
Method 'SystemBooleanSystemSZArrayHelperContainsSystemStringSystemString', ID = '2026'
Method 'SystemBooleanSystemSZArrayHelperget_IsReadOnlySystemString', ID = '2027'
Method 'SystemVoidSystemSZArrayHelperClearSystemString', ID = '2028'
Method 'SystemInt32SystemSZArrayHelperIndexOfSystemStringSystemString', ID = '2029'
Method 'SystemVoidSystemSZArrayHelperInsertSystemStringSystemInt32SystemString', ID = '2030'
Method 'SystemBooleanSystemSZArrayHelperRemoveSystemStringSystemString', ID = '2031'
Method 'SystemVoidSystemSZArrayHelperRemoveAtSystemStringSystemInt32', ID = '2032'
Method 'SystemVoidCosmosCore_PlugsSystemOutOfMemoryExceptionImplCtor', ID = '2040'
Method 'SystemVoidSystemCollectionsGenericList1CosmosHALNetworkDeviceAddCosmosHALNetworkDevice', ID = '2046'
Method 'SystemVoidCosmosCoreIOPortctorSystemUInt16SystemUInt16', ID = '2047'
Method 'SystemVoidCosmosCoreIOPortReadctorSystemUInt16SystemUInt16', ID = '2048'
Method 'SystemVoidCosmosCoreManagedMemoryBlockctorSystemUInt32SystemInt32SystemBoolean', ID = '2050'
Method 'SystemVoidSystemCollectionsGenericList1CosmosCoreManagedMemoryBlockAddWithResizeCosmosCoreManagedMemoryBlock', ID = '2052'
Method 'SystemBytearrayarraySystemArrayEmptySystemBytearray', ID = '2053'
Method 'SystemUInt32CosmosHALDriversPCINetworkAMDPCNetIIget_StatusRegister', ID = '2054'
Method 'SystemInt32SystemCollectionsGenericQueue1SystemBytearrayget_Count', ID = '2055'
Method 'SystemBytearraySystemCollectionsGenericQueue1SystemBytearrayPeek', ID = '2056'
Method 'SystemBooleanCosmosHALDriversPCINetworkAMDPCNetIISendBytesSystemBytearray', ID = '2057'
Method 'SystemBytearraySystemCollectionsGenericQueue1SystemBytearrayDequeue', ID = '2058'
Method 'SystemVoidCosmosHALDriversPCINetworkAMDPCNetIIReadRawData', ID = '2059'
Method 'SystemVoidCosmosHALDriversPCINetworkAMDPCNetIIset_StatusRegisterSystemUInt32', ID = '2060'
Method 'SystemVoidCosmosHALNetworkDevicecctor', ID = '2061'
Method 'SystemVoidCosmosHALNetworkMACAddresscctor', ID = '2062'
Method 'SystemStringCosmosHALNetworkMACAddressToString', ID = '2063'
Method 'SystemBooleanCosmosHALNetworkMACAddressEqualsSystemObject', ID = '2064'
Method 'SystemInt32CosmosHALNetworkMACAddressGetHashCode', ID = '2065'
Method 'CosmosHALNetworkMACAddressCosmosHALDriversPCINetworkRTL8139get_MACAddress', ID = '2066'
Method 'SystemBooleanCosmosHALDriversPCINetworkRTL8139Enable', ID = '2067'
Method 'SystemUInt16CosmosHALDriversPCINetworkRTL8139get_IntStatusRegister', ID = '2068'
Method 'SystemUInt32CosmosCoreManagedMemoryBlockRead32SystemUInt32', ID = '2069'
Method 'SystemVoidCosmosHALDriversPCINetworkRTL8139set_CommandRegisterSystemByte', ID = '2070'
Method 'SystemUInt16CosmosHALDriversPCINetworkRTL8139get_CurBufferAddressRegister', ID = '2071'
Method 'SystemVoidCosmosHALDriversPCINetworkRTL8139ReadRawDataSystemUInt16', ID = '2072'
Method 'SystemVoidCosmosHALDriversPCINetworkRTL8139set_CurAddressPointerReadRegisterSystemUInt16', ID = '2073'
Method 'SystemByteCosmosHALDriversPCINetworkRTL8139get_CommandRegister', ID = '2074'
Method 'SystemVoidCosmosHALDriversPCINetworkRTL8139Out32SystemUInt32SystemUInt32', ID = '2075'
Method 'SystemVoidCosmosHALDriversPCINetworkRTL8139Out16SystemUInt32SystemUInt16', ID = '2076'
Method 'SystemVoidSystemCollectionsGenericList1CosmosHALNetworkDevicecctor', ID = '2077'
Method 'SystemCollectionsGenericIEnumerator1SystemCollectionsGenericDictionary2EntrySystemUInt32CosmosHALNetworkDeviceSystemSZArrayHelperGetEnumeratorSystemCollectionsGenericDi18C5ED3FB8A9E45EA3533CB9A405E95B', ID = '2084'
Method 'SystemVoidSystemSZArrayHelperCopyToSystemCollectionsGenericDictionary2EntrySystemUInt32CosmosHALNetworkDeviceSystemCollectionsGenericDictionary2EntrySystemUInt32CosmosHALNetworkDevicearraySystemInt32', ID = '2085'
Method 'SystemInt32SystemSZArrayHelperget_CountSystemCollectionsGenericDictionary2EntrySystemUInt32CosmosHALNetworkDevice', ID = '2086'
Method 'SystemCollectionsGenericDictionary2EntrySystemUInt32CosmosHALNetworkDeviceSystemSZArrayHelperget_ItemSystemCollectionsGenericDictionary2EntrySystemUInt32CosmosHALNetworkDeviceSystemInt32', ID = '2087'
Method 'SystemVoidSystemSZArrayHelperset_ItemSystemCollectionsGenericDictionary2EntrySystemUInt32CosmosHALNetworkDeviceSystemInt32SystemCollectionsGenericDictionary2EntrySystemUInt32CosmosHALNetworkDevice', ID = '2088'
Method 'SystemVoidSystemSZArrayHelperAddSystemCollectionsGenericDictionary2EntrySystemUInt32CosmosHALNetworkDeviceSystemCollectionsGenericDictionary2EntrySystemUInt32CosmosHALNetworkDevice', ID = '2089'
Method 'SystemBooleanSystemSZArrayHelperContainsSystemCollectionsGenericDictionary2EntrySystemUInt32CosmosHALNetworkDeviceSystemCollectionsGenericDictionary2EntrySystemUInt32CosmosHALNetworkDevice', ID = '2090'
Method 'SystemBooleanSystemSZArrayHelperget_IsReadOnlySystemCollectionsGenericDictionary2EntrySystemUInt32CosmosHALNetworkDevice', ID = '2091'
Method 'SystemVoidSystemSZArrayHelperClearSystemCollectionsGenericDictionary2EntrySystemUInt32CosmosHALNetworkDevice', ID = '2092'
Method 'SystemInt32SystemSZArrayHelperIndexOfSystemCollectionsGenericDictionary2EntrySystemUInt32CosmosHALNetworkDeviceSystemCollectionsGenericDictionary2EntrySystemUInt32CosmosHALNetworkDevice', ID = '2093'
Method 'SystemVoidSystemSZArrayHelperInsertSystemCollectionsGenericDictionary2EntrySystemUInt32CosmosHALNetworkDeviceSystemInt32SystemCollectionsGenericDictionary2EntrySystemUInt32CosmosHALNetworkDevice', ID = '2094'
Method 'SystemBooleanSystemSZArrayHelperRemoveSystemCollectionsGenericDictionary2EntrySystemUInt32CosmosHALNetworkDeviceSystemCollectionsGenericDictionary2EntrySystemUInt32CosmosHALNetworkDevice', ID = '2095'
Method 'SystemVoidSystemSZArrayHelperRemoveAtSystemCollectionsGenericDictionary2EntrySystemUInt32CosmosHALNetworkDeviceSystemInt32', ID = '2096'
Method 'SystemInt32SystemCollectionsHashHelpersGetPrimeSystemInt32', ID = '2104'
Method 'SystemUInt64SystemCollectionsHashHelpersGetFastModMultiplierSystemUInt32', ID = '2106'
Method 'SystemTypeCosmosCore_PlugsSystemTypeImplGetTypeFromHandleSystemUInt64', ID = '2108'
Method 'SystemBooleanCosmosCore_PlugsSystemTypeImplop_EqualityCosmosCoreCosmosRuntimeTypeCosmosCoreCosmosRuntimeType', ID = '2109'
Method 'SystemStringComparerSystemStringComparerget_Ordinal', ID = '2113'
Method 'SystemStringComparerSystemStringComparerget_OrdinalIgnoreCase', ID = '2115'
Method 'SystemVoidSystemCollectionsGenericList1CosmosHALKeyboardBasector', ID = '2117'
Method 'SystemVoidCosmosSystemScanMapsUS_Standardctor', ID = '2119'
Method 'SystemVoidSystemCollectionsGenericQueue1CosmosSystemKeyEventctor', ID = '2121'
Method 'SystemCollectionsGenericIEnumerable1CosmosHALKeyboardBaseCosmosHALGlobalGetKeyboardDevices', ID = '2123'
Method 'SystemVoidCosmosSystemKeyboardManagerAddKeyboardCosmosHALKeyboardBase', ID = '2126'
Method 'SystemCollectionsGenericIEnumerator1CosmosHALPCIDeviceSystemSZArrayHelperGetEnumeratorCosmosHALPCIDevice', ID = '2128'
Method 'SystemVoidSystemSZArrayHelperCopyToCosmosHALPCIDeviceCosmosHALPCIDevicearraySystemInt32', ID = '2129'
Method 'SystemInt32SystemSZArrayHelperget_CountCosmosHALPCIDevice', ID = '2130'
Method 'CosmosHALPCIDeviceSystemSZArrayHelperget_ItemCosmosHALPCIDeviceSystemInt32', ID = '2131'
Method 'SystemVoidSystemSZArrayHelperset_ItemCosmosHALPCIDeviceSystemInt32CosmosHALPCIDevice', ID = '2132'
Method 'SystemVoidSystemSZArrayHelperAddCosmosHALPCIDeviceCosmosHALPCIDevice', ID = '2133'
Method 'SystemBooleanSystemSZArrayHelperContainsCosmosHALPCIDeviceCosmosHALPCIDevice', ID = '2134'
Method 'SystemBooleanSystemSZArrayHelperget_IsReadOnlyCosmosHALPCIDevice', ID = '2135'
Method 'SystemVoidSystemSZArrayHelperClearCosmosHALPCIDevice', ID = '2136'
Method 'SystemInt32SystemSZArrayHelperIndexOfCosmosHALPCIDeviceCosmosHALPCIDevice', ID = '2137'
Method 'SystemVoidSystemSZArrayHelperInsertCosmosHALPCIDeviceSystemInt32CosmosHALPCIDevice', ID = '2138'
Method 'SystemBooleanSystemSZArrayHelperRemoveCosmosHALPCIDeviceCosmosHALPCIDevice', ID = '2139'
Method 'SystemVoidSystemSZArrayHelperRemoveAtCosmosHALPCIDeviceSystemInt32', ID = '2140'
Method 'CosmosHALPCIBaseAddressBararrayInternalRuntimeCompilerServicesUnsafeAsCosmosHALPCIBaseAddressBararraySystemObject', ID = '2143'
Method 'SystemVoidSystemSZGenericArrayEnumerator1CosmosHALPCIBaseAddressBarctorCosmosHALPCIBaseAddressBararray', ID = '2144'
Method 'SystemInt32SystemArrayIndexOfCosmosHALPCIBaseAddressBarCosmosHALPCIBaseAddressBararrayCosmosHALPCIBaseAddressBarSystemInt32SystemInt32', ID = '2147'
Method 'SystemCollectionsGenericIEnumerator1CosmosHALPCIBaseAddressBarCosmosIL2CPUSZArrayImpl1CosmosHALPCIBaseAddressBarGetEnumerator', ID = '2148'
Method 'SystemVoidCosmosIL2CPUSZArrayImpl1CosmosHALPCIBaseAddressBarCopyToCosmosHALPCIBaseAddressBararraySystemInt32', ID = '2149'
Method 'SystemInt32CosmosIL2CPUSZArrayImpl1CosmosHALPCIBaseAddressBarget_Count', ID = '2150'
Method 'CosmosHALPCIBaseAddressBarCosmosIL2CPUSZArrayImpl1CosmosHALPCIBaseAddressBarget_ItemSystemInt32', ID = '2151'
Method 'SystemVoidCosmosIL2CPUSZArrayImpl1CosmosHALPCIBaseAddressBarset_ItemSystemInt32CosmosHALPCIBaseAddressBar', ID = '2152'
Method 'SystemVoidCosmosIL2CPUSZArrayImpl1CosmosHALPCIBaseAddressBarAddCosmosHALPCIBaseAddressBar', ID = '2153'
Method 'SystemBooleanCosmosIL2CPUSZArrayImpl1CosmosHALPCIBaseAddressBarContainsCosmosHALPCIBaseAddressBar', ID = '2154'
Method 'SystemBooleanCosmosIL2CPUSZArrayImpl1CosmosHALPCIBaseAddressBarget_IsReadOnly', ID = '2155'
Method 'SystemVoidCosmosIL2CPUSZArrayImpl1CosmosHALPCIBaseAddressBarClear', ID = '2156'
Method 'SystemInt32CosmosIL2CPUSZArrayImpl1CosmosHALPCIBaseAddressBarIndexOfCosmosHALPCIBaseAddressBar', ID = '2157'
Method 'SystemVoidCosmosIL2CPUSZArrayImpl1CosmosHALPCIBaseAddressBarInsertSystemInt32CosmosHALPCIBaseAddressBar', ID = '2158'
Method 'SystemVoidCosmosIL2CPUSZArrayImpl1CosmosHALPCIBaseAddressBarRemoveAtSystemInt32', ID = '2159'
Method 'SystemBooleanCosmosIL2CPUSZArrayImpl1CosmosHALPCIBaseAddressBarget_IsFixedSize', ID = '2160'
Method 'SystemVoidCosmosIL2CPUSZArrayImpl1CosmosHALPCIBaseAddressBarRemoveCosmosHALPCIBaseAddressBar', ID = '2161'
Method 'SystemObjectCosmosIL2CPUSZArrayImpl1CosmosHALPCIBaseAddressBarget_SyncRoot', ID = '2162'
Method 'SystemBooleanCosmosIL2CPUSZArrayImpl1CosmosHALPCIBaseAddressBarget_IsSynchronized', ID = '2163'
Method 'SystemStringSystemSpan1SystemCharToString', ID = '2164'
Method 'SystemBooleanSystemSpan1SystemCharEqualsSystemObject', ID = '2165'
Method 'SystemInt32SystemSpan1SystemCharGetHashCode', ID = '2166'
Method 'SystemVoidSystemBuffersArrayPool1SystemCharcctor', ID = '2167'
Method 'SystemBooleanSystemTypeget_IsValueType', ID = '2171'
Method 'SystemVoidSystemThrowHelperThrowArrayTypeMismatchException', ID = '2173'
Method 'SystemVoidSystemByReference1SystemCharctorSystemChar', ID = '2174'
Method 'SystemVoidSystemThrowHelperThrowArgumentException_DestinationTooShort', ID = '2176'
Method 'SystemUInt32SystemMathMinSystemUInt32SystemUInt32', ID = '2177'
Method 'SystemUInt32SystemMathMaxSystemUInt32SystemUInt32', ID = '2178'
Method 'SystemUInt32SystemMathClampSystemUInt32SystemUInt32SystemUInt32', ID = '2179'
Method 'SystemVoidSystemSpan1SystemCharCopyToSystemSpan1SystemChar', ID = '2180'
Method 'SystemVoidSystemArgumentOutOfRangeExceptionctor', ID = '2181'
Method 'SystemVoidSystemRuntimeCompilerServicesDefaultInterpolatedStringHandlerAppendFormattedSystemInt32SystemInt32', ID = '2182'
Method 'SystemBooleanSystemNumberTryFormatInt32SystemInt32SystemInt32SystemReadOnlySpan1SystemCharSystemIFormatProviderSystemSpan1SystemCharSystemInt32', ID = '2183'
Method 'SystemBooleanSystemNumberTryFormatUInt32SystemUInt32SystemReadOnlySpan1SystemCharSystemIFormatProviderSystemSpan1SystemCharSystemInt32', ID = '2184'
Method 'SystemGlobalizationNumberFormatInfoSystemGlobalizationNumberFormatInfoGetInstanceSystemIFormatProvider', ID = '2185'
Method 'SystemBooleanSystemNumberTryFormatDoubleSystemDoubleSystemReadOnlySpan1SystemCharSystemGlobalizationNumberFormatInfoSystemSpan1SystemCharSystemInt32', ID = '2186'
Method 'SystemBooleanSystemSpan1SystemCharget_IsEmpty', ID = '2187'
Method 'SystemBooleanSystemNumberTryFormatUInt64SystemUInt64SystemReadOnlySpan1SystemCharSystemIFormatProviderSystemSpan1SystemCharSystemInt32', ID = '2188'
Method 'SystemBooleanSystemNumberTryFormatInt64SystemInt64SystemReadOnlySpan1SystemCharSystemIFormatProviderSystemSpan1SystemCharSystemInt32', ID = '2189'
Method 'SystemStringCosmosSystem_PlugsSystemInt32ImplToStringSystemStringSystemIFormatProvider', ID = '2190'
Method 'SystemStringCosmosSystem_PlugsSystemUInt32ImplToStringSystemStringSystemIFormatProvider', ID = '2191'
Method 'SystemStringCosmosSystem_PlugsSystemDoubleImplToStringSystemStringSystemIFormatProvider', ID = '2192'
Method 'SystemStringSystemNumberFormatUInt64SystemUInt64SystemStringSystemIFormatProvider', ID = '2193'
Method 'SystemStringCosmosSystem_PlugsSystemUInt16ImplToStringSystemStringSystemIFormatProvider', ID = '2195'
Method 'SystemStringCosmosSystem_PlugsSystemByteImplToStringSystemStringSystemIFormatProvider', ID = '2196'
Method 'SystemStringCosmosSystem_PlugsSystemInt64ImplToStringSystemStringSystemIFormatProvider', ID = '2197'
Method 'SystemInt32SystemReadOnlySpan1SystemCharget_Length', ID = '2199'
Method 'SystemCharSystemReadOnlySpan1SystemCharget_ItemSystemInt32', ID = '2200'
Method 'SystemStringSystemPrivateCoreLibSystemSRget_InvalidOperation_EnumFailedVersion', ID = '2201'
Method 'SystemVoidCosmosCoreIOPortset_WordSystemUInt16', ID = '2203'
Method 'SystemVoidCosmosCore_AsmIOPortImplWrite32SystemUInt16SystemUInt32', ID = '2204'
Method 'SystemUInt32CosmosCore_AsmIOPortImplRead32SystemUInt16', ID = '2205'
Method 'SystemStringSystemNumberUInt32ToDecStrSystemUInt32', ID = '2207'
Method 'SystemStringSystemNumberFormatUInt32g__FormatUInt32SlowsLine42_0SystemUInt32SystemStringSystemIFormatProvider', ID = '2208'
Method 'SystemVoidSystemCollectionsGenericList1CosmosHALPITPITTimercctor', ID = '2209'
Method 'SystemVoidCosmosCoreIOGroupPCSpeakerctor', ID = '2216'
Method 'SystemVoidCosmosHALPITPITTimerDispose', ID = '2219'
Method 'SystemVoidSystemTextASCIIEncodingcctor', ID = '2221'
Method 'SystemVoidCosmosCore_PlugsSystemStringImplcctor', ID = '2223'
Method 'SystemBooleanCosmosCore_PlugsSystemRuntimeCompilerServicesRuntimeHelpersImplIsReferenceOrContainsReferencesSystemChar', ID = '2224'
Method 'SystemVoidCosmosCore_PlugsSystemBufferImpl__MemmoveSystemBytepointerSystemBytepointerSystemUInt32', ID = '2225'
Method 'SystemVoidCosmosCore_PlugsSystemBufferImpl__BulkMoveWithWriteBarrierSystemByteSystemByteSystemUInt32', ID = '2226'
Method 'SystemVoidSystemTextUTF8EncodingUTF8EncodingSealedctorSystemBoolean', ID = '2227'
Method 'SystemCharSystemStringGetPinnableReference', ID = '2229'
Method 'SystemInt32SystemTextASCIIEncodingGetByteCountCommonSystemCharpointerSystemInt32', ID = '2230'
Method 'SystemInt32SystemTextASCIIEncodingGetByteCountSystemChararraySystemInt32SystemInt32', ID = '2231'
Method 'SystemVoidSystemThrowHelperThrowArgumentNullExceptionSystemExceptionArgumentSystemExceptionResource', ID = '2232'
Method 'SystemInt32SystemTextASCIIEncodingGetBytesCommonSystemCharpointerSystemInt32SystemBytepointerSystemInt32', ID = '2233'
Method 'SystemInt32SystemTextASCIIEncodingGetBytesSystemChararraySystemInt32SystemInt32SystemBytearraySystemInt32', ID = '2234'
Method 'SystemVoidCosmosHALTextScreenScrollUp', ID = '2235'
Method 'SystemVoidCosmosHALTextScreenset_ItemSystemInt32SystemInt32SystemByte', ID = '2237'
Method 'SystemStringCosmosCoreCosmosRuntimeTypeget_Name', ID = '2239'
Method 'SystemVoidSystemTypector', ID = '2243'
Method 'SystemVoidSystemBitConvertercctor', ID = '2246'
Method 'SystemBooleanCosmosCore_PlugsRuntimeIntrinsicsX86X86Implget_IsSupported', ID = '2248'
Method 'SystemRuntimeIntrinsicsVector1281SystemDoubleInternalRuntimeCompilerServicesUnsafeAsRefSystemRuntimeIntrinsicsVector1281SystemDoubleSystemVoidpointer', ID = '2250'
Method 'SystemRuntimeIntrinsicsVector1281SystemInt64SystemRuntimeIntrinsicsVector128AsSystemDoubleSystemInt64SystemRuntimeIntrinsicsVector1281SystemDouble', ID = '2252'
Method 'SystemStringSystemStringJoinSystemStringSystemObjectarray', ID = '2253'
Method 'SystemInt32SystemExceptionget_HResult', ID = '2255'
Method 'SystemStringSystemPrivateCoreLibSystemSRget_Arg_ArgumentException', ID = '2256'
Method 'SystemStringSystemPrivateCoreLibSystemSRget_Arg_NotImplementedException', ID = '2257'
Method 'SystemStringSystemRuntimeIntrinsicsVector1281SystemByteToString', ID = '2261'
Method 'SystemBooleanSystemRuntimeIntrinsicsVector1281SystemByteEqualsSystemObject', ID = '2262'
Method 'SystemInt32SystemRuntimeIntrinsicsVector1281SystemByteGetHashCode', ID = '2263'
Method 'SystemStringSystemNumericsVector1SystemByteToString', ID = '2268'
Method 'SystemBooleanSystemNumericsVector1SystemByteEqualsSystemObject', ID = '2269'
Method 'SystemInt32SystemNumericsVector1SystemByteGetHashCode', ID = '2270'
Method 'SystemStringSystemNumericsVector1SystemByteToStringSystemStringSystemIFormatProvider', ID = '2271'
Method 'SystemStringSystemRuntimeIntrinsicsVector2561SystemByteToString', ID = '2275'
Method 'SystemBooleanSystemRuntimeIntrinsicsVector2561SystemByteEqualsSystemObject', ID = '2276'
Method 'SystemInt32SystemRuntimeIntrinsicsVector2561SystemByteGetHashCode', ID = '2277'
Method 'SystemRuntimeIntrinsicsVector1281SystemByteInternalRuntimeCompilerServicesUnsafeAsRefSystemRuntimeIntrinsicsVector1281SystemByteSystemVoidpointer', ID = '2280'
Method 'SystemUInt32SystemRuntimeIntrinsicsX86Bmi1TrailingZeroCountSystemUInt32', ID = '2282'
Method 'SystemBooleanSystemRuntimeIntrinsicsArmArmBaseget_IsSupported', ID = '2283'
Method 'SystemUInt32SystemRuntimeIntrinsicsX86X86BaseBitScanForwardSystemUInt32', ID = '2285'
Method 'SystemReadOnlySpan1SystemByteSystemNumericsBitOperationsget_TrailingZeroCountDeBruijn', ID = '2286'
Method 'SystemByteSystemRuntimeInteropServicesMemoryMarshalGetReferenceSystemByteSystemReadOnlySpan1SystemByte', ID = '2287'
Method 'SystemByteInternalRuntimeCompilerServicesUnsafeAddByteOffsetSystemByteSystemByteSystemIntPtr', ID = '2288'
Method 'SystemRuntimeIntrinsicsVector2561SystemByteInternalRuntimeCompilerServicesUnsafeAsRefSystemRuntimeIntrinsicsVector2561SystemByteSystemVoidpointer', ID = '2289'
Method 'SystemNumericsVector1SystemByteInternalRuntimeCompilerServicesUnsafeAsRefSystemNumericsVector1SystemByteSystemNumericsVector1SystemByte', ID = '2291'
Method 'SystemByteInternalRuntimeCompilerServicesUnsafeAsSystemNumericsVector1SystemByteSystemByteSystemNumericsVector1SystemByte', ID = '2292'
Method 'SystemByteInternalRuntimeCompilerServicesUnsafeAddSystemByteSystemByteSystemIntPtr', ID = '2293'
Method 'SystemByteSystemNumericsVector1SystemByteGetElementSystemIntPtr', ID = '2294'
Method 'SystemBooleanSystemNumericsVector1SystemByteScalarEqualsSystemByteSystemByte', ID = '2295'
Method 'SystemByteSystemNumericsVector1SystemByteGetAllBitsSetValue', ID = '2296'
Method 'SystemNumericsVector1SystemUInt64SystemNumericsVector1SystemByteop_ExplicitSystemNumericsVector1SystemByte', ID = '2298'
Method 'SystemVoidSystemThrowHelperThrowForUnsupportedNumericsVectorBaseTypeSystemUInt64', ID = '2299'
Method 'SystemUInt64SystemNumericsVector1SystemUInt64GetElementSystemIntPtr', ID = '2300'
Method 'SystemInt32InternalRuntimeCompilerServicesUnsafeSizeOfSystemNumericsVector1SystemUInt64', ID = '2301'
Method 'SystemInt32InternalRuntimeCompilerServicesUnsafeSizeOfSystemUInt64', ID = '2302'
Method 'SystemInt32SystemNumericsBitOperationsTrailingZeroCountSystemUInt64', ID = '2303'
Method 'SystemStringSystemRuntimeIntrinsicsVector1281SystemUInt16ToString', ID = '2304'
Method 'SystemBooleanSystemRuntimeIntrinsicsVector1281SystemUInt16EqualsSystemObject', ID = '2305'
Method 'SystemInt32SystemRuntimeIntrinsicsVector1281SystemUInt16GetHashCode', ID = '2306'
Method 'SystemStringSystemNumericsVector1SystemUInt16ToString', ID = '2308'
Method 'SystemBooleanSystemNumericsVector1SystemUInt16EqualsSystemObject', ID = '2309'
Method 'SystemInt32SystemNumericsVector1SystemUInt16GetHashCode', ID = '2310'
Method 'SystemStringSystemNumericsVector1SystemUInt16ToStringSystemStringSystemIFormatProvider', ID = '2311'
Method 'SystemRuntimeIntrinsicsVector1281SystemUInt16InternalRuntimeCompilerServicesUnsafeAsRefSystemRuntimeIntrinsicsVector1281SystemUInt16SystemVoidpointer', ID = '2313'
Method 'SystemRuntimeIntrinsicsVector1281SystemByteInternalRuntimeCompilerServicesUnsafeAsSystemRuntimeIntrinsicsVector1281SystemUInt16SystemRuntimeIntrinsicsVector1281SystemBy236C91364CD7C7FBDB1ACDEE53540F9C', ID = '2314'
Method 'SystemStringSystemRuntimeIntrinsicsVector2561SystemUInt16ToString', ID = '2315'
Method 'SystemBooleanSystemRuntimeIntrinsicsVector2561SystemUInt16EqualsSystemObject', ID = '2316'
Method 'SystemInt32SystemRuntimeIntrinsicsVector2561SystemUInt16GetHashCode', ID = '2317'
Method 'SystemRuntimeIntrinsicsVector2561SystemUInt16InternalRuntimeCompilerServicesUnsafeAsRefSystemRuntimeIntrinsicsVector2561SystemUInt16SystemVoidpointer', ID = '2319'
Method 'SystemRuntimeIntrinsicsVector2561SystemByteInternalRuntimeCompilerServicesUnsafeAsSystemRuntimeIntrinsicsVector2561SystemUInt16SystemRuntimeIntrinsicsVector2561SystemBy1841FD832B32AF2E4A3B87CF7F5BE9DA', ID = '2320'
Method 'SystemNumericsVector1SystemUInt16InternalRuntimeCompilerServicesUnsafeAsRefSystemNumericsVector1SystemUInt16SystemNumericsVector1SystemUInt16', ID = '2322'
Method 'SystemUInt16InternalRuntimeCompilerServicesUnsafeAsSystemNumericsVector1SystemUInt16SystemUInt16SystemNumericsVector1SystemUInt16', ID = '2323'
Method 'SystemUInt16InternalRuntimeCompilerServicesUnsafeAddSystemUInt16SystemUInt16SystemIntPtr', ID = '2324'
Method 'SystemUInt16SystemNumericsVector1SystemUInt16GetElementSystemIntPtr', ID = '2325'
Method 'SystemBooleanSystemNumericsVector1SystemUInt16ScalarEqualsSystemUInt16SystemUInt16', ID = '2326'
Method 'SystemUInt16SystemNumericsVector1SystemUInt16GetAllBitsSetValue', ID = '2327'
Method 'SystemNumericsVector1SystemUInt64SystemNumericsVector1SystemUInt16op_ExplicitSystemNumericsVector1SystemUInt16', ID = '2328'
Method 'SystemVoidSystemSZGenericArrayEnumerator1SystemInt32ctorSystemInt32array', ID = '2330'
Method 'SystemInt32SystemArrayIndexOfSystemInt32SystemInt32arraySystemInt32SystemInt32SystemInt32', ID = '2333'
Method 'SystemCollectionsGenericIEnumerator1SystemInt32CosmosIL2CPUSZArrayImpl1SystemInt32GetEnumerator', ID = '2334'
Method 'SystemVoidCosmosIL2CPUSZArrayImpl1SystemInt32CopyToSystemInt32arraySystemInt32', ID = '2335'
Method 'SystemInt32CosmosIL2CPUSZArrayImpl1SystemInt32get_Count', ID = '2336'
Method 'SystemInt32CosmosIL2CPUSZArrayImpl1SystemInt32get_ItemSystemInt32', ID = '2337'
Method 'SystemVoidCosmosIL2CPUSZArrayImpl1SystemInt32set_ItemSystemInt32SystemInt32', ID = '2338'
Method 'SystemVoidCosmosIL2CPUSZArrayImpl1SystemInt32AddSystemInt32', ID = '2339'
Method 'SystemBooleanCosmosIL2CPUSZArrayImpl1SystemInt32ContainsSystemInt32', ID = '2340'
Method 'SystemBooleanCosmosIL2CPUSZArrayImpl1SystemInt32get_IsReadOnly', ID = '2341'
Method 'SystemVoidCosmosIL2CPUSZArrayImpl1SystemInt32Clear', ID = '2342'
Method 'SystemInt32CosmosIL2CPUSZArrayImpl1SystemInt32IndexOfSystemInt32', ID = '2343'
Method 'SystemVoidCosmosIL2CPUSZArrayImpl1SystemInt32InsertSystemInt32SystemInt32', ID = '2344'
Method 'SystemVoidCosmosIL2CPUSZArrayImpl1SystemInt32RemoveAtSystemInt32', ID = '2345'
Method 'SystemBooleanCosmosIL2CPUSZArrayImpl1SystemInt32get_IsFixedSize', ID = '2346'
Method 'SystemVoidCosmosIL2CPUSZArrayImpl1SystemInt32RemoveSystemInt32', ID = '2347'
Method 'SystemObjectCosmosIL2CPUSZArrayImpl1SystemInt32get_SyncRoot', ID = '2348'
Method 'SystemBooleanCosmosIL2CPUSZArrayImpl1SystemInt32get_IsSynchronized', ID = '2349'
Method 'SystemVoidSystemSZGenericArrayEnumerator1SystemInt64ctorSystemInt64array', ID = '2351'
Method 'SystemInt32SystemArrayIndexOfSystemInt64SystemInt64arraySystemInt64SystemInt32SystemInt32', ID = '2354'
Method 'SystemCollectionsGenericIEnumerator1SystemInt64CosmosIL2CPUSZArrayImpl1SystemInt64GetEnumerator', ID = '2355'
Method 'SystemVoidCosmosIL2CPUSZArrayImpl1SystemInt64CopyToSystemInt64arraySystemInt32', ID = '2356'
Method 'SystemInt32CosmosIL2CPUSZArrayImpl1SystemInt64get_Count', ID = '2357'
Method 'SystemInt64CosmosIL2CPUSZArrayImpl1SystemInt64get_ItemSystemInt32', ID = '2358'
Method 'SystemVoidCosmosIL2CPUSZArrayImpl1SystemInt64set_ItemSystemInt32SystemInt64', ID = '2359'
Method 'SystemVoidCosmosIL2CPUSZArrayImpl1SystemInt64AddSystemInt64', ID = '2360'
Method 'SystemBooleanCosmosIL2CPUSZArrayImpl1SystemInt64ContainsSystemInt64', ID = '2361'
Method 'SystemBooleanCosmosIL2CPUSZArrayImpl1SystemInt64get_IsReadOnly', ID = '2362'
Method 'SystemVoidCosmosIL2CPUSZArrayImpl1SystemInt64Clear', ID = '2363'
Method 'SystemInt32CosmosIL2CPUSZArrayImpl1SystemInt64IndexOfSystemInt64', ID = '2364'
Method 'SystemVoidCosmosIL2CPUSZArrayImpl1SystemInt64InsertSystemInt32SystemInt64', ID = '2365'
Method 'SystemVoidCosmosIL2CPUSZArrayImpl1SystemInt64RemoveAtSystemInt32', ID = '2366'
Method 'SystemBooleanCosmosIL2CPUSZArrayImpl1SystemInt64get_IsFixedSize', ID = '2367'
Method 'SystemVoidCosmosIL2CPUSZArrayImpl1SystemInt64RemoveSystemInt64', ID = '2368'
Method 'SystemObjectCosmosIL2CPUSZArrayImpl1SystemInt64get_SyncRoot', ID = '2369'
Method 'SystemBooleanCosmosIL2CPUSZArrayImpl1SystemInt64get_IsSynchronized', ID = '2370'
Method 'SystemVoidSystemMarvincctor', ID = '2374'
Method 'SystemUInt32SystemNumericsBitOperationsRotateLeftSystemUInt32SystemInt32', ID = '2375'
Method 'SystemVoidSystemThreadingMonitorThrowLockTakenException', ID = '2377'
Method 'SystemBooleanSystemCollectionsGenericDictionary2SystemStringSystemBooleanFindValueSystemString', ID = '2380'
Method 'SystemBooleanInternalRuntimeCompilerServicesUnsafeIsNullRefSystemBooleanSystemBoolean', ID = '2381'
Method 'SystemVoidCosmosCore_PlugsSystemThreadingMonitorImplExitSystemObject', ID = '2382'
Method 'SystemBooleanSystemCollectionsGenericDictionary2SystemStringSystemObjectTryGetValueSystemStringSystemObject', ID = '2384'
Method 'SystemReadOnlySpan1SystemCharSystemMemoryExtensionsAsSpanSystemString', ID = '2385'
Method 'SystemBooleanSystemBooleanTryParseSystemReadOnlySpan1SystemCharSystemBoolean', ID = '2386'
Method 'SystemBooleanSystemStringEqualsSystemStringSystemString', ID = '2387'
Method 'SystemVoidSystemCollectionsGenericEqualityComparer1SystemBytecctor', ID = '2388'
Method 'SystemVoidSystemCollectionsGenericEqualityComparer1SystemCharcctor', ID = '2390'
Method 'SystemStringCosmosCommonStringHelperGetNumberStringSystemInt64', ID = '2393'
Method 'SystemVoidCosmosCoreIOGroupPS2Controllerctor', ID = '2395'
Method 'SystemVoidCosmosCoreIOGroupPITctor', ID = '2396'
Method 'SystemVoidCosmosCoreIOGroupRTCctor', ID = '2397'
Method 'SystemVoidCosmosCoreIOGroupVBEIOGroupctor', ID = '2398'
Method 'SystemVoidCosmosHALTextScreenClear', ID = '2399'
Method 'SystemVoidSystemCollectionsGenericList1CosmosHALPCIDeviceAddWithResizeCosmosHALPCIDevice', ID = '2400'
Method 'SystemStringSystemPrivateCoreLibSystemSRget_InvalidOperation_NoValue', ID = '2401'
Method 'SystemStringCosmosCommonExtensionsToHexStringConvertToHexSystemUInt32', ID = '2402'
Method 'SystemVoidCosmosHALPS2MouseSendCommandCosmosHALPS2MouseCommandSystemNullable1SystemByte', ID = '2404'
Method 'SystemBooleanCosmosHALPS2ControllerWaitForDeviceReset', ID = '2405'
Method 'SystemByteCosmosHALPS2MouseTryToEnableScrollWheel', ID = '2406'
Method 'SystemByteCosmosHALPS2MouseTryToEnableAdditionalButtons', ID = '2407'
Method 'SystemVoidCosmosHALPS2MouseHandleMouseCosmosCoreINTsIRQContext', ID = '2408'
Method 'SystemVoidCosmosHALPS2KeyboardSendCommandCosmosHALPS2KeyboardCommandSystemNullable1SystemByte', ID = '2410'
Method 'SystemVoidCosmosHALPS2KeyboardHandleIRQCosmosCoreINTsIRQContext', ID = '2411'
Method 'SystemVoidCosmosHALBlockDeviceATA_PIOcctor', ID = '2417'
Method 'SystemStringCosmosHALBlockDeviceATA_PIOToString', ID = '2418'
Method 'SystemVoidCosmosHALBlockDeviceATA_PIOSelectDriveSystemByte', ID = '2419'
Method 'CosmosHALBlockDeviceATA_PIOStatusCosmosHALBlockDeviceATA_PIOSendCmdCosmosHALBlockDeviceATA_PIOCmdSystemBoolean', ID = '2420'
Method 'CosmosHALBlockDeviceATA_PIOStatusCosmosHALBlockDeviceATA_PIOSendCmdCosmosHALBlockDeviceATA_PIOCmd', ID = '2421'
Method 'SystemVoidCosmosCoreIOPortBaseRead16SystemUInt16array', ID = '2422'
Method 'SystemStringCosmosHALBlockDeviceATA_PIOGetStringSystemUInt16arraySystemInt32SystemInt32', ID = '2423'
Method 'SystemUInt16CosmosCoreIOGroupATAGetBAR0SystemBoolean', ID = '2424'
Method 'SystemUInt16CosmosCoreIOGroupATAGetBAR1SystemBoolean', ID = '2425'
Method 'SystemVoidCosmosCoreIOPortWritectorSystemUInt16SystemUInt16', ID = '2426'
Method 'SystemVoidCosmosCoreIOGroupATAWait', ID = '2427'
Method 'SystemVoidCosmosHALBlockDeviceATAPIHandleIRQCosmosCoreINTsIRQContext', ID = '2428'
Method 'SystemUInt64SystemBitConverterToUInt64SystemBytearraySystemInt32', ID = '2429'
Method 'SystemVoidSystemCollectionsGenericList1CosmosHALBlockDeviceGPTGPartInfoctor', ID = '2430'
Method 'SystemUInt32SystemBitConverterToUInt32SystemBytearraySystemInt32', ID = '2431'
Method 'SystemVoidCosmosHALBlockDeviceGPTParseParitionSystemBytearraySystemUInt32', ID = '2432'
Method 'SystemVoidSystemCollectionsGenericList1EnumeratorCosmosHALBlockDeviceGPTGPartInfoctorSystemCollectionsGenericList1CosmosHALBlockDeviceGPTGPartInfo', ID = '2434'
Method 'SystemBooleanSystemCollectionsGenericList1EnumeratorCosmosHALBlockDeviceGPTGPartInfoMoveNextRare', ID = '2435'
Method 'SystemVoidSystemCollectionsGenericList1EnumeratorCosmosHALBlockDeviceGPTGPartInfoDispose', ID = '2436'
Method 'SystemVoidSystemCollectionsGenericList1CosmosHALBlockDeviceMBRPartInfoctor', ID = '2438'
Method 'SystemBytearrayCosmosHALBlockDeviceBlockDeviceNewBlockArraySystemUInt32', ID = '2439'
Method 'SystemVoidCosmosHALBlockDeviceMBRParsePartitionSystemBytearraySystemUInt32', ID = '2440'
Method 'SystemVoidCosmosHALBlockDevicePartitionReadBlockSystemUInt64SystemUInt64SystemBytearray', ID = '2443'
Method 'SystemVoidCosmosHALBlockDeviceATA_PIOReadBlockSystemUInt64SystemUInt64SystemBytearray', ID = '2444'
Method 'SystemVoidCosmosHALBlockDeviceATAPIReadBlockSystemUInt64SystemUInt64SystemBytearray', ID = '2445'
Method 'SystemVoidSystemCollectionsGenericList1CosmosHALBlockDeviceEBRPartInfoctor', ID = '2446'
Method 'SystemVoidCosmosHALBlockDeviceEBRParsePartitionSystemBytearraySystemUInt32', ID = '2447'
Method 'SystemVoidSystemCollectionsGenericList1EnumeratorCosmosHALBlockDeviceMBRPartInfoctorSystemCollectionsGenericList1CosmosHALBlockDeviceMBRPartInfo', ID = '2449'
Method 'SystemBooleanSystemCollectionsGenericList1EnumeratorCosmosHALBlockDeviceMBRPartInfoMoveNextRare', ID = '2450'
Method 'SystemVoidSystemCollectionsGenericList1EnumeratorCosmosHALBlockDeviceMBRPartInfoDispose', ID = '2451'
Method 'SystemCollectionsGenericIEnumerator1CosmosHALBlockDeviceBlockDeviceSystemSZArrayHelperGetEnumeratorCosmosHALBlockDeviceBlockDevice', ID = '2453'
Method 'SystemVoidSystemSZArrayHelperCopyToCosmosHALBlockDeviceBlockDeviceCosmosHALBlockDeviceBlockDevicearraySystemInt32', ID = '2454'
Method 'SystemInt32SystemSZArrayHelperget_CountCosmosHALBlockDeviceBlockDevice', ID = '2455'
Method 'CosmosHALBlockDeviceBlockDeviceSystemSZArrayHelperget_ItemCosmosHALBlockDeviceBlockDeviceSystemInt32', ID = '2456'
Method 'SystemVoidSystemSZArrayHelperset_ItemCosmosHALBlockDeviceBlockDeviceSystemInt32CosmosHALBlockDeviceBlockDevice', ID = '2457'
Method 'SystemVoidSystemSZArrayHelperAddCosmosHALBlockDeviceBlockDeviceCosmosHALBlockDeviceBlockDevice', ID = '2458'
Method 'SystemBooleanSystemSZArrayHelperContainsCosmosHALBlockDeviceBlockDeviceCosmosHALBlockDeviceBlockDevice', ID = '2459'
Method 'SystemBooleanSystemSZArrayHelperget_IsReadOnlyCosmosHALBlockDeviceBlockDevice', ID = '2460'
Method 'SystemVoidSystemSZArrayHelperClearCosmosHALBlockDeviceBlockDevice', ID = '2461'
Method 'SystemInt32SystemSZArrayHelperIndexOfCosmosHALBlockDeviceBlockDeviceCosmosHALBlockDeviceBlockDevice', ID = '2462'
Method 'SystemVoidSystemSZArrayHelperInsertCosmosHALBlockDeviceBlockDeviceSystemInt32CosmosHALBlockDeviceBlockDevice', ID = '2463'
Method 'SystemBooleanSystemSZArrayHelperRemoveCosmosHALBlockDeviceBlockDeviceCosmosHALBlockDeviceBlockDevice', ID = '2464'
Method 'SystemVoidSystemSZArrayHelperRemoveAtCosmosHALBlockDeviceBlockDeviceSystemInt32', ID = '2465'
Method 'SystemInt32SystemArrayget_MaxLength', ID = '2467'
Method 'SystemVoidSystemCollectionsGenericList1CosmosHALBlockDeviceBlockDeviceset_CapacitySystemInt32', ID = '2468'
Method 'SystemCollectionsGenericIEnumerator1CosmosHALBlockDevicePartitionSystemSZArrayHelperGetEnumeratorCosmosHALBlockDevicePartition', ID = '2469'
Method 'SystemVoidSystemSZArrayHelperCopyToCosmosHALBlockDevicePartitionCosmosHALBlockDevicePartitionarraySystemInt32', ID = '2470'
Method 'SystemInt32SystemSZArrayHelperget_CountCosmosHALBlockDevicePartition', ID = '2471'
Method 'CosmosHALBlockDevicePartitionSystemSZArrayHelperget_ItemCosmosHALBlockDevicePartitionSystemInt32', ID = '2472'
Method 'SystemVoidSystemSZArrayHelperset_ItemCosmosHALBlockDevicePartitionSystemInt32CosmosHALBlockDevicePartition', ID = '2473'
Method 'SystemVoidSystemSZArrayHelperAddCosmosHALBlockDevicePartitionCosmosHALBlockDevicePartition', ID = '2474'
Method 'SystemBooleanSystemSZArrayHelperContainsCosmosHALBlockDevicePartitionCosmosHALBlockDevicePartition', ID = '2475'
Method 'SystemBooleanSystemSZArrayHelperget_IsReadOnlyCosmosHALBlockDevicePartition', ID = '2476'
Method 'SystemVoidSystemSZArrayHelperClearCosmosHALBlockDevicePartition', ID = '2477'
Method 'SystemInt32SystemSZArrayHelperIndexOfCosmosHALBlockDevicePartitionCosmosHALBlockDevicePartition', ID = '2478'
Method 'SystemVoidSystemSZArrayHelperInsertCosmosHALBlockDevicePartitionSystemInt32CosmosHALBlockDevicePartition', ID = '2479'
Method 'SystemBooleanSystemSZArrayHelperRemoveCosmosHALBlockDevicePartitionCosmosHALBlockDevicePartition', ID = '2480'
Method 'SystemVoidSystemSZArrayHelperRemoveAtCosmosHALBlockDevicePartitionSystemInt32', ID = '2481'
Method 'SystemVoidSystemCollectionsGenericList1CosmosHALBlockDevicePartitionset_CapacitySystemInt32', ID = '2483'
Method 'SystemVoidSystemCollectionsGenericList1CosmosHALBlockDevicePortsStoragePortcctor', ID = '2485'
Method 'SystemRuntimeCompilerServicesMethodTablepointerSystemRuntimeCompilerServicesRuntimeHelpersGetMethodTableSystemObject', ID = '2492'
Method 'SystemBooleanSystemRuntimeCompilerServicesMethodTableget_IsMultiDimensionalArray', ID = '2493'
Method 'SystemUIntPtrSystemArrayget_NativeLength', ID = '2494'
Method 'SystemBooleanSystemRuntimeCompilerServicesMethodTableget_ContainsGCPointers', ID = '2496'
Method 'SystemUInt32CosmosHALBlockDeviceRegistersPortRegistersget_SSTS', ID = '2498'
Method 'SystemUInt32CosmosHALBlockDeviceRegistersPortRegistersget_SIG', ID = '2499'
Method 'SystemVoidSystemSpan1SystemCharFillSystemChar', ID = '2500'
Method 'SystemBooleanCosmosHALBlockDeviceAHCIStopCMDCosmosHALBlockDeviceRegistersPortRegisters', ID = '2501'
Method 'SystemVoidCosmosHALBlockDevicePortsSATAPortResetCosmosHALBlockDeviceRegistersPortRegisters', ID = '2502'
Method 'SystemVoidCosmosHALBlockDeviceRegistersPortRegistersset_CLBSystemUInt32', ID = '2503'
Method 'SystemVoidCosmosHALBlockDeviceRegistersPortRegistersset_FBSystemUInt32', ID = '2504'
Method 'SystemVoidCosmosHALBlockDeviceRegistersPortRegistersset_SERRSystemUInt32', ID = '2505'
Method 'SystemVoidCosmosHALBlockDeviceRegistersPortRegistersset_ISSystemUInt32', ID = '2506'
Method 'SystemVoidCosmosHALBlockDeviceRegistersPortRegistersset_IESystemUInt32', ID = '2507'
Method 'SystemUInt32CosmosHALBlockDeviceRegistersPortRegistersget_CLB', ID = '2508'
Method 'SystemVoidCosmosCoreMemoryBlockFillSystemByte', ID = '2509'
Method 'SystemUInt32CosmosHALBlockDeviceRegistersPortRegistersget_FB', ID = '2510'
Method 'CosmosHALBlockDeviceRegistersHBACommandHeaderarrayCosmosHALBlockDeviceAHCIGetCommandHeaderCosmosHALBlockDeviceRegistersPortRegisters', ID = '2511'
Method 'SystemBooleanCosmosHALBlockDeviceAHCIStartCMDCosmosHALBlockDeviceRegistersPortRegisters', ID = '2512'
Method 'SystemVoidCosmosHALBlockDevicePortsStoragePortctor', ID = '2514'
Method 'SystemUInt32CosmosHALBlockDeviceRegistersPortRegistersget_CMD', ID = '2515'
Method 'SystemVoidCosmosCoreMemoryGroupAHCIctorSystemUInt32', ID = '2516'
Method 'SystemVoidCosmosHALBlockDevicePortsSATASendSATA28CommandCosmosHALBlockDeviceRegistersATACommandsSystemUInt32SystemUInt32', ID = '2517'
Method 'SystemVoidCosmosCoreMemoryBlockRead16SystemUInt16array', ID = '2519'
Method 'SystemStringCosmosHALBlockDevicePortsSATAGetStringSystemUInt16arraySystemInt32SystemInt32', ID = '2520'
Method 'SystemVoidSystemCollectionsGenericList1CosmosHALBlockDevicePortsStoragePortAddWithResizeCosmosHALBlockDevicePortsStoragePort', ID = '2521'
Method 'SystemVoidSystemRuntimeCompilerServicesDefaultInterpolatedStringHandlerAppendCustomFormatterSystemStringSystemStringSystemString', ID = '2522'
Method 'SystemVoidSystemRuntimeCompilerServicesDefaultInterpolatedStringHandlerEnsureCapacityForAdditionalCharsSystemInt32', ID = '2523'
Method 'SystemStringarrayInternalRuntimeCompilerServicesUnsafeAsSystemStringarraySystemObject', ID = '2525'
Method 'SystemVoidSystemSZGenericArrayEnumerator1SystemStringctorSystemStringarray', ID = '2526'
Method 'SystemInt32SystemArrayIndexOfSystemStringSystemStringarraySystemStringSystemInt32SystemInt32', ID = '2529'
Method 'SystemCollectionsGenericIEnumerator1SystemStringCosmosIL2CPUSZArrayImpl1SystemStringGetEnumerator', ID = '2530'
Method 'SystemVoidCosmosIL2CPUSZArrayImpl1SystemStringCopyToSystemStringarraySystemInt32', ID = '2531'
Method 'SystemInt32CosmosIL2CPUSZArrayImpl1SystemStringget_Count', ID = '2532'
Method 'SystemStringCosmosIL2CPUSZArrayImpl1SystemStringget_ItemSystemInt32', ID = '2533'
Method 'SystemVoidCosmosIL2CPUSZArrayImpl1SystemStringset_ItemSystemInt32SystemString', ID = '2534'
Method 'SystemVoidCosmosIL2CPUSZArrayImpl1SystemStringAddSystemString', ID = '2535'
Method 'SystemBooleanCosmosIL2CPUSZArrayImpl1SystemStringContainsSystemString', ID = '2536'
Method 'SystemBooleanCosmosIL2CPUSZArrayImpl1SystemStringget_IsReadOnly', ID = '2537'
Method 'SystemVoidCosmosIL2CPUSZArrayImpl1SystemStringClear', ID = '2538'
Method 'SystemInt32CosmosIL2CPUSZArrayImpl1SystemStringIndexOfSystemString', ID = '2539'
Method 'SystemVoidCosmosIL2CPUSZArrayImpl1SystemStringInsertSystemInt32SystemString', ID = '2540'
Method 'SystemVoidCosmosIL2CPUSZArrayImpl1SystemStringRemoveAtSystemInt32', ID = '2541'
Method 'SystemBooleanCosmosIL2CPUSZArrayImpl1SystemStringget_IsFixedSize', ID = '2542'
Method 'SystemVoidCosmosIL2CPUSZArrayImpl1SystemStringRemoveSystemString', ID = '2543'
Method 'SystemObjectCosmosIL2CPUSZArrayImpl1SystemStringget_SyncRoot', ID = '2544'
Method 'SystemBooleanCosmosIL2CPUSZArrayImpl1SystemStringget_IsSynchronized', ID = '2545'
Method 'SystemUInt64CosmosCore_PlugsSystemObjectImplMemberwiseClone', ID = '2547'
Method 'SystemVoidSystemCollectionsGenericList1CosmosCoreManagedMemoryBlockcctor', ID = '2548'
Method 'SystemVoidSystemCollectionsGenericList1CosmosHALNetworkDeviceAddWithResizeCosmosHALNetworkDevice', ID = '2558'
Method 'SystemVoidCosmosCoreIOPortBasectorSystemUInt16SystemUInt16', ID = '2559'
Method 'SystemVoidSystemCollectionsGenericList1CosmosCoreManagedMemoryBlockGrowSystemInt32', ID = '2560'
Method 'SystemVoidSystemCollectionsGenericQueue1SystemBytearrayThrowForEmptyQueue', ID = '2563'
Method 'CosmosCoreManagedMemoryBlockSystemCollectionsGenericList1CosmosCoreManagedMemoryBlockget_ItemSystemInt32', ID = '2564'
Method 'SystemVoidCosmosCoreManagedMemoryBlockset_ItemSystemUInt32SystemByte', ID = '2565'
Method 'SystemVoidSystemCollectionsGenericQueue1SystemBytearrayMoveNextSystemInt32', ID = '2567'
Method 'SystemByteCosmosCoreManagedMemoryBlockget_ItemSystemUInt32', ID = '2568'
Method 'SystemVoidCosmosCore_AsmDelegateImplInvoke', ID = '1443'
Method 'SystemVoidSystemCollectionsGenericQueue1SystemBytearrayEnqueueSystemBytearray', ID = '2570'
Method 'SystemVoidSystemCollectionsGenericList1CosmosHALNetworkDevicector', ID = '2571'
Method 'SystemVoidCosmosHALNetworkDeviceset_DevicesSystemCollectionsGenericList1CosmosHALNetworkDevice', ID = '2572'
Method 'SystemVoidCosmosHALNetworkMACAddressPutByteSystemChararraySystemInt32SystemByte', ID = '2575'
Method 'SystemUInt16CosmosHALDriversPCINetworkRTL8139Inb16SystemUInt32', ID = '2578'
Method 'SystemCollectionsGenericIEnumerator1CosmosHALNetworkDeviceSystemSZArrayHelperGetEnumeratorCosmosHALNetworkDevice', ID = '2580'
Method 'SystemVoidSystemSZArrayHelperCopyToCosmosHALNetworkDeviceCosmosHALNetworkDevicearraySystemInt32', ID = '2581'
Method 'SystemInt32SystemSZArrayHelperget_CountCosmosHALNetworkDevice', ID = '2582'
Method 'CosmosHALNetworkDeviceSystemSZArrayHelperget_ItemCosmosHALNetworkDeviceSystemInt32', ID = '2583'
Method 'SystemVoidSystemSZArrayHelperset_ItemCosmosHALNetworkDeviceSystemInt32CosmosHALNetworkDevice', ID = '2584'
Method 'SystemVoidSystemSZArrayHelperAddCosmosHALNetworkDeviceCosmosHALNetworkDevice', ID = '2585'
Method 'SystemBooleanSystemSZArrayHelperContainsCosmosHALNetworkDeviceCosmosHALNetworkDevice', ID = '2586'
Method 'SystemBooleanSystemSZArrayHelperget_IsReadOnlyCosmosHALNetworkDevice', ID = '2587'
Method 'SystemVoidSystemSZArrayHelperClearCosmosHALNetworkDevice', ID = '2588'
Method 'SystemInt32SystemSZArrayHelperIndexOfCosmosHALNetworkDeviceCosmosHALNetworkDevice', ID = '2589'
Method 'SystemVoidSystemSZArrayHelperInsertCosmosHALNetworkDeviceSystemInt32CosmosHALNetworkDevice', ID = '2590'
Method 'SystemBooleanSystemSZArrayHelperRemoveCosmosHALNetworkDeviceCosmosHALNetworkDevice', ID = '2591'
Method 'SystemVoidSystemSZArrayHelperRemoveAtCosmosHALNetworkDeviceSystemInt32', ID = '2592'
Method 'SystemCollectionsGenericDictionary2EntrySystemUInt32CosmosHALNetworkDevicearrayInternalRuntimeCompilerServicesUnsafeAsSystemCollectionsGenericDictionary2EntrySystemUInt3AD2FAF82B9708A21411ED4FF71E0884', ID = '2595'
Method 'SystemVoidSystemSZGenericArrayEnumerator1SystemCollectionsGenericDictionary2EntrySystemUInt32CosmosHALNetworkDevicectorSystemCollectionsGenericDictionary2EntrySystemUInt32CosmosHALNetworkDevicearray', ID = '2596'
Method 'SystemInt32SystemArrayIndexOfSystemCollectionsGenericDictionary2EntrySystemUInt32CosmosHALNetworkDeviceSystemCollectionsGenericDictionary2EntrySystemUInt32CosmosHALNetw7CC997C7CD560F89913CAA6033A315F1', ID = '2599'
Method 'SystemCollectionsGenericIEnumerator1SystemCollectionsGenericDictionary2EntrySystemUInt32CosmosHALNetworkDeviceCosmosIL2CPUSZArrayImpl1SystemCollectionsGenericDictionaryB7B52473114DA07C75F140F156D571F4', ID = '2600'
Method 'SystemVoidCosmosIL2CPUSZArrayImpl1SystemCollectionsGenericDictionary2EntrySystemUInt32CosmosHALNetworkDeviceCopyToSystemCollectionsGenericDictionary2EntrySystemUInt32CoC3B5198E89D3E93C4CBA17CE77B86A5B', ID = '2601'
Method 'SystemInt32CosmosIL2CPUSZArrayImpl1SystemCollectionsGenericDictionary2EntrySystemUInt32CosmosHALNetworkDeviceget_Count', ID = '2602'
Method 'SystemCollectionsGenericDictionary2EntrySystemUInt32CosmosHALNetworkDeviceCosmosIL2CPUSZArrayImpl1SystemCollectionsGenericDictionary2EntrySystemUInt32CosmosHALNetworkDeviceget_ItemSystemInt32', ID = '2603'
Method 'SystemVoidCosmosIL2CPUSZArrayImpl1SystemCollectionsGenericDictionary2EntrySystemUInt32CosmosHALNetworkDeviceset_ItemSystemInt32SystemCollectionsGenericDictionary2EntryS429A553095C1AB29F4B5FA019227B9C1', ID = '2604'
Method 'SystemVoidCosmosIL2CPUSZArrayImpl1SystemCollectionsGenericDictionary2EntrySystemUInt32CosmosHALNetworkDeviceAddSystemCollectionsGenericDictionary2EntrySystemUInt32CosmosHALNetworkDevice', ID = '2605'
Method 'SystemBooleanCosmosIL2CPUSZArrayImpl1SystemCollectionsGenericDictionary2EntrySystemUInt32CosmosHALNetworkDeviceContainsSystemCollectionsGenericDictionary2EntrySystemUInt32CosmosHALNetworkDevice', ID = '2606'
Method 'SystemBooleanCosmosIL2CPUSZArrayImpl1SystemCollectionsGenericDictionary2EntrySystemUInt32CosmosHALNetworkDeviceget_IsReadOnly', ID = '2607'
Method 'SystemVoidCosmosIL2CPUSZArrayImpl1SystemCollectionsGenericDictionary2EntrySystemUInt32CosmosHALNetworkDeviceClear', ID = '2608'
Method 'SystemInt32CosmosIL2CPUSZArrayImpl1SystemCollectionsGenericDictionary2EntrySystemUInt32CosmosHALNetworkDeviceIndexOfSystemCollectionsGenericDictionary2EntrySystemUInt32CosmosHALNetworkDevice', ID = '2609'
Method 'SystemVoidCosmosIL2CPUSZArrayImpl1SystemCollectionsGenericDictionary2EntrySystemUInt32CosmosHALNetworkDeviceInsertSystemInt32SystemCollectionsGenericDictionary2EntrySystemUInt32CosmosHALNetworkDevice', ID = '2610'
Method 'SystemVoidCosmosIL2CPUSZArrayImpl1SystemCollectionsGenericDictionary2EntrySystemUInt32CosmosHALNetworkDeviceRemoveAtSystemInt32', ID = '2611'
Method 'SystemBooleanCosmosIL2CPUSZArrayImpl1SystemCollectionsGenericDictionary2EntrySystemUInt32CosmosHALNetworkDeviceget_IsFixedSize', ID = '2612'
Method 'SystemVoidCosmosIL2CPUSZArrayImpl1SystemCollectionsGenericDictionary2EntrySystemUInt32CosmosHALNetworkDeviceRemoveSystemCollectionsGenericDictionary2EntrySystemUInt32CosmosHALNetworkDevice', ID = '2613'
Method 'SystemObjectCosmosIL2CPUSZArrayImpl1SystemCollectionsGenericDictionary2EntrySystemUInt32CosmosHALNetworkDeviceget_SyncRoot', ID = '2614'
Method 'SystemBooleanCosmosIL2CPUSZArrayImpl1SystemCollectionsGenericDictionary2EntrySystemUInt32CosmosHALNetworkDeviceget_IsSynchronized', ID = '2615'
Method 'SystemCollectionsGenericIEnumerator1SystemCollectionsGenericKeyValuePair2SystemUInt32CosmosHALNetworkDeviceSystemSZArrayHelperGetEnumeratorSystemCollectionsGenericKeyVaA87E444A5CE0CB5C2F8EECB958C6AA91', ID = '2616'
Method 'SystemVoidSystemSZArrayHelperCopyToSystemCollectionsGenericKeyValuePair2SystemUInt32CosmosHALNetworkDeviceSystemCollectionsGenericKeyValuePair2SystemUInt32CosmosHALNetworkDevicearraySystemInt32', ID = '2617'
Method 'SystemInt32SystemSZArrayHelperget_CountSystemCollectionsGenericKeyValuePair2SystemUInt32CosmosHALNetworkDevice', ID = '2618'
Method 'SystemCollectionsGenericKeyValuePair2SystemUInt32CosmosHALNetworkDeviceSystemSZArrayHelperget_ItemSystemCollectionsGenericKeyValuePair2SystemUInt32CosmosHALNetworkDeviceSystemInt32', ID = '2619'
Method 'SystemVoidSystemSZArrayHelperset_ItemSystemCollectionsGenericKeyValuePair2SystemUInt32CosmosHALNetworkDeviceSystemInt32SystemCollectionsGenericKeyValuePair2SystemUInt32CosmosHALNetworkDevice', ID = '2620'
Method 'SystemVoidSystemSZArrayHelperAddSystemCollectionsGenericKeyValuePair2SystemUInt32CosmosHALNetworkDeviceSystemCollectionsGenericKeyValuePair2SystemUInt32CosmosHALNetworkDevice', ID = '2621'
Method 'SystemBooleanSystemSZArrayHelperContainsSystemCollectionsGenericKeyValuePair2SystemUInt32CosmosHALNetworkDeviceSystemCollectionsGenericKeyValuePair2SystemUInt32CosmosHALNetworkDevice', ID = '2622'
Method 'SystemBooleanSystemSZArrayHelperget_IsReadOnlySystemCollectionsGenericKeyValuePair2SystemUInt32CosmosHALNetworkDevice', ID = '2623'
Method 'SystemVoidSystemSZArrayHelperClearSystemCollectionsGenericKeyValuePair2SystemUInt32CosmosHALNetworkDevice', ID = '2624'
Method 'SystemInt32SystemSZArrayHelperIndexOfSystemCollectionsGenericKeyValuePair2SystemUInt32CosmosHALNetworkDeviceSystemCollectionsGenericKeyValuePair2SystemUInt32CosmosHALNetworkDevice', ID = '2625'
Method 'SystemVoidSystemSZArrayHelperInsertSystemCollectionsGenericKeyValuePair2SystemUInt32CosmosHALNetworkDeviceSystemInt32SystemCollectionsGenericKeyValuePair2SystemUInt32CosmosHALNetworkDevice', ID = '2626'
Method 'SystemBooleanSystemSZArrayHelperRemoveSystemCollectionsGenericKeyValuePair2SystemUInt32CosmosHALNetworkDeviceSystemCollectionsGenericKeyValuePair2SystemUInt32CosmosHALNetworkDevice', ID = '2627'
Method 'SystemVoidSystemSZArrayHelperRemoveAtSystemCollectionsGenericKeyValuePair2SystemUInt32CosmosHALNetworkDeviceSystemInt32', ID = '2628'
Method 'SystemStringSystemPrivateCoreLibSystemSRget_Arg_HTCapacityOverflow', ID = '2633'
Method 'SystemBooleanSystemCollectionsHashHelpersIsPrimeSystemInt32', ID = '2635'
Method 'SystemBooleanSystemRuntimeTypeHandleEqualsSystemObject', ID = '2637'
Method 'SystemInt32SystemRuntimeTypeHandleGetHashCode', ID = '2638'
Method 'SystemVoidSystemCollectionsGenericNonRandomizedStringEqualityComparercctor', ID = '2639'
Method 'SystemVoidCosmosSystemScanMapBasector', ID = '2649'
Method 'CosmosSystemKeyEventarraySystemArrayEmptyCosmosSystemKeyEvent', ID = '2651'
Method 'SystemVoidSystemCollectionsGenericList1CosmosHALKeyboardBaseAddCosmosHALKeyboardBase', ID = '2653'
Method 'SystemCollectionsGenericIEnumerator1CosmosHALKeyboardBaseSystemCollectionsGenericList1CosmosHALKeyboardBaseSystemCollectionsGenericIEnumerableTGetEnumerator', ID = '2655'
Method 'SystemVoidCosmosSystemKeyboardManagerHandleScanCodeSystemByteSystemBoolean', ID = '2656'
Method 'SystemVoidCosmosCore_AsmDelegateImplCtorSystemObjectSystemIntPtr', ID = '1700'
Method 'SystemBooleanSystemSZGenericArrayEnumerator1SystemUInt32MoveNext', ID = '2658'
Method 'SystemBooleanSystemSZGenericArrayEnumerator1SystemDelegateMoveNext', ID = '2659'
Method 'SystemBooleanSystemSZGenericArrayEnumerator1SystemObjectMoveNext', ID = '2660'
Method 'SystemBooleanCosmosIL2CPUSZArrayImpl1GetEnumeratord__0SystemUInt32MoveNext', ID = '2661'
Method 'SystemBooleanCosmosIL2CPUSZArrayImpl1GetEnumeratord__0SystemDelegateMoveNext', ID = '2662'
Method 'SystemBooleanCosmosIL2CPUSZArrayImpl1GetEnumeratord__0SystemObjectMoveNext', ID = '2663'
Method 'SystemBooleanSystemSZGenericArrayEnumerator1SystemByteMoveNext', ID = '2664'
Method 'SystemBooleanSystemSZGenericArrayEnumerator1SystemCharMoveNext', ID = '2665'
Method 'SystemBooleanCosmosIL2CPUSZArrayImpl1GetEnumeratord__0SystemByteMoveNext', ID = '2666'
Method 'SystemBooleanCosmosIL2CPUSZArrayImpl1GetEnumeratord__0SystemCharMoveNext', ID = '2667'
Method 'SystemBooleanSystemSZGenericArrayEnumerator1CosmosHALPCIBaseAddressBarMoveNext', ID = '2668'
Method 'SystemBooleanSystemSZGenericArrayEnumerator1SystemInt32MoveNext', ID = '2669'
Method 'SystemBooleanSystemSZGenericArrayEnumerator1SystemInt64MoveNext', ID = '2670'
Method 'SystemBooleanSystemSZGenericArrayEnumerator1SystemStringMoveNext', ID = '2671'
Method 'SystemBooleanSystemSZGenericArrayEnumerator1SystemCollectionsGenericDictionary2EntrySystemUInt32CosmosHALNetworkDeviceMoveNext', ID = '2672'
Method 'CosmosHALPCIDevicearrayInternalRuntimeCompilerServicesUnsafeAsCosmosHALPCIDevicearraySystemObject', ID = '2673'
Method 'SystemVoidSystemSZGenericArrayEnumerator1CosmosHALPCIDevicectorCosmosHALPCIDevicearray', ID = '2674'
Method 'SystemInt32SystemArrayIndexOfCosmosHALPCIDeviceCosmosHALPCIDevicearrayCosmosHALPCIDeviceSystemInt32SystemInt32', ID = '2677'
Method 'SystemCollectionsGenericIEnumerator1CosmosHALPCIDeviceCosmosIL2CPUSZArrayImpl1CosmosHALPCIDeviceGetEnumerator', ID = '2678'
Method 'SystemVoidCosmosIL2CPUSZArrayImpl1CosmosHALPCIDeviceCopyToCosmosHALPCIDevicearraySystemInt32', ID = '2679'
Method 'SystemInt32CosmosIL2CPUSZArrayImpl1CosmosHALPCIDeviceget_Count', ID = '2680'
Method 'CosmosHALPCIDeviceCosmosIL2CPUSZArrayImpl1CosmosHALPCIDeviceget_ItemSystemInt32', ID = '2681'
Method 'SystemVoidCosmosIL2CPUSZArrayImpl1CosmosHALPCIDeviceset_ItemSystemInt32CosmosHALPCIDevice', ID = '2682'
Method 'SystemVoidCosmosIL2CPUSZArrayImpl1CosmosHALPCIDeviceAddCosmosHALPCIDevice', ID = '2683'
Method 'SystemBooleanCosmosIL2CPUSZArrayImpl1CosmosHALPCIDeviceContainsCosmosHALPCIDevice', ID = '2684'
Method 'SystemBooleanCosmosIL2CPUSZArrayImpl1CosmosHALPCIDeviceget_IsReadOnly', ID = '2685'
Method 'SystemVoidCosmosIL2CPUSZArrayImpl1CosmosHALPCIDeviceClear', ID = '2686'
Method 'SystemInt32CosmosIL2CPUSZArrayImpl1CosmosHALPCIDeviceIndexOfCosmosHALPCIDevice', ID = '2687'
Method 'SystemVoidCosmosIL2CPUSZArrayImpl1CosmosHALPCIDeviceInsertSystemInt32CosmosHALPCIDevice', ID = '2688'
Method 'SystemVoidCosmosIL2CPUSZArrayImpl1CosmosHALPCIDeviceRemoveAtSystemInt32', ID = '2689'
Method 'SystemBooleanCosmosIL2CPUSZArrayImpl1CosmosHALPCIDeviceget_IsFixedSize', ID = '2690'
Method 'SystemVoidCosmosIL2CPUSZArrayImpl1CosmosHALPCIDeviceRemoveCosmosHALPCIDevice', ID = '2691'
Method 'SystemObjectCosmosIL2CPUSZArrayImpl1CosmosHALPCIDeviceget_SyncRoot', ID = '2692'
Method 'SystemBooleanCosmosIL2CPUSZArrayImpl1CosmosHALPCIDeviceget_IsSynchronized', ID = '2693'
Method 'SystemVoidSystemSZGenericArrayEnumerator1CosmosHALPCIBaseAddressBarcctor', ID = '2694'
Method 'SystemVoidSystemSZGenericArrayEnumerator1CosmosHALPCIBaseAddressBarDispose', ID = '2695'
Method 'SystemBooleanSystemRuntimeCompilerServicesRuntimeHelpersIsBitwiseEquatableCosmosHALPCIBaseAddressBar', ID = '2696'
Method 'SystemInt32InternalRuntimeCompilerServicesUnsafeSizeOfCosmosHALPCIBaseAddressBar', ID = '2697'
Method 'SystemByteInternalRuntimeCompilerServicesUnsafeAsCosmosHALPCIBaseAddressBarSystemByteCosmosHALPCIBaseAddressBar', ID = '2698'
Method 'SystemCharInternalRuntimeCompilerServicesUnsafeAsCosmosHALPCIBaseAddressBarSystemCharCosmosHALPCIBaseAddressBar', ID = '2699'
Method 'SystemInt32InternalRuntimeCompilerServicesUnsafeAsCosmosHALPCIBaseAddressBarSystemInt32CosmosHALPCIBaseAddressBar', ID = '2700'
Method 'SystemInt64InternalRuntimeCompilerServicesUnsafeAsCosmosHALPCIBaseAddressBarSystemInt64CosmosHALPCIBaseAddressBar', ID = '2701'
Method 'SystemCollectionsGenericEqualityComparer1CosmosHALPCIBaseAddressBarSystemCollectionsGenericEqualityComparer1CosmosHALPCIBaseAddressBarget_Default', ID = '2702'
Method 'SystemInt32SystemCollectionsGenericEqualityComparer1CosmosHALPCIBaseAddressBarIndexOfCosmosHALPCIBaseAddressBararrayCosmosHALPCIBaseAddressBarSystemInt32SystemInt32', ID = '2703'
Method 'SystemVoidCosmosIL2CPUSZArrayImpl1GetEnumeratord__0CosmosHALPCIBaseAddressBarctorSystemInt32', ID = '2704'
Method 'SystemVoidCosmosCore_PlugsSystemBuffersArrayPoolImpl1SystemCharcctor', ID = '2706'
Method 'SystemVoidSystemMathcctor', ID = '2707'
Method 'SystemBooleanSystemTypeIsValueTypeImpl', ID = '2708'
Method 'SystemBooleanCosmosCore_PlugsSystemTypeImplop_InequalityCosmosCoreCosmosRuntimeTypeCosmosCoreCosmosRuntimeType', ID = '2709'
Method 'SystemVoidSystemArrayTypeMismatchExceptionctor', ID = '2710'
Method 'SystemStringSystemPrivateCoreLibSystemSRget_Argument_DestinationTooShort', ID = '2711'
Method 'SystemVoidSystemMathThrowMinMaxExceptionSystemUInt32SystemUInt32SystemUInt32', ID = '2712'
Method 'SystemVoidSystemRuntimeCompilerServicesDefaultInterpolatedStringHandlerAppendCustomFormatterSystemInt32SystemInt32SystemString', ID = '2713'
Method 'SystemStringSystemGlobalizationNumberFormatInfoget_NegativeSign', ID = '2714'
Method 'SystemBooleanSystemNumberTryNegativeInt32ToDecStrSystemInt32SystemInt32SystemStringSystemSpan1SystemCharSystemInt32', ID = '2715'
Method 'SystemBooleanSystemNumberTryUInt32ToDecStrSystemUInt32SystemInt32SystemSpan1SystemCharSystemInt32', ID = '2716'
Method 'SystemBooleanSystemNumberTryFormatInt32g__TryFormatInt32SlowsLine41_0SystemInt32SystemInt32SystemReadOnlySpan1SystemCharSystemIFormatProviderSystemSpan1SystemCharSystemInt32', ID = '2717'
Method 'SystemBooleanSystemNumberTryFormatUInt32g__TryFormatUInt32SlowsLine43_0SystemUInt32SystemReadOnlySpan1SystemCharSystemIFormatProviderSystemSpan1SystemCharSystemInt32', ID = '2718'
Method 'SystemGlobalizationNumberFormatInfoSystemGlobalizationNumberFormatInfoGetInstanceg__GetProviderNonNullsLine45_0SystemIFormatProvider', ID = '2720'
Method 'SystemGlobalizationNumberFormatInfoSystemGlobalizationNumberFormatInfoget_CurrentInfo', ID = '2721'
Method 'SystemVoidSystemSpan1SystemCharctorSystemVoidpointerSystemInt32', ID = '2722'
Method 'SystemVoidSystemTextValueStringBuilderctorSystemSpan1SystemChar', ID = '2723'
Method 'SystemStringSystemNumberFormatDoubleSystemTextValueStringBuilderSystemDoubleSystemReadOnlySpan1SystemCharSystemGlobalizationNumberFormatInfo', ID = '2724'
Method 'SystemBooleanSystemTextValueStringBuilderTryCopyToSystemSpan1SystemCharSystemInt32', ID = '2725'
Method 'SystemBooleanSystemNumberTryCopyToSystemStringSystemSpan1SystemCharSystemInt32', ID = '2726'
Method 'SystemBooleanSystemNumberTryUInt64ToDecStrSystemUInt64SystemInt32SystemSpan1SystemCharSystemInt32', ID = '2727'
Method 'SystemBooleanSystemNumberTryFormatUInt64g__TryFormatUInt64SlowsLine47_0SystemUInt64SystemReadOnlySpan1SystemCharSystemIFormatProviderSystemSpan1SystemCharSystemInt32', ID = '2728'
Method 'SystemBooleanSystemNumberTryNegativeInt64ToDecStrSystemInt64SystemInt32SystemStringSystemSpan1SystemCharSystemInt32', ID = '2729'
Method 'SystemBooleanSystemNumberTryFormatInt64g__TryFormatInt64SlowsLine45_0SystemInt64SystemReadOnlySpan1SystemCharSystemIFormatProviderSystemSpan1SystemCharSystemInt32', ID = '2730'
Method 'SystemStringCosmosSystem_PlugsSystemInt32ImplToStringSystemString', ID = '2731'
Method 'SystemStringSystemNumberUInt64ToDecStrSystemUInt64SystemInt32', ID = '2732'
Method 'SystemStringSystemNumberFormatUInt64g__FormatUInt64SlowsLine46_0SystemUInt64SystemStringSystemIFormatProvider', ID = '2733'
Method 'SystemStringCosmosSystem_PlugsSystemEnumImplToStringSystemString', ID = '2734'
Method 'SystemBooleanSystemInt16EqualsSystemObject', ID = '2736'
Method 'SystemInt32SystemInt16GetHashCode', ID = '2737'
Method 'SystemBooleanSystemInt16TryFormatSystemSpan1SystemCharSystemInt32SystemReadOnlySpan1SystemCharSystemIFormatProvider', ID = '2738'
Method 'SystemVoidSystemNumbercctor', ID = '2765'
Method 'SystemInt32SystemBuffersTextFormattingHelpersCountDigitsSystemUInt32', ID = '2766'
Method 'SystemValueTuple2SystemUInt32SystemUInt32SystemMathDivRemSystemUInt32SystemUInt32', ID = '2768'
Method 'SystemCharSystemNumberParseFormatSpecifierSystemReadOnlySpan1SystemCharSystemInt32', ID = '2770'
Method 'SystemStringSystemNumberUInt32ToDecStrSystemUInt32SystemInt32', ID = '2771'
Method 'SystemCharSystemNumberGetHexBaseSystemChar', ID = '2772'
Method 'SystemStringSystemNumberInt32ToHexStrSystemInt32SystemCharSystemInt32', ID = '2773'
Method 'SystemVoidSystemNumberNumberBufferctorSystemNumberNumberBufferKindSystemBytepointerSystemInt32', ID = '2774'
Method 'SystemVoidSystemNumberUInt32ToNumberSystemUInt32SystemNumberNumberBuffer', ID = '2775'
Method 'SystemVoidSystemNumberNumberToStringSystemTextValueStringBuilderSystemNumberNumberBufferSystemCharSystemInt32SystemGlobalizationNumberFormatInfo', ID = '2776'
Method 'SystemVoidSystemNumberNumberToStringFormatSystemTextValueStringBuilderSystemNumberNumberBufferSystemReadOnlySpan1SystemCharSystemGlobalizationNumberFormatInfo', ID = '2777'
Method 'SystemCollectionsGenericIEnumerator1CosmosHALPITPITTimerSystemSZArrayHelperGetEnumeratorCosmosHALPITPITTimer', ID = '2779'
Method 'SystemVoidSystemSZArrayHelperCopyToCosmosHALPITPITTimerCosmosHALPITPITTimerarraySystemInt32', ID = '2780'
Method 'SystemInt32SystemSZArrayHelperget_CountCosmosHALPITPITTimer', ID = '2781'
Method 'CosmosHALPITPITTimerSystemSZArrayHelperget_ItemCosmosHALPITPITTimerSystemInt32', ID = '2782'
Method 'SystemVoidSystemSZArrayHelperset_ItemCosmosHALPITPITTimerSystemInt32CosmosHALPITPITTimer', ID = '2783'
Method 'SystemVoidSystemSZArrayHelperAddCosmosHALPITPITTimerCosmosHALPITPITTimer', ID = '2784'
Method 'SystemBooleanSystemSZArrayHelperContainsCosmosHALPITPITTimerCosmosHALPITPITTimer', ID = '2785'
Method 'SystemBooleanSystemSZArrayHelperget_IsReadOnlyCosmosHALPITPITTimer', ID = '2786'
Method 'SystemVoidSystemSZArrayHelperClearCosmosHALPITPITTimer', ID = '2787'
Method 'SystemInt32SystemSZArrayHelperIndexOfCosmosHALPITPITTimerCosmosHALPITPITTimer', ID = '2788'
Method 'SystemVoidSystemSZArrayHelperInsertCosmosHALPITPITTimerSystemInt32CosmosHALPITPITTimer', ID = '2789'
Method 'SystemBooleanSystemSZArrayHelperRemoveCosmosHALPITPITTimerCosmosHALPITPITTimer', ID = '2790'
Method 'SystemVoidSystemSZArrayHelperRemoveAtCosmosHALPITPITTimerSystemInt32', ID = '2791'
Method 'SystemVoidCosmosHALPITUnregisterTimerSystemInt32', ID = '2794'
Method 'SystemBooleanCosmosCore_PlugsSystemRuntimeCompilerServicesRuntimeHelpersImplIsReferenceOrContainsReferencesCosmosHALPITPITTimer', ID = '2795'
Method 'SystemVoidSystemTextASCIIEncodingASCIIEncodingSealedctor', ID = '2796'
Method 'SystemBooleanCosmosCore_PlugsSystemRuntimeCompilerServicesRuntimeHelpersImplContainsReferenceSystemUInt32', ID = '2798'
Method 'SystemVoidCosmosCore_PlugsMemoryOperationsMemoryOperationsImplCopySystemBytepointerSystemBytepointerSystemInt32', ID = '2800'
Method 'SystemVoidSystemTextUTF8EncodingctorSystemBoolean', ID = '2802'
Method 'SystemInt32SystemTextEncodingGetByteCountFastSystemCharpointerSystemInt32SystemTextEncoderFallbackSystemInt32', ID = '2803'
Method 'SystemInt32SystemTextEncodingGetByteCountWithFallbackSystemCharpointerSystemInt32SystemInt32', ID = '2804'
Method 'SystemVoidSystemTextEncodingThrowConversionOverflow', ID = '2805'
Method 'SystemInt32SystemTextEncodingGetBytesFastSystemCharpointerSystemInt32SystemBytepointerSystemInt32SystemInt32', ID = '2806'
Method 'SystemInt32SystemTextEncodingGetBytesWithFallbackSystemCharpointerSystemInt32SystemBytepointerSystemInt32SystemInt32SystemInt32', ID = '2807'
Method 'SystemVoidCosmosCoreMemoryBlockMoveDownSystemUInt32SystemUInt32SystemUInt32', ID = '2808'
Method 'SystemVoidCosmosCoreMemoryBlockFillSystemUInt32SystemUInt32SystemUInt16', ID = '2809'
Method 'SystemVoidCosmosHALTextScreenSetCursorPosSystemInt32SystemInt32', ID = '2810'
Method 'SystemStringSystemGuidToString', ID = '2811'
Method 'SystemBooleanSystemGuidEqualsSystemObject', ID = '2812'
Method 'SystemInt32SystemGuidGetHashCode', ID = '2813'
Method 'SystemBooleanSystemGuidSystemISpanFormattableTryFormatSystemSpan1SystemCharSystemInt32SystemReadOnlySpan1SystemCharSystemIFormatProvider', ID = '2814'
Method 'SystemStringSystemGuidToStringSystemStringSystemIFormatProvider', ID = '2815'
Method 'SystemVoidSystemReflectionModulecctor', ID = '2822'
Method 'SystemBooleanSystemReflectionModuleEqualsSystemObject', ID = '2824'
Method 'SystemInt32SystemReflectionModuleGetHashCode', ID = '2825'
Method 'SystemVoidSystemReflectionAssemblycctor', ID = '2826'
Method 'SystemStringSystemReflectionAssemblyToString', ID = '2827'
Method 'SystemBooleanSystemReflectionAssemblyEqualsSystemObject', ID = '2828'
Method 'SystemInt32SystemReflectionAssemblyGetHashCode', ID = '2829'
Method 'SystemVoidSystemReflectionMemberInfoctor', ID = '2830'
Method 'SystemStringSystemRuntimeIntrinsicsVector1281SystemDoubleToString', ID = '2833'
Method 'SystemBooleanSystemRuntimeIntrinsicsVector1281SystemDoubleEqualsSystemObject', ID = '2834'
Method 'SystemInt32SystemRuntimeIntrinsicsVector1281SystemDoubleGetHashCode', ID = '2835'
Method 'SystemStringSystemRuntimeIntrinsicsVector1281SystemInt64ToString', ID = '2838'
Method 'SystemBooleanSystemRuntimeIntrinsicsVector1281SystemInt64EqualsSystemObject', ID = '2839'
Method 'SystemInt32SystemRuntimeIntrinsicsVector1281SystemInt64GetHashCode', ID = '2840'
Method 'SystemVoidSystemThrowHelperThrowForUnsupportedIntrinsicsVectorBaseTypeSystemDouble', ID = '2842'
Method 'SystemVoidSystemThrowHelperThrowForUnsupportedIntrinsicsVectorBaseTypeSystemInt64', ID = '2843'
Method 'SystemRuntimeIntrinsicsVector1281SystemInt64InternalRuntimeCompilerServicesUnsafeAsSystemRuntimeIntrinsicsVector1281SystemDoubleSystemRuntimeIntrinsicsVector1281SystemI11E7FB8F5C0B48CAE6C0339A086F35FF', ID = '2844'
Method 'SystemStringSystemStringJoinCoreSystemReadOnlySpan1SystemCharSystemObjectarray', ID = '2845'
Method 'SystemStringCosmosCore_PlugsSystemStringImplFormatSystemStringSystemObject', ID = '2846'
Method 'SystemGlobalizationCultureInfoSystemGlobalizationCultureInfoget_InvariantCulture', ID = '2848'
Method 'SystemVoidSystemTextValueStringBuilderAppendSystemChar', ID = '2849'
Method 'SystemByteSystemRuntimeIntrinsicsVector128GetElementSystemByteSystemRuntimeIntrinsicsVector1281SystemByteSystemInt32', ID = '2850'
Method 'SystemVoidSystemTextValueStringBuilderAppendSystemString', ID = '2851'
Method 'SystemBooleanSystemRuntimeIntrinsicsVector1281SystemByteEqualsSystemRuntimeIntrinsicsVector1281SystemByte', ID = '2852'
Method 'SystemVoidSystemHashCodeAddSystemInt32SystemInt32', ID = '2854'
Method 'SystemInt32SystemHashCodeToHashCode', ID = '2855'
Method 'SystemBooleanSystemSByteEqualsSystemObject', ID = '2857'
Method 'SystemInt32SystemSByteGetHashCode', ID = '2858'
Method 'SystemBooleanSystemSByteTryFormatSystemSpan1SystemCharSystemInt32SystemReadOnlySpan1SystemCharSystemIFormatProvider', ID = '2859'
Method 'SystemBooleanSystemSingleEqualsSystemObject', ID = '2886'
Method 'SystemInt32SystemSingleGetHashCode', ID = '2887'
Method 'SystemBooleanSystemSingleTryFormatSystemSpan1SystemCharSystemInt32SystemReadOnlySpan1SystemCharSystemIFormatProvider', ID = '2888'
Method 'SystemVoidSystemHashCodeAddSystemByteSystemByte', ID = '2915'
Method 'SystemVoidSystemTextStringBuilderctor', ID = '2916'
Method 'SystemStringSystemGlobalizationNumberFormatInfoget_NumberGroupSeparator', ID = '2917'
Method 'SystemTextStringBuilderSystemTextStringBuilderAppendSystemChar', ID = '2918'
Method 'SystemTextStringBuilderSystemTextStringBuilderAppendSystemString', ID = '2919'
Method 'SystemByteSystemRuntimeIntrinsicsVector256GetElementSystemByteSystemRuntimeIntrinsicsVector2561SystemByteSystemInt32', ID = '2921'
Method 'SystemBooleanSystemRuntimeIntrinsicsVector2561SystemByteEqualsSystemRuntimeIntrinsicsVector2561SystemByte', ID = '2922'
Method 'SystemBooleanCosmosCore_PlugsRuntimeIntrinsicsX86Bmi1Implget_IsSupported', ID = '2926'
Method 'SystemBooleanCosmosCore_PlugsRuntimeIntrinsicsX86X86BaseImplget_IsSupported', ID = '2927'
Method 'SystemVoidSystemReadOnlySpan1SystemBytectorSystemVoidpointerSystemInt32', ID = '2931'
Method 'SystemByteSystemByReference1SystemByteget_Value', ID = '2932'
Method 'SystemSingleSystemBitConverterInt32BitsToSingleSystemInt32', ID = '2934'
Method 'SystemDoubleSystemBitConverterInt64BitsToDoubleSystemInt64', ID = '2935'
Method 'SystemUIntPtrSystemUIntPtrget_MaxValue', ID = '2936'
Method 'SystemStringSystemNumericsVector1SystemUInt64ToString', ID = '2937'
Method 'SystemBooleanSystemNumericsVector1SystemUInt64EqualsSystemObject', ID = '2938'
Method 'SystemInt32SystemNumericsVector1SystemUInt64GetHashCode', ID = '2939'
Method 'SystemStringSystemNumericsVector1SystemUInt64ToStringSystemStringSystemIFormatProvider', ID = '2940'
Method 'SystemNumericsVector1SystemUInt64InternalRuntimeCompilerServicesUnsafeAsSystemNumericsVector1SystemByteSystemNumericsVector1SystemUInt64SystemNumericsVector1SystemByte', ID = '2942'
Method 'SystemNumericsVector1SystemUInt64InternalRuntimeCompilerServicesUnsafeAsRefSystemNumericsVector1SystemUInt64SystemNumericsVector1SystemUInt64', ID = '2943'
Method 'SystemUInt64InternalRuntimeCompilerServicesUnsafeAsSystemNumericsVector1SystemUInt64SystemUInt64SystemNumericsVector1SystemUInt64', ID = '2944'
Method 'SystemUInt64InternalRuntimeCompilerServicesUnsafeAddSystemUInt64SystemUInt64SystemIntPtr', ID = '2945'
Method 'SystemBooleanSystemRuntimeIntrinsicsX86Bmi1X64get_IsSupported', ID = '2946'
Method 'SystemUInt64SystemRuntimeIntrinsicsX86Bmi1X64TrailingZeroCountSystemUInt64', ID = '2947'
Method 'SystemBooleanSystemRuntimeIntrinsicsArmArmBaseArm64get_IsSupported', ID = '2948'
Method 'SystemUInt64SystemRuntimeIntrinsicsX86X86BaseX64BitScanForwardSystemUInt64', ID = '2950'
Method 'SystemUInt16SystemRuntimeIntrinsicsVector128GetElementSystemUInt16SystemRuntimeIntrinsicsVector1281SystemUInt16SystemInt32', ID = '2951'
Method 'SystemBooleanSystemRuntimeIntrinsicsVector1281SystemUInt16EqualsSystemRuntimeIntrinsicsVector1281SystemUInt16', ID = '2952'
Method 'SystemVoidSystemHashCodeAddSystemUInt16SystemUInt16', ID = '2953'
Method 'SystemUInt16SystemRuntimeIntrinsicsVector256GetElementSystemUInt16SystemRuntimeIntrinsicsVector2561SystemUInt16SystemInt32', ID = '2955'
Method 'SystemBooleanSystemRuntimeIntrinsicsVector2561SystemUInt16EqualsSystemRuntimeIntrinsicsVector2561SystemUInt16', ID = '2956'
Method 'SystemNumericsVector1SystemUInt64InternalRuntimeCompilerServicesUnsafeAsSystemNumericsVector1SystemUInt16SystemNumericsVector1SystemUInt64SystemNumericsVector1SystemUInt16', ID = '2958'
Method 'SystemVoidSystemSZGenericArrayEnumerator1SystemInt32cctor', ID = '2959'
Method 'SystemVoidSystemSZGenericArrayEnumerator1SystemInt32Dispose', ID = '2960'
Method 'SystemBooleanSystemRuntimeCompilerServicesRuntimeHelpersIsBitwiseEquatableSystemInt32', ID = '2961'
Method 'SystemInt32InternalRuntimeCompilerServicesUnsafeSizeOfSystemInt32', ID = '2962'
Method 'SystemByteInternalRuntimeCompilerServicesUnsafeAsSystemInt32SystemByteSystemInt32', ID = '2963'
Method 'SystemCharInternalRuntimeCompilerServicesUnsafeAsSystemInt32SystemCharSystemInt32', ID = '2964'
Method 'SystemInt32InternalRuntimeCompilerServicesUnsafeAsSystemInt32SystemInt32SystemInt32', ID = '2965'
Method 'SystemInt64InternalRuntimeCompilerServicesUnsafeAsSystemInt32SystemInt64SystemInt32', ID = '2966'
Method 'SystemCollectionsGenericEqualityComparer1SystemInt32SystemCollectionsGenericEqualityComparer1SystemInt32get_Default', ID = '2967'
Method 'SystemInt32SystemCollectionsGenericEqualityComparer1SystemInt32IndexOfSystemInt32arraySystemInt32SystemInt32SystemInt32', ID = '2968'
Method 'SystemVoidCosmosIL2CPUSZArrayImpl1GetEnumeratord__0SystemInt32ctorSystemInt32', ID = '2969'
Method 'SystemVoidSystemSZGenericArrayEnumerator1SystemInt64cctor', ID = '2971'
Method 'SystemVoidSystemSZGenericArrayEnumerator1SystemInt64Dispose', ID = '2972'
Method 'SystemBooleanSystemRuntimeCompilerServicesRuntimeHelpersIsBitwiseEquatableSystemInt64', ID = '2973'
Method 'SystemInt32InternalRuntimeCompilerServicesUnsafeSizeOfSystemInt64', ID = '2974'
Method 'SystemByteInternalRuntimeCompilerServicesUnsafeAsSystemInt64SystemByteSystemInt64', ID = '2975'
Method 'SystemCharInternalRuntimeCompilerServicesUnsafeAsSystemInt64SystemCharSystemInt64', ID = '2976'
Method 'SystemInt32InternalRuntimeCompilerServicesUnsafeAsSystemInt64SystemInt32SystemInt64', ID = '2977'
Method 'SystemInt64InternalRuntimeCompilerServicesUnsafeAsSystemInt64SystemInt64SystemInt64', ID = '2978'
Method 'SystemCollectionsGenericEqualityComparer1SystemInt64SystemCollectionsGenericEqualityComparer1SystemInt64get_Default', ID = '2979'
Method 'SystemInt32SystemCollectionsGenericEqualityComparer1SystemInt64IndexOfSystemInt64arraySystemInt64SystemInt32SystemInt32', ID = '2980'
Method 'SystemVoidCosmosIL2CPUSZArrayImpl1GetEnumeratord__0SystemInt64ctorSystemInt32', ID = '2981'
Method 'SystemObjectCosmosCore_PlugsSystemCollectionsGenericComparerHelpersImplCreateDefaultEqualityComparerSystemType', ID = '2984'
Method 'SystemInt32CosmosCore_PlugsSystemStringImplCompareToSystemString', ID = '2985'
Method 'SystemStringSystemPrivateCoreLibSystemSRget_Argument_MustBeFalse', ID = '2987'
Method 'SystemVoidCosmosCore_PlugsSystemThreadingMonitorImplReliableEnterSystemObjectSystemBoolean', ID = '2988'
Method 'SystemCollectionsGenericDictionary2EntrySystemStringSystemBooleanInternalRuntimeCompilerServicesUnsafeNullRefSystemCollectionsGenericDictionary2EntrySystemStringSystemBoolean', ID = '2997'
Method 'SystemInt32SystemCollectionsGenericDictionary2SystemStringSystemBooleanGetBucketSystemUInt32', ID = '2998'
Method 'SystemCollectionsGenericEqualityComparer1SystemStringSystemCollectionsGenericEqualityComparer1SystemStringget_Default', ID = '3000'
Method 'SystemVoidSystemThrowHelperThrowInvalidOperationException_ConcurrentOperationsNotSupported', ID = '3004'
Method 'SystemBooleanInternalRuntimeCompilerServicesUnsafeNullRefSystemBoolean', ID = '3005'
Method 'SystemObjectSystemCollectionsGenericDictionary2SystemStringSystemObjectFindValueSystemString', ID = '3008'
Method 'SystemBooleanInternalRuntimeCompilerServicesUnsafeIsNullRefSystemObjectSystemObject', ID = '3009'
Method 'SystemBooleanSystemBooleanIsTrueStringIgnoreCaseSystemReadOnlySpan1SystemChar', ID = '3011'
Method 'SystemBooleanSystemBooleanIsFalseStringIgnoreCaseSystemReadOnlySpan1SystemChar', ID = '3012'
Method 'SystemReadOnlySpan1SystemCharSystemBooleanTrimWhiteSpaceAndNullSystemReadOnlySpan1SystemChar', ID = '3013'
Method 'SystemVoidCosmosCoreIOPortReadctorSystemUInt16', ID = '3014'
Method 'SystemVoidCosmosCoreIOPortWritectorSystemUInt16', ID = '3015'
Method 'SystemVoidCosmosCoreMemoryBlockFillSystemUInt16', ID = '3016'
Method 'SystemVoidSystemCollectionsGenericList1CosmosHALPCIDeviceGrowSystemInt32', ID = '3017'
Method 'SystemCharCosmosCommonExtensionsToHexStringDigitToHexCharSystemByte', ID = '3018'
Method 'SystemByteCosmosHALPS2Mouseget_PS2Port', ID = '3020'
Method 'SystemVoidCosmosHALPS2ControllerPrepareSecondPortWrite', ID = '3021'
Method 'SystemByteCosmosHALPS2ControllerReadByteAfterAck', ID = '3022'
Method 'SystemBooleanCosmosHALPS2Mouseget_HasScrollWheel', ID = '3024'
Method 'SystemVoidCosmosCore_AsmDelegateImplInvoke', ID = '1443'
Method 'SystemByteCosmosHALPS2Keyboardget_PS2Port', ID = '3027'
Method 'SystemVoidCosmosCore_AsmDelegateImplInvoke', ID = '1443'
Method 'SystemVoidCosmosHALPS2KeyboardUpdateLeds', ID = '3029'
Method 'SystemVoidCosmosHALBlockDeviceATA_PIOWait', ID = '3031'
Method 'SystemVoidCosmosHALBlockDeviceATA_PIODebugSystemString', ID = '3034'
Method 'SystemVoidCosmosHALBlockDeviceATA_PIODebugHexSystemStringSystemUInt32', ID = '3035'
Method 'SystemBytearraySystemBitConverterGetBytesSystemUInt16', ID = '3038'
Method 'SystemStringSystemTextEncodingGetStringSystemBytearray', ID = '3039'
Method 'SystemInt64SystemBitConverterToInt64SystemBytearraySystemInt32', ID = '3040'
Method 'SystemInt32SystemBitConverterToInt32SystemBytearraySystemInt32', ID = '3042'
Method 'SystemVoidSystemArrayCopySystemArraySystemInt64SystemArraySystemInt64SystemInt64', ID = '3043'
Method 'SystemVoidSystemGuidctorSystemBytearray', ID = '3044'
Method 'SystemBooleanSystemGuidop_InequalitySystemGuidSystemGuid', ID = '3045'
Method 'SystemVoidCosmosHALBlockDeviceGPTGPartInfoctorSystemGuidSystemGuidSystemUInt64SystemUInt64', ID = '3046'
Method 'SystemVoidSystemCollectionsGenericList1CosmosHALBlockDeviceGPTGPartInfoAddCosmosHALBlockDeviceGPTGPartInfo', ID = '3047'
Method 'SystemVoidSystemCollectionsGenericList1CosmosHALBlockDeviceGPTGPartInfocctor', ID = '3048'
Method 'SystemVoidCosmosHALBlockDeviceMBRPartInfoctorSystemByteSystemUInt32SystemUInt32', ID = '3056'
Method 'SystemVoidSystemCollectionsGenericList1CosmosHALBlockDeviceMBRPartInfoAddCosmosHALBlockDeviceMBRPartInfo', ID = '3057'
Method 'SystemVoidSystemCollectionsGenericList1CosmosHALBlockDeviceMBRPartInfocctor', ID = '3058'
Method 'SystemVoidCosmosHALBlockDeviceBlockDeviceCheckDataSizeSystemBytearraySystemUInt64', ID = '3065'
Method 'SystemVoidCosmosHALBlockDeviceBlockDeviceCheckBlockNoSystemUInt64SystemUInt64', ID = '3066'
Method 'SystemVoidCosmosHALBlockDeviceATA_PIOSelectSectorSystemUInt64SystemUInt64', ID = '3067'
Method 'SystemVoidCosmosCoreIOPortBaseRead8SystemBytearray', ID = '3068'
Method 'SystemVoidCosmosHALBlockDeviceATAPISendCmdSystemBytearraySystemInt32SystemUInt16array', ID = '3069'
Method 'SystemVoidCosmosHALBlockDeviceATAPICheckForErrors', ID = '3070'
Method 'SystemVoidCosmosHALBlockDeviceATAPIPollSystemBoolean', ID = '3071'
Method 'SystemVoidCosmosHALBlockDeviceEBRPartInfoctorSystemByteSystemUInt32SystemUInt32', ID = '3073'
Method 'SystemVoidSystemCollectionsGenericList1CosmosHALBlockDeviceEBRPartInfoAddCosmosHALBlockDeviceEBRPartInfo', ID = '3074'
Method 'SystemVoidSystemCollectionsGenericList1CosmosHALBlockDeviceEBRPartInfocctor', ID = '3075'
Method 'CosmosHALBlockDeviceBlockDevicearrayInternalRuntimeCompilerServicesUnsafeAsCosmosHALBlockDeviceBlockDevicearraySystemObject', ID = '3082'
Method 'SystemVoidSystemSZGenericArrayEnumerator1CosmosHALBlockDeviceBlockDevicectorCosmosHALBlockDeviceBlockDevicearray', ID = '3083'
Method 'SystemInt32SystemArrayIndexOfCosmosHALBlockDeviceBlockDeviceCosmosHALBlockDeviceBlockDevicearrayCosmosHALBlockDeviceBlockDeviceSystemInt32SystemInt32', ID = '3086'
Method 'SystemCollectionsGenericIEnumerator1CosmosHALBlockDeviceBlockDeviceCosmosIL2CPUSZArrayImpl1CosmosHALBlockDeviceBlockDeviceGetEnumerator', ID = '3087'
Method 'SystemVoidCosmosIL2CPUSZArrayImpl1CosmosHALBlockDeviceBlockDeviceCopyToCosmosHALBlockDeviceBlockDevicearraySystemInt32', ID = '3088'
Method 'SystemInt32CosmosIL2CPUSZArrayImpl1CosmosHALBlockDeviceBlockDeviceget_Count', ID = '3089'
Method 'CosmosHALBlockDeviceBlockDeviceCosmosIL2CPUSZArrayImpl1CosmosHALBlockDeviceBlockDeviceget_ItemSystemInt32', ID = '3090'
Method 'SystemVoidCosmosIL2CPUSZArrayImpl1CosmosHALBlockDeviceBlockDeviceset_ItemSystemInt32CosmosHALBlockDeviceBlockDevice', ID = '3091'
Method 'SystemVoidCosmosIL2CPUSZArrayImpl1CosmosHALBlockDeviceBlockDeviceAddCosmosHALBlockDeviceBlockDevice', ID = '3092'
Method 'SystemBooleanCosmosIL2CPUSZArrayImpl1CosmosHALBlockDeviceBlockDeviceContainsCosmosHALBlockDeviceBlockDevice', ID = '3093'
Method 'SystemBooleanCosmosIL2CPUSZArrayImpl1CosmosHALBlockDeviceBlockDeviceget_IsReadOnly', ID = '3094'
Method 'SystemVoidCosmosIL2CPUSZArrayImpl1CosmosHALBlockDeviceBlockDeviceClear', ID = '3095'
Method 'SystemInt32CosmosIL2CPUSZArrayImpl1CosmosHALBlockDeviceBlockDeviceIndexOfCosmosHALBlockDeviceBlockDevice', ID = '3096'
Method 'SystemVoidCosmosIL2CPUSZArrayImpl1CosmosHALBlockDeviceBlockDeviceInsertSystemInt32CosmosHALBlockDeviceBlockDevice', ID = '3097'
Method 'SystemVoidCosmosIL2CPUSZArrayImpl1CosmosHALBlockDeviceBlockDeviceRemoveAtSystemInt32', ID = '3098'
Method 'SystemBooleanCosmosIL2CPUSZArrayImpl1CosmosHALBlockDeviceBlockDeviceget_IsFixedSize', ID = '3099'
Method 'SystemVoidCosmosIL2CPUSZArrayImpl1CosmosHALBlockDeviceBlockDeviceRemoveCosmosHALBlockDeviceBlockDevice', ID = '3100'
Method 'SystemObjectCosmosIL2CPUSZArrayImpl1CosmosHALBlockDeviceBlockDeviceget_SyncRoot', ID = '3101'
Method 'SystemBooleanCosmosIL2CPUSZArrayImpl1CosmosHALBlockDeviceBlockDeviceget_IsSynchronized', ID = '3102'
Method 'CosmosHALBlockDevicePartitionarrayInternalRuntimeCompilerServicesUnsafeAsCosmosHALBlockDevicePartitionarraySystemObject', ID = '3103'
Method 'SystemVoidSystemSZGenericArrayEnumerator1CosmosHALBlockDevicePartitionctorCosmosHALBlockDevicePartitionarray', ID = '3104'
Method 'SystemInt32SystemArrayIndexOfCosmosHALBlockDevicePartitionCosmosHALBlockDevicePartitionarrayCosmosHALBlockDevicePartitionSystemInt32SystemInt32', ID = '3107'
Method 'SystemCollectionsGenericIEnumerator1CosmosHALBlockDevicePartitionCosmosIL2CPUSZArrayImpl1CosmosHALBlockDevicePartitionGetEnumerator', ID = '3108'
Method 'SystemVoidCosmosIL2CPUSZArrayImpl1CosmosHALBlockDevicePartitionCopyToCosmosHALBlockDevicePartitionarraySystemInt32', ID = '3109'
Method 'SystemInt32CosmosIL2CPUSZArrayImpl1CosmosHALBlockDevicePartitionget_Count', ID = '3110'
Method 'CosmosHALBlockDevicePartitionCosmosIL2CPUSZArrayImpl1CosmosHALBlockDevicePartitionget_ItemSystemInt32', ID = '3111'
Method 'SystemVoidCosmosIL2CPUSZArrayImpl1CosmosHALBlockDevicePartitionset_ItemSystemInt32CosmosHALBlockDevicePartition', ID = '3112'
Method 'SystemVoidCosmosIL2CPUSZArrayImpl1CosmosHALBlockDevicePartitionAddCosmosHALBlockDevicePartition', ID = '3113'
Method 'SystemBooleanCosmosIL2CPUSZArrayImpl1CosmosHALBlockDevicePartitionContainsCosmosHALBlockDevicePartition', ID = '3114'
Method 'SystemBooleanCosmosIL2CPUSZArrayImpl1CosmosHALBlockDevicePartitionget_IsReadOnly', ID = '3115'
Method 'SystemVoidCosmosIL2CPUSZArrayImpl1CosmosHALBlockDevicePartitionClear', ID = '3116'
Method 'SystemInt32CosmosIL2CPUSZArrayImpl1CosmosHALBlockDevicePartitionIndexOfCosmosHALBlockDevicePartition', ID = '3117'
Method 'SystemVoidCosmosIL2CPUSZArrayImpl1CosmosHALBlockDevicePartitionInsertSystemInt32CosmosHALBlockDevicePartition', ID = '3118'
Method 'SystemVoidCosmosIL2CPUSZArrayImpl1CosmosHALBlockDevicePartitionRemoveAtSystemInt32', ID = '3119'
Method 'SystemBooleanCosmosIL2CPUSZArrayImpl1CosmosHALBlockDevicePartitionget_IsFixedSize', ID = '3120'
Method 'SystemVoidCosmosIL2CPUSZArrayImpl1CosmosHALBlockDevicePartitionRemoveCosmosHALBlockDevicePartition', ID = '3121'
Method 'SystemObjectCosmosIL2CPUSZArrayImpl1CosmosHALBlockDevicePartitionget_SyncRoot', ID = '3122'
Method 'SystemBooleanCosmosIL2CPUSZArrayImpl1CosmosHALBlockDevicePartitionget_IsSynchronized', ID = '3123'
Method 'SystemCollectionsGenericIEnumerator1CosmosHALBlockDevicePortsStoragePortSystemSZArrayHelperGetEnumeratorCosmosHALBlockDevicePortsStoragePort', ID = '3124'
Method 'SystemVoidSystemSZArrayHelperCopyToCosmosHALBlockDevicePortsStoragePortCosmosHALBlockDevicePortsStoragePortarraySystemInt32', ID = '3125'
Method 'SystemInt32SystemSZArrayHelperget_CountCosmosHALBlockDevicePortsStoragePort', ID = '3126'
Method 'CosmosHALBlockDevicePortsStoragePortSystemSZArrayHelperget_ItemCosmosHALBlockDevicePortsStoragePortSystemInt32', ID = '3127'
Method 'SystemVoidSystemSZArrayHelperset_ItemCosmosHALBlockDevicePortsStoragePortSystemInt32CosmosHALBlockDevicePortsStoragePort', ID = '3128'
Method 'SystemVoidSystemSZArrayHelperAddCosmosHALBlockDevicePortsStoragePortCosmosHALBlockDevicePortsStoragePort', ID = '3129'
Method 'SystemBooleanSystemSZArrayHelperContainsCosmosHALBlockDevicePortsStoragePortCosmosHALBlockDevicePortsStoragePort', ID = '3130'
Method 'SystemBooleanSystemSZArrayHelperget_IsReadOnlyCosmosHALBlockDevicePortsStoragePort', ID = '3131'
Method 'SystemVoidSystemSZArrayHelperClearCosmosHALBlockDevicePortsStoragePort', ID = '3132'
Method 'SystemInt32SystemSZArrayHelperIndexOfCosmosHALBlockDevicePortsStoragePortCosmosHALBlockDevicePortsStoragePort', ID = '3133'
Method 'SystemVoidSystemSZArrayHelperInsertCosmosHALBlockDevicePortsStoragePortSystemInt32CosmosHALBlockDevicePortsStoragePort', ID = '3134'
Method 'SystemBooleanSystemSZArrayHelperRemoveCosmosHALBlockDevicePortsStoragePortCosmosHALBlockDevicePortsStoragePort', ID = '3135'
Method 'SystemVoidSystemSZArrayHelperRemoveAtCosmosHALBlockDevicePortsStoragePortSystemInt32', ID = '3136'
Method 'SystemByteSystemRuntimeCompilerServicesRuntimeHelpersGetRawDataSystemObject', ID = '3139'
Method 'SystemIntPtrInternalRuntimeCompilerServicesUnsafeAsSystemByteSystemIntPtrSystemByte', ID = '3140'
Method 'SystemIntPtrInternalRuntimeCompilerServicesUnsafeAddSystemIntPtrSystemIntPtrSystemInt32', ID = '3141'
Method 'SystemVoidInternalRuntimeCompilerServicesUnsafeInitBlockUnalignedSystemByteSystemByteSystemUInt32', ID = '3143'
Method 'SystemVoidSystemSpanHelpersFillSystemCharSystemCharSystemUIntPtrSystemChar', ID = '3144'
Method 'SystemVoidCosmosHALBlockDeviceRegistersPortRegistersset_CMDSystemUInt32', ID = '3145'
Method 'SystemVoidCosmosHALBlockDeviceAHCIWaitSystemInt32', ID = '3146'
Method 'SystemUInt32CosmosHALBlockDeviceRegistersPortRegistersget_CI', ID = '3147'
Method 'SystemUInt32CosmosHALBlockDeviceRegistersPortRegistersget_TFD', ID = '3148'
Method 'SystemVoidCosmosHALBlockDeviceAHCIHBAReset', ID = '3149'
Method 'SystemVoidCosmosHALBlockDeviceRegistersPortRegistersset_SCTLSystemUInt32', ID = '3150'
Method 'SystemUInt32CosmosHALBlockDeviceRegistersPortRegistersget_SCTL', ID = '3151'
Method 'SystemVoidCosmosCoreMemoryBlockFillSystemUInt32SystemUInt32SystemByte', ID = '3152'
Method 'SystemVoidCosmosHALBlockDeviceRegistersHBACommandHeaderctorSystemUInt32SystemUInt32', ID = '3155'
Method 'SystemVoidCosmosHALBlockDeviceRegistersHBACommandHeaderset_PRDTLSystemUInt16', ID = '3156'
Method 'SystemVoidCosmosHALBlockDeviceRegistersHBACommandHeaderset_CTBASystemUInt32', ID = '3157'
Method 'SystemVoidCosmosHALBlockDeviceRegistersHBACommandHeaderset_CTBAUSystemUInt32', ID = '3158'
Method 'SystemUInt32CosmosHALBlockDeviceRegistersHBACommandHeaderget_CTBA', ID = '3159'
Method 'SystemVoidCosmosHALBlockDevicePortsSATAcctor', ID = '3160'
Method 'CosmosHALBlockDeviceRegistersPortTypeCosmosHALBlockDevicePortsSATAget_mPortType', ID = '3161'
Method 'SystemStringCosmosHALBlockDevicePortsSATAget_mPortName', ID = '3162'
Method 'SystemUInt32CosmosHALBlockDevicePortsSATAget_mPortNumber', ID = '3163'
Method 'SystemVoidCosmosHALBlockDevicePortsSATAReadBlockSystemUInt64SystemUInt64SystemBytearray', ID = '3164'
Method 'SystemInt32CosmosHALBlockDevicePortsSATAFindCMDSlot', ID = '3166'
Method 'SystemVoidCosmosHALBlockDeviceRegistersHBACommandHeaderset_CFLSystemByte', ID = '3167'
Method 'SystemVoidCosmosHALBlockDeviceRegistersHBACommandHeaderset_WriteSystemByte', ID = '3168'
Method 'SystemUInt16CosmosHALBlockDeviceRegistersHBACommandHeaderget_PRDTL', ID = '3169'
Method 'SystemVoidCosmosHALBlockDeviceRegistersHBACommandTablectorSystemUInt32SystemUInt32', ID = '3170'
Method 'SystemVoidCosmosHALBlockDeviceRegistersHBAPRDTEntryset_DBASystemUInt32', ID = '3172'
Method 'SystemVoidCosmosHALBlockDeviceRegistersHBAPRDTEntryset_DBCSystemUInt32', ID = '3173'
Method 'SystemVoidCosmosHALBlockDeviceRegistersHBAPRDTEntryset_InterruptOnCompletionSystemByte', ID = '3174'
Method 'SystemUInt32CosmosHALBlockDeviceRegistersHBACommandTableget_CFIS', ID = '3175'
Method 'SystemVoidCosmosHALBlockDeviceRegistersFISRegisterH2DctorSystemUInt32', ID = '3176'
Method 'SystemVoidCosmosHALBlockDeviceRegistersFISRegisterH2Dset_FISTypeSystemByte', ID = '3177'
Method 'SystemVoidCosmosHALBlockDeviceRegistersFISRegisterH2Dset_IsCommandSystemByte', ID = '3178'
Method 'SystemVoidCosmosHALBlockDeviceRegistersFISRegisterH2Dset_CommandSystemByte', ID = '3179'
Method 'SystemVoidCosmosHALBlockDeviceRegistersFISRegisterH2Dset_DeviceSystemByte', ID = '3180'
Method 'SystemVoidCosmosHALBlockDeviceRegistersFISRegisterH2Dset_LBA0SystemByte', ID = '3181'
Method 'SystemVoidCosmosHALBlockDeviceRegistersFISRegisterH2Dset_LBA1SystemByte', ID = '3182'
Method 'SystemVoidCosmosHALBlockDeviceRegistersFISRegisterH2Dset_LBA2SystemByte', ID = '3183'
Method 'SystemVoidCosmosHALBlockDeviceRegistersFISRegisterH2Dset_CountLSystemByte', ID = '3184'
Method 'SystemVoidCosmosHALBlockDeviceRegistersPortRegistersset_CISystemUInt32', ID = '3186'
Method 'SystemUInt32CosmosHALBlockDeviceRegistersPortRegistersget_IS', ID = '3187'
Method 'SystemVoidSystemCollectionsGenericList1CosmosHALBlockDevicePortsStoragePortGrowSystemInt32', ID = '3188'
Method 'SystemVoidSystemSZGenericArrayEnumerator1SystemStringcctor', ID = '3189'
Method 'SystemVoidSystemSZGenericArrayEnumerator1SystemStringDispose', ID = '3190'
Method 'SystemBooleanSystemRuntimeCompilerServicesRuntimeHelpersIsBitwiseEquatableSystemString', ID = '3191'
Method 'SystemInt32InternalRuntimeCompilerServicesUnsafeSizeOfSystemString', ID = '3192'
Method 'SystemByteInternalRuntimeCompilerServicesUnsafeAsSystemStringSystemByteSystemString', ID = '3193'
Method 'SystemCharInternalRuntimeCompilerServicesUnsafeAsSystemStringSystemCharSystemString', ID = '3194'
Method 'SystemInt32InternalRuntimeCompilerServicesUnsafeAsSystemStringSystemInt32SystemString', ID = '3195'
Method 'SystemInt64InternalRuntimeCompilerServicesUnsafeAsSystemStringSystemInt64SystemString', ID = '3196'
Method 'SystemInt32SystemCollectionsGenericEqualityComparer1SystemStringIndexOfSystemStringarraySystemStringSystemInt32SystemInt32', ID = '3197'
Method 'SystemVoidCosmosIL2CPUSZArrayImpl1GetEnumeratord__0SystemStringctorSystemInt32', ID = '3198'
Method 'SystemCollectionsGenericIEnumerator1CosmosCoreManagedMemoryBlockSystemSZArrayHelperGetEnumeratorCosmosCoreManagedMemoryBlock', ID = '3200'
Method 'SystemVoidSystemSZArrayHelperCopyToCosmosCoreManagedMemoryBlockCosmosCoreManagedMemoryBlockarraySystemInt32', ID = '3201'
Method 'SystemInt32SystemSZArrayHelperget_CountCosmosCoreManagedMemoryBlock', ID = '3202'
Method 'CosmosCoreManagedMemoryBlockSystemSZArrayHelperget_ItemCosmosCoreManagedMemoryBlockSystemInt32', ID = '3203'
Method 'SystemVoidSystemSZArrayHelperset_ItemCosmosCoreManagedMemoryBlockSystemInt32CosmosCoreManagedMemoryBlock', ID = '3204'
Method 'SystemVoidSystemSZArrayHelperAddCosmosCoreManagedMemoryBlockCosmosCoreManagedMemoryBlock', ID = '3205'
Method 'SystemBooleanSystemSZArrayHelperContainsCosmosCoreManagedMemoryBlockCosmosCoreManagedMemoryBlock', ID = '3206'
Method 'SystemBooleanSystemSZArrayHelperget_IsReadOnlyCosmosCoreManagedMemoryBlock', ID = '3207'
Method 'SystemVoidSystemSZArrayHelperClearCosmosCoreManagedMemoryBlock', ID = '3208'
Method 'SystemInt32SystemSZArrayHelperIndexOfCosmosCoreManagedMemoryBlockCosmosCoreManagedMemoryBlock', ID = '3209'
Method 'SystemVoidSystemSZArrayHelperInsertCosmosCoreManagedMemoryBlockSystemInt32CosmosCoreManagedMemoryBlock', ID = '3210'
Method 'SystemBooleanSystemSZArrayHelperRemoveCosmosCoreManagedMemoryBlockCosmosCoreManagedMemoryBlock', ID = '3211'
Method 'SystemVoidSystemSZArrayHelperRemoveAtCosmosCoreManagedMemoryBlockSystemInt32', ID = '3212'
Method 'SystemCollectionsGenericIEnumerator1SystemBytearraySystemSZArrayHelperGetEnumeratorSystemBytearray', ID = '3214'
Method 'SystemVoidSystemSZArrayHelperCopyToSystemBytearraySystemBytearrayarraySystemInt32', ID = '3215'
Method 'SystemInt32SystemSZArrayHelperget_CountSystemBytearray', ID = '3216'
Method 'SystemBytearraySystemSZArrayHelperget_ItemSystemBytearraySystemInt32', ID = '3217'
Method 'SystemVoidSystemSZArrayHelperset_ItemSystemBytearraySystemInt32SystemBytearray', ID = '3218'
Method 'SystemVoidSystemSZArrayHelperAddSystemBytearraySystemBytearray', ID = '3219'
Method 'SystemBooleanSystemSZArrayHelperContainsSystemBytearraySystemBytearray', ID = '3220'
Method 'SystemBooleanSystemSZArrayHelperget_IsReadOnlySystemBytearray', ID = '3221'
Method 'SystemVoidSystemSZArrayHelperClearSystemBytearray', ID = '3222'
Method 'SystemInt32SystemSZArrayHelperIndexOfSystemBytearraySystemBytearray', ID = '3223'
Method 'SystemVoidSystemSZArrayHelperInsertSystemBytearraySystemInt32SystemBytearray', ID = '3224'
Method 'SystemBooleanSystemSZArrayHelperRemoveSystemBytearraySystemBytearray', ID = '3225'
Method 'SystemVoidSystemSZArrayHelperRemoveAtSystemBytearraySystemInt32', ID = '3226'
Method 'SystemVoidSystemCollectionsGenericList1CosmosHALNetworkDeviceGrowSystemInt32', ID = '3231'
Method 'SystemVoidSystemCollectionsGenericList1CosmosCoreManagedMemoryBlockset_CapacitySystemInt32', ID = '3232'
Method 'SystemVoidSystemArrayEmptyArray1SystemBytearraycctor', ID = '3233'
Method 'SystemStringSystemPrivateCoreLibSystemSRget_InvalidOperation_EmptyQueue', ID = '3234'
Method 'SystemBooleanCosmosCore_PlugsSystemRuntimeCompilerServicesRuntimeHelpersImplIsReferenceOrContainsReferencesSystemBytearray', ID = '3235'
Method 'SystemVoidSystemCollectionsGenericQueue1SystemBytearrayGrowSystemInt32', ID = '3236'
Method 'SystemStringCosmosCoreCosmosRuntimeTypeget_AssemblyQualifiedName', ID = '3237'
Method 'SystemStringSystemRuntimeTypeget_AssemblyQualifiedName', ID = '3238'
Method 'SystemBooleanCosmosHALDriversPCINetworkAMDPCNetIIget_Ready', ID = '3239'
Method 'SystemBooleanCosmosHALDriversPCINetworkRTL8139get_Ready', ID = '3240'
Method 'SystemUInt16CosmosCoreIOPortget_Word', ID = '3241'
Method 'CosmosHALNetworkDevicearrayInternalRuntimeCompilerServicesUnsafeAsCosmosHALNetworkDevicearraySystemObject', ID = '3243'
Method 'SystemVoidSystemSZGenericArrayEnumerator1CosmosHALNetworkDevicectorCosmosHALNetworkDevicearray', ID = '3244'
Method 'SystemInt32SystemArrayIndexOfCosmosHALNetworkDeviceCosmosHALNetworkDevicearrayCosmosHALNetworkDeviceSystemInt32SystemInt32', ID = '3247'
Method 'SystemCollectionsGenericIEnumerator1CosmosHALNetworkDeviceCosmosIL2CPUSZArrayImpl1CosmosHALNetworkDeviceGetEnumerator', ID = '3248'
Method 'SystemVoidCosmosIL2CPUSZArrayImpl1CosmosHALNetworkDeviceCopyToCosmosHALNetworkDevicearraySystemInt32', ID = '3249'
Method 'SystemInt32CosmosIL2CPUSZArrayImpl1CosmosHALNetworkDeviceget_Count', ID = '3250'
Method 'CosmosHALNetworkDeviceCosmosIL2CPUSZArrayImpl1CosmosHALNetworkDeviceget_ItemSystemInt32', ID = '3251'
Method 'SystemVoidCosmosIL2CPUSZArrayImpl1CosmosHALNetworkDeviceset_ItemSystemInt32CosmosHALNetworkDevice', ID = '3252'
Method 'SystemVoidCosmosIL2CPUSZArrayImpl1CosmosHALNetworkDeviceAddCosmosHALNetworkDevice', ID = '3253'
Method 'SystemBooleanCosmosIL2CPUSZArrayImpl1CosmosHALNetworkDeviceContainsCosmosHALNetworkDevice', ID = '3254'
Method 'SystemBooleanCosmosIL2CPUSZArrayImpl1CosmosHALNetworkDeviceget_IsReadOnly', ID = '3255'
Method 'SystemVoidCosmosIL2CPUSZArrayImpl1CosmosHALNetworkDeviceClear', ID = '3256'
Method 'SystemInt32CosmosIL2CPUSZArrayImpl1CosmosHALNetworkDeviceIndexOfCosmosHALNetworkDevice', ID = '3257'
Method 'SystemVoidCosmosIL2CPUSZArrayImpl1CosmosHALNetworkDeviceInsertSystemInt32CosmosHALNetworkDevice', ID = '3258'
Method 'SystemVoidCosmosIL2CPUSZArrayImpl1CosmosHALNetworkDeviceRemoveAtSystemInt32', ID = '3259'
Method 'SystemBooleanCosmosIL2CPUSZArrayImpl1CosmosHALNetworkDeviceget_IsFixedSize', ID = '3260'
Method 'SystemVoidCosmosIL2CPUSZArrayImpl1CosmosHALNetworkDeviceRemoveCosmosHALNetworkDevice', ID = '3261'
Method 'SystemObjectCosmosIL2CPUSZArrayImpl1CosmosHALNetworkDeviceget_SyncRoot', ID = '3262'
Method 'SystemBooleanCosmosIL2CPUSZArrayImpl1CosmosHALNetworkDeviceget_IsSynchronized', ID = '3263'
Method 'SystemVoidSystemSZGenericArrayEnumerator1SystemCollectionsGenericDictionary2EntrySystemUInt32CosmosHALNetworkDevicecctor', ID = '3264'
Method 'SystemVoidSystemSZGenericArrayEnumerator1SystemCollectionsGenericDictionary2EntrySystemUInt32CosmosHALNetworkDeviceDispose', ID = '3265'
Method 'SystemBooleanSystemRuntimeCompilerServicesRuntimeHelpersIsBitwiseEquatableSystemCollectionsGenericDictionary2EntrySystemUInt32CosmosHALNetworkDevice', ID = '3266'
Method 'SystemInt32InternalRuntimeCompilerServicesUnsafeSizeOfSystemCollectionsGenericDictionary2EntrySystemUInt32CosmosHALNetworkDevice', ID = '3267'
Method 'SystemByteInternalRuntimeCompilerServicesUnsafeAsSystemCollectionsGenericDictionary2EntrySystemUInt32CosmosHALNetworkDeviceSystemByteSystemCollectionsGenericDictionary205D898D486A40F9F7206E6448915C578', ID = '3268'
Method 'SystemCharInternalRuntimeCompilerServicesUnsafeAsSystemCollectionsGenericDictionary2EntrySystemUInt32CosmosHALNetworkDeviceSystemCharSystemCollectionsGenericDictionary2F71639AA7965C48F6EB6DC59FA47A531', ID = '3269'
Method 'SystemInt32InternalRuntimeCompilerServicesUnsafeAsSystemCollectionsGenericDictionary2EntrySystemUInt32CosmosHALNetworkDeviceSystemInt32SystemCollectionsGenericDictionar5A06013F0153FE686111D03482ECC1BB', ID = '3270'
Method 'SystemInt64InternalRuntimeCompilerServicesUnsafeAsSystemCollectionsGenericDictionary2EntrySystemUInt32CosmosHALNetworkDeviceSystemInt64SystemCollectionsGenericDictionarE584854DC17C57A854232AD9F3EB055E', ID = '3271'
Method 'SystemCollectionsGenericEqualityComparer1SystemCollectionsGenericDictionary2EntrySystemUInt32CosmosHALNetworkDeviceSystemCollectionsGenericEqualityComparer1SystemCollec593DA5C50FEF0A86BDC0A232CF1D2816', ID = '3272'
Method 'SystemInt32SystemCollectionsGenericEqualityComparer1SystemCollectionsGenericDictionary2EntrySystemUInt32CosmosHALNetworkDeviceIndexOfSystemCollectionsGenericDictionary2787F427FE64A9BCDDBA8B9E8379B7E98', ID = '3273'
Method 'SystemVoidCosmosIL2CPUSZArrayImpl1GetEnumeratord__0SystemCollectionsGenericDictionary2EntrySystemUInt32CosmosHALNetworkDevicectorSystemInt32', ID = '3274'
Method 'SystemCollectionsGenericKeyValuePair2SystemUInt32CosmosHALNetworkDevicearrayInternalRuntimeCompilerServicesUnsafeAsSystemCollectionsGenericKeyValuePair2SystemUInt32Cosm8EBFC16075198EF5B96A922017242DB2', ID = '3277'
Method 'SystemVoidSystemSZGenericArrayEnumerator1SystemCollectionsGenericKeyValuePair2SystemUInt32CosmosHALNetworkDevicectorSystemCollectionsGenericKeyValuePair2SystemUInt32CosmosHALNetworkDevicearray', ID = '3278'
Method 'SystemInt32SystemArrayIndexOfSystemCollectionsGenericKeyValuePair2SystemUInt32CosmosHALNetworkDeviceSystemCollectionsGenericKeyValuePair2SystemUInt32CosmosHALNetworkDev452B839084E6A75FF96E7264184D2A58', ID = '3282'
Method 'SystemCollectionsGenericIEnumerator1SystemCollectionsGenericKeyValuePair2SystemUInt32CosmosHALNetworkDeviceCosmosIL2CPUSZArrayImpl1SystemCollectionsGenericKeyValuePair25699B7D93FDE5AE4A5F8A422D1A4F7C2', ID = '3283'
Method 'SystemVoidCosmosIL2CPUSZArrayImpl1SystemCollectionsGenericKeyValuePair2SystemUInt32CosmosHALNetworkDeviceCopyToSystemCollectionsGenericKeyValuePair2SystemUInt32CosmosHALNetworkDevicearraySystemInt32', ID = '3284'
Method 'SystemInt32CosmosIL2CPUSZArrayImpl1SystemCollectionsGenericKeyValuePair2SystemUInt32CosmosHALNetworkDeviceget_Count', ID = '3285'
Method 'SystemCollectionsGenericKeyValuePair2SystemUInt32CosmosHALNetworkDeviceCosmosIL2CPUSZArrayImpl1SystemCollectionsGenericKeyValuePair2SystemUInt32CosmosHALNetworkDeviceget_ItemSystemInt32', ID = '3286'
Method 'SystemVoidCosmosIL2CPUSZArrayImpl1SystemCollectionsGenericKeyValuePair2SystemUInt32CosmosHALNetworkDeviceset_ItemSystemInt32SystemCollectionsGenericKeyValuePair2SystemUInt32CosmosHALNetworkDevice', ID = '3287'
Method 'SystemVoidCosmosIL2CPUSZArrayImpl1SystemCollectionsGenericKeyValuePair2SystemUInt32CosmosHALNetworkDeviceAddSystemCollectionsGenericKeyValuePair2SystemUInt32CosmosHALNetworkDevice', ID = '3288'
Method 'SystemBooleanCosmosIL2CPUSZArrayImpl1SystemCollectionsGenericKeyValuePair2SystemUInt32CosmosHALNetworkDeviceContainsSystemCollectionsGenericKeyValuePair2SystemUInt32CosmosHALNetworkDevice', ID = '3289'
Method 'SystemBooleanCosmosIL2CPUSZArrayImpl1SystemCollectionsGenericKeyValuePair2SystemUInt32CosmosHALNetworkDeviceget_IsReadOnly', ID = '3290'
Method 'SystemVoidCosmosIL2CPUSZArrayImpl1SystemCollectionsGenericKeyValuePair2SystemUInt32CosmosHALNetworkDeviceClear', ID = '3291'
Method 'SystemInt32CosmosIL2CPUSZArrayImpl1SystemCollectionsGenericKeyValuePair2SystemUInt32CosmosHALNetworkDeviceIndexOfSystemCollectionsGenericKeyValuePair2SystemUInt32CosmosHALNetworkDevice', ID = '3292'
Method 'SystemVoidCosmosIL2CPUSZArrayImpl1SystemCollectionsGenericKeyValuePair2SystemUInt32CosmosHALNetworkDeviceInsertSystemInt32SystemCollectionsGenericKeyValuePair2SystemUInt32CosmosHALNetworkDevice', ID = '3293'
Method 'SystemVoidCosmosIL2CPUSZArrayImpl1SystemCollectionsGenericKeyValuePair2SystemUInt32CosmosHALNetworkDeviceRemoveAtSystemInt32', ID = '3294'
Method 'SystemBooleanCosmosIL2CPUSZArrayImpl1SystemCollectionsGenericKeyValuePair2SystemUInt32CosmosHALNetworkDeviceget_IsFixedSize', ID = '3295'
Method 'SystemVoidCosmosIL2CPUSZArrayImpl1SystemCollectionsGenericKeyValuePair2SystemUInt32CosmosHALNetworkDeviceRemoveSystemCollectionsGenericKeyValuePair2SystemUInt32CosmosHALNetworkDevice', ID = '3296'
Method 'SystemObjectCosmosIL2CPUSZArrayImpl1SystemCollectionsGenericKeyValuePair2SystemUInt32CosmosHALNetworkDeviceget_SyncRoot', ID = '3297'
Method 'SystemBooleanCosmosIL2CPUSZArrayImpl1SystemCollectionsGenericKeyValuePair2SystemUInt32CosmosHALNetworkDeviceget_IsSynchronized', ID = '3298'
Method 'SystemVoidSystemCollectionsHashHelperscctor', ID = '3299'
Method 'SystemStringSystemRuntimeTypeToString', ID = '3303'
Method 'SystemBooleanSystemRuntimeTypeEqualsSystemObject', ID = '3304'
Method 'SystemInt32SystemRuntimeTypeGetHashCode', ID = '3305'
Method 'SystemTypeSystemRuntimeTypeget_UnderlyingSystemType', ID = '3306'
Method 'SystemVoidSystemCollectionsGenericNonRandomizedStringEqualityComparerOrdinalComparerctorSystemCollectionsGenericIEqualityComparer1SystemString', ID = '3309'
Method 'SystemVoidSystemCollectionsGenericNonRandomizedStringEqualityComparerOrdinalIgnoreCaseComparerctorSystemCollectionsGenericIEqualityComparer1SystemString', ID = '3310'
Method 'SystemVoidSystemOrdinalCaseSensitiveComparercctor', ID = '3314'
Method 'SystemBooleanSystemOrdinalComparerEqualsSystemObject', ID = '3315'
Method 'SystemInt32SystemOrdinalComparerGetHashCode', ID = '3316'
Method 'SystemVoidSystemOrdinalIgnoreCaseComparercctor', ID = '3317'
Method 'SystemVoidSystemCollectionsGenericList1CosmosHALKeyboardBasecctor', ID = '3318'
Method 'SystemVoidSystemCollectionsGenericList1CosmosHALKeyboardBaseAddWithResizeCosmosHALKeyboardBase', ID = '3332'
Method 'SystemVoidSystemCollectionsGenericList1EnumeratorCosmosHALKeyboardBasectorSystemCollectionsGenericList1CosmosHALKeyboardBase', ID = '3333'
Method 'SystemBooleanCosmosSystemScanMapBaseScanCodeMatchesKeySystemByteCosmosSystemConsoleKeyEx', ID = '3335'
Method 'SystemBooleanCosmosSystemKeyboardManagerget_CapsLock', ID = '3336'
Method 'SystemVoidCosmosSystemKeyboardManagerUpdateLeds', ID = '3337'
Method 'SystemBooleanCosmosSystemKeyboardManagerget_NumLock', ID = '3338'
Method 'SystemBooleanCosmosSystemKeyboardManagerget_ScrollLock', ID = '3339'
Method 'SystemVoidCosmosSystemKeyboardManagerset_ControlPressedSystemBoolean', ID = '3340'
Method 'SystemVoidCosmosSystemKeyboardManagerset_ShiftPressedSystemBoolean', ID = '3341'
Method 'SystemVoidCosmosSystemKeyboardManagerset_AltPressedSystemBoolean', ID = '3342'
Method 'SystemBooleanCosmosSystemKeyboardManagerGetKeySystemByteCosmosSystemKeyEvent', ID = '3343'
Method 'SystemVoidCosmosSystemKeyboardManagerEnqueueCosmosSystemKeyEvent', ID = '3344'
Method 'SystemVoidSystemSZGenericArrayEnumerator1CosmosHALPCIDevicecctor', ID = '3345'
Method 'SystemVoidSystemSZGenericArrayEnumerator1CosmosHALPCIDeviceDispose', ID = '3346'
Method 'SystemBooleanSystemSZGenericArrayEnumerator1CosmosHALPCIDeviceMoveNext', ID = '3347'
Method 'SystemBooleanSystemRuntimeCompilerServicesRuntimeHelpersIsBitwiseEquatableCosmosHALPCIDevice', ID = '3348'
Method 'SystemInt32InternalRuntimeCompilerServicesUnsafeSizeOfCosmosHALPCIDevice', ID = '3349'
Method 'SystemByteInternalRuntimeCompilerServicesUnsafeAsCosmosHALPCIDeviceSystemByteCosmosHALPCIDevice', ID = '3350'
Method 'SystemCharInternalRuntimeCompilerServicesUnsafeAsCosmosHALPCIDeviceSystemCharCosmosHALPCIDevice', ID = '3351'
Method 'SystemInt32InternalRuntimeCompilerServicesUnsafeAsCosmosHALPCIDeviceSystemInt32CosmosHALPCIDevice', ID = '3352'
Method 'SystemInt64InternalRuntimeCompilerServicesUnsafeAsCosmosHALPCIDeviceSystemInt64CosmosHALPCIDevice', ID = '3353'
Method 'SystemCollectionsGenericEqualityComparer1CosmosHALPCIDeviceSystemCollectionsGenericEqualityComparer1CosmosHALPCIDeviceget_Default', ID = '3354'
Method 'SystemInt32SystemCollectionsGenericEqualityComparer1CosmosHALPCIDeviceIndexOfCosmosHALPCIDevicearrayCosmosHALPCIDeviceSystemInt32SystemInt32', ID = '3355'
Method 'SystemVoidCosmosIL2CPUSZArrayImpl1GetEnumeratord__0CosmosHALPCIDevicectorSystemInt32', ID = '3356'
Method 'SystemVoidCosmosIL2CPUSZArrayImpl1GetEnumeratord__0CosmosHALPCIBaseAddressBarSystemIDisposableDispose', ID = '3362'
Method 'SystemBooleanCosmosIL2CPUSZArrayImpl1GetEnumeratord__0CosmosHALPCIBaseAddressBarMoveNext', ID = '3363'
Method 'SystemVoidCosmosCore_PlugsSystemBuffersArrayPoolImpl1CosmosArrayPoolSystemCharctor', ID = '3364'
Method 'SystemVoidCosmosCore_AsmRuntimeHelpersImplInitializeArraySystemArraySystemRuntimeFieldHandle', ID = '3366'
Method 'SystemBooleanSystemRuntimeTypeIsValueTypeImpl', ID = '3368'
Method 'SystemBooleanSystemTypeIsSubclassOfSystemType', ID = '3369'
Method 'SystemStringSystemPrivateCoreLibSystemSRget_Arg_ArrayTypeMismatchException', ID = '3371'
Method 'SystemStringSystemPrivateCoreLibSystemSRget_Argument_MinMaxValue', ID = '3372'
Method 'SystemStringSystemPrivateCoreLibSystemSRFormatSystemStringSystemObjectSystemObject', ID = '3373'
Method 'SystemCharpointerSystemNumberUInt32ToDecCharsSystemCharpointerSystemUInt32SystemInt32', ID = '3374'
Method 'SystemBooleanSystemNumberTryInt32ToHexStrSystemInt32SystemCharSystemInt32SystemSpan1SystemCharSystemInt32', ID = '3375'
Method 'SystemVoidSystemNumberInt32ToNumberSystemInt32SystemNumberNumberBuffer', ID = '3376'
Method 'SystemObjectSystemGlobalizationNumberFormatInfoGetFormatSystemType', ID = '3377'
Method 'SystemGlobalizationNumberFormatInfoSystemGlobalizationCultureInfoget_NumberFormat', ID = '3379'
Method 'SystemObjectSystemGlobalizationCultureInfoGetFormatSystemType', ID = '3380'
Method 'SystemVoidSystemThrowHelperThrowInvalidTypeWithPointersNotSupportedSystemType', ID = '3381'
Method 'SystemBooleanSystemDoubleIsFiniteSystemDouble', ID = '3383'
Method 'SystemStringSystemGlobalizationNumberFormatInfoget_NaNSymbol', ID = '3384'
Method 'SystemBooleanSystemDoubleIsNegativeSystemDouble', ID = '3385'
Method 'SystemStringSystemGlobalizationNumberFormatInfoget_PositiveInfinitySymbol', ID = '3386'
Method 'SystemStringSystemGlobalizationNumberFormatInfoget_NegativeInfinitySymbol', ID = '3387'
Method 'SystemInt32SystemNumberGetFloatingPointMaxDigitsAndPrecisionSystemCharSystemInt32SystemGlobalizationNumberFormatInfoSystemBoolean', ID = '3389'
Method 'SystemBooleanSystemNumberGrisu3TryRunDoubleSystemDoubleSystemInt32SystemNumberNumberBuffer', ID = '3390'
Method 'SystemVoidSystemNumberDragon4DoubleSystemDoubleSystemInt32SystemBooleanSystemNumberNumberBuffer', ID = '3391'
Method 'SystemBooleanSystemSpan1SystemCharTryCopyToSystemSpan1SystemChar', ID = '3392'
Method 'SystemVoidSystemTextValueStringBuilderDispose', ID = '3393'
Method 'SystemInt32SystemBuffersTextFormattingHelpersCountDigitsSystemUInt64', ID = '3394'
Method 'SystemUInt32SystemNumberInt64DivMod1E9SystemUInt64', ID = '3395'
Method 'SystemUInt32SystemNumberHigh32SystemUInt64', ID = '3396'
Method 'SystemUInt32SystemNumberLow32SystemUInt64', ID = '3397'
Method 'SystemBooleanSystemNumberTryInt64ToHexStrSystemInt64SystemCharSystemInt32SystemSpan1SystemCharSystemInt32', ID = '3398'
Method 'SystemVoidSystemNumberUInt64ToNumberSystemUInt64SystemNumberNumberBuffer', ID = '3399'
Method 'SystemVoidSystemNumberInt64ToNumberSystemInt64SystemNumberNumberBuffer', ID = '3400'
Method 'SystemBooleanSystemStringEqualsSystemString', ID = '3401'
Method 'SystemStringSystemNumberInt64ToHexStrSystemInt64SystemCharSystemInt32', ID = '3402'
Method 'SystemStringCosmosSystem_PlugsSystemInt16ImplToString', ID = '3403'
Method 'SystemStringCosmosSystem_PlugsSystemInt16ImplToStringSystemStringSystemIFormatProvider', ID = '3404'
Method 'SystemVoidCosmosCore_AsmIOPortImplWrite16SystemUInt16SystemUInt16', ID = '3405'
Method 'SystemVoidSystemValueTuple2SystemUInt32SystemUInt32ctorSystemUInt32SystemUInt32', ID = '3416'
Method 'SystemStringSystemValueTuple2SystemUInt32SystemUInt32ToString', ID = '3417'
Method 'SystemBooleanSystemValueTuple2SystemUInt32SystemUInt32EqualsSystemObject', ID = '3418'
Method 'SystemInt32SystemValueTuple2SystemUInt32SystemUInt32GetHashCode', ID = '3419'
Method 'SystemStringSystemPrivateCoreLibSystemSRget_Argument_BadFormatSpecifier', ID = '3424'
Method 'SystemVoidSystemFormatExceptionctorSystemString', ID = '3425'
Method 'SystemInt32SystemBuffersTextFormattingHelpersCountHexDigitsSystemUInt64', ID = '3426'
Method 'SystemCharpointerSystemNumberInt32ToHexCharsSystemCharpointerSystemUInt32SystemInt32SystemInt32', ID = '3427'
Method 'SystemVoidSystemSpan1SystemBytectorSystemVoidpointerSystemInt32', ID = '3429'
Method 'SystemByteSystemSpan1SystemByteget_ItemSystemInt32', ID = '3430'
Method 'SystemBytepointerSystemNumberNumberBufferGetDigitsPointer', ID = '3432'
Method 'SystemBytepointerSystemNumberUInt32ToDecCharsSystemBytepointerSystemUInt32SystemInt32', ID = '3433'
Method 'SystemInt32SystemGlobalizationNumberFormatInfoget_CurrencyDecimalDigits', ID = '3434'
Method 'SystemVoidSystemNumberRoundNumberSystemNumberNumberBufferSystemInt32SystemBoolean', ID = '3435'
Method 'SystemVoidSystemNumberFormatCurrencySystemTextValueStringBuilderSystemNumberNumberBufferSystemInt32SystemGlobalizationNumberFormatInfo', ID = '3436'
Method 'SystemInt32SystemGlobalizationNumberFormatInfoget_NumberDecimalDigits', ID = '3437'
Method 'SystemStringSystemGlobalizationNumberFormatInfoget_NumberDecimalSeparator', ID = '3438'
Method 'SystemVoidSystemNumberFormatFixedSystemTextValueStringBuilderSystemNumberNumberBufferSystemInt32SystemInt32arraySystemStringSystemString', ID = '3439'
Method 'SystemVoidSystemNumberFormatNumberSystemTextValueStringBuilderSystemNumberNumberBufferSystemInt32SystemGlobalizationNumberFormatInfo', ID = '3440'
Method 'SystemVoidSystemNumberFormatScientificSystemTextValueStringBuilderSystemNumberNumberBufferSystemInt32SystemGlobalizationNumberFormatInfoSystemChar', ID = '3441'
Method 'SystemVoidSystemNumberFormatGeneralSystemTextValueStringBuilderSystemNumberNumberBufferSystemInt32SystemGlobalizationNumberFormatInfoSystemCharSystemBoolean', ID = '3442'
Method 'SystemInt32SystemGlobalizationNumberFormatInfoget_PercentDecimalDigits', ID = '3443'
Method 'SystemVoidSystemNumberFormatPercentSystemTextValueStringBuilderSystemNumberNumberBufferSystemInt32SystemGlobalizationNumberFormatInfo', ID = '3444'
Method 'SystemInt32SystemNumberFindSectionSystemReadOnlySpan1SystemCharSystemInt32', ID = '3445'
Method 'SystemCharSystemRuntimeInteropServicesMemoryMarshalGetReferenceSystemCharSystemReadOnlySpan1SystemChar', ID = '3446'
Method 'SystemVoidSystemSpan1SystemInt32ctorSystemVoidpointerSystemInt32', ID = '3447'
Method 'SystemInt32SystemSpan1SystemInt32get_Length', ID = '3448'
Method 'SystemSpan1SystemInt32SystemSpan1SystemInt32op_ImplicitSystemInt32array', ID = '3449'
Method 'SystemVoidSystemSpan1SystemInt32CopyToSystemSpan1SystemInt32', ID = '3450'
Method 'SystemInt32SystemSpan1SystemInt32get_ItemSystemInt32', ID = '3451'
Method 'SystemStringSystemGlobalizationNumberFormatInfoget_PerMilleSymbol', ID = '3452'
Method 'SystemStringSystemGlobalizationNumberFormatInfoget_PercentSymbol', ID = '3453'
Method 'SystemVoidSystemNumberFormatExponentSystemTextValueStringBuilderSystemGlobalizationNumberFormatInfoSystemInt32SystemCharSystemInt32SystemBoolean', ID = '3454'
Method 'SystemInt32SystemTextValueStringBuilderget_Length', ID = '3455'
Method 'SystemVoidSystemTextValueStringBuilderInsertSystemInt32SystemString', ID = '3456'
Method 'SystemStringSystemTextValueStringBuilderToString', ID = '3457'
Method 'CosmosHALPITPITTimerarrayInternalRuntimeCompilerServicesUnsafeAsCosmosHALPITPITTimerarraySystemObject', ID = '3459'
Method 'SystemVoidSystemSZGenericArrayEnumerator1CosmosHALPITPITTimerctorCosmosHALPITPITTimerarray', ID = '3460'
Method 'SystemInt32SystemArrayIndexOfCosmosHALPITPITTimerCosmosHALPITPITTimerarrayCosmosHALPITPITTimerSystemInt32SystemInt32', ID = '3463'
Method 'SystemCollectionsGenericIEnumerator1CosmosHALPITPITTimerCosmosIL2CPUSZArrayImpl1CosmosHALPITPITTimerGetEnumerator', ID = '3464'
Method 'SystemVoidCosmosIL2CPUSZArrayImpl1CosmosHALPITPITTimerCopyToCosmosHALPITPITTimerarraySystemInt32', ID = '3465'
Method 'SystemInt32CosmosIL2CPUSZArrayImpl1CosmosHALPITPITTimerget_Count', ID = '3466'
Method 'CosmosHALPITPITTimerCosmosIL2CPUSZArrayImpl1CosmosHALPITPITTimerget_ItemSystemInt32', ID = '3467'
Method 'SystemVoidCosmosIL2CPUSZArrayImpl1CosmosHALPITPITTimerset_ItemSystemInt32CosmosHALPITPITTimer', ID = '3468'
Method 'SystemVoidCosmosIL2CPUSZArrayImpl1CosmosHALPITPITTimerAddCosmosHALPITPITTimer', ID = '3469'
Method 'SystemBooleanCosmosIL2CPUSZArrayImpl1CosmosHALPITPITTimerContainsCosmosHALPITPITTimer', ID = '3470'
Method 'SystemBooleanCosmosIL2CPUSZArrayImpl1CosmosHALPITPITTimerget_IsReadOnly', ID = '3471'
Method 'SystemVoidCosmosIL2CPUSZArrayImpl1CosmosHALPITPITTimerClear', ID = '3472'
Method 'SystemInt32CosmosIL2CPUSZArrayImpl1CosmosHALPITPITTimerIndexOfCosmosHALPITPITTimer', ID = '3473'
Method 'SystemVoidCosmosIL2CPUSZArrayImpl1CosmosHALPITPITTimerInsertSystemInt32CosmosHALPITPITTimer', ID = '3474'
Method 'SystemVoidCosmosIL2CPUSZArrayImpl1CosmosHALPITPITTimerRemoveAtSystemInt32', ID = '3475'
Method 'SystemBooleanCosmosIL2CPUSZArrayImpl1CosmosHALPITPITTimerget_IsFixedSize', ID = '3476'
Method 'SystemVoidCosmosIL2CPUSZArrayImpl1CosmosHALPITPITTimerRemoveCosmosHALPITPITTimer', ID = '3477'
Method 'SystemObjectCosmosIL2CPUSZArrayImpl1CosmosHALPITPITTimerget_SyncRoot', ID = '3478'
Method 'SystemBooleanCosmosIL2CPUSZArrayImpl1CosmosHALPITPITTimerget_IsSynchronized', ID = '3479'
Method 'SystemVoidSystemTextASCIIEncodingctor', ID = '3481'
Method 'SystemBooleanCosmosCoreVTablesImplIsValueTypeSystemUInt32', ID = '3482'
Method 'SystemVoidCosmosCore_PlugsSystemBufferImplcctor', ID = '3483'
Method 'SystemVoidCosmosCore_PlugsMemoryOperationsMemoryOperationsImplCopyTinySystemBytepointerSystemBytepointerSystemInt32', ID = '3485'
Method 'SystemInt32SystemMathDivRemSystemInt32SystemInt32SystemInt32', ID = '3486'
Method 'SystemVoidCosmosCore_PlugsMemoryOperationsMemoryOperationsImplCopy128BlocksSystemBytepointerSystemBytepointerSystemInt32', ID = '3487'
Method 'SystemBooleanSystemTextUTF8EncodingEqualsSystemObject', ID = '3489'
Method 'SystemInt32SystemTextUTF8EncodingGetHashCode', ID = '3490'
Method 'SystemBytearraySystemTextUTF8EncodingUTF8EncodingSealedGetBytesSystemString', ID = '3491'
Method 'SystemInt32SystemTextUTF8EncodingGetByteCountSystemString', ID = '3492'
Method 'SystemInt32SystemTextUTF8EncodingGetBytesSystemStringSystemInt32SystemInt32SystemBytearraySystemInt32', ID = '3493'
Method 'SystemInt32SystemTextUTF8EncodingGetByteCountSystemChararraySystemInt32SystemInt32', ID = '3494'
Method 'SystemInt32SystemTextUTF8EncodingGetBytesSystemChararraySystemInt32SystemInt32SystemBytearraySystemInt32', ID = '3495'
Method 'SystemVoidSystemTextUTF8Encodingctor', ID = '3496'
Method 'SystemInt32SystemTextASCIIEncodingGetByteCountFastSystemCharpointerSystemInt32SystemTextEncoderFallbackSystemInt32', ID = '3497'
Method 'SystemInt32SystemTextUTF8EncodingGetByteCountFastSystemCharpointerSystemInt32SystemTextEncoderFallbackSystemInt32', ID = '3498'
Method 'SystemExceptionSystemNotImplementedget_ByDesign', ID = '3499'
Method 'SystemVoidSystemReadOnlySpan1SystemCharctorSystemVoidpointerSystemInt32', ID = '3500'
Method 'SystemReadOnlySpan1SystemCharSystemReadOnlySpan1SystemCharSliceSystemInt32', ID = '3501'
Method 'SystemInt32SystemTextEncodingGetByteCountWithFallbackSystemReadOnlySpan1SystemCharSystemInt32SystemTextEncoderNLS', ID = '3502'
Method 'SystemStringSystemPrivateCoreLibSystemSRget_Argument_ConversionOverflow', ID = '3503'
Method 'SystemInt32SystemTextASCIIEncodingGetBytesFastSystemCharpointerSystemInt32SystemBytepointerSystemInt32SystemInt32', ID = '3504'
Method 'SystemInt32SystemTextUTF8EncodingGetBytesFastSystemCharpointerSystemInt32SystemBytepointerSystemInt32SystemInt32', ID = '3505'
Method 'SystemSpan1SystemByteSystemSpan1SystemByteSliceSystemInt32', ID = '3506'
Method 'SystemInt32SystemTextEncodingGetBytesWithFallbackSystemReadOnlySpan1SystemCharSystemInt32SystemSpan1SystemByteSystemInt32SystemTextEncoderNLS', ID = '3507'
Method 'SystemVoidCosmosCoreMemoryOperationsFillSystemUInt16pointerSystemUInt16SystemInt32', ID = '3509'
Method 'SystemBooleanSystemGuidEqualsCoreSystemGuidSystemGuid', ID = '3510'
Method 'SystemInt32InternalRuntimeCompilerServicesUnsafeAsRefSystemInt32SystemInt32', ID = '3511'
Method 'SystemBooleanSystemGuidTryFormatSystemSpan1SystemCharSystemInt32SystemReadOnlySpan1SystemChar', ID = '3512'
Method 'SystemStringSystemPrivateCoreLibSystemSRget_Format_InvalidGuidFormatSpecification', ID = '3513'
Method 'SystemBooleanSystemReflectionModulecompilergeneratedccctorb__62_0SystemTypeSystemObject', ID = '3516'
Method 'SystemVoidCosmosCore_AsmDelegateImplCtorSystemObjectSystemIntPtr', ID = '1700'
Method 'SystemBooleanSystemReflectionModulecompilergeneratedccctorb__62_1SystemTypeSystemObject', ID = '3519'
Method 'SystemStringCosmosCore_PlugsSystemReflectionModuleImplToString', ID = '3521'
Method 'SystemVoidSystemCollectionsGenericDictionary2SystemStringSystemReflectionAssemblyctor', ID = '3522'
Method 'SystemVoidSystemCollectionsGenericList1SystemStringctor', ID = '3524'
Method 'SystemStringSystemReflectionAssemblyget_FullName', ID = '3526'
Method 'SystemInt32SystemRuntimeIntrinsicsVector1281SystemDoubleget_Count', ID = '3528'
Method 'SystemDoubleSystemRuntimeIntrinsicsVector128GetElementSystemDoubleSystemRuntimeIntrinsicsVector1281SystemDoubleSystemInt32', ID = '3529'
Method 'SystemBooleanSystemRuntimeIntrinsicsVector1281SystemDoubleEqualsSystemRuntimeIntrinsicsVector1281SystemDouble', ID = '3530'
Method 'SystemInt32SystemRuntimeIntrinsicsVector1281SystemInt64get_Count', ID = '3531'
Method 'SystemInt64SystemRuntimeIntrinsicsVector128GetElementSystemInt64SystemRuntimeIntrinsicsVector1281SystemInt64SystemInt32', ID = '3532'
Method 'SystemBooleanSystemRuntimeIntrinsicsVector1281SystemInt64EqualsSystemRuntimeIntrinsicsVector1281SystemInt64', ID = '3533'
Method 'SystemVoidSystemTextValueStringBuilderAppendSystemReadOnlySpan1SystemChar', ID = '3535'
Method 'SystemStringCosmosCore_PlugsSystemStringImplFormatHelperSystemIFormatProviderSystemStringSystemObjectarray', ID = '3536'
Method 'SystemVoidSystemTextValueStringBuilderGrowAndAppendSystemChar', ID = '3538'
Method 'SystemByteInternalRuntimeCompilerServicesUnsafeAsSystemRuntimeIntrinsicsVector1281SystemByteSystemByteSystemRuntimeIntrinsicsVector1281SystemByte', ID = '3539'
Method 'SystemVoidSystemTextValueStringBuilderAppendSlowSystemString', ID = '3540'
Method 'SystemBooleanSystemRuntimeIntrinsicsX86Sseget_IsSupported', ID = '3541'
Method 'SystemRuntimeIntrinsicsVector1281SystemSingleSystemRuntimeIntrinsicsVector128AsSingleSystemByteSystemRuntimeIntrinsicsVector1281SystemByte', ID = '3542'
Method 'SystemRuntimeIntrinsicsVector1281SystemSingleSystemRuntimeIntrinsicsX86SseCompareEqualSystemRuntimeIntrinsicsVector1281SystemSingleSystemRuntimeIntrinsicsVector1281SystemSingle', ID = '3543'
Method 'SystemInt32SystemRuntimeIntrinsicsX86SseMoveMaskSystemRuntimeIntrinsicsVector1281SystemSingle', ID = '3544'
Method 'SystemRuntimeIntrinsicsVector1281SystemDoubleSystemRuntimeIntrinsicsVector128AsDoubleSystemByteSystemRuntimeIntrinsicsVector1281SystemByte', ID = '3545'
Method 'SystemRuntimeIntrinsicsVector1281SystemDoubleSystemRuntimeIntrinsicsX86Sse2CompareEqualSystemRuntimeIntrinsicsVector1281SystemDoubleSystemRuntimeIntrinsicsVector1281SystemDouble', ID = '3546'
Method 'SystemInt32SystemRuntimeIntrinsicsX86Sse2MoveMaskSystemRuntimeIntrinsicsVector1281SystemDouble', ID = '3547'
Method 'SystemRuntimeIntrinsicsVector1281SystemByteSystemRuntimeIntrinsicsVector128AsByteSystemByteSystemRuntimeIntrinsicsVector1281SystemByte', ID = '3548'
Method 'SystemBooleanSystemRuntimeIntrinsicsVector1281SystemByteEqualsg__SoftwareFallbacksLine12_0SystemRuntimeIntrinsicsVector1281SystemByteSystemRuntimeIntrinsicsVector1281SystemByte', ID = '3549'
Method 'SystemVoidSystemHashCodecctor', ID = '3550'
Method 'SystemBooleanSystemHashCodeEqualsSystemObject', ID = '3551'
Method 'SystemInt32SystemHashCodeGetHashCode', ID = '3552'
Method 'SystemVoidSystemHashCodeAddSystemInt32', ID = '3553'
Method 'SystemUInt32SystemHashCodeMixStateSystemUInt32SystemUInt32SystemUInt32SystemUInt32', ID = '3554'
Method 'SystemUInt32SystemHashCodeMixEmptyState', ID = '3555'
Method 'SystemUInt32SystemHashCodeQueueRoundSystemUInt32SystemUInt32', ID = '3556'
Method 'SystemUInt32SystemHashCodeMixFinalSystemUInt32', ID = '3557'
Method 'SystemStringCosmosSystem_PlugsSystemSByteImplToString', ID = '3558'
Method 'SystemStringCosmosSystem_PlugsSystemSByteImplToStringSystemStringSystemIFormatProvider', ID = '3559'
Method 'SystemStringCosmosSystem_PlugsSystemSingleImplToString', ID = '3560'
Method 'SystemBooleanSystemSingleIsNaNSystemSingle', ID = '3561'
Method 'SystemSingleInternalRuntimeCompilerServicesUnsafeAsRefSystemSingleSystemSingle', ID = '3562'
Method 'SystemInt32InternalRuntimeCompilerServicesUnsafeAsSystemSingleSystemInt32SystemSingle', ID = '3563'
Method 'SystemBooleanSystemNumberTryFormatSingleSystemSingleSystemReadOnlySpan1SystemCharSystemGlobalizationNumberFormatInfoSystemSpan1SystemCharSystemInt32', ID = '3564'
Method 'SystemStringCosmosSystem_PlugsSystemSingleImplToStringSystemStringSystemIFormatProvider', ID = '3565'
Method 'SystemGlobalizationCultureInfoCosmosCore_PlugsSystemGlobalizationCultureInfoImplget_CurrentCulture', ID = '3566'
Method 'SystemTextStringBuilderSystemTextStringBuilderAppendSystemCharSystemInt32', ID = '3568'
Method 'SystemVoidSystemTextStringBuilderAppendHelperSystemString', ID = '3569'
Method 'SystemByteInternalRuntimeCompilerServicesUnsafeAsSystemRuntimeIntrinsicsVector2561SystemByteSystemByteSystemRuntimeIntrinsicsVector2561SystemByte', ID = '3571'
Method 'SystemRuntimeIntrinsicsVector2561SystemSingleSystemRuntimeIntrinsicsVector256AsSingleSystemByteSystemRuntimeIntrinsicsVector2561SystemByte', ID = '3572'
Method 'SystemRuntimeIntrinsicsVector2561SystemSingleSystemRuntimeIntrinsicsX86AvxCompareSystemRuntimeIntrinsicsVector2561SystemSingleSystemRuntimeIntrinsicsVector2561SystemSin194B7C9CFC0435A9CFC4A99C60700255', ID = '3573'
Method 'SystemInt32SystemRuntimeIntrinsicsX86AvxMoveMaskSystemRuntimeIntrinsicsVector2561SystemSingle', ID = '3574'
Method 'SystemRuntimeIntrinsicsVector2561SystemDoubleSystemRuntimeIntrinsicsVector256AsDoubleSystemByteSystemRuntimeIntrinsicsVector2561SystemByte', ID = '3575'
Method 'SystemRuntimeIntrinsicsVector2561SystemDoubleSystemRuntimeIntrinsicsX86AvxCompareSystemRuntimeIntrinsicsVector2561SystemDoubleSystemRuntimeIntrinsicsVector2561SystemDou3C1677C47297F50B2DF9627913CB49DE', ID = '3576'
Method 'SystemInt32SystemRuntimeIntrinsicsX86AvxMoveMaskSystemRuntimeIntrinsicsVector2561SystemDouble', ID = '3577'
Method 'SystemRuntimeIntrinsicsVector2561SystemByteSystemRuntimeIntrinsicsVector256AsByteSystemByteSystemRuntimeIntrinsicsVector2561SystemByte', ID = '3578'
Method 'SystemBooleanSystemRuntimeIntrinsicsVector2561SystemByteEqualsg__SoftwareFallbacksLine14_0SystemRuntimeIntrinsicsVector2561SystemByteSystemRuntimeIntrinsicsVector2561SystemByte', ID = '3579'
Method 'SystemStringSystemReadOnlySpan1SystemByteToString', ID = '3583'
Method 'SystemBooleanSystemReadOnlySpan1SystemByteEqualsSystemObject', ID = '3584'
Method 'SystemInt32SystemReadOnlySpan1SystemByteGetHashCode', ID = '3585'
Method 'SystemVoidSystemByReference1SystemBytectorSystemByte', ID = '3587'
Method 'SystemRuntimeIntrinsicsVector1281SystemInt32SystemRuntimeIntrinsicsVector128CreateScalarUnsafeSystemInt32', ID = '3588'
Method 'SystemRuntimeIntrinsicsVector1281SystemSingleSystemRuntimeIntrinsicsVector128AsSingleSystemInt32SystemRuntimeIntrinsicsVector1281SystemInt32', ID = '3589'
Method 'SystemSingleSystemRuntimeIntrinsicsVector128ToScalarSystemSingleSystemRuntimeIntrinsicsVector1281SystemSingle', ID = '3590'
Method 'SystemRuntimeIntrinsicsVector1281SystemInt64SystemRuntimeIntrinsicsVector128CreateScalarUnsafeSystemInt64', ID = '3591'
Method 'SystemRuntimeIntrinsicsVector1281SystemDoubleSystemRuntimeIntrinsicsVector128AsDoubleSystemInt64SystemRuntimeIntrinsicsVector1281SystemInt64', ID = '3592'
Method 'SystemDoubleSystemRuntimeIntrinsicsVector128ToScalarSystemDoubleSystemRuntimeIntrinsicsVector1281SystemDouble', ID = '3593'
Method 'SystemUIntPtrSystemUIntPtrop_ExplicitSystemUInt64', ID = '3594'
Method 'SystemBooleanSystemNumericsVector1SystemUInt64EqualsSystemNumericsVector1SystemUInt64', ID = '3595'
Method 'SystemVoidSystemHashCodeAddSystemUInt64SystemUInt64', ID = '3596'
Method 'SystemBooleanCosmosCore_PlugsRuntimeIntrinsicsX86X64X86BaseImplget_IsSupported', ID = '3599'
Method 'SystemUInt16InternalRuntimeCompilerServicesUnsafeAsSystemRuntimeIntrinsicsVector1281SystemUInt16SystemUInt16SystemRuntimeIntrinsicsVector1281SystemUInt16', ID = '3600'
Method 'SystemUInt16InternalRuntimeCompilerServicesUnsafeAddSystemUInt16SystemUInt16SystemInt32', ID = '3601'
Method 'SystemRuntimeIntrinsicsVector1281SystemSingleSystemRuntimeIntrinsicsVector128AsSingleSystemUInt16SystemRuntimeIntrinsicsVector1281SystemUInt16', ID = '3602'
Method 'SystemRuntimeIntrinsicsVector1281SystemDoubleSystemRuntimeIntrinsicsVector128AsDoubleSystemUInt16SystemRuntimeIntrinsicsVector1281SystemUInt16', ID = '3603'
Method 'SystemBooleanSystemRuntimeIntrinsicsVector1281SystemUInt16Equalsg__SoftwareFallbacksLine12_0SystemRuntimeIntrinsicsVector1281SystemUInt16SystemRuntimeIntrinsicsVector1281SystemUInt16', ID = '3604'
Method 'SystemUInt16InternalRuntimeCompilerServicesUnsafeAsSystemRuntimeIntrinsicsVector2561SystemUInt16SystemUInt16SystemRuntimeIntrinsicsVector2561SystemUInt16', ID = '3605'
Method 'SystemRuntimeIntrinsicsVector2561SystemSingleSystemRuntimeIntrinsicsVector256AsSingleSystemUInt16SystemRuntimeIntrinsicsVector2561SystemUInt16', ID = '3606'
Method 'SystemRuntimeIntrinsicsVector2561SystemDoubleSystemRuntimeIntrinsicsVector256AsDoubleSystemUInt16SystemRuntimeIntrinsicsVector2561SystemUInt16', ID = '3607'
Method 'SystemBooleanSystemRuntimeIntrinsicsVector2561SystemUInt16Equalsg__SoftwareFallbacksLine14_0SystemRuntimeIntrinsicsVector2561SystemUInt16SystemRuntimeIntrinsicsVector2561SystemUInt16', ID = '3608'
Method 'SystemVoidCosmosIL2CPUSZArrayImpl1GetEnumeratord__0SystemInt32SystemIDisposableDispose', ID = '3612'
Method 'SystemBooleanCosmosIL2CPUSZArrayImpl1GetEnumeratord__0SystemInt32MoveNext', ID = '3613'
Method 'SystemVoidCosmosIL2CPUSZArrayImpl1GetEnumeratord__0SystemInt64SystemIDisposableDispose', ID = '3617'
Method 'SystemBooleanCosmosIL2CPUSZArrayImpl1GetEnumeratord__0SystemInt64MoveNext', ID = '3618'
Method 'SystemVoidCosmosCore_PlugsSystemCollectionsGenericByteEqualityComparerctor', ID = '3620'
Method 'SystemVoidCosmosCore_PlugsSystemCollectionsGenericSByteEqualityComparerctor', ID = '3621'
Method 'SystemVoidCosmosCore_PlugsSystemCollectionsGenericStringEqualityComparerctor', ID = '3622'
Method 'SystemVoidCosmosCore_PlugsSystemCollectionsGenericInt32EqualityComparerctor', ID = '3623'
Method 'SystemVoidCosmosCore_PlugsSystemCollectionsGenericUInt32EqualityComparerctor', ID = '3624'
Method 'SystemVoidCosmosCore_PlugsSystemCollectionsGenericInt64EqualityComparerctor', ID = '3625'
Method 'SystemVoidCosmosCore_PlugsSystemCollectionsGenericUInt64EqualityComparerctor', ID = '3626'
Method 'SystemVoidCosmosCore_PlugsSystemCollectionsGenericCharEqualityComparerctor', ID = '3627'
Method 'SystemVoidCosmosCore_PlugsSystemCollectionsGenericInt16EqualityComparerctor', ID = '3628'
Method 'SystemVoidCosmosCore_PlugsSystemCollectionsGenericUInt16EqualityComparerctor', ID = '3629'
Method 'SystemVoidCosmosCore_PlugsSystemCollectionsGenericGuidEqualityComparerctor', ID = '3630'
Method 'SystemVoidCosmosCore_PlugsSystemCollectionsGenericObjectEqualityComparerctor', ID = '3631'
Method 'SystemUInt64CosmosCore_PlugsSystemMarvinImplGenerateSeed', ID = '3632'
Method 'SystemCollectionsGenericIEnumerator1SystemCollectionsGenericDictionary2EntrySystemStringSystemBooleanSystemSZArrayHelperGetEnumeratorSystemCollectionsGenericDictionary2EntrySystemStringSystemBoolean', ID = '3633'
Method 'SystemVoidSystemSZArrayHelperCopyToSystemCollectionsGenericDictionary2EntrySystemStringSystemBooleanSystemCollectionsGenericDictionary2EntrySystemStringSystemBooleanarraySystemInt32', ID = '3634'
Method 'SystemInt32SystemSZArrayHelperget_CountSystemCollectionsGenericDictionary2EntrySystemStringSystemBoolean', ID = '3635'
Method 'SystemCollectionsGenericDictionary2EntrySystemStringSystemBooleanSystemSZArrayHelperget_ItemSystemCollectionsGenericDictionary2EntrySystemStringSystemBooleanSystemInt32', ID = '3636'
Method 'SystemVoidSystemSZArrayHelperset_ItemSystemCollectionsGenericDictionary2EntrySystemStringSystemBooleanSystemInt32SystemCollectionsGenericDictionary2EntrySystemStringSystemBoolean', ID = '3637'
Method 'SystemVoidSystemSZArrayHelperAddSystemCollectionsGenericDictionary2EntrySystemStringSystemBooleanSystemCollectionsGenericDictionary2EntrySystemStringSystemBoolean', ID = '3638'
Method 'SystemBooleanSystemSZArrayHelperContainsSystemCollectionsGenericDictionary2EntrySystemStringSystemBooleanSystemCollectionsGenericDictionary2EntrySystemStringSystemBoolean', ID = '3639'
Method 'SystemBooleanSystemSZArrayHelperget_IsReadOnlySystemCollectionsGenericDictionary2EntrySystemStringSystemBoolean', ID = '3640'
Method 'SystemVoidSystemSZArrayHelperClearSystemCollectionsGenericDictionary2EntrySystemStringSystemBoolean', ID = '3641'
Method 'SystemInt32SystemSZArrayHelperIndexOfSystemCollectionsGenericDictionary2EntrySystemStringSystemBooleanSystemCollectionsGenericDictionary2EntrySystemStringSystemBoolean', ID = '3642'
Method 'SystemVoidSystemSZArrayHelperInsertSystemCollectionsGenericDictionary2EntrySystemStringSystemBooleanSystemInt32SystemCollectionsGenericDictionary2EntrySystemStringSystemBoolean', ID = '3643'
Method 'SystemBooleanSystemSZArrayHelperRemoveSystemCollectionsGenericDictionary2EntrySystemStringSystemBooleanSystemCollectionsGenericDictionary2EntrySystemStringSystemBoolean', ID = '3644'
Method 'SystemVoidSystemSZArrayHelperRemoveAtSystemCollectionsGenericDictionary2EntrySystemStringSystemBooleanSystemInt32', ID = '3645'
Method 'SystemUInt32SystemCollectionsHashHelpersFastModSystemUInt32SystemUInt32SystemUInt64', ID = '3657'
Method 'SystemInt32SystemCollectionsGenericNonRandomizedStringEqualityComparerGetHashCodeSystemString', ID = '3660'
Method 'SystemInt32SystemOrdinalCaseSensitiveComparerGetHashCodeSystemString', ID = '3662'
Method 'SystemInt32SystemOrdinalIgnoreCaseComparerGetHashCodeSystemString', ID = '3663'
Method 'SystemInt32SystemOrdinalComparerGetHashCodeSystemString', ID = '3664'
Method 'SystemBooleanSystemCollectionsGenericNonRandomizedStringEqualityComparerEqualsSystemStringSystemString', ID = '3666'
Method 'SystemBooleanSystemOrdinalCaseSensitiveComparerEqualsSystemStringSystemString', ID = '3668'
Method 'SystemBooleanSystemOrdinalIgnoreCaseComparerEqualsSystemStringSystemString', ID = '3669'
Method 'SystemBooleanSystemOrdinalComparerEqualsSystemStringSystemString', ID = '3670'
Method 'SystemStringSystemPrivateCoreLibSystemSRget_InvalidOperation_ConcurrentOperationsNotSupported', ID = '3671'
Method 'SystemCollectionsGenericDictionary2EntrySystemStringSystemObjectInternalRuntimeCompilerServicesUnsafeNullRefSystemCollectionsGenericDictionary2EntrySystemStringSystemObject', ID = '3680'
Method 'SystemInt32SystemCollectionsGenericDictionary2SystemStringSystemObjectGetBucketSystemUInt32', ID = '3681'
Method 'SystemObjectInternalRuntimeCompilerServicesUnsafeNullRefSystemObject', ID = '3683'
Method 'SystemBooleanSystemCharIsWhiteSpaceSystemChar', ID = '3684'
Method 'SystemReadOnlySpan1SystemCharSystemReadOnlySpan1SystemCharSliceSystemInt32SystemInt32', ID = '3685'
Method 'SystemVoidSystemCollectionsGenericList1CosmosHALPCIDeviceset_CapacitySystemInt32', ID = '3686'
Method 'SystemCollectionsGenericIEnumerator1SystemUInt16SystemSZArrayHelperGetEnumeratorSystemUInt16', ID = '3687'
Method 'SystemVoidSystemSZArrayHelperCopyToSystemUInt16SystemUInt16arraySystemInt32', ID = '3688'
Method 'SystemInt32SystemSZArrayHelperget_CountSystemUInt16', ID = '3689'
Method 'SystemUInt16SystemSZArrayHelperget_ItemSystemUInt16SystemInt32', ID = '3690'
Method 'SystemVoidSystemSZArrayHelperset_ItemSystemUInt16SystemInt32SystemUInt16', ID = '3691'
Method 'SystemVoidSystemSZArrayHelperAddSystemUInt16SystemUInt16', ID = '3692'
Method 'SystemBooleanSystemSZArrayHelperContainsSystemUInt16SystemUInt16', ID = '3693'
Method 'SystemBooleanSystemSZArrayHelperget_IsReadOnlySystemUInt16', ID = '3694'
Method 'SystemVoidSystemSZArrayHelperClearSystemUInt16', ID = '3695'
Method 'SystemInt32SystemSZArrayHelperIndexOfSystemUInt16SystemUInt16', ID = '3696'
Method 'SystemVoidSystemSZArrayHelperInsertSystemUInt16SystemInt32SystemUInt16', ID = '3697'
Method 'SystemBooleanSystemSZArrayHelperRemoveSystemUInt16SystemUInt16', ID = '3698'
Method 'SystemVoidSystemSZArrayHelperRemoveAtSystemUInt16SystemInt32', ID = '3699'
Method 'SystemUInt16CosmosCore_AsmIOPortImplRead16SystemUInt16', ID = '3706'
Method 'SystemUInt16InternalRuntimeCompilerServicesUnsafeAsSystemByteSystemUInt16SystemByte', ID = '3707'
Method 'SystemStringSystemTextUTF8EncodingUTF8EncodingSealedGetStringSystemBytearray', ID = '3708'
Method 'SystemStringSystemTextEncodingGetStringSystemBytearraySystemInt32SystemInt32', ID = '3709'
Method 'SystemVoidSystemThrowHelperThrowArgumentExceptionSystemExceptionResourceSystemExceptionArgument', ID = '3710'
Method 'SystemInt64InternalRuntimeCompilerServicesUnsafeReadUnalignedSystemInt64SystemByte', ID = '3711'
Method 'SystemVoidSystemReadOnlySpan1SystemBytectorSystemBytearray', ID = '3712'
Method 'SystemVoidSystemGuidctorSystemReadOnlySpan1SystemByte', ID = '3713'
Method 'SystemVoidSystemCollectionsGenericList1CosmosHALBlockDeviceGPTGPartInfoAddWithResizeCosmosHALBlockDeviceGPTGPartInfo', ID = '3714'
Method 'SystemCollectionsGenericIEnumerator1CosmosHALBlockDeviceGPTGPartInfoSystemSZArrayHelperGetEnumeratorCosmosHALBlockDeviceGPTGPartInfo', ID = '3715'
Method 'SystemVoidSystemSZArrayHelperCopyToCosmosHALBlockDeviceGPTGPartInfoCosmosHALBlockDeviceGPTGPartInfoarraySystemInt32', ID = '3716'
Method 'SystemInt32SystemSZArrayHelperget_CountCosmosHALBlockDeviceGPTGPartInfo', ID = '3717'
Method 'CosmosHALBlockDeviceGPTGPartInfoSystemSZArrayHelperget_ItemCosmosHALBlockDeviceGPTGPartInfoSystemInt32', ID = '3718'
Method 'SystemVoidSystemSZArrayHelperset_ItemCosmosHALBlockDeviceGPTGPartInfoSystemInt32CosmosHALBlockDeviceGPTGPartInfo', ID = '3719'
Method 'SystemVoidSystemSZArrayHelperAddCosmosHALBlockDeviceGPTGPartInfoCosmosHALBlockDeviceGPTGPartInfo', ID = '3720'
Method 'SystemBooleanSystemSZArrayHelperContainsCosmosHALBlockDeviceGPTGPartInfoCosmosHALBlockDeviceGPTGPartInfo', ID = '3721'
Method 'SystemBooleanSystemSZArrayHelperget_IsReadOnlyCosmosHALBlockDeviceGPTGPartInfo', ID = '3722'
Method 'SystemVoidSystemSZArrayHelperClearCosmosHALBlockDeviceGPTGPartInfo', ID = '3723'
Method 'SystemInt32SystemSZArrayHelperIndexOfCosmosHALBlockDeviceGPTGPartInfoCosmosHALBlockDeviceGPTGPartInfo', ID = '3724'
Method 'SystemVoidSystemSZArrayHelperInsertCosmosHALBlockDeviceGPTGPartInfoSystemInt32CosmosHALBlockDeviceGPTGPartInfo', ID = '3725'
Method 'SystemBooleanSystemSZArrayHelperRemoveCosmosHALBlockDeviceGPTGPartInfoCosmosHALBlockDeviceGPTGPartInfo', ID = '3726'
Method 'SystemVoidSystemSZArrayHelperRemoveAtCosmosHALBlockDeviceGPTGPartInfoSystemInt32', ID = '3727'
Method 'SystemVoidSystemCollectionsGenericList1CosmosHALBlockDeviceMBRPartInfoAddWithResizeCosmosHALBlockDeviceMBRPartInfo', ID = '3729'
Method 'SystemCollectionsGenericIEnumerator1CosmosHALBlockDeviceMBRPartInfoSystemSZArrayHelperGetEnumeratorCosmosHALBlockDeviceMBRPartInfo', ID = '3730'
Method 'SystemVoidSystemSZArrayHelperCopyToCosmosHALBlockDeviceMBRPartInfoCosmosHALBlockDeviceMBRPartInfoarraySystemInt32', ID = '3731'
Method 'SystemInt32SystemSZArrayHelperget_CountCosmosHALBlockDeviceMBRPartInfo', ID = '3732'
Method 'CosmosHALBlockDeviceMBRPartInfoSystemSZArrayHelperget_ItemCosmosHALBlockDeviceMBRPartInfoSystemInt32', ID = '3733'
Method 'SystemVoidSystemSZArrayHelperset_ItemCosmosHALBlockDeviceMBRPartInfoSystemInt32CosmosHALBlockDeviceMBRPartInfo', ID = '3734'
Method 'SystemVoidSystemSZArrayHelperAddCosmosHALBlockDeviceMBRPartInfoCosmosHALBlockDeviceMBRPartInfo', ID = '3735'
Method 'SystemBooleanSystemSZArrayHelperContainsCosmosHALBlockDeviceMBRPartInfoCosmosHALBlockDeviceMBRPartInfo', ID = '3736'
Method 'SystemBooleanSystemSZArrayHelperget_IsReadOnlyCosmosHALBlockDeviceMBRPartInfo', ID = '3737'
Method 'SystemVoidSystemSZArrayHelperClearCosmosHALBlockDeviceMBRPartInfo', ID = '3738'
Method 'SystemInt32SystemSZArrayHelperIndexOfCosmosHALBlockDeviceMBRPartInfoCosmosHALBlockDeviceMBRPartInfo', ID = '3739'
Method 'SystemVoidSystemSZArrayHelperInsertCosmosHALBlockDeviceMBRPartInfoSystemInt32CosmosHALBlockDeviceMBRPartInfo', ID = '3740'
Method 'SystemBooleanSystemSZArrayHelperRemoveCosmosHALBlockDeviceMBRPartInfoCosmosHALBlockDeviceMBRPartInfo', ID = '3741'
Method 'SystemVoidSystemSZArrayHelperRemoveAtCosmosHALBlockDeviceMBRPartInfoSystemInt32', ID = '3742'
Method 'SystemUInt16SystemBitConverterToUInt16SystemBytearraySystemInt32', ID = '3745'
Method 'SystemVoidSystemCollectionsGenericList1CosmosHALBlockDeviceEBRPartInfoAddWithResizeCosmosHALBlockDeviceEBRPartInfo', ID = '3747'
Method 'SystemCollectionsGenericIEnumerator1CosmosHALBlockDeviceEBRPartInfoSystemSZArrayHelperGetEnumeratorCosmosHALBlockDeviceEBRPartInfo', ID = '3748'
Method 'SystemVoidSystemSZArrayHelperCopyToCosmosHALBlockDeviceEBRPartInfoCosmosHALBlockDeviceEBRPartInfoarraySystemInt32', ID = '3749'
Method 'SystemInt32SystemSZArrayHelperget_CountCosmosHALBlockDeviceEBRPartInfo', ID = '3750'
Method 'CosmosHALBlockDeviceEBRPartInfoSystemSZArrayHelperget_ItemCosmosHALBlockDeviceEBRPartInfoSystemInt32', ID = '3751'
Method 'SystemVoidSystemSZArrayHelperset_ItemCosmosHALBlockDeviceEBRPartInfoSystemInt32CosmosHALBlockDeviceEBRPartInfo', ID = '3752'
Method 'SystemVoidSystemSZArrayHelperAddCosmosHALBlockDeviceEBRPartInfoCosmosHALBlockDeviceEBRPartInfo', ID = '3753'
Method 'SystemBooleanSystemSZArrayHelperContainsCosmosHALBlockDeviceEBRPartInfoCosmosHALBlockDeviceEBRPartInfo', ID = '3754'
Method 'SystemBooleanSystemSZArrayHelperget_IsReadOnlyCosmosHALBlockDeviceEBRPartInfo', ID = '3755'
Method 'SystemVoidSystemSZArrayHelperClearCosmosHALBlockDeviceEBRPartInfo', ID = '3756'
Method 'SystemInt32SystemSZArrayHelperIndexOfCosmosHALBlockDeviceEBRPartInfoCosmosHALBlockDeviceEBRPartInfo', ID = '3757'
Method 'SystemVoidSystemSZArrayHelperInsertCosmosHALBlockDeviceEBRPartInfoSystemInt32CosmosHALBlockDeviceEBRPartInfo', ID = '3758'
Method 'SystemBooleanSystemSZArrayHelperRemoveCosmosHALBlockDeviceEBRPartInfoCosmosHALBlockDeviceEBRPartInfo', ID = '3759'
Method 'SystemVoidSystemSZArrayHelperRemoveAtCosmosHALBlockDeviceEBRPartInfoSystemInt32', ID = '3760'
Method 'SystemVoidSystemSZGenericArrayEnumerator1CosmosHALBlockDeviceBlockDevicecctor', ID = '3762'
Method 'SystemVoidSystemSZGenericArrayEnumerator1CosmosHALBlockDeviceBlockDeviceDispose', ID = '3763'
Method 'SystemBooleanSystemSZGenericArrayEnumerator1CosmosHALBlockDeviceBlockDeviceMoveNext', ID = '3764'
Method 'SystemBooleanSystemRuntimeCompilerServicesRuntimeHelpersIsBitwiseEquatableCosmosHALBlockDeviceBlockDevice', ID = '3765'
Method 'SystemInt32InternalRuntimeCompilerServicesUnsafeSizeOfCosmosHALBlockDeviceBlockDevice', ID = '3766'
Method 'SystemByteInternalRuntimeCompilerServicesUnsafeAsCosmosHALBlockDeviceBlockDeviceSystemByteCosmosHALBlockDeviceBlockDevice', ID = '3767'
Method 'SystemCharInternalRuntimeCompilerServicesUnsafeAsCosmosHALBlockDeviceBlockDeviceSystemCharCosmosHALBlockDeviceBlockDevice', ID = '3768'
Method 'SystemInt32InternalRuntimeCompilerServicesUnsafeAsCosmosHALBlockDeviceBlockDeviceSystemInt32CosmosHALBlockDeviceBlockDevice', ID = '3769'
Method 'SystemInt64InternalRuntimeCompilerServicesUnsafeAsCosmosHALBlockDeviceBlockDeviceSystemInt64CosmosHALBlockDeviceBlockDevice', ID = '3770'
Method 'SystemCollectionsGenericEqualityComparer1CosmosHALBlockDeviceBlockDeviceSystemCollectionsGenericEqualityComparer1CosmosHALBlockDeviceBlockDeviceget_Default', ID = '3771'
Method 'SystemInt32SystemCollectionsGenericEqualityComparer1CosmosHALBlockDeviceBlockDeviceIndexOfCosmosHALBlockDeviceBlockDevicearrayCosmosHALBlockDeviceBlockDeviceSystemInt32SystemInt32', ID = '3772'
Method 'SystemVoidCosmosIL2CPUSZArrayImpl1GetEnumeratord__0CosmosHALBlockDeviceBlockDevicectorSystemInt32', ID = '3773'
Method 'SystemVoidSystemSZGenericArrayEnumerator1CosmosHALBlockDevicePartitioncctor', ID = '3775'
Method 'SystemVoidSystemSZGenericArrayEnumerator1CosmosHALBlockDevicePartitionDispose', ID = '3776'
Method 'SystemBooleanSystemSZGenericArrayEnumerator1CosmosHALBlockDevicePartitionMoveNext', ID = '3777'
Method 'SystemBooleanSystemRuntimeCompilerServicesRuntimeHelpersIsBitwiseEquatableCosmosHALBlockDevicePartition', ID = '3778'
Method 'SystemInt32InternalRuntimeCompilerServicesUnsafeSizeOfCosmosHALBlockDevicePartition', ID = '3779'
Method 'SystemByteInternalRuntimeCompilerServicesUnsafeAsCosmosHALBlockDevicePartitionSystemByteCosmosHALBlockDevicePartition', ID = '3780'
Method 'SystemCharInternalRuntimeCompilerServicesUnsafeAsCosmosHALBlockDevicePartitionSystemCharCosmosHALBlockDevicePartition', ID = '3781'
Method 'SystemInt32InternalRuntimeCompilerServicesUnsafeAsCosmosHALBlockDevicePartitionSystemInt32CosmosHALBlockDevicePartition', ID = '3782'
Method 'SystemInt64InternalRuntimeCompilerServicesUnsafeAsCosmosHALBlockDevicePartitionSystemInt64CosmosHALBlockDevicePartition', ID = '3783'
Method 'SystemCollectionsGenericEqualityComparer1CosmosHALBlockDevicePartitionSystemCollectionsGenericEqualityComparer1CosmosHALBlockDevicePartitionget_Default', ID = '3784'
Method 'SystemInt32SystemCollectionsGenericEqualityComparer1CosmosHALBlockDevicePartitionIndexOfCosmosHALBlockDevicePartitionarrayCosmosHALBlockDevicePartitionSystemInt32SystemInt32', ID = '3785'
Method 'SystemVoidCosmosIL2CPUSZArrayImpl1GetEnumeratord__0CosmosHALBlockDevicePartitionctorSystemInt32', ID = '3786'
Method 'CosmosHALBlockDevicePortsStoragePortarrayInternalRuntimeCompilerServicesUnsafeAsCosmosHALBlockDevicePortsStoragePortarraySystemObject', ID = '3788'
Method 'SystemVoidSystemSZGenericArrayEnumerator1CosmosHALBlockDevicePortsStoragePortctorCosmosHALBlockDevicePortsStoragePortarray', ID = '3789'
Method 'SystemInt32SystemArrayIndexOfCosmosHALBlockDevicePortsStoragePortCosmosHALBlockDevicePortsStoragePortarrayCosmosHALBlockDevicePortsStoragePortSystemInt32SystemInt32', ID = '3792'
Method 'SystemCollectionsGenericIEnumerator1CosmosHALBlockDevicePortsStoragePortCosmosIL2CPUSZArrayImpl1CosmosHALBlockDevicePortsStoragePortGetEnumerator', ID = '3793'
Method 'SystemVoidCosmosIL2CPUSZArrayImpl1CosmosHALBlockDevicePortsStoragePortCopyToCosmosHALBlockDevicePortsStoragePortarraySystemInt32', ID = '3794'
Method 'SystemInt32CosmosIL2CPUSZArrayImpl1CosmosHALBlockDevicePortsStoragePortget_Count', ID = '3795'
Method 'CosmosHALBlockDevicePortsStoragePortCosmosIL2CPUSZArrayImpl1CosmosHALBlockDevicePortsStoragePortget_ItemSystemInt32', ID = '3796'
Method 'SystemVoidCosmosIL2CPUSZArrayImpl1CosmosHALBlockDevicePortsStoragePortset_ItemSystemInt32CosmosHALBlockDevicePortsStoragePort', ID = '3797'
Method 'SystemVoidCosmosIL2CPUSZArrayImpl1CosmosHALBlockDevicePortsStoragePortAddCosmosHALBlockDevicePortsStoragePort', ID = '3798'
Method 'SystemBooleanCosmosIL2CPUSZArrayImpl1CosmosHALBlockDevicePortsStoragePortContainsCosmosHALBlockDevicePortsStoragePort', ID = '3799'
Method 'SystemBooleanCosmosIL2CPUSZArrayImpl1CosmosHALBlockDevicePortsStoragePortget_IsReadOnly', ID = '3800'
Method 'SystemVoidCosmosIL2CPUSZArrayImpl1CosmosHALBlockDevicePortsStoragePortClear', ID = '3801'
Method 'SystemInt32CosmosIL2CPUSZArrayImpl1CosmosHALBlockDevicePortsStoragePortIndexOfCosmosHALBlockDevicePortsStoragePort', ID = '3802'
Method 'SystemVoidCosmosIL2CPUSZArrayImpl1CosmosHALBlockDevicePortsStoragePortInsertSystemInt32CosmosHALBlockDevicePortsStoragePort', ID = '3803'
Method 'SystemVoidCosmosIL2CPUSZArrayImpl1CosmosHALBlockDevicePortsStoragePortRemoveAtSystemInt32', ID = '3804'
Method 'SystemBooleanCosmosIL2CPUSZArrayImpl1CosmosHALBlockDevicePortsStoragePortget_IsFixedSize', ID = '3805'
Method 'SystemVoidCosmosIL2CPUSZArrayImpl1CosmosHALBlockDevicePortsStoragePortRemoveCosmosHALBlockDevicePortsStoragePort', ID = '3806'
Method 'SystemObjectCosmosIL2CPUSZArrayImpl1CosmosHALBlockDevicePortsStoragePortget_SyncRoot', ID = '3807'
Method 'SystemBooleanCosmosIL2CPUSZArrayImpl1CosmosHALBlockDevicePortsStoragePortget_IsSynchronized', ID = '3808'
Method 'SystemRuntimeCompilerServicesRawDataInternalRuntimeCompilerServicesUnsafeAsSystemRuntimeCompilerServicesRawDataSystemObject', ID = '3809'
Method 'SystemBooleanSystemNumericsBitOperationsIsPow2SystemInt32', ID = '3811'
Method 'SystemUInt16InternalRuntimeCompilerServicesUnsafeAsSystemCharSystemUInt16SystemChar', ID = '3812'
Method 'SystemNumericsVector1SystemByteSystemNumericsVector1SystemUInt16op_ExplicitSystemNumericsVector1SystemUInt16', ID = '3813'
Method 'SystemUInt32InternalRuntimeCompilerServicesUnsafeAsSystemCharSystemUInt32SystemChar', ID = '3814'
Method 'SystemVoidSystemNumericsVector1SystemUInt32ctorSystemUInt32', ID = '3815'
Method 'SystemNumericsVector1SystemByteSystemNumericsVector1SystemUInt32op_ExplicitSystemNumericsVector1SystemUInt32', ID = '3816'
Method 'SystemVoidSystemNumericsVector1SystemSinglectorSystemSingle', ID = '3817'
Method 'SystemNumericsVector1SystemByteSystemNumericsVector1SystemSingleop_ExplicitSystemNumericsVector1SystemSingle', ID = '3818'
Method 'SystemUInt64InternalRuntimeCompilerServicesUnsafeAsSystemCharSystemUInt64SystemChar', ID = '3819'
Method 'SystemVoidSystemNumericsVector1SystemUInt64ctorSystemUInt64', ID = '3820'
Method 'SystemNumericsVector1SystemByteSystemNumericsVector1SystemUInt64op_ExplicitSystemNumericsVector1SystemUInt64', ID = '3821'
Method 'SystemVoidSystemNumericsVector1SystemDoublectorSystemDouble', ID = '3822'
Method 'SystemNumericsVector1SystemByteSystemNumericsVector1SystemDoubleop_ExplicitSystemNumericsVector1SystemDouble', ID = '3823'
Method 'SystemRuntimeIntrinsicsVector1281SystemByteInternalRuntimeCompilerServicesUnsafeAsSystemCharSystemRuntimeIntrinsicsVector1281SystemByteSystemChar', ID = '3824'
Method 'SystemNumericsVector1SystemByteSystemRuntimeIntrinsicsVector128AsVectorSystemByteSystemRuntimeIntrinsicsVector1281SystemByte', ID = '3825'
Method 'SystemRuntimeIntrinsicsVector2561SystemByteSystemRuntimeIntrinsicsVector256CreateSystemRuntimeIntrinsicsVector1281SystemByteSystemRuntimeIntrinsicsVector1281SystemByte', ID = '3826'
Method 'SystemNumericsVector1SystemByteSystemRuntimeIntrinsicsVector256AsVectorSystemByteSystemRuntimeIntrinsicsVector2561SystemByte', ID = '3827'
Method 'SystemRuntimeIntrinsicsVector2561SystemByteInternalRuntimeCompilerServicesUnsafeAsSystemCharSystemRuntimeIntrinsicsVector2561SystemByteSystemChar', ID = '3828'
Method 'SystemVoidInternalRuntimeCompilerServicesUnsafeWriteUnalignedSystemNumericsVector1SystemByteSystemByteSystemNumericsVector1SystemByte', ID = '3829'
Method 'SystemVoidCosmosCoreMemoryOperationsFillSystemBytepointerSystemByteSystemInt32', ID = '3830'
Method 'SystemCollectionsGenericIEnumerator1CosmosHALBlockDeviceRegistersHBACommandHeaderSystemSZArrayHelperGetEnumeratorCosmosHALBlockDeviceRegistersHBACommandHeader', ID = '3831'
Method 'SystemVoidSystemSZArrayHelperCopyToCosmosHALBlockDeviceRegistersHBACommandHeaderCosmosHALBlockDeviceRegistersHBACommandHeaderarraySystemInt32', ID = '3832'
Method 'SystemInt32SystemSZArrayHelperget_CountCosmosHALBlockDeviceRegistersHBACommandHeader', ID = '3833'
Method 'CosmosHALBlockDeviceRegistersHBACommandHeaderSystemSZArrayHelperget_ItemCosmosHALBlockDeviceRegistersHBACommandHeaderSystemInt32', ID = '3834'
Method 'SystemVoidSystemSZArrayHelperset_ItemCosmosHALBlockDeviceRegistersHBACommandHeaderSystemInt32CosmosHALBlockDeviceRegistersHBACommandHeader', ID = '3835'
Method 'SystemVoidSystemSZArrayHelperAddCosmosHALBlockDeviceRegistersHBACommandHeaderCosmosHALBlockDeviceRegistersHBACommandHeader', ID = '3836'
Method 'SystemBooleanSystemSZArrayHelperContainsCosmosHALBlockDeviceRegistersHBACommandHeaderCosmosHALBlockDeviceRegistersHBACommandHeader', ID = '3837'
Method 'SystemBooleanSystemSZArrayHelperget_IsReadOnlyCosmosHALBlockDeviceRegistersHBACommandHeader', ID = '3838'
Method 'SystemVoidSystemSZArrayHelperClearCosmosHALBlockDeviceRegistersHBACommandHeader', ID = '3839'
Method 'SystemInt32SystemSZArrayHelperIndexOfCosmosHALBlockDeviceRegistersHBACommandHeaderCosmosHALBlockDeviceRegistersHBACommandHeader', ID = '3840'
Method 'SystemVoidSystemSZArrayHelperInsertCosmosHALBlockDeviceRegistersHBACommandHeaderSystemInt32CosmosHALBlockDeviceRegistersHBACommandHeader', ID = '3841'
Method 'SystemBooleanSystemSZArrayHelperRemoveCosmosHALBlockDeviceRegistersHBACommandHeaderCosmosHALBlockDeviceRegistersHBACommandHeader', ID = '3842'
Method 'SystemVoidSystemSZArrayHelperRemoveAtCosmosHALBlockDeviceRegistersHBACommandHeaderSystemInt32', ID = '3843'
Method 'SystemVoidCosmosCoreMemoryBlock16set_ItemSystemUInt32SystemUInt16', ID = '3850'
Method 'SystemVoidCosmosHALBlockDevicePortsSATASendSATA48CommandCosmosHALBlockDeviceRegistersATACommandsSystemUInt64SystemUInt32', ID = '3851'
Method 'SystemVoidCosmosCoreMemoryBlockRead8SystemBytearray', ID = '3852'
Method 'SystemUInt32CosmosHALBlockDeviceRegistersPortRegistersget_SACT', ID = '3853'
Method 'SystemUInt16CosmosCoreMemoryBlock16get_ItemSystemUInt32', ID = '3854'
Method 'SystemVoidCosmosHALBlockDeviceRegistersHBAPRDTEntryctorSystemUInt32SystemUInt32', ID = '3856'
Method 'SystemVoidCosmosIL2CPUSZArrayImpl1GetEnumeratord__0SystemStringSystemIDisposableDispose', ID = '3859'
Method 'SystemBooleanCosmosIL2CPUSZArrayImpl1GetEnumeratord__0SystemStringMoveNext', ID = '3860'
Method 'CosmosCoreManagedMemoryBlockarrayInternalRuntimeCompilerServicesUnsafeAsCosmosCoreManagedMemoryBlockarraySystemObject', ID = '3862'
Method 'SystemVoidSystemSZGenericArrayEnumerator1CosmosCoreManagedMemoryBlockctorCosmosCoreManagedMemoryBlockarray', ID = '3863'
Method 'SystemInt32SystemArrayIndexOfCosmosCoreManagedMemoryBlockCosmosCoreManagedMemoryBlockarrayCosmosCoreManagedMemoryBlockSystemInt32SystemInt32', ID = '3866'
Method 'SystemCollectionsGenericIEnumerator1CosmosCoreManagedMemoryBlockCosmosIL2CPUSZArrayImpl1CosmosCoreManagedMemoryBlockGetEnumerator', ID = '3867'
Method 'SystemVoidCosmosIL2CPUSZArrayImpl1CosmosCoreManagedMemoryBlockCopyToCosmosCoreManagedMemoryBlockarraySystemInt32', ID = '3868'
Method 'SystemInt32CosmosIL2CPUSZArrayImpl1CosmosCoreManagedMemoryBlockget_Count', ID = '3869'
Method 'CosmosCoreManagedMemoryBlockCosmosIL2CPUSZArrayImpl1CosmosCoreManagedMemoryBlockget_ItemSystemInt32', ID = '3870'
Method 'SystemVoidCosmosIL2CPUSZArrayImpl1CosmosCoreManagedMemoryBlockset_ItemSystemInt32CosmosCoreManagedMemoryBlock', ID = '3871'
Method 'SystemVoidCosmosIL2CPUSZArrayImpl1CosmosCoreManagedMemoryBlockAddCosmosCoreManagedMemoryBlock', ID = '3872'
Method 'SystemBooleanCosmosIL2CPUSZArrayImpl1CosmosCoreManagedMemoryBlockContainsCosmosCoreManagedMemoryBlock', ID = '3873'
Method 'SystemBooleanCosmosIL2CPUSZArrayImpl1CosmosCoreManagedMemoryBlockget_IsReadOnly', ID = '3874'
Method 'SystemVoidCosmosIL2CPUSZArrayImpl1CosmosCoreManagedMemoryBlockClear', ID = '3875'
Method 'SystemInt32CosmosIL2CPUSZArrayImpl1CosmosCoreManagedMemoryBlockIndexOfCosmosCoreManagedMemoryBlock', ID = '3876'
Method 'SystemVoidCosmosIL2CPUSZArrayImpl1CosmosCoreManagedMemoryBlockInsertSystemInt32CosmosCoreManagedMemoryBlock', ID = '3877'
Method 'SystemVoidCosmosIL2CPUSZArrayImpl1CosmosCoreManagedMemoryBlockRemoveAtSystemInt32', ID = '3878'
Method 'SystemBooleanCosmosIL2CPUSZArrayImpl1CosmosCoreManagedMemoryBlockget_IsFixedSize', ID = '3879'
Method 'SystemVoidCosmosIL2CPUSZArrayImpl1CosmosCoreManagedMemoryBlockRemoveCosmosCoreManagedMemoryBlock', ID = '3880'
Method 'SystemObjectCosmosIL2CPUSZArrayImpl1CosmosCoreManagedMemoryBlockget_SyncRoot', ID = '3881'
Method 'SystemBooleanCosmosIL2CPUSZArrayImpl1CosmosCoreManagedMemoryBlockget_IsSynchronized', ID = '3882'
Method 'SystemBytearrayarrayInternalRuntimeCompilerServicesUnsafeAsSystemBytearrayarraySystemObject', ID = '3884'
Method 'SystemVoidSystemSZGenericArrayEnumerator1SystemBytearrayctorSystemBytearrayarray', ID = '3885'
Method 'SystemInt32SystemArrayIndexOfSystemBytearraySystemBytearrayarraySystemBytearraySystemInt32SystemInt32', ID = '3888'
Method 'SystemCollectionsGenericIEnumerator1SystemBytearrayCosmosIL2CPUSZArrayImpl1SystemBytearrayGetEnumerator', ID = '3889'
Method 'SystemVoidCosmosIL2CPUSZArrayImpl1SystemBytearrayCopyToSystemBytearrayarraySystemInt32', ID = '3890'
Method 'SystemInt32CosmosIL2CPUSZArrayImpl1SystemBytearrayget_Count', ID = '3891'
Method 'SystemBytearrayCosmosIL2CPUSZArrayImpl1SystemBytearrayget_ItemSystemInt32', ID = '3892'
Method 'SystemVoidCosmosIL2CPUSZArrayImpl1SystemBytearrayset_ItemSystemInt32SystemBytearray', ID = '3893'
Method 'SystemVoidCosmosIL2CPUSZArrayImpl1SystemBytearrayAddSystemBytearray', ID = '3894'
Method 'SystemBooleanCosmosIL2CPUSZArrayImpl1SystemBytearrayContainsSystemBytearray', ID = '3895'
Method 'SystemBooleanCosmosIL2CPUSZArrayImpl1SystemBytearrayget_IsReadOnly', ID = '3896'
Method 'SystemVoidCosmosIL2CPUSZArrayImpl1SystemBytearrayClear', ID = '3897'
Method 'SystemInt32CosmosIL2CPUSZArrayImpl1SystemBytearrayIndexOfSystemBytearray', ID = '3898'
Method 'SystemVoidCosmosIL2CPUSZArrayImpl1SystemBytearrayInsertSystemInt32SystemBytearray', ID = '3899'
Method 'SystemVoidCosmosIL2CPUSZArrayImpl1SystemBytearrayRemoveAtSystemInt32', ID = '3900'
Method 'SystemBooleanCosmosIL2CPUSZArrayImpl1SystemBytearrayget_IsFixedSize', ID = '3901'
Method 'SystemVoidCosmosIL2CPUSZArrayImpl1SystemBytearrayRemoveSystemBytearray', ID = '3902'
Method 'SystemObjectCosmosIL2CPUSZArrayImpl1SystemBytearrayget_SyncRoot', ID = '3903'
Method 'SystemBooleanCosmosIL2CPUSZArrayImpl1SystemBytearrayget_IsSynchronized', ID = '3904'
Method 'SystemVoidSystemCollectionsGenericList1CosmosHALNetworkDeviceset_CapacitySystemInt32', ID = '3905'
Method 'SystemVoidSystemCollectionsGenericQueue1SystemBytearraySetCapacitySystemInt32', ID = '3906'
Method 'SystemStringSystemReflectionAssemblyCreateQualifiedNameSystemStringSystemString', ID = '3909'
Method 'SystemByteCosmosHALDriversPCINetworkRTL8139get_Config1Register', ID = '3910'
Method 'SystemVoidSystemSZGenericArrayEnumerator1CosmosHALNetworkDevicecctor', ID = '3911'
Method 'SystemVoidSystemSZGenericArrayEnumerator1CosmosHALNetworkDeviceDispose', ID = '3912'
Method 'SystemBooleanSystemSZGenericArrayEnumerator1CosmosHALNetworkDeviceMoveNext', ID = '3913'
Method 'SystemBooleanSystemRuntimeCompilerServicesRuntimeHelpersIsBitwiseEquatableCosmosHALNetworkDevice', ID = '3914'
Method 'SystemInt32InternalRuntimeCompilerServicesUnsafeSizeOfCosmosHALNetworkDevice', ID = '3915'
Method 'SystemByteInternalRuntimeCompilerServicesUnsafeAsCosmosHALNetworkDeviceSystemByteCosmosHALNetworkDevice', ID = '3916'
Method 'SystemCharInternalRuntimeCompilerServicesUnsafeAsCosmosHALNetworkDeviceSystemCharCosmosHALNetworkDevice', ID = '3917'
Method 'SystemInt32InternalRuntimeCompilerServicesUnsafeAsCosmosHALNetworkDeviceSystemInt32CosmosHALNetworkDevice', ID = '3918'
Method 'SystemInt64InternalRuntimeCompilerServicesUnsafeAsCosmosHALNetworkDeviceSystemInt64CosmosHALNetworkDevice', ID = '3919'
Method 'SystemCollectionsGenericEqualityComparer1CosmosHALNetworkDeviceSystemCollectionsGenericEqualityComparer1CosmosHALNetworkDeviceget_Default', ID = '3920'
Method 'SystemInt32SystemCollectionsGenericEqualityComparer1CosmosHALNetworkDeviceIndexOfCosmosHALNetworkDevicearrayCosmosHALNetworkDeviceSystemInt32SystemInt32', ID = '3921'
Method 'SystemVoidCosmosIL2CPUSZArrayImpl1GetEnumeratord__0CosmosHALNetworkDevicectorSystemInt32', ID = '3922'
Method 'SystemVoidCosmosIL2CPUSZArrayImpl1GetEnumeratord__0SystemCollectionsGenericDictionary2EntrySystemUInt32CosmosHALNetworkDeviceSystemIDisposableDispose', ID = '3928'
Method 'SystemBooleanCosmosIL2CPUSZArrayImpl1GetEnumeratord__0SystemCollectionsGenericDictionary2EntrySystemUInt32CosmosHALNetworkDeviceMoveNext', ID = '3929'
Method 'SystemVoidSystemSZGenericArrayEnumerator1SystemCollectionsGenericKeyValuePair2SystemUInt32CosmosHALNetworkDevicecctor', ID = '3930'
Method 'SystemVoidSystemSZGenericArrayEnumerator1SystemCollectionsGenericKeyValuePair2SystemUInt32CosmosHALNetworkDeviceDispose', ID = '3931'
Method 'SystemBooleanSystemSZGenericArrayEnumerator1SystemCollectionsGenericKeyValuePair2SystemUInt32CosmosHALNetworkDeviceMoveNext', ID = '3932'
Method 'SystemStringSystemCollectionsGenericKeyValuePair2SystemUInt32CosmosHALNetworkDeviceToString', ID = '3933'
Method 'SystemBooleanSystemRuntimeCompilerServicesRuntimeHelpersIsBitwiseEquatableSystemCollectionsGenericKeyValuePair2SystemUInt32CosmosHALNetworkDevice', ID = '3934'
Method 'SystemInt32InternalRuntimeCompilerServicesUnsafeSizeOfSystemCollectionsGenericKeyValuePair2SystemUInt32CosmosHALNetworkDevice', ID = '3935'
Method 'SystemByteInternalRuntimeCompilerServicesUnsafeAsSystemCollectionsGenericKeyValuePair2SystemUInt32CosmosHALNetworkDeviceSystemByteSystemCollectionsGenericKeyValuePair2SA1DF097FC1C175168C28CAAC542F126F', ID = '3936'
Method 'SystemCharInternalRuntimeCompilerServicesUnsafeAsSystemCollectionsGenericKeyValuePair2SystemUInt32CosmosHALNetworkDeviceSystemCharSystemCollectionsGenericKeyValuePair2S760DCC5F3F01B3DCDE6D993C5B0EE7EE', ID = '3937'
Method 'SystemInt32InternalRuntimeCompilerServicesUnsafeAsSystemCollectionsGenericKeyValuePair2SystemUInt32CosmosHALNetworkDeviceSystemInt32SystemCollectionsGenericKeyValuePair198AAED7B8853634CFE2D16EBFE82D0B', ID = '3938'
Method 'SystemInt64InternalRuntimeCompilerServicesUnsafeAsSystemCollectionsGenericKeyValuePair2SystemUInt32CosmosHALNetworkDeviceSystemInt64SystemCollectionsGenericKeyValuePair91B9753D1D6F83B8CDD6A75D31C934F8', ID = '3939'
Method 'SystemCollectionsGenericEqualityComparer1SystemCollectionsGenericKeyValuePair2SystemUInt32CosmosHALNetworkDeviceSystemCollectionsGenericEqualityComparer1SystemCollectio5120DE966ED42F4859301EF16A9C0D65', ID = '3940'
Method 'SystemInt32SystemCollectionsGenericEqualityComparer1SystemCollectionsGenericKeyValuePair2SystemUInt32CosmosHALNetworkDeviceIndexOfSystemCollectionsGenericKeyValuePair2S828045C2AFF7B809CA07003AF5F02F33', ID = '3941'
Method 'SystemVoidCosmosIL2CPUSZArrayImpl1GetEnumeratord__0SystemCollectionsGenericKeyValuePair2SystemUInt32CosmosHALNetworkDevicectorSystemInt32', ID = '3942'
Method 'SystemDoubleCosmosSystem_PlugsSystemMathImplSqrtSystemDouble', ID = '3945'
Method 'SystemVoidCosmosCore_PlugsSystemRuntimeTypeImplCCtor', ID = '3946'
Method 'SystemStringSystemRuntimeTypeGetCachedNameSystemTypeNameKind', ID = '3947'
Method 'SystemStringCosmosCore_PlugsSystemRuntimeTypeImplget_Name', ID = '3948'
Method 'SystemVoidSystemCollectionsGenericNonRandomizedStringEqualityComparerctorSystemCollectionsGenericIEqualityComparer1SystemString', ID = '3950'
Method 'SystemVoidSystemOrdinalCaseSensitiveComparerctor', ID = '3952'
Method 'SystemVoidSystemOrdinalIgnoreCaseComparerctor', ID = '3953'
Method 'SystemCollectionsGenericIEnumerator1CosmosHALKeyboardBaseSystemSZArrayHelperGetEnumeratorCosmosHALKeyboardBase', ID = '3954'
Method 'SystemVoidSystemSZArrayHelperCopyToCosmosHALKeyboardBaseCosmosHALKeyboardBasearraySystemInt32', ID = '3955'
Method 'SystemInt32SystemSZArrayHelperget_CountCosmosHALKeyboardBase', ID = '3956'
Method 'CosmosHALKeyboardBaseSystemSZArrayHelperget_ItemCosmosHALKeyboardBaseSystemInt32', ID = '3957'
Method 'SystemVoidSystemSZArrayHelperset_ItemCosmosHALKeyboardBaseSystemInt32CosmosHALKeyboardBase', ID = '3958'
Method 'SystemVoidSystemSZArrayHelperAddCosmosHALKeyboardBaseCosmosHALKeyboardBase', ID = '3959'
Method 'SystemBooleanSystemSZArrayHelperContainsCosmosHALKeyboardBaseCosmosHALKeyboardBase', ID = '3960'
Method 'SystemBooleanSystemSZArrayHelperget_IsReadOnlyCosmosHALKeyboardBase', ID = '3961'
Method 'SystemVoidSystemSZArrayHelperClearCosmosHALKeyboardBase', ID = '3962'
Method 'SystemInt32SystemSZArrayHelperIndexOfCosmosHALKeyboardBaseCosmosHALKeyboardBase', ID = '3963'
Method 'SystemVoidSystemSZArrayHelperInsertCosmosHALKeyboardBaseSystemInt32CosmosHALKeyboardBase', ID = '3964'
Method 'SystemBooleanSystemSZArrayHelperRemoveCosmosHALKeyboardBaseCosmosHALKeyboardBase', ID = '3965'
Method 'SystemVoidSystemSZArrayHelperRemoveAtCosmosHALKeyboardBaseSystemInt32', ID = '3966'
Method 'SystemVoidSystemCollectionsGenericList1CosmosSystemKeyMappingcctor', ID = '3968'
Method 'SystemVoidCosmosSystemScanMapsUS_StandardInitKeys', ID = '3975'
Method 'SystemCollectionsGenericIEnumerator1CosmosSystemKeyEventSystemSZArrayHelperGetEnumeratorCosmosSystemKeyEvent', ID = '3976'
Method 'SystemVoidSystemSZArrayHelperCopyToCosmosSystemKeyEventCosmosSystemKeyEventarraySystemInt32', ID = '3977'
Method 'SystemInt32SystemSZArrayHelperget_CountCosmosSystemKeyEvent', ID = '3978'
Method 'CosmosSystemKeyEventSystemSZArrayHelperget_ItemCosmosSystemKeyEventSystemInt32', ID = '3979'
Method 'SystemVoidSystemSZArrayHelperset_ItemCosmosSystemKeyEventSystemInt32CosmosSystemKeyEvent', ID = '3980'
Method 'SystemVoidSystemSZArrayHelperAddCosmosSystemKeyEventCosmosSystemKeyEvent', ID = '3981'
Method 'SystemBooleanSystemSZArrayHelperContainsCosmosSystemKeyEventCosmosSystemKeyEvent', ID = '3982'
Method 'SystemBooleanSystemSZArrayHelperget_IsReadOnlyCosmosSystemKeyEvent', ID = '3983'
Method 'SystemVoidSystemSZArrayHelperClearCosmosSystemKeyEvent', ID = '3984'
Method 'SystemInt32SystemSZArrayHelperIndexOfCosmosSystemKeyEventCosmosSystemKeyEvent', ID = '3985'
Method 'SystemVoidSystemSZArrayHelperInsertCosmosSystemKeyEventSystemInt32CosmosSystemKeyEvent', ID = '3986'
Method 'SystemBooleanSystemSZArrayHelperRemoveCosmosSystemKeyEventCosmosSystemKeyEvent', ID = '3987'
Method 'SystemVoidSystemSZArrayHelperRemoveAtCosmosSystemKeyEventSystemInt32', ID = '3988'
Method 'SystemVoidSystemArrayEmptyArray1CosmosSystemKeyEventcctor', ID = '3993'
Method 'SystemVoidSystemCollectionsGenericList1CosmosHALKeyboardBaseGrowSystemInt32', ID = '3994'
Method 'SystemVoidSystemCollectionsGenericList1EnumeratorCosmosHALKeyboardBaseDispose', ID = '3995'
Method 'CosmosHALKeyboardBaseSystemCollectionsGenericList1EnumeratorCosmosHALKeyboardBaseget_Current', ID = '3996'
Method 'SystemBooleanSystemCollectionsGenericList1EnumeratorCosmosHALKeyboardBaseMoveNext', ID = '3997'
Method 'CosmosSystemKeyMappingSystemCollectionsGenericList1CosmosSystemKeyMappingget_ItemSystemInt32', ID = '3999'
Method 'SystemInt32SystemCollectionsGenericList1CosmosSystemKeyMappingget_Count', ID = '4001'
Method 'SystemCollectionsGenericList1EnumeratorCosmosHALKeyboardBaseSystemCollectionsGenericList1CosmosHALKeyboardBaseGetEnumerator', ID = '4002'
Method 'SystemBooleanCosmosSystemKeyboardManagerget_ControlPressed', ID = '4007'
Method 'SystemBooleanCosmosSystemKeyboardManagerget_ShiftPressed', ID = '4008'
Method 'SystemBooleanCosmosSystemKeyboardManagerget_AltPressed', ID = '4009'
Method 'CosmosSystemKeyEventCosmosSystemScanMapBaseConvertScanCodeSystemByteSystemBooleanSystemBooleanSystemBooleanSystemBooleanSystemBooleanSystemBoolean', ID = '4010'
Method 'SystemVoidSystemCollectionsGenericQueue1CosmosSystemKeyEventEnqueueCosmosSystemKeyEvent', ID = '4012'
Method 'SystemVoidCosmosIL2CPUSZArrayImpl1GetEnumeratord__0CosmosHALPCIDeviceSystemIDisposableDispose', ID = '4017'
Method 'SystemBooleanCosmosIL2CPUSZArrayImpl1GetEnumeratord__0CosmosHALPCIDeviceMoveNext', ID = '4018'
Method 'SystemVoidSystemCollectionsGenericEqualityComparer1CosmosHALPCIBaseAddressBarcctor', ID = '4019'
Method 'SystemVoidSystemBuffersArrayPool1SystemCharctor', ID = '4022'
Method 'SystemBooleanSystemRuntimeTypeIsSubclassOfSystemType', ID = '4025'
Method 'SystemVoidSystemGlobalizationCultureInfocctor', ID = '4028'
Method 'SystemStringSystemGlobalizationCultureInfoToString', ID = '4034'
Method 'SystemVoidSystemGlobalizationNumberFormatInfoctorSystemGlobalizationCultureData', ID = '4037'
Method 'SystemGlobalizationNumberFormatInfoSystemThreadingInterlockedCompareExchangeSystemGlobalizationNumberFormatInfoSystemGlobalizationNumberFormatInfoSystemGlobalizationNum1AC155408BC98221EC1517F620BD543E', ID = '4038'
Method 'SystemGlobalizationDateTimeFormatInfoSystemGlobalizationCultureInfoget_DateTimeFormat', ID = '4039'
Method 'SystemStringSystemPrivateCoreLibSystemSRget_Argument_InvalidTypeWithPointersNotSupported', ID = '4040'
Method 'SystemStringSystemNumberNumberBufferToString', ID = '4042'
Method 'SystemNumberDiyFpSystemNumberDiyFpCreateAndGetBoundariesSystemDoubleSystemNumberDiyFpSystemNumberDiyFp', ID = '4044'
Method 'SystemNumberDiyFpSystemNumberDiyFpNormalize', ID = '4045'
Method 'SystemBooleanSystemNumberGrisu3TryRunShortestSystemNumberDiyFpSystemNumberDiyFpSystemNumberDiyFpSystemSpan1SystemByteSystemInt32SystemInt32', ID = '4046'
Method 'SystemVoidSystemNumberDiyFpctorSystemDouble', ID = '4047'
Method 'SystemBooleanSystemNumberGrisu3TryRunCountedSystemNumberDiyFpSystemInt32SystemSpan1SystemByteSystemInt32SystemInt32', ID = '4048'
Method 'SystemUInt64SystemNumberExtractFractionAndBiasedExponentSystemDoubleSystemInt32', ID = '4049'
Method 'SystemInt32SystemNumericsBitOperationsLog2SystemUInt64', ID = '4050'
Method 'SystemUInt32SystemNumberDragon4SystemUInt64SystemInt32SystemUInt32SystemBooleanSystemInt32SystemBooleanSystemSpan1SystemByteSystemInt32', ID = '4051'
Method 'SystemBooleanSystemValueTuple2SystemUInt32SystemUInt32EqualsSystemValueTuple2SystemUInt32SystemUInt32', ID = '4054'
Method 'SystemInt32SystemHashCodeCombineSystemInt32SystemInt32SystemInt32SystemInt32', ID = '4055'
Method 'SystemBooleanSystemNumberRoundNumberg__ShouldRoundUpsLine80_0SystemBytepointerSystemInt32SystemNumberNumberBufferKindSystemBoolean', ID = '4057'
Method 'SystemInt32SystemGlobalizationNumberFormatInfoget_CurrencyPositivePattern', ID = '4058'
Method 'SystemInt32SystemGlobalizationNumberFormatInfoget_CurrencyNegativePattern', ID = '4059'
Method 'SystemStringSystemGlobalizationNumberFormatInfoget_CurrencyDecimalSeparator', ID = '4060'
Method 'SystemStringSystemGlobalizationNumberFormatInfoget_CurrencyGroupSeparator', ID = '4061'
Method 'SystemStringSystemGlobalizationNumberFormatInfoget_CurrencySymbol', ID = '4062'
Method 'SystemSpan1SystemCharSystemTextValueStringBuilderAppendSpanSystemInt32', ID = '4063'
Method 'SystemInt32SystemMathMinSystemInt32SystemInt32', ID = '4064'
Method 'SystemVoidSystemTextValueStringBuilderAppendSystemCharSystemInt32', ID = '4065'
Method 'SystemInt32SystemGlobalizationNumberFormatInfoget_NumberNegativePattern', ID = '4066'
Method 'SystemInt32SystemGlobalizationNumberFormatInfoget_PercentPositivePattern', ID = '4067'
Method 'SystemInt32SystemGlobalizationNumberFormatInfoget_PercentNegativePattern', ID = '4068'
Method 'SystemStringSystemGlobalizationNumberFormatInfoget_PercentDecimalSeparator', ID = '4069'
Method 'SystemStringSystemGlobalizationNumberFormatInfoget_PercentGroupSeparator', ID = '4070'
Method 'SystemVoidSystemByReference1SystemInt32ctorSystemInt32', ID = '4073'
Method 'SystemVoidSystemSpan1SystemInt32ctorSystemInt32array', ID = '4074'
Method 'SystemInt32SystemByReference1SystemInt32get_Value', ID = '4075'
Method 'SystemVoidSystemBufferMemmoveSystemInt32SystemInt32SystemInt32SystemUIntPtr', ID = '4076'
Method 'SystemStringSystemGlobalizationNumberFormatInfoget_PositiveSign', ID = '4077'
Method 'SystemVoidSystemTextValueStringBuilderAppendSystemCharpointerSystemInt32', ID = '4078'
Method 'SystemVoidSystemTextValueStringBuilderGrowSystemInt32', ID = '4079'
Method 'SystemVoidSystemSZGenericArrayEnumerator1CosmosHALPITPITTimercctor', ID = '4080'
Method 'SystemVoidSystemSZGenericArrayEnumerator1CosmosHALPITPITTimerDispose', ID = '4081'
Method 'SystemBooleanSystemSZGenericArrayEnumerator1CosmosHALPITPITTimerMoveNext', ID = '4082'
Method 'SystemBooleanSystemRuntimeCompilerServicesRuntimeHelpersIsBitwiseEquatableCosmosHALPITPITTimer', ID = '4083'
Method 'SystemInt32InternalRuntimeCompilerServicesUnsafeSizeOfCosmosHALPITPITTimer', ID = '4084'
Method 'SystemByteInternalRuntimeCompilerServicesUnsafeAsCosmosHALPITPITTimerSystemByteCosmosHALPITPITTimer', ID = '4085'
Method 'SystemCharInternalRuntimeCompilerServicesUnsafeAsCosmosHALPITPITTimerSystemCharCosmosHALPITPITTimer', ID = '4086'
Method 'SystemInt32InternalRuntimeCompilerServicesUnsafeAsCosmosHALPITPITTimerSystemInt32CosmosHALPITPITTimer', ID = '4087'
Method 'SystemInt64InternalRuntimeCompilerServicesUnsafeAsCosmosHALPITPITTimerSystemInt64CosmosHALPITPITTimer', ID = '4088'
Method 'SystemCollectionsGenericEqualityComparer1CosmosHALPITPITTimerSystemCollectionsGenericEqualityComparer1CosmosHALPITPITTimerget_Default', ID = '4089'
Method 'SystemInt32SystemCollectionsGenericEqualityComparer1CosmosHALPITPITTimerIndexOfCosmosHALPITPITTimerarrayCosmosHALPITPITTimerSystemInt32SystemInt32', ID = '4090'
Method 'SystemVoidCosmosIL2CPUSZArrayImpl1GetEnumeratord__0CosmosHALPITPITTimerctorSystemInt32', ID = '4091'
Method 'SystemVoidSystemTextEncodingctorSystemInt32', ID = '4093'
Method 'SystemVoidCosmosCore_PlugsMemoryOperationsMemoryOperationsImplCopy64BytesSystemBytepointerSystemBytepointer', ID = '4095'
Method 'SystemVoidCosmosCore_PlugsMemoryOperationsMemoryOperationsImplCopy16BytesSystemBytepointerSystemBytepointer', ID = '4096'
Method 'SystemVoidCosmosCore_PlugsMemoryOperationsMemoryOperationsImplCopy32BytesSystemBytepointerSystemBytepointer', ID = '4097'
Method 'SystemVoidCosmosCore_PlugsMemoryOperationsMemoryOperationsImplCopy128BytesSystemBytepointerSystemBytepointer', ID = '4098'
Method 'SystemVoidSystemTextUTF8Encodingcctor', ID = '4099'
Method 'SystemBytearraySystemTextUTF8EncodingUTF8EncodingSealedGetBytesForSmallInputSystemString', ID = '4100'
Method 'SystemInt32SystemTextUTF8EncodingGetByteCountCommonSystemCharpointerSystemInt32', ID = '4101'
Method 'SystemInt32SystemTextUTF8EncodingGetBytesCommonSystemCharpointerSystemInt32SystemBytepointerSystemInt32', ID = '4102'
Method 'SystemStringSystemTextEncoderReplacementFallbackget_DefaultString', ID = '4105'
Method 'SystemUIntPtrSystemTextASCIIUtilityGetIndexOfFirstNonAsciiCharSystemCharpointerSystemUIntPtr', ID = '4106'
Method 'SystemCharpointerSystemTextUnicodeUtf16UtilityGetPointerToFirstInvalidCharSystemCharpointerSystemInt32SystemInt64SystemInt32', ID = '4107'
Method 'SystemTextEncoderFallbackBufferSystemTextEncoderFallbackBufferCreateAndInitializeSystemTextEncodingSystemTextEncoderNLSSystemInt32', ID = '4110'
Method 'SystemBuffersOperationStatusSystemTextRuneDecodeFromUtf16SystemReadOnlySpan1SystemCharSystemTextRuneSystemInt32', ID = '4111'
Method 'SystemBooleanSystemTextEncoderNLSget_MustFlush', ID = '4112'
Method 'SystemInt32SystemTextEncoderFallbackBufferInternalFallbackGetByteCountSystemReadOnlySpan1SystemCharSystemInt32', ID = '4113'
Method 'SystemBooleanSystemReadOnlySpan1SystemCharget_IsEmpty', ID = '4114'
Method 'SystemUIntPtrSystemTextASCIIUtilityNarrowUtf16ToAsciiSystemCharpointerSystemBytepointerSystemUIntPtr', ID = '4115'
Method 'SystemBuffersOperationStatusSystemTextUnicodeUtf8UtilityTranscodeToUtf8SystemCharpointerSystemInt32SystemBytepointerSystemInt32SystemCharpointerSystemBytepointer', ID = '4116'
Method 'SystemVoidSystemSpan1SystemBytectorSystemByteSystemInt32', ID = '4117'
Method 'SystemInt32SystemTextASCIIEncodingGetBytesWithFallbackSystemReadOnlySpan1SystemCharSystemInt32SystemSpan1SystemByteSystemInt32SystemTextEncoderNLS', ID = '4118'
Method 'SystemByteSystemRuntimeInteropServicesMemoryMarshalGetReferenceSystemByteSystemSpan1SystemByte', ID = '4119'
Method 'SystemReadOnlySpan1SystemCharSystemReadOnlySpan1SystemCharget_Empty', ID = '4120'
Method 'SystemBuffersOperationStatusSystemTextEncodingEncodeRuneSystemTextRuneSystemSpan1SystemByteSystemInt32', ID = '4121'
Method 'SystemBooleanSystemTextEncoderFallbackBufferTryInternalFallbackGetBytesSystemReadOnlySpan1SystemCharSystemSpan1SystemByteSystemInt32SystemInt32', ID = '4122'
Method 'SystemInt32SystemSpan1SystemByteget_Length', ID = '4123'
Method 'SystemVoidSystemTextEncodingThrowBytesOverflowSystemTextEncoderNLSSystemBoolean', ID = '4125'
Method 'SystemInt32SystemGuidHexsToCharsSystemCharpointerSystemInt32SystemInt32', ID = '4129'
Method 'SystemInt32SystemGuidHexsToCharsHexOutputSystemCharpointerSystemInt32SystemInt32', ID = '4130'
Method 'SystemVoidSystemReflectionModulecompilergeneratedccctor', ID = '4131'
Method 'SystemBooleanSystemReflectionModuleFilterTypeNameImplSystemTypeSystemObjectSystemStringComparison', ID = '4132'
Method 'SystemVoidSystemCollectionsGenericDictionary2SystemStringSystemReflectionAssemblyctorSystemInt32SystemCollectionsGenericIEqualityComparer1SystemString', ID = '4136'
Method 'SystemInt32InternalRuntimeCompilerServicesUnsafeSizeOfSystemDouble', ID = '4139'
Method 'SystemDoubleInternalRuntimeCompilerServicesUnsafeAsSystemRuntimeIntrinsicsVector1281SystemDoubleSystemDoubleSystemRuntimeIntrinsicsVector1281SystemDouble', ID = '4140'
Method 'SystemDoubleInternalRuntimeCompilerServicesUnsafeAddSystemDoubleSystemDoubleSystemInt32', ID = '4141'
Method 'SystemRuntimeIntrinsicsVector1281SystemSingleSystemRuntimeIntrinsicsVector128AsSingleSystemDoubleSystemRuntimeIntrinsicsVector1281SystemDouble', ID = '4142'
Method 'SystemRuntimeIntrinsicsVector1281SystemDoubleSystemRuntimeIntrinsicsVector128AsDoubleSystemDoubleSystemRuntimeIntrinsicsVector1281SystemDouble', ID = '4143'
Method 'SystemRuntimeIntrinsicsVector1281SystemByteSystemRuntimeIntrinsicsVector128AsByteSystemDoubleSystemRuntimeIntrinsicsVector1281SystemDouble', ID = '4144'
Method 'SystemBooleanSystemRuntimeIntrinsicsVector1281SystemDoubleEqualsg__SoftwareFallbacksLine12_0SystemRuntimeIntrinsicsVector1281SystemDoubleSystemRuntimeIntrinsicsVector1281SystemDouble', ID = '4145'
Method 'SystemInt64InternalRuntimeCompilerServicesUnsafeAsSystemRuntimeIntrinsicsVector1281SystemInt64SystemInt64SystemRuntimeIntrinsicsVector1281SystemInt64', ID = '4146'
Method 'SystemRuntimeIntrinsicsVector1281SystemSingleSystemRuntimeIntrinsicsVector128AsSingleSystemInt64SystemRuntimeIntrinsicsVector1281SystemInt64', ID = '4147'
Method 'SystemRuntimeIntrinsicsVector1281SystemByteSystemRuntimeIntrinsicsVector128AsByteSystemInt64SystemRuntimeIntrinsicsVector1281SystemInt64', ID = '4148'
Method 'SystemBooleanSystemRuntimeIntrinsicsVector1281SystemInt64Equalsg__SoftwareFallbacksLine12_0SystemRuntimeIntrinsicsVector1281SystemInt64SystemRuntimeIntrinsicsVector1281SystemInt64', ID = '4149'
Method 'SystemVoidSystemReadOnlySpan1SystemCharCopyToSystemSpan1SystemChar', ID = '4150'
Method 'SystemInt32CosmosCommonStringHelperGetStringToNumberSystemString', ID = '4151'
Method 'SystemBooleanSystemCharIsDigitSystemChar', ID = '4152'
Method 'SystemRuntimeIntrinsicsVector1281SystemSingleSystemRuntimeIntrinsicsVector128AsSystemByteSystemSingleSystemRuntimeIntrinsicsVector1281SystemByte', ID = '4154'
Method 'SystemRuntimeIntrinsicsVector1281SystemDoubleSystemRuntimeIntrinsicsVector128AsSystemByteSystemDoubleSystemRuntimeIntrinsicsVector1281SystemByte', ID = '4155'
Method 'SystemRuntimeIntrinsicsVector1281SystemByteSystemRuntimeIntrinsicsVector128AsSystemByteSystemByteSystemRuntimeIntrinsicsVector1281SystemByte', ID = '4156'
Method 'SystemStringSystemPrivateCoreLibSystemSRget_HashCode_EqualityNotSupported', ID = '4160'
Method 'SystemStringSystemPrivateCoreLibSystemSRget_HashCode_HashCodeNotSupported', ID = '4161'
Method 'SystemVoidSystemHashCodeInitializeSystemUInt32SystemUInt32SystemUInt32SystemUInt32', ID = '4162'
Method 'SystemUInt32SystemHashCodeRoundSystemUInt32SystemUInt32', ID = '4163'
Method 'SystemStringCosmosCommonStringHelperGetNumberStringSystemSingle', ID = '4168'
Method 'SystemStringSystemNumberFormatSingleSystemTextValueStringBuilderSystemSingleSystemReadOnlySpan1SystemCharSystemGlobalizationNumberFormatInfo', ID = '4169'
Method 'SystemStringSystemTextStringBuilderToString', ID = '4171'
Method 'SystemStringSystemPrivateCoreLibSystemSRget_ArgumentOutOfRange_NegativeCount', ID = '4172'
Method 'SystemInt32SystemTextStringBuilderget_Length', ID = '4173'
Method 'SystemStringSystemPrivateCoreLibSystemSRget_ArgumentOutOfRange_LengthGreaterThanCapacity', ID = '4174'
Method 'SystemVoidSystemTextStringBuilderExpandByABlockSystemInt32', ID = '4175'
Method 'SystemTextStringBuilderSystemTextStringBuilderAppendSystemCharpointerSystemInt32', ID = '4176'
Method 'SystemRuntimeIntrinsicsVector2561SystemSingleSystemRuntimeIntrinsicsVector256AsSystemByteSystemSingleSystemRuntimeIntrinsicsVector2561SystemByte', ID = '4179'
Method 'SystemRuntimeIntrinsicsVector2561SystemDoubleSystemRuntimeIntrinsicsVector256AsSystemByteSystemDoubleSystemRuntimeIntrinsicsVector2561SystemByte', ID = '4182'
Method 'SystemRuntimeIntrinsicsVector2561SystemByteSystemRuntimeIntrinsicsVector256AsSystemByteSystemByteSystemRuntimeIntrinsicsVector2561SystemByte', ID = '4183'
Method 'SystemBooleanCosmosCore_PlugsSystemRuntimeCompilerServicesRuntimeHelpersImplIsReferenceOrContainsReferencesSystemByte', ID = '4184'
Method 'SystemRuntimeIntrinsicsVector1281SystemInt32InternalRuntimeCompilerServicesUnsafeAsRefSystemRuntimeIntrinsicsVector1281SystemInt32SystemVoidpointer', ID = '4186'
Method 'SystemRuntimeIntrinsicsVector1281SystemSingleSystemRuntimeIntrinsicsVector128AsSystemInt32SystemSingleSystemRuntimeIntrinsicsVector1281SystemInt32', ID = '4187'
Method 'SystemVoidSystemThrowHelperThrowForUnsupportedIntrinsicsVectorBaseTypeSystemSingle', ID = '4188'
Method 'SystemSingleInternalRuntimeCompilerServicesUnsafeAsSystemRuntimeIntrinsicsVector1281SystemSingleSystemSingleSystemRuntimeIntrinsicsVector1281SystemSingle', ID = '4189'
Method 'SystemRuntimeIntrinsicsVector1281SystemInt64InternalRuntimeCompilerServicesUnsafeAsRefSystemRuntimeIntrinsicsVector1281SystemInt64SystemVoidpointer', ID = '4190'
Method 'SystemRuntimeIntrinsicsVector1281SystemDoubleSystemRuntimeIntrinsicsVector128AsSystemInt64SystemDoubleSystemRuntimeIntrinsicsVector1281SystemInt64', ID = '4191'
Method 'SystemVoidSystemUIntPtrctorSystemUInt64', ID = '4192'
Method 'SystemBooleanSystemNumericsVector1SystemUInt64op_EqualitySystemNumericsVector1SystemUInt64SystemNumericsVector1SystemUInt64', ID = '4193'
Method 'SystemRuntimeIntrinsicsVector1281SystemSingleSystemRuntimeIntrinsicsVector128AsSystemUInt16SystemSingleSystemRuntimeIntrinsicsVector1281SystemUInt16', ID = '4195'
Method 'SystemRuntimeIntrinsicsVector1281SystemDoubleSystemRuntimeIntrinsicsVector128AsSystemUInt16SystemDoubleSystemRuntimeIntrinsicsVector1281SystemUInt16', ID = '4196'
Method 'SystemRuntimeIntrinsicsVector2561SystemSingleSystemRuntimeIntrinsicsVector256AsSystemUInt16SystemSingleSystemRuntimeIntrinsicsVector2561SystemUInt16', ID = '4198'
Method 'SystemRuntimeIntrinsicsVector2561SystemDoubleSystemRuntimeIntrinsicsVector256AsSystemUInt16SystemDoubleSystemRuntimeIntrinsicsVector2561SystemUInt16', ID = '4199'
Method 'SystemVoidSystemCollectionsGenericEqualityComparer1SystemInt32cctor', ID = '4200'
Method 'SystemVoidSystemCollectionsGenericEqualityComparer1SystemInt64cctor', ID = '4202'
Method 'SystemVoidCosmosCore_PlugsSystemCollectionsGenericComparerHelpersImplcctor', ID = '4204'
Method 'SystemVoidSystemCollectionsGenericEqualityComparer1SystemBytector', ID = '4206'
Method 'SystemVoidSystemCollectionsGenericEqualityComparer1SystemSBytector', ID = '4208'
Method 'SystemVoidSystemCollectionsGenericEqualityComparer1SystemStringctor', ID = '4210'
Method 'SystemVoidSystemCollectionsGenericEqualityComparer1SystemInt32ctor', ID = '4212'
Method 'SystemVoidSystemCollectionsGenericEqualityComparer1SystemUInt32ctor', ID = '4214'
Method 'SystemVoidSystemCollectionsGenericEqualityComparer1SystemInt64ctor', ID = '4216'
Method 'SystemVoidSystemCollectionsGenericEqualityComparer1SystemUInt64ctor', ID = '4218'
Method 'SystemVoidSystemCollectionsGenericEqualityComparer1SystemCharctor', ID = '4220'
Method 'SystemVoidSystemCollectionsGenericEqualityComparer1SystemInt16ctor', ID = '4222'
Method 'SystemVoidSystemCollectionsGenericEqualityComparer1SystemUInt16ctor', ID = '4224'
Method 'SystemVoidSystemCollectionsGenericEqualityComparer1SystemGuidctor', ID = '4226'
Method 'SystemVoidSystemCollectionsGenericEqualityComparer1SystemObjectctor', ID = '4228'
Method 'SystemCollectionsGenericDictionary2EntrySystemStringSystemBooleanarrayInternalRuntimeCompilerServicesUnsafeAsSystemCollectionsGenericDictionary2EntrySystemStringSystemBooleanarraySystemObject', ID = '4233'
Method 'SystemVoidSystemSZGenericArrayEnumerator1SystemCollectionsGenericDictionary2EntrySystemStringSystemBooleanctorSystemCollectionsGenericDictionary2EntrySystemStringSystemBooleanarray', ID = '4234'
Method 'SystemInt32SystemArrayIndexOfSystemCollectionsGenericDictionary2EntrySystemStringSystemBooleanSystemCollectionsGenericDictionary2EntrySystemStringSystemBooleanarraySyst850112951AD1070441071376ABAB1405', ID = '4237'
Method 'SystemCollectionsGenericIEnumerator1SystemCollectionsGenericDictionary2EntrySystemStringSystemBooleanCosmosIL2CPUSZArrayImpl1SystemCollectionsGenericDictionary2EntrySysC2555DEBCCDC6ACE8B17011CBA8DF165', ID = '4238'
Method 'SystemVoidCosmosIL2CPUSZArrayImpl1SystemCollectionsGenericDictionary2EntrySystemStringSystemBooleanCopyToSystemCollectionsGenericDictionary2EntrySystemStringSystemBooleanarraySystemInt32', ID = '4239'
Method 'SystemInt32CosmosIL2CPUSZArrayImpl1SystemCollectionsGenericDictionary2EntrySystemStringSystemBooleanget_Count', ID = '4240'
Method 'SystemCollectionsGenericDictionary2EntrySystemStringSystemBooleanCosmosIL2CPUSZArrayImpl1SystemCollectionsGenericDictionary2EntrySystemStringSystemBooleanget_ItemSystemInt32', ID = '4241'
Method 'SystemVoidCosmosIL2CPUSZArrayImpl1SystemCollectionsGenericDictionary2EntrySystemStringSystemBooleanset_ItemSystemInt32SystemCollectionsGenericDictionary2EntrySystemStringSystemBoolean', ID = '4242'
Method 'SystemVoidCosmosIL2CPUSZArrayImpl1SystemCollectionsGenericDictionary2EntrySystemStringSystemBooleanAddSystemCollectionsGenericDictionary2EntrySystemStringSystemBoolean', ID = '4243'
Method 'SystemBooleanCosmosIL2CPUSZArrayImpl1SystemCollectionsGenericDictionary2EntrySystemStringSystemBooleanContainsSystemCollectionsGenericDictionary2EntrySystemStringSystemBoolean', ID = '4244'
Method 'SystemBooleanCosmosIL2CPUSZArrayImpl1SystemCollectionsGenericDictionary2EntrySystemStringSystemBooleanget_IsReadOnly', ID = '4245'
Method 'SystemVoidCosmosIL2CPUSZArrayImpl1SystemCollectionsGenericDictionary2EntrySystemStringSystemBooleanClear', ID = '4246'
Method 'SystemInt32CosmosIL2CPUSZArrayImpl1SystemCollectionsGenericDictionary2EntrySystemStringSystemBooleanIndexOfSystemCollectionsGenericDictionary2EntrySystemStringSystemBoolean', ID = '4247'
Method 'SystemVoidCosmosIL2CPUSZArrayImpl1SystemCollectionsGenericDictionary2EntrySystemStringSystemBooleanInsertSystemInt32SystemCollectionsGenericDictionary2EntrySystemStringSystemBoolean', ID = '4248'
Method 'SystemVoidCosmosIL2CPUSZArrayImpl1SystemCollectionsGenericDictionary2EntrySystemStringSystemBooleanRemoveAtSystemInt32', ID = '4249'
Method 'SystemBooleanCosmosIL2CPUSZArrayImpl1SystemCollectionsGenericDictionary2EntrySystemStringSystemBooleanget_IsFixedSize', ID = '4250'
Method 'SystemVoidCosmosIL2CPUSZArrayImpl1SystemCollectionsGenericDictionary2EntrySystemStringSystemBooleanRemoveSystemCollectionsGenericDictionary2EntrySystemStringSystemBoolean', ID = '4251'
Method 'SystemObjectCosmosIL2CPUSZArrayImpl1SystemCollectionsGenericDictionary2EntrySystemStringSystemBooleanget_SyncRoot', ID = '4252'
Method 'SystemBooleanCosmosIL2CPUSZArrayImpl1SystemCollectionsGenericDictionary2EntrySystemStringSystemBooleanget_IsSynchronized', ID = '4253'
Method 'SystemCollectionsGenericIEnumerator1SystemCollectionsGenericKeyValuePair2SystemStringSystemBooleanSystemSZArrayHelperGetEnumeratorSystemCollectionsGenericKeyValuePair2SystemStringSystemBoolean', ID = '4255'
Method 'SystemVoidSystemSZArrayHelperCopyToSystemCollectionsGenericKeyValuePair2SystemStringSystemBooleanSystemCollectionsGenericKeyValuePair2SystemStringSystemBooleanarraySystemInt32', ID = '4256'
Method 'SystemInt32SystemSZArrayHelperget_CountSystemCollectionsGenericKeyValuePair2SystemStringSystemBoolean', ID = '4257'
Method 'SystemCollectionsGenericKeyValuePair2SystemStringSystemBooleanSystemSZArrayHelperget_ItemSystemCollectionsGenericKeyValuePair2SystemStringSystemBooleanSystemInt32', ID = '4258'
Method 'SystemVoidSystemSZArrayHelperset_ItemSystemCollectionsGenericKeyValuePair2SystemStringSystemBooleanSystemInt32SystemCollectionsGenericKeyValuePair2SystemStringSystemBoolean', ID = '4259'
Method 'SystemVoidSystemSZArrayHelperAddSystemCollectionsGenericKeyValuePair2SystemStringSystemBooleanSystemCollectionsGenericKeyValuePair2SystemStringSystemBoolean', ID = '4260'
Method 'SystemBooleanSystemSZArrayHelperContainsSystemCollectionsGenericKeyValuePair2SystemStringSystemBooleanSystemCollectionsGenericKeyValuePair2SystemStringSystemBoolean', ID = '4261'
Method 'SystemBooleanSystemSZArrayHelperget_IsReadOnlySystemCollectionsGenericKeyValuePair2SystemStringSystemBoolean', ID = '4262'
Method 'SystemVoidSystemSZArrayHelperClearSystemCollectionsGenericKeyValuePair2SystemStringSystemBoolean', ID = '4263'
Method 'SystemInt32SystemSZArrayHelperIndexOfSystemCollectionsGenericKeyValuePair2SystemStringSystemBooleanSystemCollectionsGenericKeyValuePair2SystemStringSystemBoolean', ID = '4264'
Method 'SystemVoidSystemSZArrayHelperInsertSystemCollectionsGenericKeyValuePair2SystemStringSystemBooleanSystemInt32SystemCollectionsGenericKeyValuePair2SystemStringSystemBoolean', ID = '4265'
Method 'SystemBooleanSystemSZArrayHelperRemoveSystemCollectionsGenericKeyValuePair2SystemStringSystemBooleanSystemCollectionsGenericKeyValuePair2SystemStringSystemBoolean', ID = '4266'
Method 'SystemVoidSystemSZArrayHelperRemoveAtSystemCollectionsGenericKeyValuePair2SystemStringSystemBooleanSystemInt32', ID = '4267'
Method 'SystemVoidSystemCollectionsGenericEqualityComparer1SystemStringcctor', ID = '4271'
Method 'SystemInt32SystemCollectionsGenericNonRandomizedStringEqualityComparerOrdinalComparerGetHashCodeSystemString', ID = '4272'
Method 'SystemInt32SystemCollectionsGenericNonRandomizedStringEqualityComparerOrdinalIgnoreCaseComparerGetHashCodeSystemString', ID = '4273'
Method 'SystemInt32SystemStringGetHashCodeOrdinalIgnoreCase', ID = '4275'
Method 'SystemInt32CosmosCore_PlugsSystemCollectionsGenericStringEqualityComparerGetHashCodeSystemString', ID = '4276'
Method 'SystemBooleanSystemCollectionsGenericNonRandomizedStringEqualityComparerOrdinalComparerEqualsSystemStringSystemString', ID = '4277'
Method 'SystemBooleanSystemCollectionsGenericNonRandomizedStringEqualityComparerOrdinalIgnoreCaseComparerEqualsSystemStringSystemString', ID = '4278'
Method 'SystemBooleanSystemGlobalizationOrdinalEqualsIgnoreCaseSystemCharSystemCharSystemInt32', ID = '4279'
Method 'SystemCollectionsGenericIEnumerator1SystemCollectionsGenericDictionary2EntrySystemStringSystemObjectSystemSZArrayHelperGetEnumeratorSystemCollectionsGenericDictionary2EntrySystemStringSystemObject', ID = '4280'
Method 'SystemVoidSystemSZArrayHelperCopyToSystemCollectionsGenericDictionary2EntrySystemStringSystemObjectSystemCollectionsGenericDictionary2EntrySystemStringSystemObjectarraySystemInt32', ID = '4281'
Method 'SystemInt32SystemSZArrayHelperget_CountSystemCollectionsGenericDictionary2EntrySystemStringSystemObject', ID = '4282'
Method 'SystemCollectionsGenericDictionary2EntrySystemStringSystemObjectSystemSZArrayHelperget_ItemSystemCollectionsGenericDictionary2EntrySystemStringSystemObjectSystemInt32', ID = '4283'
Method 'SystemVoidSystemSZArrayHelperset_ItemSystemCollectionsGenericDictionary2EntrySystemStringSystemObjectSystemInt32SystemCollectionsGenericDictionary2EntrySystemStringSystemObject', ID = '4284'
Method 'SystemVoidSystemSZArrayHelperAddSystemCollectionsGenericDictionary2EntrySystemStringSystemObjectSystemCollectionsGenericDictionary2EntrySystemStringSystemObject', ID = '4285'
Method 'SystemBooleanSystemSZArrayHelperContainsSystemCollectionsGenericDictionary2EntrySystemStringSystemObjectSystemCollectionsGenericDictionary2EntrySystemStringSystemObject', ID = '4286'
Method 'SystemBooleanSystemSZArrayHelperget_IsReadOnlySystemCollectionsGenericDictionary2EntrySystemStringSystemObject', ID = '4287'
Method 'SystemVoidSystemSZArrayHelperClearSystemCollectionsGenericDictionary2EntrySystemStringSystemObject', ID = '4288'
Method 'SystemInt32SystemSZArrayHelperIndexOfSystemCollectionsGenericDictionary2EntrySystemStringSystemObjectSystemCollectionsGenericDictionary2EntrySystemStringSystemObject', ID = '4289'
Method 'SystemVoidSystemSZArrayHelperInsertSystemCollectionsGenericDictionary2EntrySystemStringSystemObjectSystemInt32SystemCollectionsGenericDictionary2EntrySystemStringSystemObject', ID = '4290'
Method 'SystemBooleanSystemSZArrayHelperRemoveSystemCollectionsGenericDictionary2EntrySystemStringSystemObjectSystemCollectionsGenericDictionary2EntrySystemStringSystemObject', ID = '4291'
Method 'SystemVoidSystemSZArrayHelperRemoveAtSystemCollectionsGenericDictionary2EntrySystemStringSystemObjectSystemInt32', ID = '4292'
Method 'SystemBooleanSystemCharIsLatin1SystemChar', ID = '4301'
Method 'SystemBooleanSystemCharIsWhiteSpaceLatin1SystemChar', ID = '4302'
Method 'SystemBooleanSystemGlobalizationCharUnicodeInfoGetIsWhiteSpaceSystemChar', ID = '4303'
Method 'SystemUInt16arrayInternalRuntimeCompilerServicesUnsafeAsSystemUInt16arraySystemObject', ID = '4305'
Method 'SystemVoidSystemSZGenericArrayEnumerator1SystemUInt16ctorSystemUInt16array', ID = '4306'
Method 'SystemInt32SystemArrayIndexOfSystemUInt16SystemUInt16arraySystemUInt16SystemInt32SystemInt32', ID = '4309'
Method 'SystemCollectionsGenericIEnumerator1SystemUInt16CosmosIL2CPUSZArrayImpl1SystemUInt16GetEnumerator', ID = '4310'
Method 'SystemVoidCosmosIL2CPUSZArrayImpl1SystemUInt16CopyToSystemUInt16arraySystemInt32', ID = '4311'
Method 'SystemInt32CosmosIL2CPUSZArrayImpl1SystemUInt16get_Count', ID = '4312'
Method 'SystemUInt16CosmosIL2CPUSZArrayImpl1SystemUInt16get_ItemSystemInt32', ID = '4313'
Method 'SystemVoidCosmosIL2CPUSZArrayImpl1SystemUInt16set_ItemSystemInt32SystemUInt16', ID = '4314'
Method 'SystemVoidCosmosIL2CPUSZArrayImpl1SystemUInt16AddSystemUInt16', ID = '4315'
Method 'SystemBooleanCosmosIL2CPUSZArrayImpl1SystemUInt16ContainsSystemUInt16', ID = '4316'
Method 'SystemBooleanCosmosIL2CPUSZArrayImpl1SystemUInt16get_IsReadOnly', ID = '4317'
Method 'SystemVoidCosmosIL2CPUSZArrayImpl1SystemUInt16Clear', ID = '4318'
Method 'SystemInt32CosmosIL2CPUSZArrayImpl1SystemUInt16IndexOfSystemUInt16', ID = '4319'
Method 'SystemVoidCosmosIL2CPUSZArrayImpl1SystemUInt16InsertSystemInt32SystemUInt16', ID = '4320'
Method 'SystemVoidCosmosIL2CPUSZArrayImpl1SystemUInt16RemoveAtSystemInt32', ID = '4321'
Method 'SystemBooleanCosmosIL2CPUSZArrayImpl1SystemUInt16get_IsFixedSize', ID = '4322'
Method 'SystemVoidCosmosIL2CPUSZArrayImpl1SystemUInt16RemoveSystemUInt16', ID = '4323'
Method 'SystemObjectCosmosIL2CPUSZArrayImpl1SystemUInt16get_SyncRoot', ID = '4324'
Method 'SystemBooleanCosmosIL2CPUSZArrayImpl1SystemUInt16get_IsSynchronized', ID = '4325'
Method 'SystemStringSystemTextUTF8EncodingUTF8EncodingSealedGetStringForSmallInputSystemBytearray', ID = '4326'
Method 'SystemStringSystemTextASCIIEncodingGetStringSystemBytearraySystemInt32SystemInt32', ID = '4327'
Method 'SystemStringSystemTextUTF8EncodingGetStringSystemBytearraySystemInt32SystemInt32', ID = '4328'
Method 'SystemChararraySystemTextEncodingGetCharsSystemBytearraySystemInt32SystemInt32', ID = '4329'
Method 'SystemArgumentExceptionSystemThrowHelperGetArgumentExceptionSystemExceptionResourceSystemExceptionArgument', ID = '4330'
Method 'SystemInt32SystemReadOnlySpan1SystemByteget_Length', ID = '4331'
Method 'SystemStringSystemPrivateCoreLibSystemSRget_Arg_GuidArrayCtor', ID = '4332'
Method 'SystemGuidSystemRuntimeInteropServicesMemoryMarshalReadSystemGuidSystemReadOnlySpan1SystemByte', ID = '4333'
Method 'SystemVoidSystemCollectionsGenericList1CosmosHALBlockDeviceGPTGPartInfoGrowSystemInt32', ID = '4334'
Method 'CosmosHALBlockDeviceGPTGPartInfoarrayInternalRuntimeCompilerServicesUnsafeAsCosmosHALBlockDeviceGPTGPartInfoarraySystemObject', ID = '4335'
Method 'SystemVoidSystemSZGenericArrayEnumerator1CosmosHALBlockDeviceGPTGPartInfoctorCosmosHALBlockDeviceGPTGPartInfoarray', ID = '4336'
Method 'SystemInt32SystemArrayIndexOfCosmosHALBlockDeviceGPTGPartInfoCosmosHALBlockDeviceGPTGPartInfoarrayCosmosHALBlockDeviceGPTGPartInfoSystemInt32SystemInt32', ID = '4339'
Method 'SystemCollectionsGenericIEnumerator1CosmosHALBlockDeviceGPTGPartInfoCosmosIL2CPUSZArrayImpl1CosmosHALBlockDeviceGPTGPartInfoGetEnumerator', ID = '4340'
Method 'SystemVoidCosmosIL2CPUSZArrayImpl1CosmosHALBlockDeviceGPTGPartInfoCopyToCosmosHALBlockDeviceGPTGPartInfoarraySystemInt32', ID = '4341'
Method 'SystemInt32CosmosIL2CPUSZArrayImpl1CosmosHALBlockDeviceGPTGPartInfoget_Count', ID = '4342'
Method 'CosmosHALBlockDeviceGPTGPartInfoCosmosIL2CPUSZArrayImpl1CosmosHALBlockDeviceGPTGPartInfoget_ItemSystemInt32', ID = '4343'
Method 'SystemVoidCosmosIL2CPUSZArrayImpl1CosmosHALBlockDeviceGPTGPartInfoset_ItemSystemInt32CosmosHALBlockDeviceGPTGPartInfo', ID = '4344'
Method 'SystemVoidCosmosIL2CPUSZArrayImpl1CosmosHALBlockDeviceGPTGPartInfoAddCosmosHALBlockDeviceGPTGPartInfo', ID = '4345'
Method 'SystemBooleanCosmosIL2CPUSZArrayImpl1CosmosHALBlockDeviceGPTGPartInfoContainsCosmosHALBlockDeviceGPTGPartInfo', ID = '4346'
Method 'SystemBooleanCosmosIL2CPUSZArrayImpl1CosmosHALBlockDeviceGPTGPartInfoget_IsReadOnly', ID = '4347'
Method 'SystemVoidCosmosIL2CPUSZArrayImpl1CosmosHALBlockDeviceGPTGPartInfoClear', ID = '4348'
Method 'SystemInt32CosmosIL2CPUSZArrayImpl1CosmosHALBlockDeviceGPTGPartInfoIndexOfCosmosHALBlockDeviceGPTGPartInfo', ID = '4349'
Method 'SystemVoidCosmosIL2CPUSZArrayImpl1CosmosHALBlockDeviceGPTGPartInfoInsertSystemInt32CosmosHALBlockDeviceGPTGPartInfo', ID = '4350'
Method 'SystemVoidCosmosIL2CPUSZArrayImpl1CosmosHALBlockDeviceGPTGPartInfoRemoveAtSystemInt32', ID = '4351'
Method 'SystemBooleanCosmosIL2CPUSZArrayImpl1CosmosHALBlockDeviceGPTGPartInfoget_IsFixedSize', ID = '4352'
Method 'SystemVoidCosmosIL2CPUSZArrayImpl1CosmosHALBlockDeviceGPTGPartInfoRemoveCosmosHALBlockDeviceGPTGPartInfo', ID = '4353'
Method 'SystemObjectCosmosIL2CPUSZArrayImpl1CosmosHALBlockDeviceGPTGPartInfoget_SyncRoot', ID = '4354'
Method 'SystemBooleanCosmosIL2CPUSZArrayImpl1CosmosHALBlockDeviceGPTGPartInfoget_IsSynchronized', ID = '4355'
Method 'SystemVoidSystemCollectionsGenericList1CosmosHALBlockDeviceMBRPartInfoGrowSystemInt32', ID = '4356'
Method 'CosmosHALBlockDeviceMBRPartInfoarrayInternalRuntimeCompilerServicesUnsafeAsCosmosHALBlockDeviceMBRPartInfoarraySystemObject', ID = '4357'
Method 'SystemVoidSystemSZGenericArrayEnumerator1CosmosHALBlockDeviceMBRPartInfoctorCosmosHALBlockDeviceMBRPartInfoarray', ID = '4358'
Method 'SystemInt32SystemArrayIndexOfCosmosHALBlockDeviceMBRPartInfoCosmosHALBlockDeviceMBRPartInfoarrayCosmosHALBlockDeviceMBRPartInfoSystemInt32SystemInt32', ID = '4361'
Method 'SystemCollectionsGenericIEnumerator1CosmosHALBlockDeviceMBRPartInfoCosmosIL2CPUSZArrayImpl1CosmosHALBlockDeviceMBRPartInfoGetEnumerator', ID = '4362'
Method 'SystemVoidCosmosIL2CPUSZArrayImpl1CosmosHALBlockDeviceMBRPartInfoCopyToCosmosHALBlockDeviceMBRPartInfoarraySystemInt32', ID = '4363'
Method 'SystemInt32CosmosIL2CPUSZArrayImpl1CosmosHALBlockDeviceMBRPartInfoget_Count', ID = '4364'
Method 'CosmosHALBlockDeviceMBRPartInfoCosmosIL2CPUSZArrayImpl1CosmosHALBlockDeviceMBRPartInfoget_ItemSystemInt32', ID = '4365'
Method 'SystemVoidCosmosIL2CPUSZArrayImpl1CosmosHALBlockDeviceMBRPartInfoset_ItemSystemInt32CosmosHALBlockDeviceMBRPartInfo', ID = '4366'
Method 'SystemVoidCosmosIL2CPUSZArrayImpl1CosmosHALBlockDeviceMBRPartInfoAddCosmosHALBlockDeviceMBRPartInfo', ID = '4367'
Method 'SystemBooleanCosmosIL2CPUSZArrayImpl1CosmosHALBlockDeviceMBRPartInfoContainsCosmosHALBlockDeviceMBRPartInfo', ID = '4368'
Method 'SystemBooleanCosmosIL2CPUSZArrayImpl1CosmosHALBlockDeviceMBRPartInfoget_IsReadOnly', ID = '4369'
Method 'SystemVoidCosmosIL2CPUSZArrayImpl1CosmosHALBlockDeviceMBRPartInfoClear', ID = '4370'
Method 'SystemInt32CosmosIL2CPUSZArrayImpl1CosmosHALBlockDeviceMBRPartInfoIndexOfCosmosHALBlockDeviceMBRPartInfo', ID = '4371'
Method 'SystemVoidCosmosIL2CPUSZArrayImpl1CosmosHALBlockDeviceMBRPartInfoInsertSystemInt32CosmosHALBlockDeviceMBRPartInfo', ID = '4372'
Method 'SystemVoidCosmosIL2CPUSZArrayImpl1CosmosHALBlockDeviceMBRPartInfoRemoveAtSystemInt32', ID = '4373'
Method 'SystemBooleanCosmosIL2CPUSZArrayImpl1CosmosHALBlockDeviceMBRPartInfoget_IsFixedSize', ID = '4374'
Method 'SystemVoidCosmosIL2CPUSZArrayImpl1CosmosHALBlockDeviceMBRPartInfoRemoveCosmosHALBlockDeviceMBRPartInfo', ID = '4375'
Method 'SystemObjectCosmosIL2CPUSZArrayImpl1CosmosHALBlockDeviceMBRPartInfoget_SyncRoot', ID = '4376'
Method 'SystemBooleanCosmosIL2CPUSZArrayImpl1CosmosHALBlockDeviceMBRPartInfoget_IsSynchronized', ID = '4377'
Method 'SystemInt16SystemBitConverterToInt16SystemBytearraySystemInt32', ID = '4378'
Method 'SystemVoidSystemCollectionsGenericList1CosmosHALBlockDeviceEBRPartInfoGrowSystemInt32', ID = '4379'
Method 'CosmosHALBlockDeviceEBRPartInfoarrayInternalRuntimeCompilerServicesUnsafeAsCosmosHALBlockDeviceEBRPartInfoarraySystemObject', ID = '4381'
Method 'SystemVoidSystemSZGenericArrayEnumerator1CosmosHALBlockDeviceEBRPartInfoctorCosmosHALBlockDeviceEBRPartInfoarray', ID = '4382'
Method 'SystemInt32SystemArrayIndexOfCosmosHALBlockDeviceEBRPartInfoCosmosHALBlockDeviceEBRPartInfoarrayCosmosHALBlockDeviceEBRPartInfoSystemInt32SystemInt32', ID = '4385'
Method 'SystemCollectionsGenericIEnumerator1CosmosHALBlockDeviceEBRPartInfoCosmosIL2CPUSZArrayImpl1CosmosHALBlockDeviceEBRPartInfoGetEnumerator', ID = '4386'
Method 'SystemVoidCosmosIL2CPUSZArrayImpl1CosmosHALBlockDeviceEBRPartInfoCopyToCosmosHALBlockDeviceEBRPartInfoarraySystemInt32', ID = '4387'
Method 'SystemInt32CosmosIL2CPUSZArrayImpl1CosmosHALBlockDeviceEBRPartInfoget_Count', ID = '4388'
Method 'CosmosHALBlockDeviceEBRPartInfoCosmosIL2CPUSZArrayImpl1CosmosHALBlockDeviceEBRPartInfoget_ItemSystemInt32', ID = '4389'
Method 'SystemVoidCosmosIL2CPUSZArrayImpl1CosmosHALBlockDeviceEBRPartInfoset_ItemSystemInt32CosmosHALBlockDeviceEBRPartInfo', ID = '4390'
Method 'SystemVoidCosmosIL2CPUSZArrayImpl1CosmosHALBlockDeviceEBRPartInfoAddCosmosHALBlockDeviceEBRPartInfo', ID = '4391'
Method 'SystemBooleanCosmosIL2CPUSZArrayImpl1CosmosHALBlockDeviceEBRPartInfoContainsCosmosHALBlockDeviceEBRPartInfo', ID = '4392'
Method 'SystemBooleanCosmosIL2CPUSZArrayImpl1CosmosHALBlockDeviceEBRPartInfoget_IsReadOnly', ID = '4393'
Method 'SystemVoidCosmosIL2CPUSZArrayImpl1CosmosHALBlockDeviceEBRPartInfoClear', ID = '4394'
Method 'SystemInt32CosmosIL2CPUSZArrayImpl1CosmosHALBlockDeviceEBRPartInfoIndexOfCosmosHALBlockDeviceEBRPartInfo', ID = '4395'
Method 'SystemVoidCosmosIL2CPUSZArrayImpl1CosmosHALBlockDeviceEBRPartInfoInsertSystemInt32CosmosHALBlockDeviceEBRPartInfo', ID = '4396'
Method 'SystemVoidCosmosIL2CPUSZArrayImpl1CosmosHALBlockDeviceEBRPartInfoRemoveAtSystemInt32', ID = '4397'
Method 'SystemBooleanCosmosIL2CPUSZArrayImpl1CosmosHALBlockDeviceEBRPartInfoget_IsFixedSize', ID = '4398'
Method 'SystemVoidCosmosIL2CPUSZArrayImpl1CosmosHALBlockDeviceEBRPartInfoRemoveCosmosHALBlockDeviceEBRPartInfo', ID = '4399'
Method 'SystemObjectCosmosIL2CPUSZArrayImpl1CosmosHALBlockDeviceEBRPartInfoget_SyncRoot', ID = '4400'
Method 'SystemBooleanCosmosIL2CPUSZArrayImpl1CosmosHALBlockDeviceEBRPartInfoget_IsSynchronized', ID = '4401'
Method 'SystemVoidCosmosIL2CPUSZArrayImpl1GetEnumeratord__0CosmosHALBlockDeviceBlockDeviceSystemIDisposableDispose', ID = '4406'
Method 'SystemBooleanCosmosIL2CPUSZArrayImpl1GetEnumeratord__0CosmosHALBlockDeviceBlockDeviceMoveNext', ID = '4407'
Method 'SystemVoidCosmosIL2CPUSZArrayImpl1GetEnumeratord__0CosmosHALBlockDevicePartitionSystemIDisposableDispose', ID = '4412'
Method 'SystemBooleanCosmosIL2CPUSZArrayImpl1GetEnumeratord__0CosmosHALBlockDevicePartitionMoveNext', ID = '4413'
Method 'SystemVoidSystemSZGenericArrayEnumerator1CosmosHALBlockDevicePortsStoragePortcctor', ID = '4414'
Method 'SystemVoidSystemSZGenericArrayEnumerator1CosmosHALBlockDevicePortsStoragePortDispose', ID = '4415'
Method 'SystemBooleanSystemSZGenericArrayEnumerator1CosmosHALBlockDevicePortsStoragePortMoveNext', ID = '4416'
Method 'SystemBooleanSystemRuntimeCompilerServicesRuntimeHelpersIsBitwiseEquatableCosmosHALBlockDevicePortsStoragePort', ID = '4417'
Method 'SystemInt32InternalRuntimeCompilerServicesUnsafeSizeOfCosmosHALBlockDevicePortsStoragePort', ID = '4418'
Method 'SystemByteInternalRuntimeCompilerServicesUnsafeAsCosmosHALBlockDevicePortsStoragePortSystemByteCosmosHALBlockDevicePortsStoragePort', ID = '4419'
Method 'SystemCharInternalRuntimeCompilerServicesUnsafeAsCosmosHALBlockDevicePortsStoragePortSystemCharCosmosHALBlockDevicePortsStoragePort', ID = '4420'
Method 'SystemInt32InternalRuntimeCompilerServicesUnsafeAsCosmosHALBlockDevicePortsStoragePortSystemInt32CosmosHALBlockDevicePortsStoragePort', ID = '4421'
Method 'SystemInt64InternalRuntimeCompilerServicesUnsafeAsCosmosHALBlockDevicePortsStoragePortSystemInt64CosmosHALBlockDevicePortsStoragePort', ID = '4422'
Method 'SystemCollectionsGenericEqualityComparer1CosmosHALBlockDevicePortsStoragePortSystemCollectionsGenericEqualityComparer1CosmosHALBlockDevicePortsStoragePortget_Default', ID = '4423'
Method 'SystemInt32SystemCollectionsGenericEqualityComparer1CosmosHALBlockDevicePortsStoragePortIndexOfCosmosHALBlockDevicePortsStoragePortarrayCosmosHALBlockDevicePortsStoragePortSystemInt32SystemInt32', ID = '4424'
Method 'SystemVoidCosmosIL2CPUSZArrayImpl1GetEnumeratord__0CosmosHALBlockDevicePortsStoragePortctorSystemInt32', ID = '4425'
Method 'SystemNumericsVector1SystemByteInternalRuntimeCompilerServicesUnsafeAsSystemNumericsVector1SystemUInt16SystemNumericsVector1SystemByteSystemNumericsVector1SystemUInt16', ID = '4427'
Method 'SystemVoidSystemThrowHelperThrowForUnsupportedNumericsVectorBaseTypeSystemUInt32', ID = '4429'
Method 'SystemVoidInternalRuntimeCompilerServicesUnsafeSkipInitSystemNumericsVector1SystemUInt32SystemNumericsVector1SystemUInt32', ID = '4430'
Method 'SystemVoidSystemNumericsVector1SystemUInt32SetElementSystemIntPtrSystemUInt32', ID = '4431'
Method 'SystemInt32SystemNumericsVector1SystemUInt32get_Count', ID = '4432'
Method 'SystemNumericsVector1SystemByteInternalRuntimeCompilerServicesUnsafeAsSystemNumericsVector1SystemUInt32SystemNumericsVector1SystemByteSystemNumericsVector1SystemUInt32', ID = '4433'
Method 'SystemVoidSystemThrowHelperThrowForUnsupportedNumericsVectorBaseTypeSystemSingle', ID = '4435'
Method 'SystemVoidInternalRuntimeCompilerServicesUnsafeSkipInitSystemNumericsVector1SystemSingleSystemNumericsVector1SystemSingle', ID = '4436'
Method 'SystemVoidSystemNumericsVector1SystemSingleSetElementSystemIntPtrSystemSingle', ID = '4437'
Method 'SystemInt32SystemNumericsVector1SystemSingleget_Count', ID = '4438'
Method 'SystemNumericsVector1SystemByteInternalRuntimeCompilerServicesUnsafeAsSystemNumericsVector1SystemSingleSystemNumericsVector1SystemByteSystemNumericsVector1SystemSingle', ID = '4439'
Method 'SystemVoidInternalRuntimeCompilerServicesUnsafeSkipInitSystemNumericsVector1SystemUInt64SystemNumericsVector1SystemUInt64', ID = '4440'
Method 'SystemVoidSystemNumericsVector1SystemUInt64SetElementSystemIntPtrSystemUInt64', ID = '4441'
Method 'SystemNumericsVector1SystemByteInternalRuntimeCompilerServicesUnsafeAsSystemNumericsVector1SystemUInt64SystemNumericsVector1SystemByteSystemNumericsVector1SystemUInt64', ID = '4442'
Method 'SystemVoidSystemThrowHelperThrowForUnsupportedNumericsVectorBaseTypeSystemDouble', ID = '4444'
Method 'SystemVoidInternalRuntimeCompilerServicesUnsafeSkipInitSystemNumericsVector1SystemDoubleSystemNumericsVector1SystemDouble', ID = '4445'
Method 'SystemVoidSystemNumericsVector1SystemDoubleSetElementSystemIntPtrSystemDouble', ID = '4446'
Method 'SystemInt32SystemNumericsVector1SystemDoubleget_Count', ID = '4447'
Method 'SystemNumericsVector1SystemByteInternalRuntimeCompilerServicesUnsafeAsSystemNumericsVector1SystemDoubleSystemNumericsVector1SystemByteSystemNumericsVector1SystemDouble', ID = '4448'
Method 'SystemVoidInternalRuntimeCompilerServicesUnsafeWriteUnalignedSystemRuntimeIntrinsicsVector1281SystemByteSystemByteSystemRuntimeIntrinsicsVector1281SystemByte', ID = '4449'
Method 'SystemRuntimeIntrinsicsVector2561SystemByteSystemRuntimeIntrinsicsVector128ToVector256UnsafeSystemByteSystemRuntimeIntrinsicsVector1281SystemByte', ID = '4450'
Method 'SystemRuntimeIntrinsicsVector2561SystemByteSystemRuntimeIntrinsicsVector256WithUpperSystemByteSystemRuntimeIntrinsicsVector2561SystemByteSystemRuntimeIntrinsicsVector1281SystemByte', ID = '4451'
Method 'SystemRuntimeIntrinsicsVector2561SystemByteSystemRuntimeIntrinsicsVector256Createg__SoftwareFallbacksLine34_0SystemRuntimeIntrinsicsVector1281SystemByteSystemRuntimeIntrinsicsVector1281SystemByte', ID = '4452'
Method 'SystemNumericsVector1SystemByteInternalRuntimeCompilerServicesUnsafeAsSystemRuntimeIntrinsicsVector2561SystemByteSystemNumericsVector1SystemByteSystemRuntimeIntrinsicsVector2561SystemByte', ID = '4453'
Method 'CosmosHALBlockDeviceRegistersHBACommandHeaderarrayInternalRuntimeCompilerServicesUnsafeAsCosmosHALBlockDeviceRegistersHBACommandHeaderarraySystemObject', ID = '4455'
Method 'SystemVoidSystemSZGenericArrayEnumerator1CosmosHALBlockDeviceRegistersHBACommandHeaderctorCosmosHALBlockDeviceRegistersHBACommandHeaderarray', ID = '4456'
Method 'SystemInt32SystemArrayIndexOfCosmosHALBlockDeviceRegistersHBACommandHeaderCosmosHALBlockDeviceRegistersHBACommandHeaderarrayCosmosHALBlockDeviceRegistersHBACommandHeaderSystemInt32SystemInt32', ID = '4459'
Method 'SystemCollectionsGenericIEnumerator1CosmosHALBlockDeviceRegistersHBACommandHeaderCosmosIL2CPUSZArrayImpl1CosmosHALBlockDeviceRegistersHBACommandHeaderGetEnumerator', ID = '4460'
Method 'SystemVoidCosmosIL2CPUSZArrayImpl1CosmosHALBlockDeviceRegistersHBACommandHeaderCopyToCosmosHALBlockDeviceRegistersHBACommandHeaderarraySystemInt32', ID = '4461'
Method 'SystemInt32CosmosIL2CPUSZArrayImpl1CosmosHALBlockDeviceRegistersHBACommandHeaderget_Count', ID = '4462'
Method 'CosmosHALBlockDeviceRegistersHBACommandHeaderCosmosIL2CPUSZArrayImpl1CosmosHALBlockDeviceRegistersHBACommandHeaderget_ItemSystemInt32', ID = '4463'
Method 'SystemVoidCosmosIL2CPUSZArrayImpl1CosmosHALBlockDeviceRegistersHBACommandHeaderset_ItemSystemInt32CosmosHALBlockDeviceRegistersHBACommandHeader', ID = '4464'
Method 'SystemVoidCosmosIL2CPUSZArrayImpl1CosmosHALBlockDeviceRegistersHBACommandHeaderAddCosmosHALBlockDeviceRegistersHBACommandHeader', ID = '4465'
Method 'SystemBooleanCosmosIL2CPUSZArrayImpl1CosmosHALBlockDeviceRegistersHBACommandHeaderContainsCosmosHALBlockDeviceRegistersHBACommandHeader', ID = '4466'
Method 'SystemBooleanCosmosIL2CPUSZArrayImpl1CosmosHALBlockDeviceRegistersHBACommandHeaderget_IsReadOnly', ID = '4467'
Method 'SystemVoidCosmosIL2CPUSZArrayImpl1CosmosHALBlockDeviceRegistersHBACommandHeaderClear', ID = '4468'
Method 'SystemInt32CosmosIL2CPUSZArrayImpl1CosmosHALBlockDeviceRegistersHBACommandHeaderIndexOfCosmosHALBlockDeviceRegistersHBACommandHeader', ID = '4469'
Method 'SystemVoidCosmosIL2CPUSZArrayImpl1CosmosHALBlockDeviceRegistersHBACommandHeaderInsertSystemInt32CosmosHALBlockDeviceRegistersHBACommandHeader', ID = '4470'
Method 'SystemVoidCosmosIL2CPUSZArrayImpl1CosmosHALBlockDeviceRegistersHBACommandHeaderRemoveAtSystemInt32', ID = '4471'
Method 'SystemBooleanCosmosIL2CPUSZArrayImpl1CosmosHALBlockDeviceRegistersHBACommandHeaderget_IsFixedSize', ID = '4472'
Method 'SystemVoidCosmosIL2CPUSZArrayImpl1CosmosHALBlockDeviceRegistersHBACommandHeaderRemoveCosmosHALBlockDeviceRegistersHBACommandHeader', ID = '4473'
Method 'SystemObjectCosmosIL2CPUSZArrayImpl1CosmosHALBlockDeviceRegistersHBACommandHeaderget_SyncRoot', ID = '4474'
Method 'SystemBooleanCosmosIL2CPUSZArrayImpl1CosmosHALBlockDeviceRegistersHBACommandHeaderget_IsSynchronized', ID = '4475'
Method 'SystemVoidCosmosHALBlockDeviceRegistersFISRegisterH2Dset_LBA3SystemByte', ID = '4476'
Method 'SystemVoidCosmosHALBlockDeviceRegistersFISRegisterH2Dset_LBA4SystemByte', ID = '4477'
Method 'SystemVoidCosmosHALBlockDeviceRegistersFISRegisterH2Dset_LBA5SystemByte', ID = '4478'
Method 'SystemVoidCosmosHALBlockDeviceRegistersFISRegisterH2Dset_CountHSystemByte', ID = '4479'
Method 'SystemCollectionsGenericIEnumerator1CosmosHALBlockDeviceRegistersHBAPRDTEntrySystemSZArrayHelperGetEnumeratorCosmosHALBlockDeviceRegistersHBAPRDTEntry', ID = '4480'
Method 'SystemVoidSystemSZArrayHelperCopyToCosmosHALBlockDeviceRegistersHBAPRDTEntryCosmosHALBlockDeviceRegistersHBAPRDTEntryarraySystemInt32', ID = '4481'
Method 'SystemInt32SystemSZArrayHelperget_CountCosmosHALBlockDeviceRegistersHBAPRDTEntry', ID = '4482'
Method 'CosmosHALBlockDeviceRegistersHBAPRDTEntrySystemSZArrayHelperget_ItemCosmosHALBlockDeviceRegistersHBAPRDTEntrySystemInt32', ID = '4483'
Method 'SystemVoidSystemSZArrayHelperset_ItemCosmosHALBlockDeviceRegistersHBAPRDTEntrySystemInt32CosmosHALBlockDeviceRegistersHBAPRDTEntry', ID = '4484'
Method 'SystemVoidSystemSZArrayHelperAddCosmosHALBlockDeviceRegistersHBAPRDTEntryCosmosHALBlockDeviceRegistersHBAPRDTEntry', ID = '4485'
Method 'SystemBooleanSystemSZArrayHelperContainsCosmosHALBlockDeviceRegistersHBAPRDTEntryCosmosHALBlockDeviceRegistersHBAPRDTEntry', ID = '4486'
Method 'SystemBooleanSystemSZArrayHelperget_IsReadOnlyCosmosHALBlockDeviceRegistersHBAPRDTEntry', ID = '4487'
Method 'SystemVoidSystemSZArrayHelperClearCosmosHALBlockDeviceRegistersHBAPRDTEntry', ID = '4488'
Method 'SystemInt32SystemSZArrayHelperIndexOfCosmosHALBlockDeviceRegistersHBAPRDTEntryCosmosHALBlockDeviceRegistersHBAPRDTEntry', ID = '4489'
Method 'SystemVoidSystemSZArrayHelperInsertCosmosHALBlockDeviceRegistersHBAPRDTEntrySystemInt32CosmosHALBlockDeviceRegistersHBAPRDTEntry', ID = '4490'
Method 'SystemBooleanSystemSZArrayHelperRemoveCosmosHALBlockDeviceRegistersHBAPRDTEntryCosmosHALBlockDeviceRegistersHBAPRDTEntry', ID = '4491'
Method 'SystemVoidSystemSZArrayHelperRemoveAtCosmosHALBlockDeviceRegistersHBAPRDTEntrySystemInt32', ID = '4492'
Method 'SystemVoidSystemSZGenericArrayEnumerator1CosmosCoreManagedMemoryBlockcctor', ID = '4499'
Method 'SystemVoidSystemSZGenericArrayEnumerator1CosmosCoreManagedMemoryBlockDispose', ID = '4500'
Method 'SystemBooleanSystemSZGenericArrayEnumerator1CosmosCoreManagedMemoryBlockMoveNext', ID = '4501'
Method 'SystemBooleanSystemRuntimeCompilerServicesRuntimeHelpersIsBitwiseEquatableCosmosCoreManagedMemoryBlock', ID = '4502'
Method 'SystemInt32InternalRuntimeCompilerServicesUnsafeSizeOfCosmosCoreManagedMemoryBlock', ID = '4503'
Method 'SystemByteInternalRuntimeCompilerServicesUnsafeAsCosmosCoreManagedMemoryBlockSystemByteCosmosCoreManagedMemoryBlock', ID = '4504'
Method 'SystemCharInternalRuntimeCompilerServicesUnsafeAsCosmosCoreManagedMemoryBlockSystemCharCosmosCoreManagedMemoryBlock', ID = '4505'
Method 'SystemInt32InternalRuntimeCompilerServicesUnsafeAsCosmosCoreManagedMemoryBlockSystemInt32CosmosCoreManagedMemoryBlock', ID = '4506'
Method 'SystemInt64InternalRuntimeCompilerServicesUnsafeAsCosmosCoreManagedMemoryBlockSystemInt64CosmosCoreManagedMemoryBlock', ID = '4507'
Method 'SystemCollectionsGenericEqualityComparer1CosmosCoreManagedMemoryBlockSystemCollectionsGenericEqualityComparer1CosmosCoreManagedMemoryBlockget_Default', ID = '4508'
Method 'SystemInt32SystemCollectionsGenericEqualityComparer1CosmosCoreManagedMemoryBlockIndexOfCosmosCoreManagedMemoryBlockarrayCosmosCoreManagedMemoryBlockSystemInt32SystemInt32', ID = '4509'
Method 'SystemVoidCosmosIL2CPUSZArrayImpl1GetEnumeratord__0CosmosCoreManagedMemoryBlockctorSystemInt32', ID = '4510'
Method 'SystemVoidSystemSZGenericArrayEnumerator1SystemBytearraycctor', ID = '4512'
Method 'SystemVoidSystemSZGenericArrayEnumerator1SystemBytearrayDispose', ID = '4513'
Method 'SystemBooleanSystemSZGenericArrayEnumerator1SystemBytearrayMoveNext', ID = '4514'
Method 'SystemBooleanSystemRuntimeCompilerServicesRuntimeHelpersIsBitwiseEquatableSystemBytearray', ID = '4515'
Method 'SystemInt32InternalRuntimeCompilerServicesUnsafeSizeOfSystemBytearray', ID = '4516'
Method 'SystemByteInternalRuntimeCompilerServicesUnsafeAsSystemBytearraySystemByteSystemBytearray', ID = '4517'
Method 'SystemCharInternalRuntimeCompilerServicesUnsafeAsSystemBytearraySystemCharSystemBytearray', ID = '4518'
Method 'SystemInt32InternalRuntimeCompilerServicesUnsafeAsSystemBytearraySystemInt32SystemBytearray', ID = '4519'
Method 'SystemInt64InternalRuntimeCompilerServicesUnsafeAsSystemBytearraySystemInt64SystemBytearray', ID = '4520'
Method 'SystemCollectionsGenericEqualityComparer1SystemBytearraySystemCollectionsGenericEqualityComparer1SystemBytearrayget_Default', ID = '4521'
Method 'SystemInt32SystemCollectionsGenericEqualityComparer1SystemBytearrayIndexOfSystemBytearrayarraySystemBytearraySystemInt32SystemInt32', ID = '4522'
Method 'SystemVoidCosmosIL2CPUSZArrayImpl1GetEnumeratord__0SystemBytearrayctorSystemInt32', ID = '4523'
Method 'SystemStringCosmosCoreCosmosRuntimeTypeget_FullName', ID = '4525'
Method 'SystemStringSystemRuntimeTypeget_FullName', ID = '4526'
Method 'SystemReflectionAssemblyCosmosCoreCosmosRuntimeTypeget_Assembly', ID = '4527'
Method 'SystemReflectionAssemblySystemRuntimeTypeget_Assembly', ID = '4528'
Method 'SystemVoidCosmosIL2CPUSZArrayImpl1GetEnumeratord__0CosmosHALNetworkDeviceSystemIDisposableDispose', ID = '4533'
Method 'SystemBooleanCosmosIL2CPUSZArrayImpl1GetEnumeratord__0CosmosHALNetworkDeviceMoveNext', ID = '4534'
Method 'SystemVoidSystemCollectionsGenericEqualityComparer1SystemCollectionsGenericDictionary2EntrySystemUInt32CosmosHALNetworkDevicecctor', ID = '4535'
Method 'SystemUInt32SystemCollectionsGenericKeyValuePair2SystemUInt32CosmosHALNetworkDeviceget_Key', ID = '4537'
Method 'CosmosHALNetworkDeviceSystemCollectionsGenericKeyValuePair2SystemUInt32CosmosHALNetworkDeviceget_Value', ID = '4538'
Method 'SystemStringSystemCollectionsGenericKeyValuePairPairToStringSystemObjectSystemObject', ID = '4539'
Method 'SystemVoidCosmosIL2CPUSZArrayImpl1GetEnumeratord__0SystemCollectionsGenericKeyValuePair2SystemUInt32CosmosHALNetworkDeviceSystemIDisposableDispose', ID = '4544'
Method 'SystemBooleanCosmosIL2CPUSZArrayImpl1GetEnumeratord__0SystemCollectionsGenericKeyValuePair2SystemUInt32CosmosHALNetworkDeviceMoveNext', ID = '4545'
Method 'SystemInt32CosmosSystem_PlugsSystemMathImplHighWordSystemDouble', ID = '4547'
Method 'SystemInt32CosmosSystem_PlugsSystemMathImplLowWordSystemDouble', ID = '4548'
Method 'SystemBytearraySystemBitConverterGetBytesSystemInt64', ID = '4549'
Method 'SystemBytearraySystemBitConverterGetBytesSystemInt32', ID = '4550'
Method 'SystemBytearraySystemBitConverterGetBytesSystemUInt32', ID = '4551'
Method 'SystemDoubleSystemBitConverterToDoubleSystemBytearraySystemInt32', ID = '4552'
Method 'SystemStringSystemRuntimeTypeRuntimeTypeCacheGetNameSystemTypeNameKind', ID = '4556'
Method 'SystemVoidSystemOrdinalComparerctorSystemBoolean', ID = '4557'
Method 'CosmosHALKeyboardBasearrayInternalRuntimeCompilerServicesUnsafeAsCosmosHALKeyboardBasearraySystemObject', ID = '4558'
Method 'SystemVoidSystemSZGenericArrayEnumerator1CosmosHALKeyboardBasectorCosmosHALKeyboardBasearray', ID = '4559'
Method 'SystemInt32SystemArrayIndexOfCosmosHALKeyboardBaseCosmosHALKeyboardBasearrayCosmosHALKeyboardBaseSystemInt32SystemInt32', ID = '4562'
Method 'SystemCollectionsGenericIEnumerator1CosmosHALKeyboardBaseCosmosIL2CPUSZArrayImpl1CosmosHALKeyboardBaseGetEnumerator', ID = '4563'
Method 'SystemVoidCosmosIL2CPUSZArrayImpl1CosmosHALKeyboardBaseCopyToCosmosHALKeyboardBasearraySystemInt32', ID = '4564'
Method 'SystemInt32CosmosIL2CPUSZArrayImpl1CosmosHALKeyboardBaseget_Count', ID = '4565'
Method 'CosmosHALKeyboardBaseCosmosIL2CPUSZArrayImpl1CosmosHALKeyboardBaseget_ItemSystemInt32', ID = '4566'
Method 'SystemVoidCosmosIL2CPUSZArrayImpl1CosmosHALKeyboardBaseset_ItemSystemInt32CosmosHALKeyboardBase', ID = '4567'
Method 'SystemVoidCosmosIL2CPUSZArrayImpl1CosmosHALKeyboardBaseAddCosmosHALKeyboardBase', ID = '4568'
Method 'SystemBooleanCosmosIL2CPUSZArrayImpl1CosmosHALKeyboardBaseContainsCosmosHALKeyboardBase', ID = '4569'
Method 'SystemBooleanCosmosIL2CPUSZArrayImpl1CosmosHALKeyboardBaseget_IsReadOnly', ID = '4570'
Method 'SystemVoidCosmosIL2CPUSZArrayImpl1CosmosHALKeyboardBaseClear', ID = '4571'
Method 'SystemInt32CosmosIL2CPUSZArrayImpl1CosmosHALKeyboardBaseIndexOfCosmosHALKeyboardBase', ID = '4572'
Method 'SystemVoidCosmosIL2CPUSZArrayImpl1CosmosHALKeyboardBaseInsertSystemInt32CosmosHALKeyboardBase', ID = '4573'
Method 'SystemVoidCosmosIL2CPUSZArrayImpl1CosmosHALKeyboardBaseRemoveAtSystemInt32', ID = '4574'
Method 'SystemBooleanCosmosIL2CPUSZArrayImpl1CosmosHALKeyboardBaseget_IsFixedSize', ID = '4575'
Method 'SystemVoidCosmosIL2CPUSZArrayImpl1CosmosHALKeyboardBaseRemoveCosmosHALKeyboardBase', ID = '4576'
Method 'SystemObjectCosmosIL2CPUSZArrayImpl1CosmosHALKeyboardBaseget_SyncRoot', ID = '4577'
Method 'SystemBooleanCosmosIL2CPUSZArrayImpl1CosmosHALKeyboardBaseget_IsSynchronized', ID = '4578'
Method 'SystemCollectionsGenericIEnumerator1CosmosSystemKeyMappingSystemSZArrayHelperGetEnumeratorCosmosSystemKeyMapping', ID = '4580'
Method 'SystemVoidSystemSZArrayHelperCopyToCosmosSystemKeyMappingCosmosSystemKeyMappingarraySystemInt32', ID = '4581'
Method 'SystemInt32SystemSZArrayHelperget_CountCosmosSystemKeyMapping', ID = '4582'
Method 'CosmosSystemKeyMappingSystemSZArrayHelperget_ItemCosmosSystemKeyMappingSystemInt32', ID = '4583'
Method 'SystemVoidSystemSZArrayHelperset_ItemCosmosSystemKeyMappingSystemInt32CosmosSystemKeyMapping', ID = '4584'
Method 'SystemVoidSystemSZArrayHelperAddCosmosSystemKeyMappingCosmosSystemKeyMapping', ID = '4585'
Method 'SystemBooleanSystemSZArrayHelperContainsCosmosSystemKeyMappingCosmosSystemKeyMapping', ID = '4586'
Method 'SystemBooleanSystemSZArrayHelperget_IsReadOnlyCosmosSystemKeyMapping', ID = '4587'
Method 'SystemVoidSystemSZArrayHelperClearCosmosSystemKeyMapping', ID = '4588'
Method 'SystemInt32SystemSZArrayHelperIndexOfCosmosSystemKeyMappingCosmosSystemKeyMapping', ID = '4589'
Method 'SystemVoidSystemSZArrayHelperInsertCosmosSystemKeyMappingSystemInt32CosmosSystemKeyMapping', ID = '4590'
Method 'SystemBooleanSystemSZArrayHelperRemoveCosmosSystemKeyMappingCosmosSystemKeyMapping', ID = '4591'
Method 'SystemVoidSystemSZArrayHelperRemoveAtCosmosSystemKeyMappingSystemInt32', ID = '4592'
Method 'SystemVoidSystemCollectionsGenericList1CosmosSystemKeyMappingctorSystemInt32', ID = '4594'
Method 'SystemVoidCosmosSystemKeyMappingctorSystemByteCosmosSystemConsoleKeyEx', ID = '4595'
Method 'SystemVoidSystemCollectionsGenericList1CosmosSystemKeyMappingAddCosmosSystemKeyMapping', ID = '4596'
Method 'SystemVoidCosmosSystemKeyMappingctorSystemByteSystemCharSystemCharSystemCharSystemCharSystemCharSystemCharCosmosSystemConsoleKeyEx', ID = '4597'
Method 'SystemVoidCosmosSystemKeyMappingctorSystemByteSystemCharCosmosSystemConsoleKeyEx', ID = '4598'
Method 'SystemVoidCosmosSystemKeyMappingctorSystemByteSystemCharSystemCharSystemCharSystemCharSystemCharSystemCharCosmosSystemConsoleKeyExCosmosSystemConsoleKeyEx', ID = '4599'
Method 'CosmosSystemKeyEventarrayInternalRuntimeCompilerServicesUnsafeAsCosmosSystemKeyEventarraySystemObject', ID = '4601'
Method 'SystemVoidSystemSZGenericArrayEnumerator1CosmosSystemKeyEventctorCosmosSystemKeyEventarray', ID = '4602'
Method 'SystemInt32SystemArrayIndexOfCosmosSystemKeyEventCosmosSystemKeyEventarrayCosmosSystemKeyEventSystemInt32SystemInt32', ID = '4605'
Method 'SystemCollectionsGenericIEnumerator1CosmosSystemKeyEventCosmosIL2CPUSZArrayImpl1CosmosSystemKeyEventGetEnumerator', ID = '4606'
Method 'SystemVoidCosmosIL2CPUSZArrayImpl1CosmosSystemKeyEventCopyToCosmosSystemKeyEventarraySystemInt32', ID = '4607'
Method 'SystemInt32CosmosIL2CPUSZArrayImpl1CosmosSystemKeyEventget_Count', ID = '4608'
Method 'CosmosSystemKeyEventCosmosIL2CPUSZArrayImpl1CosmosSystemKeyEventget_ItemSystemInt32', ID = '4609'
Method 'SystemVoidCosmosIL2CPUSZArrayImpl1CosmosSystemKeyEventset_ItemSystemInt32CosmosSystemKeyEvent', ID = '4610'
Method 'SystemVoidCosmosIL2CPUSZArrayImpl1CosmosSystemKeyEventAddCosmosSystemKeyEvent', ID = '4611'
Method 'SystemBooleanCosmosIL2CPUSZArrayImpl1CosmosSystemKeyEventContainsCosmosSystemKeyEvent', ID = '4612'
Method 'SystemBooleanCosmosIL2CPUSZArrayImpl1CosmosSystemKeyEventget_IsReadOnly', ID = '4613'
Method 'SystemVoidCosmosIL2CPUSZArrayImpl1CosmosSystemKeyEventClear', ID = '4614'
Method 'SystemInt32CosmosIL2CPUSZArrayImpl1CosmosSystemKeyEventIndexOfCosmosSystemKeyEvent', ID = '4615'
Method 'SystemVoidCosmosIL2CPUSZArrayImpl1CosmosSystemKeyEventInsertSystemInt32CosmosSystemKeyEvent', ID = '4616'
Method 'SystemVoidCosmosIL2CPUSZArrayImpl1CosmosSystemKeyEventRemoveAtSystemInt32', ID = '4617'
Method 'SystemBooleanCosmosIL2CPUSZArrayImpl1CosmosSystemKeyEventget_IsFixedSize', ID = '4618'
Method 'SystemVoidCosmosIL2CPUSZArrayImpl1CosmosSystemKeyEventRemoveCosmosSystemKeyEvent', ID = '4619'
Method 'SystemObjectCosmosIL2CPUSZArrayImpl1CosmosSystemKeyEventget_SyncRoot', ID = '4620'
Method 'SystemBooleanCosmosIL2CPUSZArrayImpl1CosmosSystemKeyEventget_IsSynchronized', ID = '4621'
Method 'SystemVoidSystemCollectionsGenericList1CosmosHALKeyboardBaseset_CapacitySystemInt32', ID = '4622'
Method 'SystemBooleanSystemCollectionsGenericList1EnumeratorCosmosHALKeyboardBaseMoveNextRare', ID = '4623'
Method 'SystemVoidCosmosSystemKeyEventctor', ID = '4624'
Method 'SystemConsoleModifiersCosmosSystemKeyEventget_Modifiers', ID = '4625'
Method 'SystemVoidCosmosSystemKeyEventset_ModifiersSystemConsoleModifiers', ID = '4626'
Method 'SystemVoidCosmosSystemKeyEventset_TypeCosmosSystemKeyEventKeyEventType', ID = '4627'
Method 'SystemVoidCosmosSystemKeyEventset_KeyCharSystemChar', ID = '4628'
Method 'SystemVoidCosmosSystemKeyEventset_KeyCosmosSystemConsoleKeyEx', ID = '4629'
Method 'SystemVoidSystemCollectionsGenericQueue1CosmosSystemKeyEventGrowSystemInt32', ID = '4632'
Method 'SystemVoidSystemCollectionsGenericQueue1CosmosSystemKeyEventMoveNextSystemInt32', ID = '4633'
Method 'SystemVoidSystemCollectionsGenericEqualityComparer1CosmosHALPCIDevicecctor', ID = '4634'
Method 'SystemChararrayCosmosCore_PlugsSystemBuffersArrayPoolImpl1CosmosArrayPoolSystemCharRentSystemInt32', ID = '4636'
Method 'SystemVoidCosmosCore_PlugsSystemBuffersArrayPoolImpl1CosmosArrayPoolSystemCharReturnSystemChararraySystemBoolean', ID = '4637'
Method 'SystemBooleanSystemRuntimeFieldHandleEqualsSystemObject', ID = '4639'
Method 'SystemInt32SystemRuntimeFieldHandleGetHashCode', ID = '4640'
Method 'SystemRuntimeTypeSystemRuntimeTypeGetBaseType', ID = '4642'
Method 'SystemTypeCosmosCoreCosmosRuntimeTypeget_BaseType', ID = '4644'
Method 'SystemTypeSystemRuntimeTypeget_BaseType', ID = '4645'
Method 'SystemTypeCosmosCore_PlugsSystemTypeImplget_BaseType', ID = '4646'
Method 'SystemStringCosmosCore_PlugsSystemStringImplFormatSystemStringSystemObjectSystemObject', ID = '4647'
Method 'SystemGlobalizationCultureDataSystemGlobalizationCultureDataget_Invariant', ID = '4648'
Method 'SystemVoidSystemGlobalizationCultureInfoctorSystemGlobalizationCultureDataSystemBoolean', ID = '4649'
Method 'SystemVoidSystemGlobalizationCompareInfocctor', ID = '4652'
Method 'SystemStringSystemGlobalizationCompareInfoToString', ID = '4654'
Method 'SystemBooleanSystemGlobalizationCompareInfoEqualsSystemObject', ID = '4655'
Method 'SystemInt32SystemGlobalizationCompareInfoGetHashCode', ID = '4656'
Method 'SystemVoidSystemGlobalizationTextInfocctor', ID = '4657'
Method 'SystemStringSystemGlobalizationTextInfoToString', ID = '4659'
Method 'SystemBooleanSystemGlobalizationTextInfoEqualsSystemObject', ID = '4660'
Method 'SystemInt32SystemGlobalizationTextInfoGetHashCode', ID = '4661'
Method 'SystemObjectSystemGlobalizationDateTimeFormatInfoGetFormatSystemType', ID = '4665'
Method 'SystemVoidSystemGlobalizationCultureDatacctor', ID = '4666'
Method 'SystemBooleanCosmosCore_PlugsSystemGlobalizationCultureInfoImplEqualsSystemObject', ID = '4668'
Method 'SystemInt32CosmosCore_PlugsSystemGlobalizationCultureInfoImplGetHashCode', ID = '4669'
Method 'SystemVoidSystemGlobalizationCultureDataGetNFIValuesSystemGlobalizationNumberFormatInfo', ID = '4670'
Method 'SystemVoidSystemGlobalizationNumberFormatInfoInitializeInvariantAndNegativeSignFlags', ID = '4671'
Method 'SystemObjectInternalRuntimeCompilerServicesUnsafeAsSystemGlobalizationNumberFormatInfoSystemObjectSystemGlobalizationNumberFormatInfo', ID = '4674'
Method 'SystemGlobalizationNumberFormatInfoInternalRuntimeCompilerServicesUnsafeAsSystemGlobalizationNumberFormatInfoSystemObject', ID = '4676'
Method 'SystemGlobalizationCalendarSystemGlobalizationCultureInfoget_Calendar', ID = '4677'
Method 'SystemVoidSystemGlobalizationDateTimeFormatInfoctorSystemGlobalizationCultureDataSystemGlobalizationCalendar', ID = '4678'
Method 'SystemGlobalizationDateTimeFormatInfoSystemThreadingInterlockedCompareExchangeSystemGlobalizationDateTimeFormatInfoSystemGlobalizationDateTimeFormatInfoSystemGlobalizat2A0070DF4D0D73AAFB5E4F62CE02272D', ID = '4679'
Method 'SystemStringSystemSpan1SystemByteToString', ID = '4680'
Method 'SystemBooleanSystemSpan1SystemByteEqualsSystemObject', ID = '4681'
Method 'SystemInt32SystemSpan1SystemByteGetHashCode', ID = '4682'
Method 'SystemTextStringBuilderSystemTextStringBuilderAppendSystemInt32', ID = '4683'
Method 'SystemTextStringBuilderSystemTextStringBuilderAppendSystemBoolean', ID = '4684'
Method 'SystemTextStringBuilderSystemTextStringBuilderAppendSystemObject', ID = '4685'
Method 'SystemVoidSystemNumberGrisu3cctor', ID = '4686'
Method 'SystemVoidSystemNumberDiyFpGetBoundariesSystemInt32SystemNumberDiyFpSystemNumberDiyFp', ID = '4689'
Method 'SystemInt32SystemNumericsBitOperationsLeadingZeroCountSystemUInt64', ID = '4690'
Method 'SystemVoidSystemNumberDiyFpctorSystemUInt64SystemInt32', ID = '4691'
Method 'SystemNumberDiyFpSystemNumberGrisu3GetCachedPowerForBinaryExponentRangeSystemInt32SystemInt32SystemInt32', ID = '4692'
Method 'SystemNumberDiyFpSystemNumberDiyFpMultiplySystemNumberDiyFp', ID = '4693'
Method 'SystemBooleanSystemNumberGrisu3TryDigitGenShortestSystemNumberDiyFpSystemNumberDiyFpSystemNumberDiyFpSystemSpan1SystemByteSystemInt32SystemInt32', ID = '4694'
Method 'SystemBooleanSystemNumberGrisu3TryDigitGenCountedSystemNumberDiyFpSystemInt32SystemSpan1SystemByteSystemInt32SystemInt32', ID = '4695'
Method 'SystemUInt64SystemBitConverterDoubleToUInt64BitsSystemDouble', ID = '4696'
Method 'SystemUInt64SystemRuntimeIntrinsicsX86LzcntX64LeadingZeroCountSystemUInt64', ID = '4698'
Method 'SystemUInt64SystemRuntimeIntrinsicsX86X86BaseX64BitScanReverseSystemUInt64', ID = '4699'
Method 'SystemInt32SystemNumericsBitOperationsLog2SystemUInt32', ID = '4700'
Method 'SystemVoidSystemNumberBigIntegerSetUInt64SystemNumberBigIntegerSystemUInt64', ID = '4701'
Method 'SystemVoidSystemNumberBigIntegerShiftLeftSystemUInt32', ID = '4702'
Method 'SystemVoidSystemNumberBigIntegerSetUInt32SystemNumberBigIntegerSystemUInt32', ID = '4703'
Method 'SystemVoidSystemNumberBigIntegerPow2SystemUInt32SystemNumberBigInteger', ID = '4704'
Method 'SystemVoidSystemNumberBigIntegerMultiplyPow10SystemUInt32', ID = '4706'
Method 'SystemVoidSystemNumberBigIntegerPow10SystemUInt32SystemNumberBigInteger', ID = '4707'
Method 'SystemVoidSystemNumberBigIntegerMultiplySystemNumberBigInteger', ID = '4708'
Method 'SystemVoidSystemNumberBigIntegerMultiplySystemNumberBigIntegerSystemUInt32SystemNumberBigInteger', ID = '4709'
Method 'SystemVoidSystemNumberBigIntegerAddSystemNumberBigIntegerSystemNumberBigIntegerSystemNumberBigInteger', ID = '4710'
Method 'SystemInt32SystemNumberBigIntegerCompareSystemNumberBigIntegerSystemNumberBigInteger', ID = '4711'
Method 'SystemVoidSystemNumberBigIntegerMultiply10', ID = '4712'
Method 'SystemInt32SystemNumberBigIntegerGetLength', ID = '4713'
Method 'SystemUInt32SystemNumberBigIntegerGetBlockSystemUInt32', ID = '4714'
Method 'SystemUInt32SystemNumberBigIntegerHeuristicDivideSystemNumberBigIntegerSystemNumberBigInteger', ID = '4715'
Method 'SystemBooleanSystemNumberBigIntegerIsZero', ID = '4716'
Method 'SystemStringSystemSpan1SystemInt32ToString', ID = '4718'
Method 'SystemBooleanSystemSpan1SystemInt32EqualsSystemObject', ID = '4719'
Method 'SystemInt32SystemSpan1SystemInt32GetHashCode', ID = '4720'
Method 'SystemBooleanCosmosCore_PlugsSystemRuntimeCompilerServicesRuntimeHelpersImplIsReferenceOrContainsReferencesSystemInt32', ID = '4721'
Method 'SystemVoidCosmosIL2CPUSZArrayImpl1GetEnumeratord__0CosmosHALPITPITTimerSystemIDisposableDispose', ID = '4726'
Method 'SystemBooleanCosmosIL2CPUSZArrayImpl1GetEnumeratord__0CosmosHALPITPITTimerMoveNext', ID = '4727'
Method 'SystemVoidSystemTextEncodingSetDefaultFallbacks', ID = '4728'
Method 'SystemBytearraySystemSpan1SystemByteToArray', ID = '4730'
Method 'SystemVoidSystemTextEncoderReplacementFallbackcctor', ID = '4731'
Method 'SystemBooleanSystemTextEncoderReplacementFallbackEqualsSystemObject', ID = '4732'
Method 'SystemInt32SystemTextEncoderReplacementFallbackGetHashCode', ID = '4733'
Method 'SystemInt32SystemTextEncoderReplacementFallbackget_MaxCharCount', ID = '4734'
Method 'SystemUIntPtrSystemTextASCIIUtilityGetIndexOfFirstNonAsciiChar_DefaultSystemCharpointerSystemUIntPtr', ID = '4736'
Method 'SystemUIntPtrSystemTextASCIIUtilityGetIndexOfFirstNonAsciiChar_Sse2SystemCharpointerSystemUIntPtr', ID = '4737'
Method 'SystemRuntimeIntrinsicsVector1281SystemUInt64SystemRuntimeIntrinsicsVector128CreateSystemUInt64', ID = '4740'
Method 'SystemRuntimeIntrinsicsVector1281SystemByteSystemRuntimeIntrinsicsVector128AsByteSystemUInt64SystemRuntimeIntrinsicsVector1281SystemUInt64', ID = '4741'
Method 'SystemRuntimeIntrinsicsVector1281SystemUInt16SystemRuntimeIntrinsicsX86Sse2LoadVector128SystemUInt16pointer', ID = '4742'
Method 'SystemRuntimeIntrinsicsVector1281SystemUInt16SystemRuntimeIntrinsicsX86Sse41MinSystemRuntimeIntrinsicsVector1281SystemUInt16SystemRuntimeIntrinsicsVector1281SystemUInt16', ID = '4743'
Method 'SystemRuntimeIntrinsicsVector1281SystemUInt16SystemRuntimeIntrinsicsX86Sse2AddSaturateSystemRuntimeIntrinsicsVector1281SystemUInt16SystemRuntimeIntrinsicsVector1281SystemUInt16', ID = '4744'
Method 'SystemRuntimeIntrinsicsVector1281SystemUInt16SystemRuntimeIntrinsicsX86Sse2OrSystemRuntimeIntrinsicsVector1281SystemUInt16SystemRuntimeIntrinsicsVector1281SystemUInt16', ID = '4745'
Method 'SystemInt32SystemNumericsBitOperationsPopCountSystemUInt32', ID = '4746'
Method 'SystemRuntimeIntrinsicsVector1281SystemUInt16SystemRuntimeIntrinsicsX86Sse2AddSystemRuntimeIntrinsicsVector1281SystemUInt16SystemRuntimeIntrinsicsVector1281SystemUInt16', ID = '4747'
Method 'SystemRuntimeIntrinsicsVector1281SystemInt16SystemRuntimeIntrinsicsVector128AsInt16SystemUInt16SystemRuntimeIntrinsicsVector1281SystemUInt16', ID = '4748'
Method 'SystemRuntimeIntrinsicsVector1281SystemInt16SystemRuntimeIntrinsicsX86Sse2CompareLessThanSystemRuntimeIntrinsicsVector1281SystemInt16SystemRuntimeIntrinsicsVector1281SystemInt16', ID = '4749'
Method 'SystemRuntimeIntrinsicsVector1281SystemByteSystemRuntimeIntrinsicsVector128AsByteSystemInt16SystemRuntimeIntrinsicsVector1281SystemInt16', ID = '4750'
Method 'SystemRuntimeIntrinsicsVector1281SystemUInt16SystemRuntimeIntrinsicsX86Sse2ShiftRightLogicalSystemRuntimeIntrinsicsVector1281SystemUInt16SystemByte', ID = '4751'
Method 'SystemInt32SystemIntPtrget_Size', ID = '4752'
Method 'SystemNumericsVector1SystemUInt16InternalRuntimeCompilerServicesUnsafeReadUnalignedSystemNumericsVector1SystemUInt16SystemVoidpointer', ID = '4753'
Method 'SystemNumericsVector1SystemUInt16SystemNumericsVectorGreaterThanOrEqualSystemUInt16SystemNumericsVector1SystemUInt16SystemNumericsVector1SystemUInt16', ID = '4754'
Method 'SystemNumericsVector1SystemUInt16SystemNumericsVector1SystemUInt16op_SubtractionSystemNumericsVector1SystemUInt16SystemNumericsVector1SystemUInt16', ID = '4755'
Method 'SystemNumericsVector1SystemUIntPtrSystemNumericsVector1SystemUInt16op_ExplicitSystemNumericsVector1SystemUInt16', ID = '4756'
Method 'SystemUIntPtrSystemNumericsVector1SystemUIntPtrget_ItemSystemInt32', ID = '4757'
Method 'SystemInt32SystemNumericsVector1SystemUIntPtrget_Count', ID = '4758'
Method 'SystemNumericsVector1SystemUInt16SystemNumericsVectorLessThanSystemUInt16SystemNumericsVector1SystemUInt16SystemNumericsVector1SystemUInt16', ID = '4759'
Method 'SystemBooleanSystemNumericsVector1SystemUInt16op_InequalitySystemNumericsVector1SystemUInt16SystemNumericsVector1SystemUInt16', ID = '4760'
Method 'SystemNumericsVector1SystemUInt16SystemNumericsVectorAndNotSystemUInt16SystemNumericsVector1SystemUInt16SystemNumericsVector1SystemUInt16', ID = '4761'
Method 'SystemUInt16SystemNumericsVector1SystemUInt16get_ItemSystemInt32', ID = '4762'
Method 'SystemBooleanSystemTextUnicodeUtilityIsSurrogateCodePointSystemUInt32', ID = '4763'
Method 'SystemUInt32InternalRuntimeCompilerServicesUnsafeReadUnalignedSystemUInt32SystemVoidpointer', ID = '4764'
Method 'SystemTextEncoderFallbackBufferSystemTextEncoderget_FallbackBuffer', ID = '4767'
Method 'SystemBooleanSystemTextRuneTryCreateSystemCharSystemTextRune', ID = '4772'
Method 'SystemBooleanSystemTextRuneTryCreateSystemCharSystemCharSystemTextRune', ID = '4773'
Method 'SystemBooleanSystemCharIsHighSurrogateSystemChar', ID = '4774'
Method 'SystemTextRuneSystemTextRuneget_ReplacementChar', ID = '4775'
Method 'SystemBooleanSystemTextEncoderFallbackBufferInternalFallbackSystemReadOnlySpan1SystemCharSystemInt32', ID = '4776'
Method 'SystemInt32SystemTextEncoderFallbackBufferDrainRemainingDataForGetByteCount', ID = '4777'
Method 'SystemInt32InternalRuntimeCompilerServicesUnsafeSizeOfSystemRuntimeIntrinsicsVector1281SystemByte', ID = '4778'
Method 'SystemUInt64InternalRuntimeCompilerServicesUnsafeReadUnalignedSystemUInt64SystemVoidpointer', ID = '4779'
Method 'SystemBooleanSystemTextASCIIUtilityAllCharsInUInt64AreAsciiSystemUInt64', ID = '4780'
Method 'SystemUIntPtrSystemTextASCIIUtilityNarrowUtf16ToAscii_Sse2SystemCharpointerSystemBytepointerSystemUIntPtr', ID = '4781'
Method 'SystemNumericsVector1SystemUInt16SystemNumericsVectorBitwiseOrSystemUInt16SystemNumericsVector1SystemUInt16SystemNumericsVector1SystemUInt16', ID = '4782'
Method 'SystemBooleanSystemNumericsVectorGreaterThanAnySystemUInt16SystemNumericsVector1SystemUInt16SystemNumericsVector1SystemUInt16', ID = '4783'
Method 'SystemNumericsVector1SystemByteSystemNumericsVectorNarrowSystemNumericsVector1SystemUInt16SystemNumericsVector1SystemUInt16', ID = '4784'
Method 'SystemVoidInternalRuntimeCompilerServicesUnsafeWriteUnalignedSystemNumericsVector1SystemByteSystemVoidpointerSystemNumericsVector1SystemByte', ID = '4785'
Method 'SystemVoidSystemTextASCIIUtilityNarrowFourUtf16CharsToAsciiAndWriteToBufferSystemByteSystemUInt64', ID = '4786'
Method 'SystemBooleanSystemTextASCIIUtilityAllCharsInUInt32AreAsciiSystemUInt32', ID = '4787'
Method 'SystemVoidSystemTextASCIIUtilityNarrowTwoUtf16CharsToAsciiAndWriteToBufferSystemByteSystemUInt32', ID = '4788'
Method 'SystemBooleanSystemTextASCIIUtilityFirstCharInUInt32IsAsciiSystemUInt32', ID = '4789'
Method 'SystemRuntimeIntrinsicsVector1281SystemInt16SystemRuntimeIntrinsicsVector128CreateSystemInt16', ID = '4794'
Method 'SystemBooleanSystemTextUnicodeUtf16UtilityAllCharsInUInt32AreAsciiSystemUInt32', ID = '4795'
Method 'SystemVoidInternalRuntimeCompilerServicesUnsafeWriteUnalignedSystemUInt16SystemVoidpointerSystemUInt16', ID = '4796'
Method 'SystemInt64SystemMathMinSystemInt64SystemInt64', ID = '4797'
Method 'SystemVoidInternalRuntimeCompilerServicesUnsafeSkipInitSystemRuntimeIntrinsicsVector1281SystemInt16SystemRuntimeIntrinsicsVector1281SystemInt16', ID = '4798'
Method 'SystemRuntimeIntrinsicsVector1281SystemInt16InternalRuntimeCompilerServicesUnsafeReadUnalignedSystemRuntimeIntrinsicsVector1281SystemInt16SystemVoidpointer', ID = '4799'
Method 'SystemBooleanSystemRuntimeIntrinsicsX86Sse41TestZSystemRuntimeIntrinsicsVector1281SystemInt16SystemRuntimeIntrinsicsVector1281SystemInt16', ID = '4800'
Method 'SystemRuntimeIntrinsicsVector1281SystemByteSystemRuntimeIntrinsicsX86Sse2PackUnsignedSaturateSystemRuntimeIntrinsicsVector1281SystemInt16SystemRuntimeIntrinsicsVector1281SystemInt16', ID = '4801'
Method 'SystemRuntimeIntrinsicsVector1281SystemUInt64SystemRuntimeIntrinsicsVector128AsUInt64SystemByteSystemRuntimeIntrinsicsVector1281SystemByte', ID = '4802'
Method 'SystemVoidSystemRuntimeIntrinsicsX86Sse2StoreScalarSystemUInt64pointerSystemRuntimeIntrinsicsVector1281SystemUInt64', ID = '4803'
Method 'SystemBooleanSystemTextUnicodeUtf16UtilityAllCharsInUInt64AreAsciiSystemUInt64', ID = '4804'
Method 'SystemRuntimeIntrinsicsVector1281SystemUInt64SystemRuntimeIntrinsicsVector128CreateScalarUnsafeSystemUInt64', ID = '4805'
Method 'SystemRuntimeIntrinsicsVector1281SystemInt16SystemRuntimeIntrinsicsVector128AsInt16SystemUInt64SystemRuntimeIntrinsicsVector1281SystemUInt64', ID = '4806'
Method 'SystemRuntimeIntrinsicsVector1281SystemUInt32SystemRuntimeIntrinsicsVector128AsUInt32SystemByteSystemRuntimeIntrinsicsVector1281SystemByte', ID = '4807'
Method 'SystemUInt32SystemRuntimeIntrinsicsX86Sse2ConvertToUInt32SystemRuntimeIntrinsicsVector1281SystemUInt32', ID = '4808'
Method 'SystemVoidInternalRuntimeCompilerServicesUnsafeWriteUnalignedSystemUInt32SystemVoidpointerSystemUInt32', ID = '4809'
Method 'SystemRuntimeIntrinsicsVector1281SystemUInt64SystemRuntimeIntrinsicsVector128AsUInt64SystemInt16SystemRuntimeIntrinsicsVector1281SystemInt16', ID = '4810'
Method 'SystemUInt64SystemRuntimeIntrinsicsX86Sse2X64ConvertToUInt64SystemRuntimeIntrinsicsVector1281SystemUInt64', ID = '4811'
Method 'SystemUInt64SystemRuntimeIntrinsicsVector128ToScalarSystemUInt64SystemRuntimeIntrinsicsVector1281SystemUInt64', ID = '4812'
Method 'SystemUInt64SystemRuntimeIntrinsicsVector128GetElementSystemUInt64SystemRuntimeIntrinsicsVector1281SystemUInt64SystemInt32', ID = '4813'
Method 'SystemBooleanSystemTextUnicodeUtf8UtilityIsFirstCharAsciiSystemUInt32', ID = '4814'
Method 'SystemBooleanSystemTextUnicodeUtf8UtilityIsFirstCharAtLeastThreeUtf8BytesSystemUInt32', ID = '4815'
Method 'SystemBooleanSystemTextUnicodeUtf8UtilityIsSecondCharTwoUtf8BytesSystemUInt32', ID = '4816'
Method 'SystemUInt32SystemTextUnicodeUtf8UtilityExtractTwoUtf8TwoByteSequencesFromTwoPackedUtf16CharsSystemUInt32', ID = '4817'
Method 'SystemBooleanSystemTextUnicodeUtf8UtilityIsFirstCharTwoUtf8BytesSystemUInt32', ID = '4818'
Method 'SystemUInt32SystemTextUnicodeUtf8UtilityExtractUtf8TwoByteSequenceFromFirstUtf16CharSystemUInt32', ID = '4819'
Method 'SystemBooleanSystemTextUnicodeUtf8UtilityIsSecondCharAsciiSystemUInt32', ID = '4820'
Method 'SystemBooleanSystemTextUnicodeUtf8UtilityIsFirstCharSurrogateSystemUInt32', ID = '4821'
Method 'SystemBooleanSystemTextUnicodeUtf8UtilityIsSecondCharAtLeastThreeUtf8BytesSystemUInt32', ID = '4822'
Method 'SystemBooleanSystemTextUnicodeUtf8UtilityIsSecondCharSurrogateSystemUInt32', ID = '4823'
Method 'SystemVoidSystemTextUnicodeUtf8UtilityWriteTwoUtf16CharsAsTwoUtf8ThreeByteSequencesSystemByteSystemUInt32', ID = '4824'
Method 'SystemVoidSystemTextUnicodeUtf8UtilityWriteFirstUtf16CharAsUtf8ThreeByteSequenceSystemByteSystemUInt32', ID = '4825'
Method 'SystemBooleanSystemTextUnicodeUtf8UtilityIsWellFormedUtf16SurrogatePairSystemUInt32', ID = '4826'
Method 'SystemUInt32SystemTextUnicodeUtf8UtilityExtractFourUtf8BytesFromSurrogatePairSystemUInt32', ID = '4827'
Method 'SystemTextEncoderFallbackSystemTextEncoderget_Fallback', ID = '4828'
Method 'SystemBuffersOperationStatusSystemTextASCIIEncodingEncodeRuneSystemTextRuneSystemSpan1SystemByteSystemInt32', ID = '4829'
Method 'SystemBuffersOperationStatusSystemTextUTF8EncodingEncodeRuneSystemTextRuneSystemSpan1SystemByteSystemInt32', ID = '4830'
Method 'SystemBooleanSystemTextEncoderFallbackBufferTryDrainRemainingDataForGetBytesSystemSpan1SystemByteSystemInt32', ID = '4831'
Method 'SystemBooleanSystemTextEncoderget_InternalHasFallbackBuffer', ID = '4832'
Method 'SystemVoidSystemTextEncoderFallbackBufferInternalReset', ID = '4833'
Method 'SystemVoidSystemTextEncodingThrowBytesOverflow', ID = '4834'
Method 'SystemVoidSystemTextEncoderNLSClearMustFlush', ID = '4835'
Method 'SystemVoidCosmosCore_PlugsMemoryOperationsMemoryOperationsImplFillSystemBytepointerSystemInt32SystemInt32', ID = '4836'
Method 'SystemCharSystemHexConverterToCharLowerSystemInt32', ID = '4837'
Method 'SystemVoidSystemReflectionModulecompilergeneratedcctor', ID = '4838'
Method 'SystemStringSystemPrivateCoreLibSystemSRget_InvalidFilterCriteriaException_CritString', ID = '4840'
Method 'SystemVoidSystemReflectionInvalidFilterCriteriaExceptionctorSystemString', ID = '4841'
Method 'SystemReadOnlySpan1SystemCharSystemMemoryExtensionsAsSpanSystemStringSystemInt32SystemInt32', ID = '4842'
Method 'SystemBooleanSystemMemoryExtensionsStartsWithSystemReadOnlySpan1SystemCharSystemReadOnlySpan1SystemCharSystemStringComparison', ID = '4843'
Method 'SystemInt32SystemCollectionsGenericDictionary2SystemStringSystemReflectionAssemblyInitializeSystemInt32', ID = '4853'
Method 'SystemVoidSystemCollectionsGenericList1SystemStringcctor', ID = '4854'
Method 'SystemRuntimeIntrinsicsVector1281SystemSingleSystemRuntimeIntrinsicsVector128AsSystemDoubleSystemSingleSystemRuntimeIntrinsicsVector1281SystemDouble', ID = '4855'
Method 'SystemRuntimeIntrinsicsVector1281SystemDoubleSystemRuntimeIntrinsicsVector128AsSystemDoubleSystemDoubleSystemRuntimeIntrinsicsVector1281SystemDouble', ID = '4856'
Method 'SystemRuntimeIntrinsicsVector1281SystemByteSystemRuntimeIntrinsicsVector128AsSystemDoubleSystemByteSystemRuntimeIntrinsicsVector1281SystemDouble', ID = '4857'
Method 'SystemRuntimeIntrinsicsVector1281SystemSingleSystemRuntimeIntrinsicsVector128AsSystemInt64SystemSingleSystemRuntimeIntrinsicsVector1281SystemInt64', ID = '4859'
Method 'SystemRuntimeIntrinsicsVector1281SystemByteSystemRuntimeIntrinsicsVector128AsSystemInt64SystemByteSystemRuntimeIntrinsicsVector1281SystemInt64', ID = '4860'
Method 'SystemBooleanSystemStringIsNullOrWhiteSpaceSystemString', ID = '4861'
Method 'SystemBooleanSystemCharIsInRangeSystemCharSystemCharSystemChar', ID = '4862'
Method 'SystemGlobalizationUnicodeCategorySystemGlobalizationCharUnicodeInfoGetUnicodeCategorySystemChar', ID = '4863'
Method 'SystemStringSystemRuntimeIntrinsicsVector1281SystemSingleToString', ID = '4864'
Method 'SystemBooleanSystemRuntimeIntrinsicsVector1281SystemSingleEqualsSystemObject', ID = '4865'
Method 'SystemInt32SystemRuntimeIntrinsicsVector1281SystemSingleGetHashCode', ID = '4866'
Method 'SystemRuntimeIntrinsicsVector1281SystemSingleInternalRuntimeCompilerServicesUnsafeAsSystemRuntimeIntrinsicsVector1281SystemByteSystemRuntimeIntrinsicsVector1281SystemSi7D212046DA353B1A6AC5B0E9F6800F2F', ID = '4868'
Method 'SystemRuntimeIntrinsicsVector1281SystemDoubleInternalRuntimeCompilerServicesUnsafeAsSystemRuntimeIntrinsicsVector1281SystemByteSystemRuntimeIntrinsicsVector1281SystemDoA9162C7CE3D402BE5D8EB04587AF3727', ID = '4869'
Method 'SystemRuntimeIntrinsicsVector1281SystemByteInternalRuntimeCompilerServicesUnsafeAsSystemRuntimeIntrinsicsVector1281SystemByteSystemRuntimeIntrinsicsVector1281SystemByte8431AA14E55FC526DB112631AEA31BB0', ID = '4870'
Method 'SystemBooleanSystemByteEqualsSystemByte', ID = '4871'
Method 'SystemUInt32CosmosSystem_PlugsSystemHashCodeImplGenerateGlobalSeed', ID = '4872'
Method 'SystemBytearraySystemBitConverterGetBytesSystemSingle', ID = '4873'
Method 'SystemBooleanSystemSingleIsFiniteSystemSingle', ID = '4874'
Method 'SystemBooleanSystemSingleIsNegativeSystemSingle', ID = '4875'
Method 'SystemBooleanSystemNumberGrisu3TryRunSingleSystemSingleSystemInt32SystemNumberNumberBuffer', ID = '4876'
Method 'SystemVoidSystemNumberDragon4SingleSystemSingleSystemInt32SystemBooleanSystemNumberNumberBuffer', ID = '4877'
Method 'SystemChararraySystemGCAllocateUninitializedArraySystemCharSystemInt32SystemBoolean', ID = '4878'
Method 'SystemVoidSystemTextStringBuilderctorSystemTextStringBuilder', ID = '4879'
Method 'SystemSpan1SystemCharSystemMemoryExtensionsAsSpanSystemCharSystemChararraySystemInt32', ID = '4880'
Method 'SystemStringSystemRuntimeIntrinsicsVector2561SystemSingleToString', ID = '4882'
Method 'SystemBooleanSystemRuntimeIntrinsicsVector2561SystemSingleEqualsSystemObject', ID = '4883'
Method 'SystemInt32SystemRuntimeIntrinsicsVector2561SystemSingleGetHashCode', ID = '4884'
Method 'SystemRuntimeIntrinsicsVector2561SystemSingleInternalRuntimeCompilerServicesUnsafeAsSystemRuntimeIntrinsicsVector2561SystemByteSystemRuntimeIntrinsicsVector2561SystemSi11A9754D1FA2FB9323DB97EEBA820948', ID = '4886'
Method 'SystemStringSystemRuntimeIntrinsicsVector2561SystemDoubleToString', ID = '4887'
Method 'SystemBooleanSystemRuntimeIntrinsicsVector2561SystemDoubleEqualsSystemObject', ID = '4888'
Method 'SystemInt32SystemRuntimeIntrinsicsVector2561SystemDoubleGetHashCode', ID = '4889'
Method 'SystemRuntimeIntrinsicsVector2561SystemDoubleInternalRuntimeCompilerServicesUnsafeAsSystemRuntimeIntrinsicsVector2561SystemByteSystemRuntimeIntrinsicsVector2561SystemDoC1A03CFF887D3D94394DAF4502C56351', ID = '4891'
Method 'SystemRuntimeIntrinsicsVector2561SystemByteInternalRuntimeCompilerServicesUnsafeAsSystemRuntimeIntrinsicsVector2561SystemByteSystemRuntimeIntrinsicsVector2561SystemByteCA31E564568C3F83710BA368BA5038C5', ID = '4892'
Method 'SystemStringSystemRuntimeIntrinsicsVector1281SystemInt32ToString', ID = '4893'
Method 'SystemBooleanSystemRuntimeIntrinsicsVector1281SystemInt32EqualsSystemObject', ID = '4894'
Method 'SystemInt32SystemRuntimeIntrinsicsVector1281SystemInt32GetHashCode', ID = '4895'
Method 'SystemVoidSystemThrowHelperThrowForUnsupportedIntrinsicsVectorBaseTypeSystemInt32', ID = '4898'
Method 'SystemRuntimeIntrinsicsVector1281SystemSingleInternalRuntimeCompilerServicesUnsafeAsSystemRuntimeIntrinsicsVector1281SystemInt32SystemRuntimeIntrinsicsVector1281SystemSD28CE8C0725AA59CB6A8979FA942B5E1', ID = '4899'
Method 'SystemRuntimeIntrinsicsVector1281SystemDoubleInternalRuntimeCompilerServicesUnsafeAsSystemRuntimeIntrinsicsVector1281SystemInt64SystemRuntimeIntrinsicsVector1281SystemD80E58D45EB50F1C81487C01334A55A91', ID = '4901'
Method 'SystemBooleanSystemNumericsVector1SystemUInt64ScalarEqualsSystemUInt64SystemUInt64', ID = '4902'
Method 'SystemRuntimeIntrinsicsVector1281SystemSingleInternalRuntimeCompilerServicesUnsafeAsSystemRuntimeIntrinsicsVector1281SystemUInt16SystemRuntimeIntrinsicsVector1281System97B30D61D9DB759228A0CB7C05D376C0', ID = '4903'
Method 'SystemRuntimeIntrinsicsVector1281SystemDoubleInternalRuntimeCompilerServicesUnsafeAsSystemRuntimeIntrinsicsVector1281SystemUInt16SystemRuntimeIntrinsicsVector1281System914916F8B6C986B79BE0B9856B577658', ID = '4904'
Method 'SystemBooleanSystemUInt16EqualsSystemUInt16', ID = '4905'
Method 'SystemRuntimeIntrinsicsVector2561SystemSingleInternalRuntimeCompilerServicesUnsafeAsSystemRuntimeIntrinsicsVector2561SystemUInt16SystemRuntimeIntrinsicsVector2561System036A3E575C56D7A82340A13E403E7A3C', ID = '4906'
Method 'SystemRuntimeIntrinsicsVector2561SystemDoubleInternalRuntimeCompilerServicesUnsafeAsSystemRuntimeIntrinsicsVector2561SystemUInt16SystemRuntimeIntrinsicsVector2561SystemA920F7A2245CC1C4E48EBA7CCAAD3EC6', ID = '4907'
Method 'SystemBooleanCosmosCore_PlugsSystemCollectionsGenericByteEqualityComparerEqualsSystemByteSystemByte', ID = '4909'
Method 'SystemBooleanCosmosCore_PlugsSystemCollectionsGenericStringEqualityComparerEqualsSystemStringSystemString', ID = '4912'
Method 'SystemBooleanCosmosCore_PlugsSystemCollectionsGenericInt32EqualityComparerEqualsSystemInt32SystemInt32', ID = '4913'
Method 'SystemBooleanCosmosCore_PlugsSystemCollectionsGenericUInt32EqualityComparerEqualsSystemUInt32SystemUInt32', ID = '4914'
Method 'SystemBooleanCosmosCore_PlugsSystemCollectionsGenericInt64EqualityComparerEqualsSystemInt64SystemInt64', ID = '4915'
Method 'SystemBooleanCosmosCore_PlugsSystemCollectionsGenericCharEqualityComparerEqualsSystemCharSystemChar', ID = '4918'
Method 'SystemBooleanCosmosCore_PlugsSystemCollectionsGenericObjectEqualityComparerEqualsSystemObjectSystemObject', ID = '4925'
Method 'SystemVoidCosmosSystem_PlugsSystemRandomImplCtor', ID = '4927'
Method 'SystemVoidCosmosSystem_PlugsSystemRandomImplNextBytesSystemBytearray', ID = '4928'
Method 'SystemVoidSystemSZGenericArrayEnumerator1SystemCollectionsGenericDictionary2EntrySystemStringSystemBooleancctor', ID = '4929'
Method 'SystemVoidSystemSZGenericArrayEnumerator1SystemCollectionsGenericDictionary2EntrySystemStringSystemBooleanDispose', ID = '4930'
Method 'SystemBooleanSystemSZGenericArrayEnumerator1SystemCollectionsGenericDictionary2EntrySystemStringSystemBooleanMoveNext', ID = '4931'
Method 'SystemBooleanSystemRuntimeCompilerServicesRuntimeHelpersIsBitwiseEquatableSystemCollectionsGenericDictionary2EntrySystemStringSystemBoolean', ID = '4932'
Method 'SystemInt32InternalRuntimeCompilerServicesUnsafeSizeOfSystemCollectionsGenericDictionary2EntrySystemStringSystemBoolean', ID = '4933'
Method 'SystemByteInternalRuntimeCompilerServicesUnsafeAsSystemCollectionsGenericDictionary2EntrySystemStringSystemBooleanSystemByteSystemCollectionsGenericDictionary2EntrySystemStringSystemBoolean', ID = '4934'
Method 'SystemCharInternalRuntimeCompilerServicesUnsafeAsSystemCollectionsGenericDictionary2EntrySystemStringSystemBooleanSystemCharSystemCollectionsGenericDictionary2EntrySystemStringSystemBoolean', ID = '4935'
Method 'SystemInt32InternalRuntimeCompilerServicesUnsafeAsSystemCollectionsGenericDictionary2EntrySystemStringSystemBooleanSystemInt32SystemCollectionsGenericDictionary2EntrySystemStringSystemBoolean', ID = '4936'
Method 'SystemInt64InternalRuntimeCompilerServicesUnsafeAsSystemCollectionsGenericDictionary2EntrySystemStringSystemBooleanSystemInt64SystemCollectionsGenericDictionary2EntrySystemStringSystemBoolean', ID = '4937'
Method 'SystemCollectionsGenericEqualityComparer1SystemCollectionsGenericDictionary2EntrySystemStringSystemBooleanSystemCollectionsGenericEqualityComparer1SystemCollectionsGene3FB0F743647C85836CC008F33C1DDF17', ID = '4938'
Method 'SystemInt32SystemCollectionsGenericEqualityComparer1SystemCollectionsGenericDictionary2EntrySystemStringSystemBooleanIndexOfSystemCollectionsGenericDictionary2EntrySystD27CE2B4BAE6C44C86E7F1C7C98D373E', ID = '4939'
Method 'SystemVoidCosmosIL2CPUSZArrayImpl1GetEnumeratord__0SystemCollectionsGenericDictionary2EntrySystemStringSystemBooleanctorSystemInt32', ID = '4940'
Method 'SystemCollectionsGenericIEnumerator1SystemBooleanSystemSZArrayHelperGetEnumeratorSystemBoolean', ID = '4942'
Method 'SystemVoidSystemSZArrayHelperCopyToSystemBooleanSystemBooleanarraySystemInt32', ID = '4943'
Method 'SystemInt32SystemSZArrayHelperget_CountSystemBoolean', ID = '4944'
Method 'SystemBooleanSystemSZArrayHelperget_ItemSystemBooleanSystemInt32', ID = '4945'
Method 'SystemVoidSystemSZArrayHelperset_ItemSystemBooleanSystemInt32SystemBoolean', ID = '4946'
Method 'SystemVoidSystemSZArrayHelperAddSystemBooleanSystemBoolean', ID = '4947'
Method 'SystemBooleanSystemSZArrayHelperContainsSystemBooleanSystemBoolean', ID = '4948'
Method 'SystemBooleanSystemSZArrayHelperget_IsReadOnlySystemBoolean', ID = '4949'
Method 'SystemVoidSystemSZArrayHelperClearSystemBoolean', ID = '4950'
Method 'SystemInt32SystemSZArrayHelperIndexOfSystemBooleanSystemBoolean', ID = '4951'
Method 'SystemVoidSystemSZArrayHelperInsertSystemBooleanSystemInt32SystemBoolean', ID = '4952'
Method 'SystemBooleanSystemSZArrayHelperRemoveSystemBooleanSystemBoolean', ID = '4953'
Method 'SystemVoidSystemSZArrayHelperRemoveAtSystemBooleanSystemInt32', ID = '4954'
Method 'SystemCollectionsGenericKeyValuePair2SystemStringSystemBooleanarrayInternalRuntimeCompilerServicesUnsafeAsSystemCollectionsGenericKeyValuePair2SystemStringSystemBooleanarraySystemObject', ID = '4959'
Method 'SystemVoidSystemSZGenericArrayEnumerator1SystemCollectionsGenericKeyValuePair2SystemStringSystemBooleanctorSystemCollectionsGenericKeyValuePair2SystemStringSystemBooleanarray', ID = '4960'
Method 'SystemInt32SystemArrayIndexOfSystemCollectionsGenericKeyValuePair2SystemStringSystemBooleanSystemCollectionsGenericKeyValuePair2SystemStringSystemBooleanarraySystemCollA4C18F4980E73687329531B154222179', ID = '4964'
Method 'SystemCollectionsGenericIEnumerator1SystemCollectionsGenericKeyValuePair2SystemStringSystemBooleanCosmosIL2CPUSZArrayImpl1SystemCollectionsGenericKeyValuePair2SystemStringSystemBooleanGetEnumerator', ID = '4965'
Method 'SystemVoidCosmosIL2CPUSZArrayImpl1SystemCollectionsGenericKeyValuePair2SystemStringSystemBooleanCopyToSystemCollectionsGenericKeyValuePair2SystemStringSystemBooleanarraySystemInt32', ID = '4966'
Method 'SystemInt32CosmosIL2CPUSZArrayImpl1SystemCollectionsGenericKeyValuePair2SystemStringSystemBooleanget_Count', ID = '4967'
Method 'SystemCollectionsGenericKeyValuePair2SystemStringSystemBooleanCosmosIL2CPUSZArrayImpl1SystemCollectionsGenericKeyValuePair2SystemStringSystemBooleanget_ItemSystemInt32', ID = '4968'
Method 'SystemVoidCosmosIL2CPUSZArrayImpl1SystemCollectionsGenericKeyValuePair2SystemStringSystemBooleanset_ItemSystemInt32SystemCollectionsGenericKeyValuePair2SystemStringSystemBoolean', ID = '4969'
Method 'SystemVoidCosmosIL2CPUSZArrayImpl1SystemCollectionsGenericKeyValuePair2SystemStringSystemBooleanAddSystemCollectionsGenericKeyValuePair2SystemStringSystemBoolean', ID = '4970'
Method 'SystemBooleanCosmosIL2CPUSZArrayImpl1SystemCollectionsGenericKeyValuePair2SystemStringSystemBooleanContainsSystemCollectionsGenericKeyValuePair2SystemStringSystemBoolean', ID = '4971'
Method 'SystemBooleanCosmosIL2CPUSZArrayImpl1SystemCollectionsGenericKeyValuePair2SystemStringSystemBooleanget_IsReadOnly', ID = '4972'
Method 'SystemVoidCosmosIL2CPUSZArrayImpl1SystemCollectionsGenericKeyValuePair2SystemStringSystemBooleanClear', ID = '4973'
Method 'SystemInt32CosmosIL2CPUSZArrayImpl1SystemCollectionsGenericKeyValuePair2SystemStringSystemBooleanIndexOfSystemCollectionsGenericKeyValuePair2SystemStringSystemBoolean', ID = '4974'
Method 'SystemVoidCosmosIL2CPUSZArrayImpl1SystemCollectionsGenericKeyValuePair2SystemStringSystemBooleanInsertSystemInt32SystemCollectionsGenericKeyValuePair2SystemStringSystemBoolean', ID = '4975'
Method 'SystemVoidCosmosIL2CPUSZArrayImpl1SystemCollectionsGenericKeyValuePair2SystemStringSystemBooleanRemoveAtSystemInt32', ID = '4976'
Method 'SystemBooleanCosmosIL2CPUSZArrayImpl1SystemCollectionsGenericKeyValuePair2SystemStringSystemBooleanget_IsFixedSize', ID = '4977'
Method 'SystemVoidCosmosIL2CPUSZArrayImpl1SystemCollectionsGenericKeyValuePair2SystemStringSystemBooleanRemoveSystemCollectionsGenericKeyValuePair2SystemStringSystemBoolean', ID = '4978'
Method 'SystemObjectCosmosIL2CPUSZArrayImpl1SystemCollectionsGenericKeyValuePair2SystemStringSystemBooleanget_SyncRoot', ID = '4979'
Method 'SystemBooleanCosmosIL2CPUSZArrayImpl1SystemCollectionsGenericKeyValuePair2SystemStringSystemBooleanget_IsSynchronized', ID = '4980'
Method 'SystemInt32SystemStringGetNonRandomizedHashCodeOrdinalIgnoreCase', ID = '4981'
Method 'SystemInt32CosmosCore_PlugsSystemStringImplGetNonRandomizedHashCodeSystemString', ID = '4982'
Method 'SystemInt32SystemMarvinComputeHash32OrdinalIgnoreCaseSystemCharSystemInt32SystemUInt32SystemUInt32', ID = '4983'
Method 'SystemBooleanSystemStringEqualsOrdinalIgnoreCaseSystemStringSystemString', ID = '4984'
Method 'SystemCharInternalRuntimeCompilerServicesUnsafeAddByteOffsetSystemCharSystemCharSystemIntPtr', ID = '4986'
Method 'SystemUInt64InternalRuntimeCompilerServicesUnsafeReadUnalignedSystemUInt64SystemByte', ID = '4987'
Method 'SystemBooleanSystemTextUnicodeUtf16UtilityUInt64OrdinalIgnoreCaseAsciiSystemUInt64SystemUInt64', ID = '4988'
Method 'SystemBooleanSystemTextUnicodeUtf16UtilityUInt32OrdinalIgnoreCaseAsciiSystemUInt32SystemUInt32', ID = '4989'
Method 'SystemInt32SystemGlobalizationOrdinalCompareStringIgnoreCaseSystemCharSystemInt32SystemCharSystemInt32', ID = '4990'
Method 'SystemCollectionsGenericDictionary2EntrySystemStringSystemObjectarrayInternalRuntimeCompilerServicesUnsafeAsSystemCollectionsGenericDictionary2EntrySystemStringSystemObjectarraySystemObject', ID = '4992'
Method 'SystemVoidSystemSZGenericArrayEnumerator1SystemCollectionsGenericDictionary2EntrySystemStringSystemObjectctorSystemCollectionsGenericDictionary2EntrySystemStringSystemObjectarray', ID = '4993'
Method 'SystemInt32SystemArrayIndexOfSystemCollectionsGenericDictionary2EntrySystemStringSystemObjectSystemCollectionsGenericDictionary2EntrySystemStringSystemObjectarraySystem8FE9EC443DBB2018D1227379FAC326DD', ID = '4996'
Method 'SystemCollectionsGenericIEnumerator1SystemCollectionsGenericDictionary2EntrySystemStringSystemObjectCosmosIL2CPUSZArrayImpl1SystemCollectionsGenericDictionary2EntrySyst80EC785D03B0FA0EB69B33E7427EB9A8', ID = '4997'
Method 'SystemVoidCosmosIL2CPUSZArrayImpl1SystemCollectionsGenericDictionary2EntrySystemStringSystemObjectCopyToSystemCollectionsGenericDictionary2EntrySystemStringSystemObjectarraySystemInt32', ID = '4998'
Method 'SystemInt32CosmosIL2CPUSZArrayImpl1SystemCollectionsGenericDictionary2EntrySystemStringSystemObjectget_Count', ID = '4999'
Method 'SystemCollectionsGenericDictionary2EntrySystemStringSystemObjectCosmosIL2CPUSZArrayImpl1SystemCollectionsGenericDictionary2EntrySystemStringSystemObjectget_ItemSystemInt32', ID = '5000'
Method 'SystemVoidCosmosIL2CPUSZArrayImpl1SystemCollectionsGenericDictionary2EntrySystemStringSystemObjectset_ItemSystemInt32SystemCollectionsGenericDictionary2EntrySystemStringSystemObject', ID = '5001'
Method 'SystemVoidCosmosIL2CPUSZArrayImpl1SystemCollectionsGenericDictionary2EntrySystemStringSystemObjectAddSystemCollectionsGenericDictionary2EntrySystemStringSystemObject', ID = '5002'
Method 'SystemBooleanCosmosIL2CPUSZArrayImpl1SystemCollectionsGenericDictionary2EntrySystemStringSystemObjectContainsSystemCollectionsGenericDictionary2EntrySystemStringSystemObject', ID = '5003'
Method 'SystemBooleanCosmosIL2CPUSZArrayImpl1SystemCollectionsGenericDictionary2EntrySystemStringSystemObjectget_IsReadOnly', ID = '5004'
Method 'SystemVoidCosmosIL2CPUSZArrayImpl1SystemCollectionsGenericDictionary2EntrySystemStringSystemObjectClear', ID = '5005'
Method 'SystemInt32CosmosIL2CPUSZArrayImpl1SystemCollectionsGenericDictionary2EntrySystemStringSystemObjectIndexOfSystemCollectionsGenericDictionary2EntrySystemStringSystemObject', ID = '5006'
Method 'SystemVoidCosmosIL2CPUSZArrayImpl1SystemCollectionsGenericDictionary2EntrySystemStringSystemObjectInsertSystemInt32SystemCollectionsGenericDictionary2EntrySystemStringSystemObject', ID = '5007'
Method 'SystemVoidCosmosIL2CPUSZArrayImpl1SystemCollectionsGenericDictionary2EntrySystemStringSystemObjectRemoveAtSystemInt32', ID = '5008'
Method 'SystemBooleanCosmosIL2CPUSZArrayImpl1SystemCollectionsGenericDictionary2EntrySystemStringSystemObjectget_IsFixedSize', ID = '5009'
Method 'SystemVoidCosmosIL2CPUSZArrayImpl1SystemCollectionsGenericDictionary2EntrySystemStringSystemObjectRemoveSystemCollectionsGenericDictionary2EntrySystemStringSystemObject', ID = '5010'
Method 'SystemObjectCosmosIL2CPUSZArrayImpl1SystemCollectionsGenericDictionary2EntrySystemStringSystemObjectget_SyncRoot', ID = '5011'
Method 'SystemBooleanCosmosIL2CPUSZArrayImpl1SystemCollectionsGenericDictionary2EntrySystemStringSystemObjectget_IsSynchronized', ID = '5012'
Method 'SystemCollectionsGenericIEnumerator1SystemCollectionsGenericKeyValuePair2SystemStringSystemObjectSystemSZArrayHelperGetEnumeratorSystemCollectionsGenericKeyValuePair2SystemStringSystemObject', ID = '5013'
Method 'SystemVoidSystemSZArrayHelperCopyToSystemCollectionsGenericKeyValuePair2SystemStringSystemObjectSystemCollectionsGenericKeyValuePair2SystemStringSystemObjectarraySystemInt32', ID = '5014'
Method 'SystemInt32SystemSZArrayHelperget_CountSystemCollectionsGenericKeyValuePair2SystemStringSystemObject', ID = '5015'
Method 'SystemCollectionsGenericKeyValuePair2SystemStringSystemObjectSystemSZArrayHelperget_ItemSystemCollectionsGenericKeyValuePair2SystemStringSystemObjectSystemInt32', ID = '5016'
Method 'SystemVoidSystemSZArrayHelperset_ItemSystemCollectionsGenericKeyValuePair2SystemStringSystemObjectSystemInt32SystemCollectionsGenericKeyValuePair2SystemStringSystemObject', ID = '5017'
Method 'SystemVoidSystemSZArrayHelperAddSystemCollectionsGenericKeyValuePair2SystemStringSystemObjectSystemCollectionsGenericKeyValuePair2SystemStringSystemObject', ID = '5018'
Method 'SystemBooleanSystemSZArrayHelperContainsSystemCollectionsGenericKeyValuePair2SystemStringSystemObjectSystemCollectionsGenericKeyValuePair2SystemStringSystemObject', ID = '5019'
Method 'SystemBooleanSystemSZArrayHelperget_IsReadOnlySystemCollectionsGenericKeyValuePair2SystemStringSystemObject', ID = '5020'
Method 'SystemVoidSystemSZArrayHelperClearSystemCollectionsGenericKeyValuePair2SystemStringSystemObject', ID = '5021'
Method 'SystemInt32SystemSZArrayHelperIndexOfSystemCollectionsGenericKeyValuePair2SystemStringSystemObjectSystemCollectionsGenericKeyValuePair2SystemStringSystemObject', ID = '5022'
Method 'SystemVoidSystemSZArrayHelperInsertSystemCollectionsGenericKeyValuePair2SystemStringSystemObjectSystemInt32SystemCollectionsGenericKeyValuePair2SystemStringSystemObject', ID = '5023'
Method 'SystemBooleanSystemSZArrayHelperRemoveSystemCollectionsGenericKeyValuePair2SystemStringSystemObjectSystemCollectionsGenericKeyValuePair2SystemStringSystemObject', ID = '5024'
Method 'SystemVoidSystemSZArrayHelperRemoveAtSystemCollectionsGenericKeyValuePair2SystemStringSystemObjectSystemInt32', ID = '5025'
Method 'SystemReadOnlySpan1SystemByteSystemCharget_Latin1CharInfo', ID = '5029'
Method 'SystemByteSystemReadOnlySpan1SystemByteget_ItemSystemInt32', ID = '5030'
Method 'SystemUIntPtrSystemGlobalizationCharUnicodeInfoGetCategoryCasingTableOffsetNoBoundsChecksSystemUInt32', ID = '5032'
Method 'SystemReadOnlySpan1SystemByteSystemGlobalizationCharUnicodeInfoget_CategoriesValues', ID = '5033'
Method 'SystemVoidSystemSZGenericArrayEnumerator1SystemUInt16cctor', ID = '5034'
Method 'SystemVoidSystemSZGenericArrayEnumerator1SystemUInt16Dispose', ID = '5035'
Method 'SystemBooleanSystemSZGenericArrayEnumerator1SystemUInt16MoveNext', ID = '5036'
Method 'SystemBooleanSystemRuntimeCompilerServicesRuntimeHelpersIsBitwiseEquatableSystemUInt16', ID = '5037'
Method 'SystemByteInternalRuntimeCompilerServicesUnsafeAsSystemUInt16SystemByteSystemUInt16', ID = '5038'
Method 'SystemCharInternalRuntimeCompilerServicesUnsafeAsSystemUInt16SystemCharSystemUInt16', ID = '5039'
Method 'SystemInt32InternalRuntimeCompilerServicesUnsafeAsSystemUInt16SystemInt32SystemUInt16', ID = '5040'
Method 'SystemInt64InternalRuntimeCompilerServicesUnsafeAsSystemUInt16SystemInt64SystemUInt16', ID = '5041'
Method 'SystemCollectionsGenericEqualityComparer1SystemUInt16SystemCollectionsGenericEqualityComparer1SystemUInt16get_Default', ID = '5042'
Method 'SystemInt32SystemCollectionsGenericEqualityComparer1SystemUInt16IndexOfSystemUInt16arraySystemUInt16SystemInt32SystemInt32', ID = '5043'
Method 'SystemVoidCosmosIL2CPUSZArrayImpl1GetEnumeratord__0SystemUInt16ctorSystemInt32', ID = '5044'
Method 'SystemInt32SystemTextUTF8EncodingGetCharsCommonSystemBytepointerSystemInt32SystemCharpointerSystemInt32', ID = '5046'
Method 'SystemStringSystemStringCreateStringFromEncodingSystemBytepointerSystemInt32SystemTextEncoding', ID = '5047'
Method 'SystemInt32InternalRuntimeCompilerServicesUnsafeSizeOfSystemGuid', ID = '5051'
Method 'SystemGuidInternalRuntimeCompilerServicesUnsafeReadUnalignedSystemGuidSystemByte', ID = '5052'
Method 'SystemVoidSystemCollectionsGenericList1CosmosHALBlockDeviceGPTGPartInfoset_CapacitySystemInt32', ID = '5053'
Method 'SystemVoidSystemSZGenericArrayEnumerator1CosmosHALBlockDeviceGPTGPartInfocctor', ID = '5054'
Method 'SystemVoidSystemSZGenericArrayEnumerator1CosmosHALBlockDeviceGPTGPartInfoDispose', ID = '5055'
Method 'SystemBooleanSystemSZGenericArrayEnumerator1CosmosHALBlockDeviceGPTGPartInfoMoveNext', ID = '5056'
Method 'SystemBooleanSystemRuntimeCompilerServicesRuntimeHelpersIsBitwiseEquatableCosmosHALBlockDeviceGPTGPartInfo', ID = '5057'
Method 'SystemInt32InternalRuntimeCompilerServicesUnsafeSizeOfCosmosHALBlockDeviceGPTGPartInfo', ID = '5058'
Method 'SystemByteInternalRuntimeCompilerServicesUnsafeAsCosmosHALBlockDeviceGPTGPartInfoSystemByteCosmosHALBlockDeviceGPTGPartInfo', ID = '5059'
Method 'SystemCharInternalRuntimeCompilerServicesUnsafeAsCosmosHALBlockDeviceGPTGPartInfoSystemCharCosmosHALBlockDeviceGPTGPartInfo', ID = '5060'
Method 'SystemInt32InternalRuntimeCompilerServicesUnsafeAsCosmosHALBlockDeviceGPTGPartInfoSystemInt32CosmosHALBlockDeviceGPTGPartInfo', ID = '5061'
Method 'SystemInt64InternalRuntimeCompilerServicesUnsafeAsCosmosHALBlockDeviceGPTGPartInfoSystemInt64CosmosHALBlockDeviceGPTGPartInfo', ID = '5062'
Method 'SystemCollectionsGenericEqualityComparer1CosmosHALBlockDeviceGPTGPartInfoSystemCollectionsGenericEqualityComparer1CosmosHALBlockDeviceGPTGPartInfoget_Default', ID = '5063'
Method 'SystemInt32SystemCollectionsGenericEqualityComparer1CosmosHALBlockDeviceGPTGPartInfoIndexOfCosmosHALBlockDeviceGPTGPartInfoarrayCosmosHALBlockDeviceGPTGPartInfoSystemInt32SystemInt32', ID = '5064'
Method 'SystemVoidCosmosIL2CPUSZArrayImpl1GetEnumeratord__0CosmosHALBlockDeviceGPTGPartInfoctorSystemInt32', ID = '5065'
Method 'SystemVoidSystemCollectionsGenericList1CosmosHALBlockDeviceMBRPartInfoset_CapacitySystemInt32', ID = '5067'
Method 'SystemVoidSystemSZGenericArrayEnumerator1CosmosHALBlockDeviceMBRPartInfocctor', ID = '5068'
Method 'SystemVoidSystemSZGenericArrayEnumerator1CosmosHALBlockDeviceMBRPartInfoDispose', ID = '5069'
Method 'SystemBooleanSystemSZGenericArrayEnumerator1CosmosHALBlockDeviceMBRPartInfoMoveNext', ID = '5070'
Method 'SystemBooleanSystemRuntimeCompilerServicesRuntimeHelpersIsBitwiseEquatableCosmosHALBlockDeviceMBRPartInfo', ID = '5071'
Method 'SystemInt32InternalRuntimeCompilerServicesUnsafeSizeOfCosmosHALBlockDeviceMBRPartInfo', ID = '5072'
Method 'SystemByteInternalRuntimeCompilerServicesUnsafeAsCosmosHALBlockDeviceMBRPartInfoSystemByteCosmosHALBlockDeviceMBRPartInfo', ID = '5073'
Method 'SystemCharInternalRuntimeCompilerServicesUnsafeAsCosmosHALBlockDeviceMBRPartInfoSystemCharCosmosHALBlockDeviceMBRPartInfo', ID = '5074'
Method 'SystemInt32InternalRuntimeCompilerServicesUnsafeAsCosmosHALBlockDeviceMBRPartInfoSystemInt32CosmosHALBlockDeviceMBRPartInfo', ID = '5075'
Method 'SystemInt64InternalRuntimeCompilerServicesUnsafeAsCosmosHALBlockDeviceMBRPartInfoSystemInt64CosmosHALBlockDeviceMBRPartInfo', ID = '5076'
Method 'SystemCollectionsGenericEqualityComparer1CosmosHALBlockDeviceMBRPartInfoSystemCollectionsGenericEqualityComparer1CosmosHALBlockDeviceMBRPartInfoget_Default', ID = '5077'
Method 'SystemInt32SystemCollectionsGenericEqualityComparer1CosmosHALBlockDeviceMBRPartInfoIndexOfCosmosHALBlockDeviceMBRPartInfoarrayCosmosHALBlockDeviceMBRPartInfoSystemInt32SystemInt32', ID = '5078'
Method 'SystemVoidCosmosIL2CPUSZArrayImpl1GetEnumeratord__0CosmosHALBlockDeviceMBRPartInfoctorSystemInt32', ID = '5079'
Method 'SystemInt16InternalRuntimeCompilerServicesUnsafeReadUnalignedSystemInt16SystemByte', ID = '5081'
Method 'SystemVoidSystemCollectionsGenericList1CosmosHALBlockDeviceEBRPartInfoset_CapacitySystemInt32', ID = '5082'
Method 'SystemVoidSystemSZGenericArrayEnumerator1CosmosHALBlockDeviceEBRPartInfocctor', ID = '5083'
Method 'SystemVoidSystemSZGenericArrayEnumerator1CosmosHALBlockDeviceEBRPartInfoDispose', ID = '5084'
Method 'SystemBooleanSystemSZGenericArrayEnumerator1CosmosHALBlockDeviceEBRPartInfoMoveNext', ID = '5085'
Method 'SystemBooleanSystemRuntimeCompilerServicesRuntimeHelpersIsBitwiseEquatableCosmosHALBlockDeviceEBRPartInfo', ID = '5086'
Method 'SystemInt32InternalRuntimeCompilerServicesUnsafeSizeOfCosmosHALBlockDeviceEBRPartInfo', ID = '5087'
Method 'SystemByteInternalRuntimeCompilerServicesUnsafeAsCosmosHALBlockDeviceEBRPartInfoSystemByteCosmosHALBlockDeviceEBRPartInfo', ID = '5088'
Method 'SystemCharInternalRuntimeCompilerServicesUnsafeAsCosmosHALBlockDeviceEBRPartInfoSystemCharCosmosHALBlockDeviceEBRPartInfo', ID = '5089'
Method 'SystemInt32InternalRuntimeCompilerServicesUnsafeAsCosmosHALBlockDeviceEBRPartInfoSystemInt32CosmosHALBlockDeviceEBRPartInfo', ID = '5090'
Method 'SystemInt64InternalRuntimeCompilerServicesUnsafeAsCosmosHALBlockDeviceEBRPartInfoSystemInt64CosmosHALBlockDeviceEBRPartInfo', ID = '5091'
Method 'SystemCollectionsGenericEqualityComparer1CosmosHALBlockDeviceEBRPartInfoSystemCollectionsGenericEqualityComparer1CosmosHALBlockDeviceEBRPartInfoget_Default', ID = '5092'
Method 'SystemInt32SystemCollectionsGenericEqualityComparer1CosmosHALBlockDeviceEBRPartInfoIndexOfCosmosHALBlockDeviceEBRPartInfoarrayCosmosHALBlockDeviceEBRPartInfoSystemInt32SystemInt32', ID = '5093'
Method 'SystemVoidCosmosIL2CPUSZArrayImpl1GetEnumeratord__0CosmosHALBlockDeviceEBRPartInfoctorSystemInt32', ID = '5094'
Method 'SystemVoidSystemCollectionsGenericEqualityComparer1CosmosHALBlockDeviceBlockDevicecctor', ID = '5096'
Method 'SystemVoidSystemCollectionsGenericEqualityComparer1CosmosHALBlockDevicePartitioncctor', ID = '5098'
Method 'SystemVoidCosmosIL2CPUSZArrayImpl1GetEnumeratord__0CosmosHALBlockDevicePortsStoragePortSystemIDisposableDispose', ID = '5104'
Method 'SystemBooleanCosmosIL2CPUSZArrayImpl1GetEnumeratord__0CosmosHALBlockDevicePortsStoragePortMoveNext', ID = '5105'
Method 'SystemStringSystemNumericsVector1SystemUInt32ToString', ID = '5106'
Method 'SystemBooleanSystemNumericsVector1SystemUInt32EqualsSystemObject', ID = '5107'
Method 'SystemInt32SystemNumericsVector1SystemUInt32GetHashCode', ID = '5108'
Method 'SystemStringSystemNumericsVector1SystemUInt32ToStringSystemStringSystemIFormatProvider', ID = '5109'
Method 'SystemNumericsVector1SystemUInt32InternalRuntimeCompilerServicesUnsafeAsRefSystemNumericsVector1SystemUInt32SystemNumericsVector1SystemUInt32', ID = '5112'
Method 'SystemUInt32InternalRuntimeCompilerServicesUnsafeAsSystemNumericsVector1SystemUInt32SystemUInt32SystemNumericsVector1SystemUInt32', ID = '5113'
Method 'SystemUInt32InternalRuntimeCompilerServicesUnsafeAddSystemUInt32SystemUInt32SystemIntPtr', ID = '5114'
Method 'SystemInt32InternalRuntimeCompilerServicesUnsafeSizeOfSystemNumericsVector1SystemUInt32', ID = '5115'
Method 'SystemStringSystemNumericsVector1SystemSingleToString', ID = '5116'
Method 'SystemBooleanSystemNumericsVector1SystemSingleEqualsSystemObject', ID = '5117'
Method 'SystemInt32SystemNumericsVector1SystemSingleGetHashCode', ID = '5118'
Method 'SystemStringSystemNumericsVector1SystemSingleToStringSystemStringSystemIFormatProvider', ID = '5119'
Method 'SystemNumericsVector1SystemSingleInternalRuntimeCompilerServicesUnsafeAsRefSystemNumericsVector1SystemSingleSystemNumericsVector1SystemSingle', ID = '5122'
Method 'SystemSingleInternalRuntimeCompilerServicesUnsafeAsSystemNumericsVector1SystemSingleSystemSingleSystemNumericsVector1SystemSingle', ID = '5123'
Method 'SystemSingleInternalRuntimeCompilerServicesUnsafeAddSystemSingleSystemSingleSystemIntPtr', ID = '5124'
Method 'SystemInt32InternalRuntimeCompilerServicesUnsafeSizeOfSystemNumericsVector1SystemSingle', ID = '5125'
Method 'SystemInt32InternalRuntimeCompilerServicesUnsafeSizeOfSystemSingle', ID = '5126'
Method 'SystemStringSystemNumericsVector1SystemDoubleToString', ID = '5127'
Method 'SystemBooleanSystemNumericsVector1SystemDoubleEqualsSystemObject', ID = '5128'
Method 'SystemInt32SystemNumericsVector1SystemDoubleGetHashCode', ID = '5129'
Method 'SystemStringSystemNumericsVector1SystemDoubleToStringSystemStringSystemIFormatProvider', ID = '5130'
Method 'SystemNumericsVector1SystemDoubleInternalRuntimeCompilerServicesUnsafeAsRefSystemNumericsVector1SystemDoubleSystemNumericsVector1SystemDouble', ID = '5133'
Method 'SystemDoubleInternalRuntimeCompilerServicesUnsafeAsSystemNumericsVector1SystemDoubleSystemDoubleSystemNumericsVector1SystemDouble', ID = '5134'
Method 'SystemDoubleInternalRuntimeCompilerServicesUnsafeAddSystemDoubleSystemDoubleSystemIntPtr', ID = '5135'
Method 'SystemInt32InternalRuntimeCompilerServicesUnsafeSizeOfSystemNumericsVector1SystemDouble', ID = '5136'
Method 'SystemRuntimeIntrinsicsVector2561SystemByteSystemRuntimeIntrinsicsX86Avx2InsertVector128SystemRuntimeIntrinsicsVector2561SystemByteSystemRuntimeIntrinsicsVector1281SystemByteSystemByte', ID = '5137'
Method 'SystemRuntimeIntrinsicsVector2561SystemSingleSystemRuntimeIntrinsicsX86AvxInsertVector128SystemRuntimeIntrinsicsVector2561SystemSingleSystemRuntimeIntrinsicsVector1281SystemSingleSystemByte', ID = '5138'
Method 'SystemRuntimeIntrinsicsVector2561SystemByteSystemRuntimeIntrinsicsVector256AsSystemSingleSystemByteSystemRuntimeIntrinsicsVector2561SystemSingle', ID = '5139'
Method 'SystemRuntimeIntrinsicsVector2561SystemByteSystemRuntimeIntrinsicsVector256WithUpperg__SoftwareFallbacksLine69_0SystemByteSystemRuntimeIntrinsicsVector2561SystemByteSysB2F2EE5EE470C70888B92A3B47D1A7CF', ID = '5140'
Method 'SystemRuntimeIntrinsicsVector2561SystemByteSystemRuntimeIntrinsicsVector2561SystemByteget_Zero', ID = '5141'
Method 'SystemRuntimeIntrinsicsVector1281SystemByteInternalRuntimeCompilerServicesUnsafeAsSystemRuntimeIntrinsicsVector2561SystemByteSystemRuntimeIntrinsicsVector1281SystemByteEEA653FC6993868A7B01AEEEA04A531F', ID = '5142'
Method 'SystemRuntimeIntrinsicsVector1281SystemByteInternalRuntimeCompilerServicesUnsafeAddSystemRuntimeIntrinsicsVector1281SystemByteSystemRuntimeIntrinsicsVector1281SystemByteSystemInt32', ID = '5143'
Method 'SystemVoidSystemSZGenericArrayEnumerator1CosmosHALBlockDeviceRegistersHBACommandHeadercctor', ID = '5144'
Method 'SystemVoidSystemSZGenericArrayEnumerator1CosmosHALBlockDeviceRegistersHBACommandHeaderDispose', ID = '5145'
Method 'SystemBooleanSystemSZGenericArrayEnumerator1CosmosHALBlockDeviceRegistersHBACommandHeaderMoveNext', ID = '5146'
Method 'SystemBooleanSystemRuntimeCompilerServicesRuntimeHelpersIsBitwiseEquatableCosmosHALBlockDeviceRegistersHBACommandHeader', ID = '5147'
Method 'SystemInt32InternalRuntimeCompilerServicesUnsafeSizeOfCosmosHALBlockDeviceRegistersHBACommandHeader', ID = '5148'
Method 'SystemByteInternalRuntimeCompilerServicesUnsafeAsCosmosHALBlockDeviceRegistersHBACommandHeaderSystemByteCosmosHALBlockDeviceRegistersHBACommandHeader', ID = '5149'
Method 'SystemCharInternalRuntimeCompilerServicesUnsafeAsCosmosHALBlockDeviceRegistersHBACommandHeaderSystemCharCosmosHALBlockDeviceRegistersHBACommandHeader', ID = '5150'
Method 'SystemInt32InternalRuntimeCompilerServicesUnsafeAsCosmosHALBlockDeviceRegistersHBACommandHeaderSystemInt32CosmosHALBlockDeviceRegistersHBACommandHeader', ID = '5151'
Method 'SystemInt64InternalRuntimeCompilerServicesUnsafeAsCosmosHALBlockDeviceRegistersHBACommandHeaderSystemInt64CosmosHALBlockDeviceRegistersHBACommandHeader', ID = '5152'
Method 'SystemCollectionsGenericEqualityComparer1CosmosHALBlockDeviceRegistersHBACommandHeaderSystemCollectionsGenericEqualityComparer1CosmosHALBlockDeviceRegistersHBACommandHeaderget_Default', ID = '5153'
Method 'SystemInt32SystemCollectionsGenericEqualityComparer1CosmosHALBlockDeviceRegistersHBACommandHeaderIndexOfCosmosHALBlockDeviceRegistersHBACommandHeaderarrayCosmosHALBlockEAE43D4E2EBB321ABCA4D9D541CE6156', ID = '5154'
Method 'SystemVoidCosmosIL2CPUSZArrayImpl1GetEnumeratord__0CosmosHALBlockDeviceRegistersHBACommandHeaderctorSystemInt32', ID = '5155'
Method 'CosmosHALBlockDeviceRegistersHBAPRDTEntryarrayInternalRuntimeCompilerServicesUnsafeAsCosmosHALBlockDeviceRegistersHBAPRDTEntryarraySystemObject', ID = '5158'
Method 'SystemVoidSystemSZGenericArrayEnumerator1CosmosHALBlockDeviceRegistersHBAPRDTEntryctorCosmosHALBlockDeviceRegistersHBAPRDTEntryarray', ID = '5159'
Method 'SystemInt32SystemArrayIndexOfCosmosHALBlockDeviceRegistersHBAPRDTEntryCosmosHALBlockDeviceRegistersHBAPRDTEntryarrayCosmosHALBlockDeviceRegistersHBAPRDTEntrySystemInt32SystemInt32', ID = '5162'
Method 'SystemCollectionsGenericIEnumerator1CosmosHALBlockDeviceRegistersHBAPRDTEntryCosmosIL2CPUSZArrayImpl1CosmosHALBlockDeviceRegistersHBAPRDTEntryGetEnumerator', ID = '5163'
Method 'SystemVoidCosmosIL2CPUSZArrayImpl1CosmosHALBlockDeviceRegistersHBAPRDTEntryCopyToCosmosHALBlockDeviceRegistersHBAPRDTEntryarraySystemInt32', ID = '5164'
Method 'SystemInt32CosmosIL2CPUSZArrayImpl1CosmosHALBlockDeviceRegistersHBAPRDTEntryget_Count', ID = '5165'
Method 'CosmosHALBlockDeviceRegistersHBAPRDTEntryCosmosIL2CPUSZArrayImpl1CosmosHALBlockDeviceRegistersHBAPRDTEntryget_ItemSystemInt32', ID = '5166'
Method 'SystemVoidCosmosIL2CPUSZArrayImpl1CosmosHALBlockDeviceRegistersHBAPRDTEntryset_ItemSystemInt32CosmosHALBlockDeviceRegistersHBAPRDTEntry', ID = '5167'
Method 'SystemVoidCosmosIL2CPUSZArrayImpl1CosmosHALBlockDeviceRegistersHBAPRDTEntryAddCosmosHALBlockDeviceRegistersHBAPRDTEntry', ID = '5168'
Method 'SystemBooleanCosmosIL2CPUSZArrayImpl1CosmosHALBlockDeviceRegistersHBAPRDTEntryContainsCosmosHALBlockDeviceRegistersHBAPRDTEntry', ID = '5169'
Method 'SystemBooleanCosmosIL2CPUSZArrayImpl1CosmosHALBlockDeviceRegistersHBAPRDTEntryget_IsReadOnly', ID = '5170'
Method 'SystemVoidCosmosIL2CPUSZArrayImpl1CosmosHALBlockDeviceRegistersHBAPRDTEntryClear', ID = '5171'
Method 'SystemInt32CosmosIL2CPUSZArrayImpl1CosmosHALBlockDeviceRegistersHBAPRDTEntryIndexOfCosmosHALBlockDeviceRegistersHBAPRDTEntry', ID = '5172'
Method 'SystemVoidCosmosIL2CPUSZArrayImpl1CosmosHALBlockDeviceRegistersHBAPRDTEntryInsertSystemInt32CosmosHALBlockDeviceRegistersHBAPRDTEntry', ID = '5173'
Method 'SystemVoidCosmosIL2CPUSZArrayImpl1CosmosHALBlockDeviceRegistersHBAPRDTEntryRemoveAtSystemInt32', ID = '5174'
Method 'SystemBooleanCosmosIL2CPUSZArrayImpl1CosmosHALBlockDeviceRegistersHBAPRDTEntryget_IsFixedSize', ID = '5175'
Method 'SystemVoidCosmosIL2CPUSZArrayImpl1CosmosHALBlockDeviceRegistersHBAPRDTEntryRemoveCosmosHALBlockDeviceRegistersHBAPRDTEntry', ID = '5176'
Method 'SystemObjectCosmosIL2CPUSZArrayImpl1CosmosHALBlockDeviceRegistersHBAPRDTEntryget_SyncRoot', ID = '5177'
Method 'SystemBooleanCosmosIL2CPUSZArrayImpl1CosmosHALBlockDeviceRegistersHBAPRDTEntryget_IsSynchronized', ID = '5178'
Method 'SystemVoidCosmosIL2CPUSZArrayImpl1GetEnumeratord__0CosmosCoreManagedMemoryBlockSystemIDisposableDispose', ID = '5183'
Method 'SystemBooleanCosmosIL2CPUSZArrayImpl1GetEnumeratord__0CosmosCoreManagedMemoryBlockMoveNext', ID = '5184'
Method 'SystemVoidCosmosIL2CPUSZArrayImpl1GetEnumeratord__0SystemBytearraySystemIDisposableDispose', ID = '5188'
Method 'SystemBooleanCosmosIL2CPUSZArrayImpl1GetEnumeratord__0SystemBytearrayMoveNext', ID = '5189'
Method 'SystemVoidSystemCollectionsGenericEqualityComparer1CosmosHALNetworkDevicecctor', ID = '5191'
Method 'SystemVoidSystemRuntimeCompilerServicesDefaultInterpolatedStringHandlerctorSystemInt32SystemInt32SystemIFormatProviderSystemSpan1SystemChar', ID = '5194'
Method 'SystemVoidSystemRuntimeCompilerServicesDefaultInterpolatedStringHandlerAppendFormattedSystemObjectSystemObject', ID = '5195'
Method 'SystemStringSystemStringCreateSystemIFormatProviderSystemSpan1SystemCharSystemRuntimeCompilerServicesDefaultInterpolatedStringHandler', ID = '5196'
Method 'SystemVoidSystemCollectionsGenericEqualityComparer1SystemCollectionsGenericKeyValuePair2SystemUInt32CosmosHALNetworkDevicecctor', ID = '5197'
Method 'SystemVoidCosmosSystem_PlugsSystemMathImplcctor', ID = '5199'
Method 'SystemUInt32InternalRuntimeCompilerServicesUnsafeAsSystemByteSystemUInt32SystemByte', ID = '5200'
Method 'SystemIntPtrCosmosCore_PlugsSystemRuntimeTypeImplget_Cache', ID = '5202'
Method 'SystemStringSystemRuntimeTypeRuntimeTypeCacheConstructNameSystemStringSystemTypeNameFormatFlags', ID = '5203'
Method 'SystemTypeSystemTypeGetRootElementType', ID = '5204'
Method 'SystemBooleanSystemTypeget_IsGenericTypeDefinition', ID = '5205'
Method 'SystemBooleanSystemTypeget_ContainsGenericParameters', ID = '5206'
Method 'SystemVoidSystemInvalidOperationExceptionctor', ID = '5207'
Method 'SystemVoidSystemStringComparerctor', ID = '5208'
Method 'SystemVoidSystemSZGenericArrayEnumerator1CosmosHALKeyboardBasecctor', ID = '5209'
Method 'SystemVoidSystemSZGenericArrayEnumerator1CosmosHALKeyboardBaseDispose', ID = '5210'
Method 'CosmosHALKeyboardBaseSystemSZGenericArrayEnumerator1CosmosHALKeyboardBaseget_Current', ID = '5211'
Method 'SystemBooleanSystemSZGenericArrayEnumerator1CosmosHALKeyboardBaseMoveNext', ID = '5212'
Method 'SystemBooleanSystemRuntimeCompilerServicesRuntimeHelpersIsBitwiseEquatableCosmosHALKeyboardBase', ID = '5213'
Method 'SystemInt32InternalRuntimeCompilerServicesUnsafeSizeOfCosmosHALKeyboardBase', ID = '5214'
Method 'SystemByteInternalRuntimeCompilerServicesUnsafeAsCosmosHALKeyboardBaseSystemByteCosmosHALKeyboardBase', ID = '5215'
Method 'SystemCharInternalRuntimeCompilerServicesUnsafeAsCosmosHALKeyboardBaseSystemCharCosmosHALKeyboardBase', ID = '5216'
Method 'SystemInt32InternalRuntimeCompilerServicesUnsafeAsCosmosHALKeyboardBaseSystemInt32CosmosHALKeyboardBase', ID = '5217'
Method 'SystemInt64InternalRuntimeCompilerServicesUnsafeAsCosmosHALKeyboardBaseSystemInt64CosmosHALKeyboardBase', ID = '5218'
Method 'SystemCollectionsGenericEqualityComparer1CosmosHALKeyboardBaseSystemCollectionsGenericEqualityComparer1CosmosHALKeyboardBaseget_Default', ID = '5219'
Method 'SystemInt32SystemCollectionsGenericEqualityComparer1CosmosHALKeyboardBaseIndexOfCosmosHALKeyboardBasearrayCosmosHALKeyboardBaseSystemInt32SystemInt32', ID = '5220'
Method 'SystemVoidCosmosIL2CPUSZArrayImpl1GetEnumeratord__0CosmosHALKeyboardBasectorSystemInt32', ID = '5221'
Method 'CosmosSystemKeyMappingarrayInternalRuntimeCompilerServicesUnsafeAsCosmosSystemKeyMappingarraySystemObject', ID = '5224'
Method 'SystemVoidSystemSZGenericArrayEnumerator1CosmosSystemKeyMappingctorCosmosSystemKeyMappingarray', ID = '5225'
Method 'SystemInt32SystemArrayIndexOfCosmosSystemKeyMappingCosmosSystemKeyMappingarrayCosmosSystemKeyMappingSystemInt32SystemInt32', ID = '5228'
Method 'SystemCollectionsGenericIEnumerator1CosmosSystemKeyMappingCosmosIL2CPUSZArrayImpl1CosmosSystemKeyMappingGetEnumerator', ID = '5229'
Method 'SystemVoidCosmosIL2CPUSZArrayImpl1CosmosSystemKeyMappingCopyToCosmosSystemKeyMappingarraySystemInt32', ID = '5230'
Method 'SystemInt32CosmosIL2CPUSZArrayImpl1CosmosSystemKeyMappingget_Count', ID = '5231'
Method 'CosmosSystemKeyMappingCosmosIL2CPUSZArrayImpl1CosmosSystemKeyMappingget_ItemSystemInt32', ID = '5232'
Method 'SystemVoidCosmosIL2CPUSZArrayImpl1CosmosSystemKeyMappingset_ItemSystemInt32CosmosSystemKeyMapping', ID = '5233'
Method 'SystemVoidCosmosIL2CPUSZArrayImpl1CosmosSystemKeyMappingAddCosmosSystemKeyMapping', ID = '5234'
Method 'SystemBooleanCosmosIL2CPUSZArrayImpl1CosmosSystemKeyMappingContainsCosmosSystemKeyMapping', ID = '5235'
Method 'SystemBooleanCosmosIL2CPUSZArrayImpl1CosmosSystemKeyMappingget_IsReadOnly', ID = '5236'
Method 'SystemVoidCosmosIL2CPUSZArrayImpl1CosmosSystemKeyMappingClear', ID = '5237'
Method 'SystemInt32CosmosIL2CPUSZArrayImpl1CosmosSystemKeyMappingIndexOfCosmosSystemKeyMapping', ID = '5238'
Method 'SystemVoidCosmosIL2CPUSZArrayImpl1CosmosSystemKeyMappingInsertSystemInt32CosmosSystemKeyMapping', ID = '5239'
Method 'SystemVoidCosmosIL2CPUSZArrayImpl1CosmosSystemKeyMappingRemoveAtSystemInt32', ID = '5240'
Method 'SystemBooleanCosmosIL2CPUSZArrayImpl1CosmosSystemKeyMappingget_IsFixedSize', ID = '5241'
Method 'SystemVoidCosmosIL2CPUSZArrayImpl1CosmosSystemKeyMappingRemoveCosmosSystemKeyMapping', ID = '5242'
Method 'SystemObjectCosmosIL2CPUSZArrayImpl1CosmosSystemKeyMappingget_SyncRoot', ID = '5243'
Method 'SystemBooleanCosmosIL2CPUSZArrayImpl1CosmosSystemKeyMappingget_IsSynchronized', ID = '5244'
Method 'SystemVoidSystemCollectionsGenericList1CosmosSystemKeyMappingAddWithResizeCosmosSystemKeyMapping', ID = '5245'
Method 'SystemVoidCosmosSystemKeyMappingctorSystemByteSystemCharSystemCharSystemCharSystemCharSystemCharSystemCharSystemCharSystemCharSystemCharSystemCharCosmosSystemConsoleKeyEx', ID = '5246'
Method 'SystemVoidCosmosSystemKeyMappingctorSystemByteSystemCharSystemCharSystemCharSystemCharSystemCharSystemCharSystemCharCosmosSystemConsoleKeyExCosmosSystemConsoleKeyEx', ID = '5247'
Method 'SystemVoidSystemSZGenericArrayEnumerator1CosmosSystemKeyEventcctor', ID = '5248'
Method 'SystemVoidSystemSZGenericArrayEnumerator1CosmosSystemKeyEventDispose', ID = '5249'
Method 'SystemBooleanSystemSZGenericArrayEnumerator1CosmosSystemKeyEventMoveNext', ID = '5250'
Method 'SystemBooleanSystemRuntimeCompilerServicesRuntimeHelpersIsBitwiseEquatableCosmosSystemKeyEvent', ID = '5251'
Method 'SystemInt32InternalRuntimeCompilerServicesUnsafeSizeOfCosmosSystemKeyEvent', ID = '5252'
Method 'SystemByteInternalRuntimeCompilerServicesUnsafeAsCosmosSystemKeyEventSystemByteCosmosSystemKeyEvent', ID = '5253'
Method 'SystemCharInternalRuntimeCompilerServicesUnsafeAsCosmosSystemKeyEventSystemCharCosmosSystemKeyEvent', ID = '5254'
Method 'SystemInt32InternalRuntimeCompilerServicesUnsafeAsCosmosSystemKeyEventSystemInt32CosmosSystemKeyEvent', ID = '5255'
Method 'SystemInt64InternalRuntimeCompilerServicesUnsafeAsCosmosSystemKeyEventSystemInt64CosmosSystemKeyEvent', ID = '5256'
Method 'SystemCollectionsGenericEqualityComparer1CosmosSystemKeyEventSystemCollectionsGenericEqualityComparer1CosmosSystemKeyEventget_Default', ID = '5257'
Method 'SystemInt32SystemCollectionsGenericEqualityComparer1CosmosSystemKeyEventIndexOfCosmosSystemKeyEventarrayCosmosSystemKeyEventSystemInt32SystemInt32', ID = '5258'
Method 'SystemVoidCosmosIL2CPUSZArrayImpl1GetEnumeratord__0CosmosSystemKeyEventctorSystemInt32', ID = '5259'
Method 'SystemVoidSystemCollectionsGenericQueue1CosmosSystemKeyEventSetCapacitySystemInt32', ID = '5261'
Method 'SystemIntPtrSystemRuntimeFieldHandleget_Value', ID = '5262'
Method 'SystemBooleanSystemTypeget_IsInterface', ID = '5263'
Method 'SystemTypearraySystemTypeGetGenericParameterConstraints', ID = '5265'
Method 'SystemBooleanSystemTypeget_IsGenericParameter', ID = '5266'
Method 'SystemReflectionGenericParameterAttributesSystemTypeget_GenericParameterAttributes', ID = '5267'
Method 'SystemUInt32CosmosCoreVTablesImplGetBaseTypeSystemUInt32', ID = '5270'
Method 'SystemGlobalizationCultureDataSystemGlobalizationCultureDataCreateCultureWithInvariantData', ID = '5272'
Method 'SystemStringSystemGlobalizationCultureDataget_CultureName', ID = '5273'
Method 'SystemStringCosmosCore_PlugsSystemGlobalizationCultureInfoImplGetUserDefaultLocaleName', ID = '5274'
Method 'SystemGlobalizationCompareInfoSystemGlobalizationCultureInfoget_CompareInfo', ID = '5275'
Method 'SystemBooleanSystemGlobalizationSortVersionEqualsSystemObject', ID = '5277'
Method 'SystemInt32SystemGlobalizationSortVersionGetHashCode', ID = '5278'
Method 'SystemStringSystemGlobalizationCompareInfoget_Name', ID = '5280'
Method 'SystemVoidSystemGlobalizationTextInfoctorSystemGlobalizationCultureDataSystemBoolean', ID = '5281'
Method 'SystemStringSystemGlobalizationTextInfoget_CultureName', ID = '5283'
Method 'SystemCollectionsGenericIEnumerator1SystemGlobalizationCalendarIdSystemSZArrayHelperGetEnumeratorSystemGlobalizationCalendarId', ID = '5284'
Method 'SystemVoidSystemSZArrayHelperCopyToSystemGlobalizationCalendarIdSystemGlobalizationCalendarIdarraySystemInt32', ID = '5285'
Method 'SystemInt32SystemSZArrayHelperget_CountSystemGlobalizationCalendarId', ID = '5286'
Method 'SystemGlobalizationCalendarIdSystemSZArrayHelperget_ItemSystemGlobalizationCalendarIdSystemInt32', ID = '5287'
Method 'SystemVoidSystemSZArrayHelperset_ItemSystemGlobalizationCalendarIdSystemInt32SystemGlobalizationCalendarId', ID = '5288'
Method 'SystemVoidSystemSZArrayHelperAddSystemGlobalizationCalendarIdSystemGlobalizationCalendarId', ID = '5289'
Method 'SystemBooleanSystemSZArrayHelperContainsSystemGlobalizationCalendarIdSystemGlobalizationCalendarId', ID = '5290'
Method 'SystemBooleanSystemSZArrayHelperget_IsReadOnlySystemGlobalizationCalendarId', ID = '5291'
Method 'SystemVoidSystemSZArrayHelperClearSystemGlobalizationCalendarId', ID = '5292'
Method 'SystemInt32SystemSZArrayHelperIndexOfSystemGlobalizationCalendarIdSystemGlobalizationCalendarId', ID = '5293'
Method 'SystemVoidSystemSZArrayHelperInsertSystemGlobalizationCalendarIdSystemInt32SystemGlobalizationCalendarId', ID = '5294'
Method 'SystemBooleanSystemSZArrayHelperRemoveSystemGlobalizationCalendarIdSystemGlobalizationCalendarId', ID = '5295'
Method 'SystemVoidSystemSZArrayHelperRemoveAtSystemGlobalizationCalendarIdSystemInt32', ID = '5296'
Method 'SystemCollectionsGenericIEnumerator1SystemGlobalizationDateTimeFormatInfoTokenHashValueSystemSZArrayHelperGetEnumeratorSystemGlobalizationDateTimeFormatInfoTokenHashValue', ID = '5303'
Method 'SystemVoidSystemSZArrayHelperCopyToSystemGlobalizationDateTimeFormatInfoTokenHashValueSystemGlobalizationDateTimeFormatInfoTokenHashValuearraySystemInt32', ID = '5304'
Method 'SystemInt32SystemSZArrayHelperget_CountSystemGlobalizationDateTimeFormatInfoTokenHashValue', ID = '5305'
Method 'SystemGlobalizationDateTimeFormatInfoTokenHashValueSystemSZArrayHelperget_ItemSystemGlobalizationDateTimeFormatInfoTokenHashValueSystemInt32', ID = '5306'
Method 'SystemVoidSystemSZArrayHelperset_ItemSystemGlobalizationDateTimeFormatInfoTokenHashValueSystemInt32SystemGlobalizationDateTimeFormatInfoTokenHashValue', ID = '5307'
Method 'SystemVoidSystemSZArrayHelperAddSystemGlobalizationDateTimeFormatInfoTokenHashValueSystemGlobalizationDateTimeFormatInfoTokenHashValue', ID = '5308'
Method 'SystemBooleanSystemSZArrayHelperContainsSystemGlobalizationDateTimeFormatInfoTokenHashValueSystemGlobalizationDateTimeFormatInfoTokenHashValue', ID = '5309'
Method 'SystemBooleanSystemSZArrayHelperget_IsReadOnlySystemGlobalizationDateTimeFormatInfoTokenHashValue', ID = '5310'
Method 'SystemVoidSystemSZArrayHelperClearSystemGlobalizationDateTimeFormatInfoTokenHashValue', ID = '5311'
Method 'SystemInt32SystemSZArrayHelperIndexOfSystemGlobalizationDateTimeFormatInfoTokenHashValueSystemGlobalizationDateTimeFormatInfoTokenHashValue', ID = '5312'
Method 'SystemVoidSystemSZArrayHelperInsertSystemGlobalizationDateTimeFormatInfoTokenHashValueSystemInt32SystemGlobalizationDateTimeFormatInfoTokenHashValue', ID = '5313'
Method 'SystemBooleanSystemSZArrayHelperRemoveSystemGlobalizationDateTimeFormatInfoTokenHashValueSystemGlobalizationDateTimeFormatInfoTokenHashValue', ID = '5314'
Method 'SystemVoidSystemSZArrayHelperRemoveAtSystemGlobalizationDateTimeFormatInfoTokenHashValueSystemInt32', ID = '5315'
Method 'SystemCollectionsGenericIEnumerator1SystemGlobalizationCalendarDataSystemSZArrayHelperGetEnumeratorSystemGlobalizationCalendarData', ID = '5323'
Method 'SystemVoidSystemSZArrayHelperCopyToSystemGlobalizationCalendarDataSystemGlobalizationCalendarDataarraySystemInt32', ID = '5324'
Method 'SystemInt32SystemSZArrayHelperget_CountSystemGlobalizationCalendarData', ID = '5325'
Method 'SystemGlobalizationCalendarDataSystemSZArrayHelperget_ItemSystemGlobalizationCalendarDataSystemInt32', ID = '5326'
Method 'SystemVoidSystemSZArrayHelperset_ItemSystemGlobalizationCalendarDataSystemInt32SystemGlobalizationCalendarData', ID = '5327'
Method 'SystemVoidSystemSZArrayHelperAddSystemGlobalizationCalendarDataSystemGlobalizationCalendarData', ID = '5328'
Method 'SystemBooleanSystemSZArrayHelperContainsSystemGlobalizationCalendarDataSystemGlobalizationCalendarData', ID = '5329'
Method 'SystemBooleanSystemSZArrayHelperget_IsReadOnlySystemGlobalizationCalendarData', ID = '5330'
Method 'SystemVoidSystemSZArrayHelperClearSystemGlobalizationCalendarData', ID = '5331'
Method 'SystemInt32SystemSZArrayHelperIndexOfSystemGlobalizationCalendarDataSystemGlobalizationCalendarData', ID = '5332'
Method 'SystemVoidSystemSZArrayHelperInsertSystemGlobalizationCalendarDataSystemInt32SystemGlobalizationCalendarData', ID = '5333'
Method 'SystemBooleanSystemSZArrayHelperRemoveSystemGlobalizationCalendarDataSystemGlobalizationCalendarData', ID = '5334'
Method 'SystemVoidSystemSZArrayHelperRemoveAtSystemGlobalizationCalendarDataSystemInt32', ID = '5335'
Method 'SystemBooleanSystemGlobalizationGlobalizationModeget_Invariant', ID = '5342'
Method 'SystemBooleanSystemGlobalizationCultureDataget_IsInvariantCulture', ID = '5343'
Method 'SystemInt32SystemGlobalizationCultureDataGetLocaleInfoCoreUserOverrideSystemGlobalizationCultureDataLocaleNumberData', ID = '5345'
Method 'SystemBooleanSystemGlobalizationCultureDataget_ShouldUseUserOverrideNlsData', ID = '5346'
Method 'SystemInt32SystemGlobalizationCultureDataIcuGetDigitSubstitutionSystemString', ID = '5347'
Method 'SystemInt32SystemGlobalizationCultureDataNlsGetLocaleInfoSystemGlobalizationCultureDataLocaleNumberData', ID = '5348'
Method 'SystemInt32SystemGlobalizationCultureDataget_PercentNegativePattern', ID = '5351'
Method 'SystemInt32SystemGlobalizationCultureDataget_PercentPositivePattern', ID = '5352'
Method 'SystemObjectCosmosCore_PlugsSystemThreadingInterlockedImplCompareExchangeSystemObjectSystemObjectSystemObject', ID = '5358'
Method 'SystemVoidSystemGlobalizationCalendarSetReadOnlyStateSystemBoolean', ID = '5361'
Method 'SystemGlobalizationCalendarIdSystemGlobalizationCalendarget_ID', ID = '5362'
Method 'SystemVoidSystemGlobalizationDateTimeFormatInfoInitializeOverridablePropertiesSystemGlobalizationCultureDataSystemGlobalizationCalendarId', ID = '5363'
Method 'SystemObjectInternalRuntimeCompilerServicesUnsafeAsSystemGlobalizationDateTimeFormatInfoSystemObjectSystemGlobalizationDateTimeFormatInfo', ID = '5365'
Method 'SystemGlobalizationDateTimeFormatInfoInternalRuntimeCompilerServicesUnsafeAsSystemGlobalizationDateTimeFormatInfoSystemObject', ID = '5366'
Method 'SystemTextStringBuilderSystemTextStringBuilderAppendSpanFormattableSystemInt32SystemInt32', ID = '5367'
Method 'SystemInt32SystemNumericsBitOperationsLeadingZeroCountSystemUInt32', ID = '5376'
Method 'SystemNumberDiyFpSystemNumberDiyFpSubtractSystemNumberDiyFp', ID = '5377'
Method 'SystemUInt32SystemNumberGrisu3BiggestPowerTenSystemUInt32SystemInt32SystemInt32', ID = '5378'
Method 'SystemBooleanSystemNumberGrisu3TryRoundWeedShortestSystemSpan1SystemByteSystemInt32SystemUInt64SystemUInt64SystemUInt64SystemUInt64SystemUInt64', ID = '5379'
Method 'SystemBooleanSystemNumberGrisu3TryRoundWeedCountedSystemSpan1SystemByteSystemInt32SystemUInt64SystemUInt64SystemUInt64SystemInt32', ID = '5380'
Method 'SystemBooleanCosmosCore_PlugsRuntimeIntrinsicsX86X64LzcntImplget_IsSupported', ID = '5382'
Method 'SystemUInt32SystemRuntimeIntrinsicsX86LzcntLeadingZeroCountSystemUInt32', ID = '5384'
Method 'SystemUInt32SystemRuntimeIntrinsicsX86X86BaseBitScanReverseSystemUInt32', ID = '5385'
Method 'SystemInt32SystemNumericsBitOperationsLog2SoftwareFallbackSystemUInt32', ID = '5386'
Method 'SystemUInt32SystemNumberBigIntegerDivRem32SystemUInt32SystemUInt32', ID = '5390'
Method 'SystemVoidSystemNumberBigIntegerSetZeroSystemNumberBigInteger', ID = '5391'
Method 'SystemVoidSystemNumberBigIntegerClearSystemUInt32', ID = '5392'
Method 'SystemDoubleCosmosSystem_PlugsSystemMathImplCeilingSystemDouble', ID = '5393'
Method 'SystemVoidSystemNumberBigIntegerMultiplySystemUInt32', ID = '5395'
Method 'SystemVoidSystemNumberBigIntegerMultiplySystemNumberBigIntegerSystemNumberBigIntegerSystemNumberBigInteger', ID = '5398'
Method 'SystemVoidSystemNumberBigIntegerSetValueSystemNumberBigIntegerSystemNumberBigInteger', ID = '5399'
Method 'SystemUInt32SystemNumberBigIntegerToUInt32', ID = '5400'
Method 'SystemVoidSystemCollectionsGenericEqualityComparer1CosmosHALPITPITTimercctor', ID = '5401'
Method 'SystemVoidSystemTextASCIIEncodingSetDefaultFallbacks', ID = '5403'
Method 'SystemVoidSystemTextUTF8EncodingSetDefaultFallbacks', ID = '5404'
Method 'SystemTextEncoderFallbackSystemTextEncoderFallbackget_ReplacementFallback', ID = '5405'
Method 'SystemTextDecoderFallbackSystemTextDecoderFallbackget_ReplacementFallback', ID = '5406'
Method 'SystemBytearraySystemArrayEmptySystemByte', ID = '5407'
Method 'SystemVoidSystemBufferMemmoveSystemByteSystemByteSystemByteSystemUIntPtr', ID = '5408'
Method 'SystemVoidSystemTextEncoderReplacementFallbackctor', ID = '5409'
Method 'SystemBooleanSystemNumericsVectorLessThanOrEqualAllSystemUInt16SystemNumericsVector1SystemUInt16SystemNumericsVector1SystemUInt16', ID = '5411'
Method 'SystemNumericsVector1SystemUInt16InternalRuntimeCompilerServicesUnsafeReadSystemNumericsVector1SystemUInt16SystemVoidpointer', ID = '5412'
Method 'SystemRuntimeIntrinsicsVector1281SystemUInt16SystemRuntimeIntrinsicsX86Sse2LoadAlignedVector128SystemUInt16pointer', ID = '5413'
Method 'SystemBooleanSystemRuntimeIntrinsicsX86Sse41TestZSystemRuntimeIntrinsicsVector1281SystemUInt16SystemRuntimeIntrinsicsVector1281SystemUInt16', ID = '5414'
Method 'SystemInt32SystemUIntPtrget_Size', ID = '5415'
Method 'SystemBooleanCosmosCore_PlugsRuntimeIntrinsicsX86Sse41Implget_IsSupported', ID = '5416'
Method 'SystemRuntimeIntrinsicsVector1281SystemUInt64SystemRuntimeIntrinsicsVector128Createg__SoftwareFallbacksLine29_0SystemUInt64', ID = '5418'
Method 'SystemRuntimeIntrinsicsVector1281SystemByteSystemRuntimeIntrinsicsVector128AsSystemUInt64SystemByteSystemRuntimeIntrinsicsVector1281SystemUInt64', ID = '5419'
Method 'SystemBooleanSystemRuntimeIntrinsicsX86Popcntget_IsSupported', ID = '5420'
Method 'SystemUInt32SystemRuntimeIntrinsicsX86PopcntPopCountSystemUInt32', ID = '5421'
Method 'SystemInt32SystemNumericsBitOperationsPopCountg__SoftwareFallbacksLine19_0SystemUInt32', ID = '5422'
Method 'SystemRuntimeIntrinsicsVector1281SystemInt16SystemRuntimeIntrinsicsVector128AsSystemUInt16SystemInt16SystemRuntimeIntrinsicsVector1281SystemUInt16', ID = '5424'
Method 'SystemRuntimeIntrinsicsVector1281SystemByteSystemRuntimeIntrinsicsVector128AsSystemInt16SystemByteSystemRuntimeIntrinsicsVector1281SystemInt16', ID = '5425'
Method 'SystemNumericsVector1SystemUInt16SystemNumericsVector1SystemUInt16GreaterThanOrEqualSystemNumericsVector1SystemUInt16SystemNumericsVector1SystemUInt16', ID = '5426'
Method 'SystemUInt16SystemNumericsVector1SystemUInt16ScalarSubtractSystemUInt16SystemUInt16', ID = '5427'
Method 'SystemNumericsVector1SystemUIntPtrInternalRuntimeCompilerServicesUnsafeAsSystemNumericsVector1SystemUInt16SystemNumericsVector1SystemUIntPtrSystemNumericsVector1SystemUInt16', ID = '5429'
Method 'SystemVoidSystemThrowHelperThrowForUnsupportedNumericsVectorBaseTypeSystemUIntPtr', ID = '5430'
Method 'SystemUIntPtrSystemNumericsVector1SystemUIntPtrGetElementSystemIntPtr', ID = '5431'
Method 'SystemInt32InternalRuntimeCompilerServicesUnsafeSizeOfSystemNumericsVector1SystemUIntPtr', ID = '5432'
Method 'SystemInt32InternalRuntimeCompilerServicesUnsafeSizeOfSystemUIntPtr', ID = '5433'
Method 'SystemNumericsVector1SystemUInt16SystemNumericsVector1SystemUInt16LessThanSystemNumericsVector1SystemUInt16SystemNumericsVector1SystemUInt16', ID = '5434'
Method 'SystemNumericsVector1SystemUInt16SystemNumericsVector1SystemUInt16op_OnesComplementSystemNumericsVector1SystemUInt16', ID = '5435'
Method 'SystemNumericsVector1SystemUInt16SystemNumericsVector1SystemUInt16op_BitwiseAndSystemNumericsVector1SystemUInt16SystemNumericsVector1SystemUInt16', ID = '5436'
Method 'SystemBooleanSystemTextUnicodeUtilityIsInRangeInclusiveSystemUInt32SystemUInt32SystemUInt32', ID = '5438'
Method 'SystemTextEncoderFallbackBufferSystemTextEncoderReplacementFallbackCreateFallbackBuffer', ID = '5439'
Method 'SystemStringSystemTextRuneToString', ID = '5440'
Method 'SystemBooleanSystemTextRuneEqualsSystemObject', ID = '5441'
Method 'SystemInt32SystemTextRuneGetHashCode', ID = '5442'
Method 'SystemBooleanSystemTextRuneSystemISpanFormattableTryFormatSystemSpan1SystemCharSystemInt32SystemReadOnlySpan1SystemCharSystemIFormatProvider', ID = '5443'
Method 'SystemStringSystemTextRuneSystemIFormattableToStringSystemStringSystemIFormatProvider', ID = '5444'
Method 'SystemTextRuneSystemTextRuneUnsafeCreateSystemUInt32', ID = '5447'
Method 'SystemBooleanSystemCharIsSurrogatePairSystemCharSystemChar', ID = '5448'
Method 'SystemBooleanSystemTextEncodingTryGetByteCountSystemTextRuneSystemInt32', ID = '5451'
Method 'SystemInt32SystemTextRuneget_Value', ID = '5452'
Method 'SystemVoidSystemTextEncoderFallbackBufferThrowLastCharRecursiveSystemInt32', ID = '5453'
Method 'SystemTextRuneSystemTextEncoderFallbackBufferGetNextRune', ID = '5454'
Method 'SystemRuntimeIntrinsicsVector1281SystemInt16SystemRuntimeIntrinsicsX86Sse2LoadVector128SystemInt16pointer', ID = '5455'
Method 'SystemRuntimeIntrinsicsVector1281SystemUInt16SystemRuntimeIntrinsicsVector128AsUInt16SystemInt16SystemRuntimeIntrinsicsVector1281SystemInt16', ID = '5456'
Method 'SystemRuntimeIntrinsicsVector1281SystemInt16SystemRuntimeIntrinsicsX86Sse2OrSystemRuntimeIntrinsicsVector1281SystemInt16SystemRuntimeIntrinsicsVector1281SystemInt16', ID = '5457'
Method 'SystemVoidSystemRuntimeIntrinsicsX86Sse2StoreAlignedSystemBytepointerSystemRuntimeIntrinsicsVector1281SystemByte', ID = '5458'
Method 'SystemNumericsVector1SystemUInt16SystemNumericsVector1SystemUInt16op_BitwiseOrSystemNumericsVector1SystemUInt16SystemNumericsVector1SystemUInt16', ID = '5459'
Method 'SystemNumericsVector1SystemUInt16SystemNumericsVector1SystemUInt16GreaterThanSystemNumericsVector1SystemUInt16SystemNumericsVector1SystemUInt16', ID = '5460'
Method 'SystemNumericsVector1SystemInt32SystemNumericsVector1SystemUInt16op_ExplicitSystemNumericsVector1SystemUInt16', ID = '5461'
Method 'SystemNumericsVector1SystemInt32SystemNumericsVector1SystemInt32get_Zero', ID = '5462'
Method 'SystemBooleanSystemNumericsVector1SystemInt32EqualsSystemNumericsVector1SystemInt32', ID = '5463'
Method 'SystemRuntimeIntrinsicsVector1281SystemUInt64SystemRuntimeIntrinsicsX86Sse2X64ConvertScalarToVector128UInt64SystemUInt64', ID = '5464'
Method 'SystemVoidInternalRuntimeCompilerServicesUnsafeWriteUnalignedSystemUInt32SystemByteSystemUInt32', ID = '5465'
Method 'SystemBooleanCosmosCore_PlugsRuntimeIntrinsicsX86Sse41X86Implget_IsSupported', ID = '5467'
Method 'SystemRuntimeIntrinsicsVector1281SystemInt16SystemRuntimeIntrinsicsVector128Createg__SoftwareFallbacksLine22_0SystemInt16', ID = '5468'
Method 'SystemRuntimeIntrinsicsVector1281SystemUInt64SystemRuntimeIntrinsicsVector128AsSystemByteSystemUInt64SystemRuntimeIntrinsicsVector1281SystemByte', ID = '5470'
Method 'SystemRuntimeIntrinsicsVector1281SystemUInt64InternalRuntimeCompilerServicesUnsafeAsRefSystemRuntimeIntrinsicsVector1281SystemUInt64SystemVoidpointer', ID = '5472'
Method 'SystemRuntimeIntrinsicsVector1281SystemInt16SystemRuntimeIntrinsicsVector128AsSystemUInt64SystemInt16SystemRuntimeIntrinsicsVector1281SystemUInt64', ID = '5473'
Method 'SystemRuntimeIntrinsicsVector1281SystemUInt32SystemRuntimeIntrinsicsVector128AsSystemByteSystemUInt32SystemRuntimeIntrinsicsVector1281SystemByte', ID = '5475'
Method 'SystemRuntimeIntrinsicsVector1281SystemUInt64SystemRuntimeIntrinsicsVector128AsSystemInt16SystemUInt64SystemRuntimeIntrinsicsVector1281SystemInt16', ID = '5476'
Method 'SystemVoidSystemThrowHelperThrowForUnsupportedIntrinsicsVectorBaseTypeSystemUInt64', ID = '5477'
Method 'SystemUInt64InternalRuntimeCompilerServicesUnsafeAsSystemRuntimeIntrinsicsVector1281SystemUInt64SystemUInt64SystemRuntimeIntrinsicsVector1281SystemUInt64', ID = '5478'
Method 'SystemInt32SystemRuntimeIntrinsicsVector1281SystemUInt64get_Count', ID = '5479'
Method 'SystemUInt64InternalRuntimeCompilerServicesUnsafeAddSystemUInt64SystemUInt64SystemInt32', ID = '5480'
Method 'SystemUInt16SystemBuffersBinaryBinaryPrimitivesReverseEndiannessSystemUInt16', ID = '5481'
Method 'SystemVoidInternalRuntimeCompilerServicesUnsafeWriteUnalignedSystemUInt16SystemByteSystemUInt16', ID = '5482'
Method 'SystemUInt32SystemBuffersBinaryBinaryPrimitivesReverseEndiannessSystemUInt32', ID = '5483'
Method 'SystemBooleanSystemTextRuneget_IsAscii', ID = '5484'
Method 'SystemBooleanSystemSpan1SystemByteget_IsEmpty', ID = '5485'
Method 'SystemBooleanSystemTextRuneTryEncodeToUtf8SystemSpan1SystemByteSystemInt32', ID = '5486'
Method 'SystemInt32SystemTextRuneget_Utf16SequenceLength', ID = '5488'
Method 'SystemVoidSystemTextEncoderFallbackBufferReset', ID = '5489'
Method 'SystemStringSystemPrivateCoreLibSystemSRget_Argument_EncodingConversionOverflowBytes', ID = '5490'
Method 'SystemStringSystemTextEncodingget_EncodingName', ID = '5491'
Method 'SystemVoidCosmosCore_PlugsMemoryOperationsMemoryOperationsImplFill16BlocksSystemBytepointerSystemInt32SystemInt32', ID = '5492'
Method 'SystemVoidSystemReflectionInvalidFilterCriteriaExceptionctorSystemStringSystemException', ID = '5495'
Method 'SystemVoidSystemStringCheckStringComparisonSystemStringComparison', ID = '5496'
Method 'SystemGlobalizationCompareOptionsSystemStringGetCaseCompareOfComparisonCultureSystemStringComparison', ID = '5497'
Method 'SystemBooleanSystemGlobalizationCompareInfoIsPrefixSystemReadOnlySpan1SystemCharSystemReadOnlySpan1SystemCharSystemGlobalizationCompareOptions', ID = '5498'
Method 'SystemBooleanSystemMemoryExtensionsStartsWithSystemCharSystemReadOnlySpan1SystemCharSystemReadOnlySpan1SystemChar', ID = '5499'
Method 'SystemBooleanSystemMemoryExtensionsStartsWithOrdinalIgnoreCaseSystemReadOnlySpan1SystemCharSystemReadOnlySpan1SystemChar', ID = '5500'
Method 'SystemBooleanCosmosCore_PlugsSystemStringImplEqualsSystemStringSystemStringComparison', ID = '5501'
Method 'SystemCollectionsGenericIEnumerator1SystemCollectionsGenericDictionary2EntrySystemStringSystemReflectionAssemblySystemSZArrayHelperGetEnumeratorSystemCollectionsGenericE40890FA10CE3EA15EAABD02D93F6387', ID = '5502'
Method 'SystemVoidSystemSZArrayHelperCopyToSystemCollectionsGenericDictionary2EntrySystemStringSystemReflectionAssemblySystemCollectionsGenericDictionary2EntrySystemStringSyste725D34A46A1D546F8AFDC789C8CF10C9', ID = '5503'
Method 'SystemInt32SystemSZArrayHelperget_CountSystemCollectionsGenericDictionary2EntrySystemStringSystemReflectionAssembly', ID = '5504'
Method 'SystemCollectionsGenericDictionary2EntrySystemStringSystemReflectionAssemblySystemSZArrayHelperget_ItemSystemCollectionsGenericDictionary2EntrySystemStringSystemReflectionAssemblySystemInt32', ID = '5505'
Method 'SystemVoidSystemSZArrayHelperset_ItemSystemCollectionsGenericDictionary2EntrySystemStringSystemReflectionAssemblySystemInt32SystemCollectionsGenericDictionary2EntrySystemStringSystemReflectionAssembly', ID = '5506'
Method 'SystemVoidSystemSZArrayHelperAddSystemCollectionsGenericDictionary2EntrySystemStringSystemReflectionAssemblySystemCollectionsGenericDictionary2EntrySystemStringSystemReflectionAssembly', ID = '5507'
Method 'SystemBooleanSystemSZArrayHelperContainsSystemCollectionsGenericDictionary2EntrySystemStringSystemReflectionAssemblySystemCollectionsGenericDictionary2EntrySystemStringSystemReflectionAssembly', ID = '5508'
Method 'SystemBooleanSystemSZArrayHelperget_IsReadOnlySystemCollectionsGenericDictionary2EntrySystemStringSystemReflectionAssembly', ID = '5509'
Method 'SystemVoidSystemSZArrayHelperClearSystemCollectionsGenericDictionary2EntrySystemStringSystemReflectionAssembly', ID = '5510'
Method 'SystemInt32SystemSZArrayHelperIndexOfSystemCollectionsGenericDictionary2EntrySystemStringSystemReflectionAssemblySystemCollectionsGenericDictionary2EntrySystemStringSystemReflectionAssembly', ID = '5511'
Method 'SystemVoidSystemSZArrayHelperInsertSystemCollectionsGenericDictionary2EntrySystemStringSystemReflectionAssemblySystemInt32SystemCollectionsGenericDictionary2EntrySystemStringSystemReflectionAssembly', ID = '5512'
Method 'SystemBooleanSystemSZArrayHelperRemoveSystemCollectionsGenericDictionary2EntrySystemStringSystemReflectionAssemblySystemCollectionsGenericDictionary2EntrySystemStringSystemReflectionAssembly', ID = '5513'
Method 'SystemVoidSystemSZArrayHelperRemoveAtSystemCollectionsGenericDictionary2EntrySystemStringSystemReflectionAssemblySystemInt32', ID = '5514'
Method 'SystemRuntimeIntrinsicsVector1281SystemSingleInternalRuntimeCompilerServicesUnsafeAsSystemRuntimeIntrinsicsVector1281SystemDoubleSystemRuntimeIntrinsicsVector1281System36BBF6DC8FD3E13154E5F8F1C5FB5EB9', ID = '5526'
Method 'SystemRuntimeIntrinsicsVector1281SystemDoubleInternalRuntimeCompilerServicesUnsafeAsSystemRuntimeIntrinsicsVector1281SystemDoubleSystemRuntimeIntrinsicsVector1281System83151931041BACDECC0DE453AC75FF80', ID = '5527'
Method 'SystemRuntimeIntrinsicsVector1281SystemByteInternalRuntimeCompilerServicesUnsafeAsSystemRuntimeIntrinsicsVector1281SystemDoubleSystemRuntimeIntrinsicsVector1281SystemBy4A3E806FA530D04FAAB895E0A933B018', ID = '5528'
Method 'SystemBooleanSystemDoubleEqualsSystemDouble', ID = '5529'
Method 'SystemRuntimeIntrinsicsVector1281SystemSingleInternalRuntimeCompilerServicesUnsafeAsSystemRuntimeIntrinsicsVector1281SystemInt64SystemRuntimeIntrinsicsVector1281SystemS0A8C1F35EEB894886CE870045515A39A', ID = '5530'
Method 'SystemRuntimeIntrinsicsVector1281SystemByteInternalRuntimeCompilerServicesUnsafeAsSystemRuntimeIntrinsicsVector1281SystemInt64SystemRuntimeIntrinsicsVector1281SystemByt3436A20AE270F84EC97840A30E7C67AE', ID = '5531'
Method 'SystemGlobalizationUnicodeCategorySystemGlobalizationCharUnicodeInfoGetUnicodeCategoryNoBoundsChecksSystemUInt32', ID = '5533'
Method 'SystemInt32SystemRuntimeIntrinsicsVector1281SystemSingleget_Count', ID = '5534'
Method 'SystemSingleSystemRuntimeIntrinsicsVector128GetElementSystemSingleSystemRuntimeIntrinsicsVector1281SystemSingleSystemInt32', ID = '5535'
Method 'SystemBooleanSystemRuntimeIntrinsicsVector1281SystemSingleEqualsSystemRuntimeIntrinsicsVector1281SystemSingle', ID = '5536'
Method 'SystemSingleInternalRuntimeCompilerServicesUnsafeAsSystemByteSystemSingleSystemByte', ID = '5538'
Method 'SystemInt32SystemBitConverterSingleToInt32BitsSystemSingle', ID = '5539'
Method 'SystemNumberDiyFpSystemNumberDiyFpCreateAndGetBoundariesSystemSingleSystemNumberDiyFpSystemNumberDiyFp', ID = '5540'
Method 'SystemVoidSystemNumberDiyFpctorSystemSingle', ID = '5541'
Method 'SystemUInt32SystemNumberExtractFractionAndBiasedExponentSystemSingleSystemInt32', ID = '5542'
Method 'SystemChararraySystemGCAllocateUninitializedArrayg__AllocateNewUninitializedArraysLine66_0SystemCharSystemInt32SystemBoolean', ID = '5544'
Method 'SystemInt32SystemRuntimeIntrinsicsVector2561SystemSingleget_Count', ID = '5545'
Method 'SystemSingleSystemRuntimeIntrinsicsVector256GetElementSystemSingleSystemRuntimeIntrinsicsVector2561SystemSingleSystemInt32', ID = '5546'
Method 'SystemBooleanSystemRuntimeIntrinsicsVector2561SystemSingleEqualsSystemRuntimeIntrinsicsVector2561SystemSingle', ID = '5547'
Method 'SystemInt32SystemRuntimeIntrinsicsVector2561SystemDoubleget_Count', ID = '5549'
Method 'SystemDoubleSystemRuntimeIntrinsicsVector256GetElementSystemDoubleSystemRuntimeIntrinsicsVector2561SystemDoubleSystemInt32', ID = '5550'
Method 'SystemBooleanSystemRuntimeIntrinsicsVector2561SystemDoubleEqualsSystemRuntimeIntrinsicsVector2561SystemDouble', ID = '5551'
Method 'SystemInt32SystemRuntimeIntrinsicsVector1281SystemInt32get_Count', ID = '5553'
Method 'SystemInt32SystemRuntimeIntrinsicsVector128GetElementSystemInt32SystemRuntimeIntrinsicsVector1281SystemInt32SystemInt32', ID = '5554'
Method 'SystemBooleanSystemRuntimeIntrinsicsVector1281SystemInt32EqualsSystemRuntimeIntrinsicsVector1281SystemInt32', ID = '5555'
Method 'SystemBooleanSystemObjectEqualsSystemObjectSystemObject', ID = '5556'
Method 'SystemVoidSystemCollectionsGenericEqualityComparer1SystemSBytecctor', ID = '5557'
Method 'SystemVoidSystemCollectionsGenericEqualityComparer1SystemUInt64cctor', ID = '5558'
Method 'SystemVoidSystemCollectionsGenericEqualityComparer1SystemInt16cctor', ID = '5559'
Method 'SystemVoidSystemCollectionsGenericEqualityComparer1SystemUInt16cctor', ID = '5560'
Method 'SystemVoidSystemCollectionsGenericEqualityComparer1SystemGuidcctor', ID = '5561'
Method 'SystemVoidSystemRandomcctor', ID = '5562'
Method 'SystemByteCosmosHALRTCget_Second', ID = '5565'
Method 'SystemVoidCosmosSystem_PlugsSystemRandomImplCtorSystemInt32', ID = '5566'
Method 'SystemInt32CosmosSystem_PlugsSystemRandomImplInternalSample', ID = '5567'
Method 'SystemVoidCosmosIL2CPUSZArrayImpl1GetEnumeratord__0SystemCollectionsGenericDictionary2EntrySystemStringSystemBooleanSystemIDisposableDispose', ID = '5571'
Method 'SystemBooleanCosmosIL2CPUSZArrayImpl1GetEnumeratord__0SystemCollectionsGenericDictionary2EntrySystemStringSystemBooleanMoveNext', ID = '5572'
Method 'SystemBooleanarrayInternalRuntimeCompilerServicesUnsafeAsSystemBooleanarraySystemObject', ID = '5574'
Method 'SystemVoidSystemSZGenericArrayEnumerator1SystemBooleanctorSystemBooleanarray', ID = '5575'
Method 'SystemInt32SystemArrayIndexOfSystemBooleanSystemBooleanarraySystemBooleanSystemInt32SystemInt32', ID = '5578'
Method 'SystemCollectionsGenericIEnumerator1SystemBooleanCosmosIL2CPUSZArrayImpl1SystemBooleanGetEnumerator', ID = '5579'
Method 'SystemVoidCosmosIL2CPUSZArrayImpl1SystemBooleanCopyToSystemBooleanarraySystemInt32', ID = '5580'
Method 'SystemInt32CosmosIL2CPUSZArrayImpl1SystemBooleanget_Count', ID = '5581'
Method 'SystemBooleanCosmosIL2CPUSZArrayImpl1SystemBooleanget_ItemSystemInt32', ID = '5582'
Method 'SystemVoidCosmosIL2CPUSZArrayImpl1SystemBooleanset_ItemSystemInt32SystemBoolean', ID = '5583'
Method 'SystemVoidCosmosIL2CPUSZArrayImpl1SystemBooleanAddSystemBoolean', ID = '5584'
Method 'SystemBooleanCosmosIL2CPUSZArrayImpl1SystemBooleanContainsSystemBoolean', ID = '5585'
Method 'SystemBooleanCosmosIL2CPUSZArrayImpl1SystemBooleanget_IsReadOnly', ID = '5586'
Method 'SystemVoidCosmosIL2CPUSZArrayImpl1SystemBooleanClear', ID = '5587'
Method 'SystemInt32CosmosIL2CPUSZArrayImpl1SystemBooleanIndexOfSystemBoolean', ID = '5588'
Method 'SystemVoidCosmosIL2CPUSZArrayImpl1SystemBooleanInsertSystemInt32SystemBoolean', ID = '5589'
Method 'SystemVoidCosmosIL2CPUSZArrayImpl1SystemBooleanRemoveAtSystemInt32', ID = '5590'
Method 'SystemBooleanCosmosIL2CPUSZArrayImpl1SystemBooleanget_IsFixedSize', ID = '5591'
Method 'SystemVoidCosmosIL2CPUSZArrayImpl1SystemBooleanRemoveSystemBoolean', ID = '5592'
Method 'SystemObjectCosmosIL2CPUSZArrayImpl1SystemBooleanget_SyncRoot', ID = '5593'
Method 'SystemBooleanCosmosIL2CPUSZArrayImpl1SystemBooleanget_IsSynchronized', ID = '5594'
Method 'SystemVoidSystemSZGenericArrayEnumerator1SystemCollectionsGenericKeyValuePair2SystemStringSystemBooleancctor', ID = '5595'
Method 'SystemVoidSystemSZGenericArrayEnumerator1SystemCollectionsGenericKeyValuePair2SystemStringSystemBooleanDispose', ID = '5596'
Method 'SystemBooleanSystemSZGenericArrayEnumerator1SystemCollectionsGenericKeyValuePair2SystemStringSystemBooleanMoveNext', ID = '5597'
Method 'SystemStringSystemCollectionsGenericKeyValuePair2SystemStringSystemBooleanToString', ID = '5598'
Method 'SystemBooleanSystemRuntimeCompilerServicesRuntimeHelpersIsBitwiseEquatableSystemCollectionsGenericKeyValuePair2SystemStringSystemBoolean', ID = '5599'
Method 'SystemInt32InternalRuntimeCompilerServicesUnsafeSizeOfSystemCollectionsGenericKeyValuePair2SystemStringSystemBoolean', ID = '5600'
Method 'SystemByteInternalRuntimeCompilerServicesUnsafeAsSystemCollectionsGenericKeyValuePair2SystemStringSystemBooleanSystemByteSystemCollectionsGenericKeyValuePair2SystemStringSystemBoolean', ID = '5601'
Method 'SystemCharInternalRuntimeCompilerServicesUnsafeAsSystemCollectionsGenericKeyValuePair2SystemStringSystemBooleanSystemCharSystemCollectionsGenericKeyValuePair2SystemStringSystemBoolean', ID = '5602'
Method 'SystemInt32InternalRuntimeCompilerServicesUnsafeAsSystemCollectionsGenericKeyValuePair2SystemStringSystemBooleanSystemInt32SystemCollectionsGenericKeyValuePair2SystemStringSystemBoolean', ID = '5603'
Method 'SystemInt64InternalRuntimeCompilerServicesUnsafeAsSystemCollectionsGenericKeyValuePair2SystemStringSystemBooleanSystemInt64SystemCollectionsGenericKeyValuePair2SystemStringSystemBoolean', ID = '5604'
Method 'SystemCollectionsGenericEqualityComparer1SystemCollectionsGenericKeyValuePair2SystemStringSystemBooleanSystemCollectionsGenericEqualityComparer1SystemCollectionsGenericC94C01BADA352E37EE1823A6EA8FFE3D', ID = '5605'
Method 'SystemInt32SystemCollectionsGenericEqualityComparer1SystemCollectionsGenericKeyValuePair2SystemStringSystemBooleanIndexOfSystemCollectionsGenericKeyValuePair2SystemStri9220ADBF9413BB0E3D2B3093387FF35C', ID = '5606'
Method 'SystemVoidCosmosIL2CPUSZArrayImpl1GetEnumeratord__0SystemCollectionsGenericKeyValuePair2SystemStringSystemBooleanctorSystemInt32', ID = '5607'
Method 'SystemInt32SystemStringGetNonRandomizedHashCodeOrdinalIgnoreCaseg__GetNonRandomizedHashCodeOrdinalIgnoreCaseSlowsLine47_0SystemString', ID = '5609'
Method 'SystemCharInternalRuntimeCompilerServicesUnsafeAddByteOffsetSystemCharSystemCharSystemUIntPtr', ID = '5610'
Method 'SystemUInt32SystemTextUnicodeUtf16UtilityConvertAllAsciiCharsInUInt32ToUppercaseSystemUInt32', ID = '5611'
Method 'SystemInt32SystemMarvinComputeHash32OrdinalIgnoreCaseSlowSystemCharSystemInt32SystemUInt32SystemUInt32', ID = '5612'
Method 'SystemBooleanSystemStringEqualsOrdinalIgnoreCaseNoLengthCheckSystemStringSystemString', ID = '5613'
Method 'SystemInt32SystemGlobalizationOrdinalCompareStringIgnoreCaseNonAsciiSystemCharSystemInt32SystemCharSystemInt32', ID = '5614'
Method 'SystemVoidSystemSZGenericArrayEnumerator1SystemCollectionsGenericDictionary2EntrySystemStringSystemObjectcctor', ID = '5615'
Method 'SystemVoidSystemSZGenericArrayEnumerator1SystemCollectionsGenericDictionary2EntrySystemStringSystemObjectDispose', ID = '5616'
Method 'SystemBooleanSystemSZGenericArrayEnumerator1SystemCollectionsGenericDictionary2EntrySystemStringSystemObjectMoveNext', ID = '5617'
Method 'SystemBooleanSystemRuntimeCompilerServicesRuntimeHelpersIsBitwiseEquatableSystemCollectionsGenericDictionary2EntrySystemStringSystemObject', ID = '5618'
Method 'SystemInt32InternalRuntimeCompilerServicesUnsafeSizeOfSystemCollectionsGenericDictionary2EntrySystemStringSystemObject', ID = '5619'
Method 'SystemByteInternalRuntimeCompilerServicesUnsafeAsSystemCollectionsGenericDictionary2EntrySystemStringSystemObjectSystemByteSystemCollectionsGenericDictionary2EntrySystemStringSystemObject', ID = '5620'
Method 'SystemCharInternalRuntimeCompilerServicesUnsafeAsSystemCollectionsGenericDictionary2EntrySystemStringSystemObjectSystemCharSystemCollectionsGenericDictionary2EntrySystemStringSystemObject', ID = '5621'
Method 'SystemInt32InternalRuntimeCompilerServicesUnsafeAsSystemCollectionsGenericDictionary2EntrySystemStringSystemObjectSystemInt32SystemCollectionsGenericDictionary2EntrySystemStringSystemObject', ID = '5622'
Method 'SystemInt64InternalRuntimeCompilerServicesUnsafeAsSystemCollectionsGenericDictionary2EntrySystemStringSystemObjectSystemInt64SystemCollectionsGenericDictionary2EntrySystemStringSystemObject', ID = '5623'
Method 'SystemCollectionsGenericEqualityComparer1SystemCollectionsGenericDictionary2EntrySystemStringSystemObjectSystemCollectionsGenericEqualityComparer1SystemCollectionsGener2DC0487C1F42BCBD08BD60755B1D3C7D', ID = '5624'
Method 'SystemInt32SystemCollectionsGenericEqualityComparer1SystemCollectionsGenericDictionary2EntrySystemStringSystemObjectIndexOfSystemCollectionsGenericDictionary2EntrySyste6F2AEB7F14C4A0A922DF0706D83415B3', ID = '5625'
Method 'SystemVoidCosmosIL2CPUSZArrayImpl1GetEnumeratord__0SystemCollectionsGenericDictionary2EntrySystemStringSystemObjectctorSystemInt32', ID = '5626'
Method 'SystemCollectionsGenericKeyValuePair2SystemStringSystemObjectarrayInternalRuntimeCompilerServicesUnsafeAsSystemCollectionsGenericKeyValuePair2SystemStringSystemObjectarraySystemObject', ID = '5629'
Method 'SystemVoidSystemSZGenericArrayEnumerator1SystemCollectionsGenericKeyValuePair2SystemStringSystemObjectctorSystemCollectionsGenericKeyValuePair2SystemStringSystemObjectarray', ID = '5630'
Method 'SystemInt32SystemArrayIndexOfSystemCollectionsGenericKeyValuePair2SystemStringSystemObjectSystemCollectionsGenericKeyValuePair2SystemStringSystemObjectarraySystemCollecB5EA34D93A830CC8318C1BE2C2CAEA42', ID = '5634'
Method 'SystemCollectionsGenericIEnumerator1SystemCollectionsGenericKeyValuePair2SystemStringSystemObjectCosmosIL2CPUSZArrayImpl1SystemCollectionsGenericKeyValuePair2SystemStringSystemObjectGetEnumerator', ID = '5635'
Method 'SystemVoidCosmosIL2CPUSZArrayImpl1SystemCollectionsGenericKeyValuePair2SystemStringSystemObjectCopyToSystemCollectionsGenericKeyValuePair2SystemStringSystemObjectarraySystemInt32', ID = '5636'
Method 'SystemInt32CosmosIL2CPUSZArrayImpl1SystemCollectionsGenericKeyValuePair2SystemStringSystemObjectget_Count', ID = '5637'
Method 'SystemCollectionsGenericKeyValuePair2SystemStringSystemObjectCosmosIL2CPUSZArrayImpl1SystemCollectionsGenericKeyValuePair2SystemStringSystemObjectget_ItemSystemInt32', ID = '5638'
Method 'SystemVoidCosmosIL2CPUSZArrayImpl1SystemCollectionsGenericKeyValuePair2SystemStringSystemObjectset_ItemSystemInt32SystemCollectionsGenericKeyValuePair2SystemStringSystemObject', ID = '5639'
Method 'SystemVoidCosmosIL2CPUSZArrayImpl1SystemCollectionsGenericKeyValuePair2SystemStringSystemObjectAddSystemCollectionsGenericKeyValuePair2SystemStringSystemObject', ID = '5640'
Method 'SystemBooleanCosmosIL2CPUSZArrayImpl1SystemCollectionsGenericKeyValuePair2SystemStringSystemObjectContainsSystemCollectionsGenericKeyValuePair2SystemStringSystemObject', ID = '5641'
Method 'SystemBooleanCosmosIL2CPUSZArrayImpl1SystemCollectionsGenericKeyValuePair2SystemStringSystemObjectget_IsReadOnly', ID = '5642'
Method 'SystemVoidCosmosIL2CPUSZArrayImpl1SystemCollectionsGenericKeyValuePair2SystemStringSystemObjectClear', ID = '5643'
Method 'SystemInt32CosmosIL2CPUSZArrayImpl1SystemCollectionsGenericKeyValuePair2SystemStringSystemObjectIndexOfSystemCollectionsGenericKeyValuePair2SystemStringSystemObject', ID = '5644'
Method 'SystemVoidCosmosIL2CPUSZArrayImpl1SystemCollectionsGenericKeyValuePair2SystemStringSystemObjectInsertSystemInt32SystemCollectionsGenericKeyValuePair2SystemStringSystemObject', ID = '5645'
Method 'SystemVoidCosmosIL2CPUSZArrayImpl1SystemCollectionsGenericKeyValuePair2SystemStringSystemObjectRemoveAtSystemInt32', ID = '5646'
Method 'SystemBooleanCosmosIL2CPUSZArrayImpl1SystemCollectionsGenericKeyValuePair2SystemStringSystemObjectget_IsFixedSize', ID = '5647'
Method 'SystemVoidCosmosIL2CPUSZArrayImpl1SystemCollectionsGenericKeyValuePair2SystemStringSystemObjectRemoveSystemCollectionsGenericKeyValuePair2SystemStringSystemObject', ID = '5648'
Method 'SystemObjectCosmosIL2CPUSZArrayImpl1SystemCollectionsGenericKeyValuePair2SystemStringSystemObjectget_SyncRoot', ID = '5649'
Method 'SystemBooleanCosmosIL2CPUSZArrayImpl1SystemCollectionsGenericKeyValuePair2SystemStringSystemObjectget_IsSynchronized', ID = '5650'
Method 'SystemReadOnlySpan1SystemByteSystemGlobalizationCharUnicodeInfoget_CategoryCasingLevel1Index', ID = '5652'
Method 'SystemReadOnlySpan1SystemByteSystemGlobalizationCharUnicodeInfoget_CategoryCasingLevel2Index', ID = '5653'
Method 'SystemReadOnlySpan1SystemByteSystemGlobalizationCharUnicodeInfoget_CategoryCasingLevel3Index', ID = '5654'
Method 'SystemVoidCosmosIL2CPUSZArrayImpl1GetEnumeratord__0SystemUInt16SystemIDisposableDispose', ID = '5658'
Method 'SystemBooleanCosmosIL2CPUSZArrayImpl1GetEnumeratord__0SystemUInt16MoveNext', ID = '5659'
Method 'SystemInt32SystemTextEncodingGetCharsFastSystemBytepointerSystemInt32SystemCharpointerSystemInt32SystemInt32', ID = '5660'
Method 'SystemInt32SystemTextEncodingGetCharsWithFallbackSystemBytepointerSystemInt32SystemCharpointerSystemInt32SystemInt32SystemInt32', ID = '5661'
Method 'SystemInt32SystemTextEncodingGetCharCountSystemBytepointerSystemInt32', ID = '5662'
Method 'SystemInt32SystemTextEncodingGetCharsSystemBytepointerSystemInt32SystemCharpointerSystemInt32', ID = '5663'
Method 'SystemInt32SystemTextASCIIEncodingGetCharCountSystemBytearraySystemInt32SystemInt32', ID = '5664'
Method 'SystemInt32SystemTextUTF8EncodingGetCharCountSystemBytearraySystemInt32SystemInt32', ID = '5665'
Method 'SystemInt32SystemTextASCIIEncodingGetCharsSystemBytearraySystemInt32SystemInt32SystemChararraySystemInt32', ID = '5666'
Method 'SystemInt32SystemTextUTF8EncodingGetCharsSystemBytearraySystemInt32SystemInt32SystemChararraySystemInt32', ID = '5667'
Method 'SystemBooleanCosmosCore_PlugsSystemRuntimeCompilerServicesRuntimeHelpersImplIsReferenceOrContainsReferencesSystemGuid', ID = '5668'
Method 'SystemVoidCosmosIL2CPUSZArrayImpl1GetEnumeratord__0CosmosHALBlockDeviceGPTGPartInfoSystemIDisposableDispose', ID = '5673'
Method 'SystemBooleanCosmosIL2CPUSZArrayImpl1GetEnumeratord__0CosmosHALBlockDeviceGPTGPartInfoMoveNext', ID = '5674'
Method 'SystemVoidCosmosIL2CPUSZArrayImpl1GetEnumeratord__0CosmosHALBlockDeviceMBRPartInfoSystemIDisposableDispose', ID = '5679'
Method 'SystemBooleanCosmosIL2CPUSZArrayImpl1GetEnumeratord__0CosmosHALBlockDeviceMBRPartInfoMoveNext', ID = '5680'
Method 'SystemVoidCosmosIL2CPUSZArrayImpl1GetEnumeratord__0CosmosHALBlockDeviceEBRPartInfoSystemIDisposableDispose', ID = '5685'
Method 'SystemBooleanCosmosIL2CPUSZArrayImpl1GetEnumeratord__0CosmosHALBlockDeviceEBRPartInfoMoveNext', ID = '5686'
Method 'SystemVoidSystemCollectionsGenericEqualityComparer1CosmosHALBlockDevicePortsStoragePortcctor', ID = '5687'
Method 'SystemBooleanSystemNumericsVector1SystemUInt32EqualsSystemNumericsVector1SystemUInt32', ID = '5689'
Method 'SystemUInt32SystemNumericsVector1SystemUInt32GetElementSystemIntPtr', ID = '5690'
Method 'SystemVoidSystemHashCodeAddSystemUInt32SystemUInt32', ID = '5691'
Method 'SystemBooleanSystemNumericsVector1SystemSingleEqualsSystemNumericsVector1SystemSingle', ID = '5692'
Method 'SystemSingleSystemNumericsVector1SystemSingleGetElementSystemIntPtr', ID = '5693'
Method 'SystemVoidSystemHashCodeAddSystemSingleSystemSingle', ID = '5694'
Method 'SystemBooleanSystemNumericsVector1SystemDoubleEqualsSystemNumericsVector1SystemDouble', ID = '5695'
Method 'SystemDoubleSystemNumericsVector1SystemDoubleGetElementSystemIntPtr', ID = '5696'
Method 'SystemVoidSystemHashCodeAddSystemDoubleSystemDouble', ID = '5697'
Method 'SystemRuntimeIntrinsicsVector2561SystemByteInternalRuntimeCompilerServicesUnsafeAsSystemRuntimeIntrinsicsVector2561SystemSingleSystemRuntimeIntrinsicsVector2561SystemBy4FCD2360A16EA0E5BA373C174ED0FD3B', ID = '5698'
Method 'SystemVoidCosmosIL2CPUSZArrayImpl1GetEnumeratord__0CosmosHALBlockDeviceRegistersHBACommandHeaderSystemIDisposableDispose', ID = '5703'
Method 'SystemBooleanCosmosIL2CPUSZArrayImpl1GetEnumeratord__0CosmosHALBlockDeviceRegistersHBACommandHeaderMoveNext', ID = '5704'
Method 'SystemVoidSystemSZGenericArrayEnumerator1CosmosHALBlockDeviceRegistersHBAPRDTEntrycctor', ID = '5705'
Method 'SystemVoidSystemSZGenericArrayEnumerator1CosmosHALBlockDeviceRegistersHBAPRDTEntryDispose', ID = '5706'
Method 'SystemBooleanSystemSZGenericArrayEnumerator1CosmosHALBlockDeviceRegistersHBAPRDTEntryMoveNext', ID = '5707'
Method 'SystemBooleanSystemRuntimeCompilerServicesRuntimeHelpersIsBitwiseEquatableCosmosHALBlockDeviceRegistersHBAPRDTEntry', ID = '5708'
Method 'SystemInt32InternalRuntimeCompilerServicesUnsafeSizeOfCosmosHALBlockDeviceRegistersHBAPRDTEntry', ID = '5709'
Method 'SystemByteInternalRuntimeCompilerServicesUnsafeAsCosmosHALBlockDeviceRegistersHBAPRDTEntrySystemByteCosmosHALBlockDeviceRegistersHBAPRDTEntry', ID = '5710'
Method 'SystemCharInternalRuntimeCompilerServicesUnsafeAsCosmosHALBlockDeviceRegistersHBAPRDTEntrySystemCharCosmosHALBlockDeviceRegistersHBAPRDTEntry', ID = '5711'
Method 'SystemInt32InternalRuntimeCompilerServicesUnsafeAsCosmosHALBlockDeviceRegistersHBAPRDTEntrySystemInt32CosmosHALBlockDeviceRegistersHBAPRDTEntry', ID = '5712'
Method 'SystemInt64InternalRuntimeCompilerServicesUnsafeAsCosmosHALBlockDeviceRegistersHBAPRDTEntrySystemInt64CosmosHALBlockDeviceRegistersHBAPRDTEntry', ID = '5713'
Method 'SystemCollectionsGenericEqualityComparer1CosmosHALBlockDeviceRegistersHBAPRDTEntrySystemCollectionsGenericEqualityComparer1CosmosHALBlockDeviceRegistersHBAPRDTEntryget_Default', ID = '5714'
Method 'SystemInt32SystemCollectionsGenericEqualityComparer1CosmosHALBlockDeviceRegistersHBAPRDTEntryIndexOfCosmosHALBlockDeviceRegistersHBAPRDTEntryarrayCosmosHALBlockDeviceReE5FACEF57EFDF52A0723D324476F044A', ID = '5715'
Method 'SystemVoidCosmosIL2CPUSZArrayImpl1GetEnumeratord__0CosmosHALBlockDeviceRegistersHBAPRDTEntryctorSystemInt32', ID = '5716'
Method 'SystemVoidSystemCollectionsGenericEqualityComparer1CosmosCoreManagedMemoryBlockcctor', ID = '5718'
Method 'SystemVoidSystemCollectionsGenericEqualityComparer1SystemBytearraycctor', ID = '5720'
Method 'SystemObjectCosmosCore_PlugsSystemRuntimeTypeHandleImplGetAssemblySystemObject', ID = '5723'
Method 'SystemBooleanSystemRuntimeCompilerServicesDefaultInterpolatedStringHandlerHasCustomFormatterSystemIFormatProvider', ID = '5724'
Method 'SystemVoidSystemRuntimeCompilerServicesDefaultInterpolatedStringHandlerAppendCustomFormatterSystemObjectSystemObjectSystemString', ID = '5725'
Method 'SystemVoidSystemRuntimeTypeHandlectorSystemRuntimeType', ID = '5736'
Method 'SystemStringSystemRuntimeTypeHandleConstructNameSystemTypeNameFormatFlags', ID = '5737'
Method 'SystemBooleanSystemTypeget_HasElementType', ID = '5739'
Method 'SystemBooleanSystemRuntimeTypeget_IsGenericTypeDefinition', ID = '5740'
Method 'SystemBooleanSystemRuntimeTypeget_ContainsGenericParameters', ID = '5741'
Method 'SystemBooleanSystemTypeget_IsGenericType', ID = '5742'
Method 'SystemTypearraySystemTypeGetGenericArguments', ID = '5743'
Method 'SystemStringSystemPrivateCoreLibSystemSRget_Arg_InvalidOperationException', ID = '5744'
Method 'SystemVoidSystemThrowHelperThrowInvalidOperationException_EnumCurrentSystemInt32', ID = '5745'
Method 'SystemVoidCosmosIL2CPUSZArrayImpl1GetEnumeratord__0CosmosHALKeyboardBaseSystemIDisposableDispose', ID = '5750'
Method 'CosmosHALKeyboardBaseCosmosIL2CPUSZArrayImpl1GetEnumeratord__0CosmosHALKeyboardBaseSystemCollectionsGenericIEnumeratorTget_Current', ID = '5751'
Method 'SystemBooleanCosmosIL2CPUSZArrayImpl1GetEnumeratord__0CosmosHALKeyboardBaseMoveNext', ID = '5752'
Method 'SystemVoidSystemSZGenericArrayEnumerator1CosmosSystemKeyMappingcctor', ID = '5753'
Method 'SystemVoidSystemSZGenericArrayEnumerator1CosmosSystemKeyMappingDispose', ID = '5754'
Method 'SystemBooleanSystemSZGenericArrayEnumerator1CosmosSystemKeyMappingMoveNext', ID = '5755'
Method 'SystemBooleanSystemRuntimeCompilerServicesRuntimeHelpersIsBitwiseEquatableCosmosSystemKeyMapping', ID = '5756'
Method 'SystemInt32InternalRuntimeCompilerServicesUnsafeSizeOfCosmosSystemKeyMapping', ID = '5757'
Method 'SystemByteInternalRuntimeCompilerServicesUnsafeAsCosmosSystemKeyMappingSystemByteCosmosSystemKeyMapping', ID = '5758'
Method 'SystemCharInternalRuntimeCompilerServicesUnsafeAsCosmosSystemKeyMappingSystemCharCosmosSystemKeyMapping', ID = '5759'
Method 'SystemInt32InternalRuntimeCompilerServicesUnsafeAsCosmosSystemKeyMappingSystemInt32CosmosSystemKeyMapping', ID = '5760'
Method 'SystemInt64InternalRuntimeCompilerServicesUnsafeAsCosmosSystemKeyMappingSystemInt64CosmosSystemKeyMapping', ID = '5761'
Method 'SystemCollectionsGenericEqualityComparer1CosmosSystemKeyMappingSystemCollectionsGenericEqualityComparer1CosmosSystemKeyMappingget_Default', ID = '5762'
Method 'SystemInt32SystemCollectionsGenericEqualityComparer1CosmosSystemKeyMappingIndexOfCosmosSystemKeyMappingarrayCosmosSystemKeyMappingSystemInt32SystemInt32', ID = '5763'
Method 'SystemVoidCosmosIL2CPUSZArrayImpl1GetEnumeratord__0CosmosSystemKeyMappingctorSystemInt32', ID = '5764'
Method 'SystemVoidSystemCollectionsGenericList1CosmosSystemKeyMappingGrowSystemInt32', ID = '5766'
Method 'SystemVoidCosmosSystemKeyMappingctorSystemByteSystemCharSystemCharSystemCharSystemCharSystemCharSystemCharSystemCharSystemCharSystemCharSystemCharCosmosSystemConsoleKeyExCosmosSystemConsoleKeyEx', ID = '5767'
Method 'SystemVoidCosmosIL2CPUSZArrayImpl1GetEnumeratord__0CosmosSystemKeyEventSystemIDisposableDispose', ID = '5771'
Method 'SystemBooleanCosmosIL2CPUSZArrayImpl1GetEnumeratord__0CosmosSystemKeyEventMoveNext', ID = '5772'
Method 'SystemIntPtrSystemRuntimeFieldHandleInternalget_Value', ID = '5774'
Method 'SystemBooleanCosmosCore_PlugsSystemRuntimeTypeHandleImplIsGenericVariableSystemObject', ID = '5777'
Method 'SystemTypearraySystemRuntimeTypeGetGenericParameterConstraints', ID = '5779'
Method 'SystemStringSystemPrivateCoreLibSystemSRget_Arg_NotGenericParameter', ID = '5780'
Method 'SystemBooleanSystemRuntimeTypeget_IsGenericParameter', ID = '5781'
Method 'SystemReflectionGenericParameterAttributesSystemRuntimeTypeget_GenericParameterAttributes', ID = '5783'
Method 'SystemObjectCosmosCore_PlugsSystemRuntimeTypeHandleImplGetBaseTypeSystemObject', ID = '5784'
Method 'SystemVoidSystemGlobalizationCultureDatactor', ID = '5785'
Method 'SystemBooleanSystemGlobalizationCultureInfoget_UseUserOverride', ID = '5789'
Method 'SystemBooleanSystemGlobalizationSortVersionEqualsSystemGlobalizationSortVersion', ID = '5792'
Method 'SystemVoidSystemGlobalizationTextInfoctorSystemGlobalizationCultureData', ID = '5793'
Method 'SystemVoidSystemGlobalizationTextInfoSetReadOnlyStateSystemBoolean', ID = '5794'
Method 'SystemGlobalizationCalendarIdarrayInternalRuntimeCompilerServicesUnsafeAsSystemGlobalizationCalendarIdarraySystemObject', ID = '5796'
Method 'SystemVoidSystemSZGenericArrayEnumerator1SystemGlobalizationCalendarIdctorSystemGlobalizationCalendarIdarray', ID = '5797'
Method 'SystemInt32SystemArrayIndexOfSystemGlobalizationCalendarIdSystemGlobalizationCalendarIdarraySystemGlobalizationCalendarIdSystemInt32SystemInt32', ID = '5800'
Method 'SystemCollectionsGenericIEnumerator1SystemGlobalizationCalendarIdCosmosIL2CPUSZArrayImpl1SystemGlobalizationCalendarIdGetEnumerator', ID = '5801'
Method 'SystemVoidCosmosIL2CPUSZArrayImpl1SystemGlobalizationCalendarIdCopyToSystemGlobalizationCalendarIdarraySystemInt32', ID = '5802'
Method 'SystemInt32CosmosIL2CPUSZArrayImpl1SystemGlobalizationCalendarIdget_Count', ID = '5803'
Method 'SystemGlobalizationCalendarIdCosmosIL2CPUSZArrayImpl1SystemGlobalizationCalendarIdget_ItemSystemInt32', ID = '5804'
Method 'SystemVoidCosmosIL2CPUSZArrayImpl1SystemGlobalizationCalendarIdset_ItemSystemInt32SystemGlobalizationCalendarId', ID = '5805'
Method 'SystemVoidCosmosIL2CPUSZArrayImpl1SystemGlobalizationCalendarIdAddSystemGlobalizationCalendarId', ID = '5806'
Method 'SystemBooleanCosmosIL2CPUSZArrayImpl1SystemGlobalizationCalendarIdContainsSystemGlobalizationCalendarId', ID = '5807'
Method 'SystemBooleanCosmosIL2CPUSZArrayImpl1SystemGlobalizationCalendarIdget_IsReadOnly', ID = '5808'
Method 'SystemVoidCosmosIL2CPUSZArrayImpl1SystemGlobalizationCalendarIdClear', ID = '5809'
Method 'SystemInt32CosmosIL2CPUSZArrayImpl1SystemGlobalizationCalendarIdIndexOfSystemGlobalizationCalendarId', ID = '5810'
Method 'SystemVoidCosmosIL2CPUSZArrayImpl1SystemGlobalizationCalendarIdInsertSystemInt32SystemGlobalizationCalendarId', ID = '5811'
Method 'SystemVoidCosmosIL2CPUSZArrayImpl1SystemGlobalizationCalendarIdRemoveAtSystemInt32', ID = '5812'
Method 'SystemBooleanCosmosIL2CPUSZArrayImpl1SystemGlobalizationCalendarIdget_IsFixedSize', ID = '5813'
Method 'SystemVoidCosmosIL2CPUSZArrayImpl1SystemGlobalizationCalendarIdRemoveSystemGlobalizationCalendarId', ID = '5814'
Method 'SystemObjectCosmosIL2CPUSZArrayImpl1SystemGlobalizationCalendarIdget_SyncRoot', ID = '5815'
Method 'SystemBooleanCosmosIL2CPUSZArrayImpl1SystemGlobalizationCalendarIdget_IsSynchronized', ID = '5816'
Method 'SystemGlobalizationDateTimeFormatInfoTokenHashValuearrayInternalRuntimeCompilerServicesUnsafeAsSystemGlobalizationDateTimeFormatInfoTokenHashValuearraySystemObject', ID = '5818'
Method 'SystemVoidSystemSZGenericArrayEnumerator1SystemGlobalizationDateTimeFormatInfoTokenHashValuectorSystemGlobalizationDateTimeFormatInfoTokenHashValuearray', ID = '5819'
Method 'SystemInt32SystemArrayIndexOfSystemGlobalizationDateTimeFormatInfoTokenHashValueSystemGlobalizationDateTimeFormatInfoTokenHashValuearraySystemGlobalizationDateTimeForma2F2ACF1D77124EF8ABF048F11E758694', ID = '5823'
Method 'SystemCollectionsGenericIEnumerator1SystemGlobalizationDateTimeFormatInfoTokenHashValueCosmosIL2CPUSZArrayImpl1SystemGlobalizationDateTimeFormatInfoTokenHashValueGetEnumerator', ID = '5824'
Method 'SystemVoidCosmosIL2CPUSZArrayImpl1SystemGlobalizationDateTimeFormatInfoTokenHashValueCopyToSystemGlobalizationDateTimeFormatInfoTokenHashValuearraySystemInt32', ID = '5825'
Method 'SystemInt32CosmosIL2CPUSZArrayImpl1SystemGlobalizationDateTimeFormatInfoTokenHashValueget_Count', ID = '5826'
Method 'SystemGlobalizationDateTimeFormatInfoTokenHashValueCosmosIL2CPUSZArrayImpl1SystemGlobalizationDateTimeFormatInfoTokenHashValueget_ItemSystemInt32', ID = '5827'
Method 'SystemVoidCosmosIL2CPUSZArrayImpl1SystemGlobalizationDateTimeFormatInfoTokenHashValueset_ItemSystemInt32SystemGlobalizationDateTimeFormatInfoTokenHashValue', ID = '5828'
Method 'SystemVoidCosmosIL2CPUSZArrayImpl1SystemGlobalizationDateTimeFormatInfoTokenHashValueAddSystemGlobalizationDateTimeFormatInfoTokenHashValue', ID = '5829'
Method 'SystemBooleanCosmosIL2CPUSZArrayImpl1SystemGlobalizationDateTimeFormatInfoTokenHashValueContainsSystemGlobalizationDateTimeFormatInfoTokenHashValue', ID = '5830'
Method 'SystemBooleanCosmosIL2CPUSZArrayImpl1SystemGlobalizationDateTimeFormatInfoTokenHashValueget_IsReadOnly', ID = '5831'
Method 'SystemVoidCosmosIL2CPUSZArrayImpl1SystemGlobalizationDateTimeFormatInfoTokenHashValueClear', ID = '5832'
Method 'SystemInt32CosmosIL2CPUSZArrayImpl1SystemGlobalizationDateTimeFormatInfoTokenHashValueIndexOfSystemGlobalizationDateTimeFormatInfoTokenHashValue', ID = '5833'
Method 'SystemVoidCosmosIL2CPUSZArrayImpl1SystemGlobalizationDateTimeFormatInfoTokenHashValueInsertSystemInt32SystemGlobalizationDateTimeFormatInfoTokenHashValue', ID = '5834'
Method 'SystemVoidCosmosIL2CPUSZArrayImpl1SystemGlobalizationDateTimeFormatInfoTokenHashValueRemoveAtSystemInt32', ID = '5835'
Method 'SystemBooleanCosmosIL2CPUSZArrayImpl1SystemGlobalizationDateTimeFormatInfoTokenHashValueget_IsFixedSize', ID = '5836'
Method 'SystemVoidCosmosIL2CPUSZArrayImpl1SystemGlobalizationDateTimeFormatInfoTokenHashValueRemoveSystemGlobalizationDateTimeFormatInfoTokenHashValue', ID = '5837'
Method 'SystemObjectCosmosIL2CPUSZArrayImpl1SystemGlobalizationDateTimeFormatInfoTokenHashValueget_SyncRoot', ID = '5838'
Method 'SystemBooleanCosmosIL2CPUSZArrayImpl1SystemGlobalizationDateTimeFormatInfoTokenHashValueget_IsSynchronized', ID = '5839'
Method 'SystemGlobalizationCalendarDataarrayInternalRuntimeCompilerServicesUnsafeAsSystemGlobalizationCalendarDataarraySystemObject', ID = '5841'
Method 'SystemVoidSystemSZGenericArrayEnumerator1SystemGlobalizationCalendarDatactorSystemGlobalizationCalendarDataarray', ID = '5842'
Method 'SystemInt32SystemArrayIndexOfSystemGlobalizationCalendarDataSystemGlobalizationCalendarDataarraySystemGlobalizationCalendarDataSystemInt32SystemInt32', ID = '5845'
Method 'SystemCollectionsGenericIEnumerator1SystemGlobalizationCalendarDataCosmosIL2CPUSZArrayImpl1SystemGlobalizationCalendarDataGetEnumerator', ID = '5846'
Method 'SystemVoidCosmosIL2CPUSZArrayImpl1SystemGlobalizationCalendarDataCopyToSystemGlobalizationCalendarDataarraySystemInt32', ID = '5847'
Method 'SystemInt32CosmosIL2CPUSZArrayImpl1SystemGlobalizationCalendarDataget_Count', ID = '5848'
Method 'SystemGlobalizationCalendarDataCosmosIL2CPUSZArrayImpl1SystemGlobalizationCalendarDataget_ItemSystemInt32', ID = '5849'
Method 'SystemVoidCosmosIL2CPUSZArrayImpl1SystemGlobalizationCalendarDataset_ItemSystemInt32SystemGlobalizationCalendarData', ID = '5850'
Method 'SystemVoidCosmosIL2CPUSZArrayImpl1SystemGlobalizationCalendarDataAddSystemGlobalizationCalendarData', ID = '5851'
Method 'SystemBooleanCosmosIL2CPUSZArrayImpl1SystemGlobalizationCalendarDataContainsSystemGlobalizationCalendarData', ID = '5852'
Method 'SystemBooleanCosmosIL2CPUSZArrayImpl1SystemGlobalizationCalendarDataget_IsReadOnly', ID = '5853'
Method 'SystemVoidCosmosIL2CPUSZArrayImpl1SystemGlobalizationCalendarDataClear', ID = '5854'
Method 'SystemInt32CosmosIL2CPUSZArrayImpl1SystemGlobalizationCalendarDataIndexOfSystemGlobalizationCalendarData', ID = '5855'
Method 'SystemVoidCosmosIL2CPUSZArrayImpl1SystemGlobalizationCalendarDataInsertSystemInt32SystemGlobalizationCalendarData', ID = '5856'
Method 'SystemVoidCosmosIL2CPUSZArrayImpl1SystemGlobalizationCalendarDataRemoveAtSystemInt32', ID = '5857'
Method 'SystemBooleanCosmosIL2CPUSZArrayImpl1SystemGlobalizationCalendarDataget_IsFixedSize', ID = '5858'
Method 'SystemVoidCosmosIL2CPUSZArrayImpl1SystemGlobalizationCalendarDataRemoveSystemGlobalizationCalendarData', ID = '5859'
Method 'SystemObjectCosmosIL2CPUSZArrayImpl1SystemGlobalizationCalendarDataget_SyncRoot', ID = '5860'
Method 'SystemBooleanCosmosIL2CPUSZArrayImpl1SystemGlobalizationCalendarDataget_IsSynchronized', ID = '5861'
Method 'SystemBooleanSystemGlobalizationGlobalizationModeSettingsget_Invariant', ID = '5863'
Method 'SystemStringSystemGlobalizationCultureDataget_Name', ID = '5864'
Method 'SystemStringCosmosSystem_PlugsSystemGlobalizationCultureDataImplGetLocaleInfoCoreUserOverrideSystemUInt32', ID = '5866'
Method 'SystemInt32SystemGlobalizationCultureDataIcuGetLocaleInfoSystemGlobalizationCultureDataLocaleNumberData', ID = '5868'
Method 'SystemBooleanSystemGlobalizationGlobalizationModeget_UseNls', ID = '5869'
Method 'SystemInt32SystemGlobalizationIcuLocaleDataGetLocaleDataNumericPartSystemStringSystemGlobalizationIcuLocaleDataParts', ID = '5870'
Method 'SystemInt32arrayCosmosSystem_PlugsSystemGlobalizationCultureDataImplget_NumberGroupSizes', ID = '5872'
Method 'SystemInt32arrayCosmosSystem_PlugsSystemGlobalizationCultureDataImplget_CurrencyGroupSizes', ID = '5873'
Method 'SystemInt32SystemGlobalizationCultureDataGetLocaleInfoCoreSystemGlobalizationCultureDataLocaleNumberData', ID = '5874'
Method 'SystemStringCosmosSystem_PlugsSystemGlobalizationCultureDataImplget_PercentSymbol', ID = '5875'
Method 'SystemStringCosmosSystem_PlugsSystemGlobalizationCultureDataImplget_PerMilleSymbol', ID = '5876'
Method 'SystemStringCosmosSystem_PlugsSystemGlobalizationCultureDataImplget_NegativeInfinitySymbol', ID = '5877'
Method 'SystemStringCosmosSystem_PlugsSystemGlobalizationCultureDataImplget_PositiveInfinitySymbol', ID = '5878'
Method 'SystemStringCosmosSystem_PlugsSystemGlobalizationCultureDataImplget_NaNSymbol', ID = '5879'
Method 'SystemGlobalizationCalendarCosmosSystem_PlugsSystemGlobalizationCultureDataImplget_DefaultCalendar', ID = '5881'
Method 'SystemVoidCosmosCore_PlugsSystemThreadingInterlockedImplMemoryBarrier', ID = '5882'
Method 'SystemStringSystemGlobalizationCultureDataDateSeparatorSystemGlobalizationCalendarId', ID = '5888'
Method 'SystemSpan1SystemCharSystemTextStringBuilderget_RemainingCurrentChunk', ID = '5894'
Method 'SystemBooleanCosmosCore_PlugsRuntimeIntrinsicsX86LzcntImplget_IsSupported', ID = '5897'
Method 'SystemReadOnlySpan1SystemByteSystemNumericsBitOperationsget_Log2DeBruijn', ID = '5898'
Method 'SystemVoidSystemNumberBigIntegercctor', ID = '5899'
Method 'SystemVoidpointerInternalRuntimeCompilerServicesUnsafeAsPointerSystemUInt32SystemUInt32', ID = '5900'
Method 'SystemVoidSystemBufferZeroMemorySystemBytepointerSystemUIntPtr', ID = '5901'
Method 'SystemBooleanSystemDoubleIsInfinitySystemDouble', ID = '5902'
Method 'SystemVoidSystemBufferMemmoveSystemUInt32SystemUInt32SystemUInt32SystemUIntPtr', ID = '5903'
Method 'SystemTextEncoderFallbackSystemTextEncoderFallbackget_ExceptionFallback', ID = '5904'
Method 'SystemTextDecoderFallbackSystemTextDecoderFallbackget_ExceptionFallback', ID = '5905'
Method 'SystemVoidSystemTextEncoderReplacementFallbackctorSystemString', ID = '5906'
Method 'SystemVoidSystemTextDecoderReplacementFallbackctorSystemString', ID = '5907'
Method 'SystemNumericsVector1SystemUInt16SystemNumericsVector1SystemUInt16LessThanOrEqualSystemNumericsVector1SystemUInt16SystemNumericsVector1SystemUInt16', ID = '5912'
Method 'SystemNumericsVector1SystemInt32SystemNumericsVector1SystemInt32get_AllBitsSet', ID = '5913'
Method 'SystemStringSystemRuntimeIntrinsicsVector1281SystemUInt64ToString', ID = '5915'
Method 'SystemBooleanSystemRuntimeIntrinsicsVector1281SystemUInt64EqualsSystemObject', ID = '5916'
Method 'SystemInt32SystemRuntimeIntrinsicsVector1281SystemUInt64GetHashCode', ID = '5917'
Method 'SystemRuntimeIntrinsicsVector1281SystemByteInternalRuntimeCompilerServicesUnsafeAsSystemRuntimeIntrinsicsVector1281SystemUInt64SystemRuntimeIntrinsicsVector1281SystemBy8A0863D28F7C25B5F26F92A27244EA62', ID = '5919'
Method 'SystemStringSystemRuntimeIntrinsicsVector1281SystemInt16ToString', ID = '5921'
Method 'SystemBooleanSystemRuntimeIntrinsicsVector1281SystemInt16EqualsSystemObject', ID = '5922'
Method 'SystemInt32SystemRuntimeIntrinsicsVector1281SystemInt16GetHashCode', ID = '5923'
Method 'SystemVoidSystemThrowHelperThrowForUnsupportedIntrinsicsVectorBaseTypeSystemInt16', ID = '5925'
Method 'SystemRuntimeIntrinsicsVector1281SystemInt16InternalRuntimeCompilerServicesUnsafeAsSystemRuntimeIntrinsicsVector1281SystemUInt16SystemRuntimeIntrinsicsVector1281SystemI1F70998B0FDD942175EAB14BAD31D43C', ID = '5926'
Method 'SystemRuntimeIntrinsicsVector1281SystemByteInternalRuntimeCompilerServicesUnsafeAsSystemRuntimeIntrinsicsVector1281SystemInt16SystemRuntimeIntrinsicsVector1281SystemByt562168870D16589447785389E93206EC', ID = '5927'
Method 'SystemBooleanSystemNumericsVector1SystemUInt16ScalarGreaterThanOrEqualSystemUInt16SystemUInt16', ID = '5928'
Method 'SystemStringSystemNumericsVector1SystemUIntPtrToString', ID = '5929'
Method 'SystemBooleanSystemNumericsVector1SystemUIntPtrEqualsSystemObject', ID = '5930'
Method 'SystemInt32SystemNumericsVector1SystemUIntPtrGetHashCode', ID = '5931'
Method 'SystemStringSystemNumericsVector1SystemUIntPtrToStringSystemStringSystemIFormatProvider', ID = '5932'
Method 'SystemNumericsVector1SystemUIntPtrInternalRuntimeCompilerServicesUnsafeAsRefSystemNumericsVector1SystemUIntPtrSystemNumericsVector1SystemUIntPtr', ID = '5935'
Method 'SystemUIntPtrInternalRuntimeCompilerServicesUnsafeAsSystemNumericsVector1SystemUIntPtrSystemUIntPtrSystemNumericsVector1SystemUIntPtr', ID = '5936'
Method 'SystemUIntPtrInternalRuntimeCompilerServicesUnsafeAddSystemUIntPtrSystemUIntPtrSystemIntPtr', ID = '5937'
Method 'SystemBooleanSystemNumericsVector1SystemUInt16ScalarLessThanSystemUInt16SystemUInt16', ID = '5938'
Method 'SystemNumericsVector1SystemUInt16SystemNumericsVector1SystemUInt16get_AllBitsSet', ID = '5939'
Method 'SystemNumericsVector1SystemUInt16SystemNumericsVector1SystemUInt16op_ExclusiveOrSystemNumericsVector1SystemUInt16SystemNumericsVector1SystemUInt16', ID = '5940'
Method 'SystemVoidSystemTextEncoderReplacementFallbackBufferctorSystemTextEncoderReplacementFallback', ID = '5941'
Method 'SystemBooleanSystemTextRuneget_IsBmp', ID = '5942'
Method 'SystemVoidSystemTextUnicodeUtilityGetUtf16SurrogatesFromSupplementaryPlaneScalarSystemUInt32SystemCharSystemChar', ID = '5943'
Method 'SystemStringSystemStringCreateFromCharSystemCharSystemChar', ID = '5944'
Method 'SystemBooleanSystemTextRuneEqualsSystemTextRune', ID = '5945'
Method 'SystemBooleanSystemTextRuneTryEncodeToUtf16SystemSpan1SystemCharSystemInt32', ID = '5946'
Method 'SystemVoidSystemTextRunectorSystemUInt32SystemBoolean', ID = '5947'
Method 'SystemBooleanSystemTextASCIIEncodingTryGetByteCountSystemTextRuneSystemInt32', ID = '5948'
Method 'SystemBooleanSystemTextUTF8EncodingTryGetByteCountSystemTextRuneSystemInt32', ID = '5949'
Method 'SystemStringSystemPrivateCoreLibSystemSRget_Argument_RecursiveFallback', ID = '5950'
Method 'SystemStringSystemPrivateCoreLibSystemSRget_Argument_InvalidCharSequenceNoIndex', ID = '5952'
Method 'SystemRuntimeIntrinsicsVector1281SystemUInt16SystemRuntimeIntrinsicsVector128AsSystemInt16SystemUInt16SystemRuntimeIntrinsicsVector1281SystemInt16', ID = '5954'
Method 'SystemBooleanSystemNumericsVector1SystemUInt16ScalarGreaterThanSystemUInt16SystemUInt16', ID = '5955'
Method 'SystemNumericsVector1SystemInt32InternalRuntimeCompilerServicesUnsafeAsSystemNumericsVector1SystemUInt16SystemNumericsVector1SystemInt32SystemNumericsVector1SystemUInt16', ID = '5957'
Method 'SystemVoidSystemThrowHelperThrowForUnsupportedNumericsVectorBaseTypeSystemInt32', ID = '5958'
Method 'SystemBooleanSystemNumericsVector1SystemInt32op_EqualitySystemNumericsVector1SystemInt32SystemNumericsVector1SystemInt32', ID = '5959'
Method 'SystemRuntimeIntrinsicsVector1281SystemInt16InternalRuntimeCompilerServicesUnsafeAsRefSystemRuntimeIntrinsicsVector1281SystemInt16SystemVoidpointer', ID = '5962'
Method 'SystemRuntimeIntrinsicsVector1281SystemUInt64InternalRuntimeCompilerServicesUnsafeAsSystemRuntimeIntrinsicsVector1281SystemByteSystemRuntimeIntrinsicsVector1281SystemUIA7FFABDD6BB05D53ACE2EC593BEE2D71', ID = '5963'
Method 'SystemRuntimeIntrinsicsVector1281SystemInt16InternalRuntimeCompilerServicesUnsafeAsSystemRuntimeIntrinsicsVector1281SystemUInt64SystemRuntimeIntrinsicsVector1281SystemI8E6460461BF6EC57ECF081C92931527A', ID = '5965'
Method 'SystemStringSystemRuntimeIntrinsicsVector1281SystemUInt32ToString', ID = '5966'
Method 'SystemBooleanSystemRuntimeIntrinsicsVector1281SystemUInt32EqualsSystemObject', ID = '5967'
Method 'SystemInt32SystemRuntimeIntrinsicsVector1281SystemUInt32GetHashCode', ID = '5968'
Method 'SystemVoidSystemThrowHelperThrowForUnsupportedIntrinsicsVectorBaseTypeSystemUInt32', ID = '5970'
Method 'SystemRuntimeIntrinsicsVector1281SystemUInt32InternalRuntimeCompilerServicesUnsafeAsSystemRuntimeIntrinsicsVector1281SystemByteSystemRuntimeIntrinsicsVector1281SystemUIC6E521C9C0FD89A6A87DE01474538F1E', ID = '5971'
Method 'SystemRuntimeIntrinsicsVector1281SystemUInt64InternalRuntimeCompilerServicesUnsafeAsSystemRuntimeIntrinsicsVector1281SystemInt16SystemRuntimeIntrinsicsVector1281SystemUE0A4CEFD037217A16BCE1AB5B954D47C', ID = '5972'
Method 'SystemUInt32SystemNumericsBitOperationsRotateRightSystemUInt32SystemInt32', ID = '5974'
Method 'SystemBooleanSystemTextUnicodeUtilityIsAsciiCodePointSystemUInt32', ID = '5975'
Method 'SystemBooleanSystemTextRuneTryEncodeToUtf8SystemTextRuneSystemSpan1SystemByteSystemInt32', ID = '5976'
Method 'SystemInt32SystemTextUnicodeUtilityGetUtf16SequenceLengthSystemUInt32', ID = '5977'
Method 'SystemVoidSystemTextEncodingGetDataItem', ID = '5978'
Method 'SystemStringSystemTextCodePageDataItemget_DisplayName', ID = '5979'
Method 'SystemVoidSystemApplicationExceptionctorSystemStringSystemException', ID = '5981'
Method 'SystemBooleanSystemGlobalizationCompareInfoStartsWithCoreSystemReadOnlySpan1SystemCharSystemReadOnlySpan1SystemCharSystemGlobalizationCompareOptionsSystemInt32pointer', ID = '5983'
Method 'SystemVoidSystemGlobalizationCompareInfoThrowCompareOptionsCheckFailedSystemGlobalizationCompareOptions', ID = '5984'
Method 'SystemBooleanSystemSpanHelpersSequenceEqualSystemByteSystemByteSystemUIntPtr', ID = '5985'
Method 'SystemBooleanSystemSpanHelpersSequenceEqualSystemCharSystemCharSystemCharSystemInt32', ID = '5986'
Method 'SystemCollectionsGenericDictionary2EntrySystemStringSystemReflectionAssemblyarrayInternalRuntimeCompilerServicesUnsafeAsSystemCollectionsGenericDictionary2EntrySystemSt9985CBADB571AD0294F5942C5CE3FEF4', ID = '5989'
Method 'SystemVoidSystemSZGenericArrayEnumerator1SystemCollectionsGenericDictionary2EntrySystemStringSystemReflectionAssemblyctorSystemCollectionsGenericDictionary2EntrySystemS1943722C3842154932DB9DDC93667B57', ID = '5990'
Method 'SystemInt32SystemArrayIndexOfSystemCollectionsGenericDictionary2EntrySystemStringSystemReflectionAssemblySystemCollectionsGenericDictionary2EntrySystemStringSystemRefle3C1BC36A390E247D5605A287584160E7', ID = '5993'
Method 'SystemCollectionsGenericIEnumerator1SystemCollectionsGenericDictionary2EntrySystemStringSystemReflectionAssemblyCosmosIL2CPUSZArrayImpl1SystemCollectionsGenericDictiona26BAFFC144B73AABF407F724C9F9860C', ID = '5994'
Method 'SystemVoidCosmosIL2CPUSZArrayImpl1SystemCollectionsGenericDictionary2EntrySystemStringSystemReflectionAssemblyCopyToSystemCollectionsGenericDictionary2EntrySystemStringA667AEADF054527D52A2B0B88A8E6971', ID = '5995'
Method 'SystemInt32CosmosIL2CPUSZArrayImpl1SystemCollectionsGenericDictionary2EntrySystemStringSystemReflectionAssemblyget_Count', ID = '5996'
Method 'SystemCollectionsGenericDictionary2EntrySystemStringSystemReflectionAssemblyCosmosIL2CPUSZArrayImpl1SystemCollectionsGenericDictionary2EntrySystemStringSystemReflectionAssemblyget_ItemSystemInt32', ID = '5997'
Method 'SystemVoidCosmosIL2CPUSZArrayImpl1SystemCollectionsGenericDictionary2EntrySystemStringSystemReflectionAssemblyset_ItemSystemInt32SystemCollectionsGenericDictionary2Entr12F992EB9C7BA8708B7449685E25099D', ID = '5998'
Method 'SystemVoidCosmosIL2CPUSZArrayImpl1SystemCollectionsGenericDictionary2EntrySystemStringSystemReflectionAssemblyAddSystemCollectionsGenericDictionary2EntrySystemStringSystemReflectionAssembly', ID = '5999'
Method 'SystemBooleanCosmosIL2CPUSZArrayImpl1SystemCollectionsGenericDictionary2EntrySystemStringSystemReflectionAssemblyContainsSystemCollectionsGenericDictionary2EntrySystemStringSystemReflectionAssembly', ID = '6000'
Method 'SystemBooleanCosmosIL2CPUSZArrayImpl1SystemCollectionsGenericDictionary2EntrySystemStringSystemReflectionAssemblyget_IsReadOnly', ID = '6001'
Method 'SystemVoidCosmosIL2CPUSZArrayImpl1SystemCollectionsGenericDictionary2EntrySystemStringSystemReflectionAssemblyClear', ID = '6002'
Method 'SystemInt32CosmosIL2CPUSZArrayImpl1SystemCollectionsGenericDictionary2EntrySystemStringSystemReflectionAssemblyIndexOfSystemCollectionsGenericDictionary2EntrySystemStringSystemReflectionAssembly', ID = '6003'
Method 'SystemVoidCosmosIL2CPUSZArrayImpl1SystemCollectionsGenericDictionary2EntrySystemStringSystemReflectionAssemblyInsertSystemInt32SystemCollectionsGenericDictionary2EntrySC7F087C6CB275FE068C49E755BD55E4A', ID = '6004'
Method 'SystemVoidCosmosIL2CPUSZArrayImpl1SystemCollectionsGenericDictionary2EntrySystemStringSystemReflectionAssemblyRemoveAtSystemInt32', ID = '6005'
Method 'SystemBooleanCosmosIL2CPUSZArrayImpl1SystemCollectionsGenericDictionary2EntrySystemStringSystemReflectionAssemblyget_IsFixedSize', ID = '6006'
Method 'SystemVoidCosmosIL2CPUSZArrayImpl1SystemCollectionsGenericDictionary2EntrySystemStringSystemReflectionAssemblyRemoveSystemCollectionsGenericDictionary2EntrySystemStringSystemReflectionAssembly', ID = '6007'
Method 'SystemObjectCosmosIL2CPUSZArrayImpl1SystemCollectionsGenericDictionary2EntrySystemStringSystemReflectionAssemblyget_SyncRoot', ID = '6008'
Method 'SystemBooleanCosmosIL2CPUSZArrayImpl1SystemCollectionsGenericDictionary2EntrySystemStringSystemReflectionAssemblyget_IsSynchronized', ID = '6009'
Method 'SystemCollectionsGenericIEnumerator1SystemCollectionsGenericKeyValuePair2SystemStringSystemReflectionAssemblySystemSZArrayHelperGetEnumeratorSystemCollectionsGenericKeyF97CDF5A3009B566812E867FB1951296', ID = '6011'
Method 'SystemVoidSystemSZArrayHelperCopyToSystemCollectionsGenericKeyValuePair2SystemStringSystemReflectionAssemblySystemCollectionsGenericKeyValuePair2SystemStringSystemReflectionAssemblyarraySystemInt32', ID = '6012'
Method 'SystemInt32SystemSZArrayHelperget_CountSystemCollectionsGenericKeyValuePair2SystemStringSystemReflectionAssembly', ID = '6013'
Method 'SystemCollectionsGenericKeyValuePair2SystemStringSystemReflectionAssemblySystemSZArrayHelperget_ItemSystemCollectionsGenericKeyValuePair2SystemStringSystemReflectionAssemblySystemInt32', ID = '6014'
Method 'SystemVoidSystemSZArrayHelperset_ItemSystemCollectionsGenericKeyValuePair2SystemStringSystemReflectionAssemblySystemInt32SystemCollectionsGenericKeyValuePair2SystemStringSystemReflectionAssembly', ID = '6015'
Method 'SystemVoidSystemSZArrayHelperAddSystemCollectionsGenericKeyValuePair2SystemStringSystemReflectionAssemblySystemCollectionsGenericKeyValuePair2SystemStringSystemReflectionAssembly', ID = '6016'
Method 'SystemBooleanSystemSZArrayHelperContainsSystemCollectionsGenericKeyValuePair2SystemStringSystemReflectionAssemblySystemCollectionsGenericKeyValuePair2SystemStringSystemReflectionAssembly', ID = '6017'
Method 'SystemBooleanSystemSZArrayHelperget_IsReadOnlySystemCollectionsGenericKeyValuePair2SystemStringSystemReflectionAssembly', ID = '6018'
Method 'SystemVoidSystemSZArrayHelperClearSystemCollectionsGenericKeyValuePair2SystemStringSystemReflectionAssembly', ID = '6019'
Method 'SystemInt32SystemSZArrayHelperIndexOfSystemCollectionsGenericKeyValuePair2SystemStringSystemReflectionAssemblySystemCollectionsGenericKeyValuePair2SystemStringSystemReflectionAssembly', ID = '6020'
Method 'SystemVoidSystemSZArrayHelperInsertSystemCollectionsGenericKeyValuePair2SystemStringSystemReflectionAssemblySystemInt32SystemCollectionsGenericKeyValuePair2SystemStringSystemReflectionAssembly', ID = '6021'
Method 'SystemBooleanSystemSZArrayHelperRemoveSystemCollectionsGenericKeyValuePair2SystemStringSystemReflectionAssemblySystemCollectionsGenericKeyValuePair2SystemStringSystemReflectionAssembly', ID = '6022'
Method 'SystemVoidSystemSZArrayHelperRemoveAtSystemCollectionsGenericKeyValuePair2SystemStringSystemReflectionAssemblySystemInt32', ID = '6023'
Method 'SystemSingleInternalRuntimeCompilerServicesUnsafeAddSystemSingleSystemSingleSystemInt32', ID = '6027'
Method 'SystemRuntimeIntrinsicsVector1281SystemSingleSystemRuntimeIntrinsicsVector128AsSingleSystemSingleSystemRuntimeIntrinsicsVector1281SystemSingle', ID = '6028'
Method 'SystemRuntimeIntrinsicsVector1281SystemDoubleSystemRuntimeIntrinsicsVector128AsDoubleSystemSingleSystemRuntimeIntrinsicsVector1281SystemSingle', ID = '6029'
Method 'SystemRuntimeIntrinsicsVector1281SystemByteSystemRuntimeIntrinsicsVector128AsByteSystemSingleSystemRuntimeIntrinsicsVector1281SystemSingle', ID = '6030'
Method 'SystemBooleanSystemRuntimeIntrinsicsVector1281SystemSingleEqualsg__SoftwareFallbacksLine12_0SystemRuntimeIntrinsicsVector1281SystemSingleSystemRuntimeIntrinsicsVector1281SystemSingle', ID = '6031'
Method 'SystemRuntimeIntrinsicsVector1281SystemSingleSystemRuntimeIntrinsicsVector128CreateScalarUnsafeSystemSingle', ID = '6032'
Method 'SystemRuntimeIntrinsicsVector1281SystemInt32SystemRuntimeIntrinsicsVector128AsInt32SystemSingleSystemRuntimeIntrinsicsVector1281SystemSingle', ID = '6033'
Method 'SystemInt32SystemRuntimeIntrinsicsX86Sse2ConvertToInt32SystemRuntimeIntrinsicsVector1281SystemInt32', ID = '6034'
Method 'SystemUInt32SystemBitConverterSingleToUInt32BitsSystemSingle', ID = '6035'
Method 'SystemIntPtrSystemRuntimeTypeHandleget_Value', ID = '6037'
Method 'SystemSingleInternalRuntimeCompilerServicesUnsafeAsSystemRuntimeIntrinsicsVector2561SystemSingleSystemSingleSystemRuntimeIntrinsicsVector2561SystemSingle', ID = '6039'
Method 'SystemRuntimeIntrinsicsVector2561SystemSingleSystemRuntimeIntrinsicsVector256AsSingleSystemSingleSystemRuntimeIntrinsicsVector2561SystemSingle', ID = '6040'
Method 'SystemRuntimeIntrinsicsVector2561SystemDoubleSystemRuntimeIntrinsicsVector256AsDoubleSystemSingleSystemRuntimeIntrinsicsVector2561SystemSingle', ID = '6041'
Method 'SystemRuntimeIntrinsicsVector2561SystemByteSystemRuntimeIntrinsicsVector256AsByteSystemSingleSystemRuntimeIntrinsicsVector2561SystemSingle', ID = '6042'
Method 'SystemBooleanSystemRuntimeIntrinsicsVector2561SystemSingleEqualsg__SoftwareFallbacksLine14_0SystemRuntimeIntrinsicsVector2561SystemSingleSystemRuntimeIntrinsicsVector2561SystemSingle', ID = '6043'
Method 'SystemDoubleInternalRuntimeCompilerServicesUnsafeAsSystemRuntimeIntrinsicsVector2561SystemDoubleSystemDoubleSystemRuntimeIntrinsicsVector2561SystemDouble', ID = '6044'
Method 'SystemRuntimeIntrinsicsVector2561SystemSingleSystemRuntimeIntrinsicsVector256AsSingleSystemDoubleSystemRuntimeIntrinsicsVector2561SystemDouble', ID = '6045'
Method 'SystemRuntimeIntrinsicsVector2561SystemDoubleSystemRuntimeIntrinsicsVector256AsDoubleSystemDoubleSystemRuntimeIntrinsicsVector2561SystemDouble', ID = '6046'
Method 'SystemRuntimeIntrinsicsVector2561SystemByteSystemRuntimeIntrinsicsVector256AsByteSystemDoubleSystemRuntimeIntrinsicsVector2561SystemDouble', ID = '6047'
Method 'SystemBooleanSystemRuntimeIntrinsicsVector2561SystemDoubleEqualsg__SoftwareFallbacksLine14_0SystemRuntimeIntrinsicsVector2561SystemDoubleSystemRuntimeIntrinsicsVector2561SystemDouble', ID = '6048'
Method 'SystemInt32InternalRuntimeCompilerServicesUnsafeAsSystemRuntimeIntrinsicsVector1281SystemInt32SystemInt32SystemRuntimeIntrinsicsVector1281SystemInt32', ID = '6049'
Method 'SystemRuntimeIntrinsicsVector1281SystemDoubleSystemRuntimeIntrinsicsVector128AsDoubleSystemInt32SystemRuntimeIntrinsicsVector1281SystemInt32', ID = '6050'
Method 'SystemRuntimeIntrinsicsVector1281SystemByteSystemRuntimeIntrinsicsVector128AsByteSystemInt32SystemRuntimeIntrinsicsVector1281SystemInt32', ID = '6051'
Method 'SystemBooleanSystemRuntimeIntrinsicsVector1281SystemInt32Equalsg__SoftwareFallbacksLine12_0SystemRuntimeIntrinsicsVector1281SystemInt32SystemRuntimeIntrinsicsVector1281SystemInt32', ID = '6052'
Method 'SystemVoidSystemRandomThreadSafeRandomctor', ID = '6057'
Method 'SystemVoidCosmosSystem_PlugsSystemRandomImplcctor', ID = '6059'
Method 'SystemVoidCosmosHALRTCWaitForReady', ID = '6061'
Method 'SystemByteCosmosHALRTCFromBCDSystemByte', ID = '6064'
Method 'SystemInt32SystemMathAbsSystemInt32', ID = '6065'
Method 'SystemVoidSystemCollectionsGenericEqualityComparer1SystemCollectionsGenericDictionary2EntrySystemStringSystemBooleancctor', ID = '6069'
Method 'SystemVoidSystemSZGenericArrayEnumerator1SystemBooleancctor', ID = '6071'
Method 'SystemVoidSystemSZGenericArrayEnumerator1SystemBooleanDispose', ID = '6072'
Method 'SystemBooleanSystemSZGenericArrayEnumerator1SystemBooleanMoveNext', ID = '6073'
Method 'SystemBooleanSystemRuntimeCompilerServicesRuntimeHelpersIsBitwiseEquatableSystemBoolean', ID = '6074'
Method 'SystemInt32InternalRuntimeCompilerServicesUnsafeSizeOfSystemBoolean', ID = '6075'
Method 'SystemByteInternalRuntimeCompilerServicesUnsafeAsSystemBooleanSystemByteSystemBoolean', ID = '6076'
Method 'SystemCharInternalRuntimeCompilerServicesUnsafeAsSystemBooleanSystemCharSystemBoolean', ID = '6077'
Method 'SystemInt32InternalRuntimeCompilerServicesUnsafeAsSystemBooleanSystemInt32SystemBoolean', ID = '6078'
Method 'SystemInt64InternalRuntimeCompilerServicesUnsafeAsSystemBooleanSystemInt64SystemBoolean', ID = '6079'
Method 'SystemCollectionsGenericEqualityComparer1SystemBooleanSystemCollectionsGenericEqualityComparer1SystemBooleanget_Default', ID = '6080'
Method 'SystemInt32SystemCollectionsGenericEqualityComparer1SystemBooleanIndexOfSystemBooleanarraySystemBooleanSystemInt32SystemInt32', ID = '6081'
Method 'SystemVoidCosmosIL2CPUSZArrayImpl1GetEnumeratord__0SystemBooleanctorSystemInt32', ID = '6082'
Method 'SystemStringSystemCollectionsGenericKeyValuePair2SystemStringSystemBooleanget_Key', ID = '6084'
Method 'SystemBooleanSystemCollectionsGenericKeyValuePair2SystemStringSystemBooleanget_Value', ID = '6085'
Method 'SystemVoidCosmosIL2CPUSZArrayImpl1GetEnumeratord__0SystemCollectionsGenericKeyValuePair2SystemStringSystemBooleanSystemIDisposableDispose', ID = '6090'
Method 'SystemBooleanCosmosIL2CPUSZArrayImpl1GetEnumeratord__0SystemCollectionsGenericKeyValuePair2SystemStringSystemBooleanMoveNext', ID = '6091'
Method 'SystemInt32SystemGlobalizationOrdinalToUpperOrdinalSystemReadOnlySpan1SystemCharSystemSpan1SystemChar', ID = '6092'
Method 'SystemCharSystemSpan1SystemCharGetPinnableReference', ID = '6093'
Method 'SystemInt32SystemGlobalizationInvariantModeCasingCompareStringIgnoreCaseSystemCharSystemInt32SystemCharSystemInt32', ID = '6094'
Method 'SystemInt32SystemGlobalizationCompareInfoNlsCompareStringOrdinalIgnoreCaseSystemCharSystemInt32SystemCharSystemInt32', ID = '6095'
Method 'SystemInt32SystemGlobalizationOrdinalCasingCompareStringIgnoreCaseSystemCharSystemInt32SystemCharSystemInt32', ID = '6096'
Method 'SystemVoidCosmosIL2CPUSZArrayImpl1GetEnumeratord__0SystemCollectionsGenericDictionary2EntrySystemStringSystemObjectSystemIDisposableDispose', ID = '6100'
Method 'SystemBooleanCosmosIL2CPUSZArrayImpl1GetEnumeratord__0SystemCollectionsGenericDictionary2EntrySystemStringSystemObjectMoveNext', ID = '6101'
Method 'SystemVoidSystemSZGenericArrayEnumerator1SystemCollectionsGenericKeyValuePair2SystemStringSystemObjectcctor', ID = '6102'
Method 'SystemVoidSystemSZGenericArrayEnumerator1SystemCollectionsGenericKeyValuePair2SystemStringSystemObjectDispose', ID = '6103'
Method 'SystemBooleanSystemSZGenericArrayEnumerator1SystemCollectionsGenericKeyValuePair2SystemStringSystemObjectMoveNext', ID = '6104'
Method 'SystemStringSystemCollectionsGenericKeyValuePair2SystemStringSystemObjectToString', ID = '6105'
Method 'SystemBooleanSystemRuntimeCompilerServicesRuntimeHelpersIsBitwiseEquatableSystemCollectionsGenericKeyValuePair2SystemStringSystemObject', ID = '6106'
Method 'SystemInt32InternalRuntimeCompilerServicesUnsafeSizeOfSystemCollectionsGenericKeyValuePair2SystemStringSystemObject', ID = '6107'
Method 'SystemByteInternalRuntimeCompilerServicesUnsafeAsSystemCollectionsGenericKeyValuePair2SystemStringSystemObjectSystemByteSystemCollectionsGenericKeyValuePair2SystemStringSystemObject', ID = '6108'
Method 'SystemCharInternalRuntimeCompilerServicesUnsafeAsSystemCollectionsGenericKeyValuePair2SystemStringSystemObjectSystemCharSystemCollectionsGenericKeyValuePair2SystemStringSystemObject', ID = '6109'
Method 'SystemInt32InternalRuntimeCompilerServicesUnsafeAsSystemCollectionsGenericKeyValuePair2SystemStringSystemObjectSystemInt32SystemCollectionsGenericKeyValuePair2SystemStringSystemObject', ID = '6110'
Method 'SystemInt64InternalRuntimeCompilerServicesUnsafeAsSystemCollectionsGenericKeyValuePair2SystemStringSystemObjectSystemInt64SystemCollectionsGenericKeyValuePair2SystemStringSystemObject', ID = '6111'
Method 'SystemCollectionsGenericEqualityComparer1SystemCollectionsGenericKeyValuePair2SystemStringSystemObjectSystemCollectionsGenericEqualityComparer1SystemCollectionsGenericK22B3FA97EF0C5AA7287AC8C0113349E9', ID = '6112'
Method 'SystemInt32SystemCollectionsGenericEqualityComparer1SystemCollectionsGenericKeyValuePair2SystemStringSystemObjectIndexOfSystemCollectionsGenericKeyValuePair2SystemStrin29EC905B122B7C8FB44FF29EC65EE5CC', ID = '6113'
Method 'SystemVoidCosmosIL2CPUSZArrayImpl1GetEnumeratord__0SystemCollectionsGenericKeyValuePair2SystemStringSystemObjectctorSystemInt32', ID = '6114'
Method 'SystemBooleanCosmosCore_PlugsSystemCollectionsGenericUInt16EqualityComparerEqualsSystemUInt16SystemUInt16', ID = '6119'
Method 'SystemInt32SystemTextASCIIEncodingGetCharsFastSystemBytepointerSystemInt32SystemCharpointerSystemInt32SystemInt32', ID = '6120'
Method 'SystemInt32SystemTextUTF8EncodingGetCharsFastSystemBytepointerSystemInt32SystemCharpointerSystemInt32SystemInt32', ID = '6121'
Method 'SystemReadOnlySpan1SystemByteSystemReadOnlySpan1SystemByteSliceSystemInt32', ID = '6122'
Method 'SystemInt32SystemTextEncodingGetCharsWithFallbackSystemReadOnlySpan1SystemByteSystemInt32SystemSpan1SystemCharSystemInt32SystemTextDecoderNLS', ID = '6123'
Method 'SystemInt32SystemTextASCIIEncodingGetCharCountSystemBytepointerSystemInt32', ID = '6124'
Method 'SystemInt32SystemTextUTF8EncodingGetCharCountSystemBytepointerSystemInt32', ID = '6125'
Method 'SystemBytearraySystemReadOnlySpan1SystemByteToArray', ID = '6126'
Method 'SystemInt32SystemTextASCIIEncodingGetCharsSystemBytepointerSystemInt32SystemCharpointerSystemInt32', ID = '6127'
Method 'SystemInt32SystemTextUTF8EncodingGetCharsSystemBytepointerSystemInt32SystemCharpointerSystemInt32', ID = '6128'
Method 'SystemVoidSystemReadOnlySpan1SystemCharctorSystemChararraySystemInt32SystemInt32', ID = '6129'
Method 'SystemInt32SystemTextASCIIEncodingGetCharCountCommonSystemBytepointerSystemInt32', ID = '6130'
Method 'SystemInt32SystemTextUTF8EncodingGetCharCountCommonSystemBytepointerSystemInt32', ID = '6131'
Method 'SystemInt32SystemTextASCIIEncodingGetCharsCommonSystemBytepointerSystemInt32SystemCharpointerSystemInt32', ID = '6132'
Method 'SystemVoidSystemCollectionsGenericEqualityComparer1CosmosHALBlockDeviceGPTGPartInfocctor', ID = '6133'
Method 'SystemVoidSystemCollectionsGenericEqualityComparer1CosmosHALBlockDeviceMBRPartInfocctor', ID = '6135'
Method 'SystemVoidSystemCollectionsGenericEqualityComparer1CosmosHALBlockDeviceEBRPartInfocctor', ID = '6137'
Method 'SystemBooleanSystemNumericsVector1SystemUInt32op_EqualitySystemNumericsVector1SystemUInt32SystemNumericsVector1SystemUInt32', ID = '6139'
Method 'SystemBooleanSystemNumericsVector1SystemSingleop_EqualitySystemNumericsVector1SystemSingleSystemNumericsVector1SystemSingle', ID = '6140'
Method 'SystemBooleanSystemNumericsVector1SystemDoubleop_EqualitySystemNumericsVector1SystemDoubleSystemNumericsVector1SystemDouble', ID = '6141'
Method 'SystemVoidSystemCollectionsGenericEqualityComparer1CosmosHALBlockDeviceRegistersHBACommandHeadercctor', ID = '6142'
Method 'SystemVoidCosmosIL2CPUSZArrayImpl1GetEnumeratord__0CosmosHALBlockDeviceRegistersHBAPRDTEntrySystemIDisposableDispose', ID = '6148'
Method 'SystemBooleanCosmosIL2CPUSZArrayImpl1GetEnumeratord__0CosmosHALBlockDeviceRegistersHBAPRDTEntryMoveNext', ID = '6149'
Method 'SystemStringSystemReflectionRuntimeAssemblyget_FullName', ID = '6151'
Method 'SystemRuntimeTypeHandleSystemRuntimeTypeHandleGetNativeHandle', ID = '6165'
Method 'SystemVoidSystemRuntimeCompilerServicesQCallTypeHandlectorSystemRuntimeTypeHandle', ID = '6166'
Method 'SystemVoidSystemRuntimeCompilerServicesStringHandleOnStackctorSystemString', ID = '6167'
Method 'SystemTypeCosmosCoreCosmosRuntimeTypeGetElementType', ID = '6169'
Method 'SystemTypeSystemRuntimeTypeGetElementType', ID = '6170'
Method 'SystemRuntimeTypeHandleSystemTypeGetTypeHandleInternal', ID = '6173'
Method 'SystemBooleanSystemRuntimeTypeget_IsGenericType', ID = '6175'
Method 'SystemTypearraySystemRuntimeTypeGetGenericArguments', ID = '6176'
Method 'SystemStringSystemPrivateCoreLibSystemSRget_NotSupported_SubclassOverride', ID = '6177'
Method 'SystemInvalidOperationExceptionSystemThrowHelperGetInvalidOperationException_EnumCurrentSystemInt32', ID = '6178'
Method 'SystemVoidSystemCollectionsGenericEqualityComparer1CosmosHALKeyboardBasecctor', ID = '6179'
Method 'SystemVoidCosmosIL2CPUSZArrayImpl1GetEnumeratord__0CosmosSystemKeyMappingSystemIDisposableDispose', ID = '6185'
Method 'SystemBooleanCosmosIL2CPUSZArrayImpl1GetEnumeratord__0CosmosSystemKeyMappingMoveNext', ID = '6186'
Method 'SystemVoidSystemCollectionsGenericList1CosmosSystemKeyMappingset_CapacitySystemInt32', ID = '6187'
Method 'SystemVoidSystemCollectionsGenericEqualityComparer1CosmosSystemKeyEventcctor', ID = '6188'
Method 'SystemBooleanCosmosCore_PlugsSystemRuntimeTypeHandleImplIsInterfaceSystemObject', ID = '6191'
Method 'SystemReflectionTypeAttributesCosmosCoreCosmosRuntimeTypeGetAttributeFlagsImpl', ID = '6193'
Method 'SystemReflectionTypeAttributesSystemRuntimeTypeGetAttributeFlagsImpl', ID = '6194'
Method 'SystemCollectionsGenericIEnumerator1SystemTypeSystemSZArrayHelperGetEnumeratorSystemType', ID = '6195'
Method 'SystemVoidSystemSZArrayHelperCopyToSystemTypeSystemTypearraySystemInt32', ID = '6196'
Method 'SystemInt32SystemSZArrayHelperget_CountSystemType', ID = '6197'
Method 'SystemTypeSystemSZArrayHelperget_ItemSystemTypeSystemInt32', ID = '6198'
Method 'SystemVoidSystemSZArrayHelperset_ItemSystemTypeSystemInt32SystemType', ID = '6199'
Method 'SystemVoidSystemSZArrayHelperAddSystemTypeSystemType', ID = '6200'
Method 'SystemBooleanSystemSZArrayHelperContainsSystemTypeSystemType', ID = '6201'
Method 'SystemBooleanSystemSZArrayHelperget_IsReadOnlySystemType', ID = '6202'
Method 'SystemVoidSystemSZArrayHelperClearSystemType', ID = '6203'
Method 'SystemInt32SystemSZArrayHelperIndexOfSystemTypeSystemType', ID = '6204'
Method 'SystemVoidSystemSZArrayHelperInsertSystemTypeSystemInt32SystemType', ID = '6205'
Method 'SystemBooleanSystemSZArrayHelperRemoveSystemTypeSystemType', ID = '6206'
Method 'SystemVoidSystemSZArrayHelperRemoveAtSystemTypeSystemInt32', ID = '6207'
Method 'SystemTypearraySystemRuntimeTypeHandleGetConstraints', ID = '6214'
Method 'SystemReflectionMetadataImportSystemRuntimeTypeHandleGetMetadataImportSystemRuntimeType', ID = '6216'
Method 'SystemInt32SystemReflectionMemberInfoget_MetadataToken', ID = '6217'
Method 'SystemVoidSystemReflectionMetadataImportGetGenericParamPropsSystemInt32SystemReflectionGenericParameterAttributes', ID = '6218'
Method 'SystemVoidSystemGlobalizationCalendarDatacctor', ID = '6219'
Method 'SystemBooleanSystemGlobalizationCultureDataget_UseUserOverride', ID = '6220'
Method 'SystemVoidCosmosSystem_PlugsSystemGlobalizationCompareInfoImplCtorSystemGlobalizationCultureInfo', ID = '6221'
Method 'SystemGlobalizationCultureInfoCosmosCore_PlugsSystemGlobalizationCultureInfoImplGetCultureInfoSystemString', ID = '6222'
Method 'SystemBooleanSystemGlobalizationSortVersionop_EqualitySystemGlobalizationSortVersionSystemGlobalizationSortVersion', ID = '6223'
Method 'SystemBooleanSystemGuidop_EqualitySystemGuidSystemGuid', ID = '6224'
Method 'SystemStringSystemGlobalizationCultureDataget_TextInfoName', ID = '6225'
Method 'SystemIntPtrSystemGlobalizationCompareInfoNlsGetSortHandleSystemString', ID = '6226'
Method 'SystemVoidSystemSZGenericArrayEnumerator1SystemGlobalizationCalendarIdcctor', ID = '6227'
Method 'SystemVoidSystemSZGenericArrayEnumerator1SystemGlobalizationCalendarIdDispose', ID = '6228'
Method 'SystemBooleanSystemSZGenericArrayEnumerator1SystemGlobalizationCalendarIdMoveNext', ID = '6229'
Method 'SystemBooleanSystemRuntimeCompilerServicesRuntimeHelpersIsBitwiseEquatableSystemGlobalizationCalendarId', ID = '6230'
Method 'SystemInt32InternalRuntimeCompilerServicesUnsafeSizeOfSystemGlobalizationCalendarId', ID = '6231'
Method 'SystemByteInternalRuntimeCompilerServicesUnsafeAsSystemGlobalizationCalendarIdSystemByteSystemGlobalizationCalendarId', ID = '6232'
Method 'SystemCharInternalRuntimeCompilerServicesUnsafeAsSystemGlobalizationCalendarIdSystemCharSystemGlobalizationCalendarId', ID = '6233'
Method 'SystemInt32InternalRuntimeCompilerServicesUnsafeAsSystemGlobalizationCalendarIdSystemInt32SystemGlobalizationCalendarId', ID = '6234'
Method 'SystemInt64InternalRuntimeCompilerServicesUnsafeAsSystemGlobalizationCalendarIdSystemInt64SystemGlobalizationCalendarId', ID = '6235'
Method 'SystemCollectionsGenericEqualityComparer1SystemGlobalizationCalendarIdSystemCollectionsGenericEqualityComparer1SystemGlobalizationCalendarIdget_Default', ID = '6236'
Method 'SystemInt32SystemCollectionsGenericEqualityComparer1SystemGlobalizationCalendarIdIndexOfSystemGlobalizationCalendarIdarraySystemGlobalizationCalendarIdSystemInt32SystemInt32', ID = '6237'
Method 'SystemVoidCosmosIL2CPUSZArrayImpl1GetEnumeratord__0SystemGlobalizationCalendarIdctorSystemInt32', ID = '6238'
Method 'SystemVoidSystemSZGenericArrayEnumerator1SystemGlobalizationDateTimeFormatInfoTokenHashValuecctor', ID = '6240'
Method 'SystemVoidSystemSZGenericArrayEnumerator1SystemGlobalizationDateTimeFormatInfoTokenHashValueDispose', ID = '6241'
Method 'SystemBooleanSystemSZGenericArrayEnumerator1SystemGlobalizationDateTimeFormatInfoTokenHashValueMoveNext', ID = '6242'
Method 'SystemBooleanSystemRuntimeCompilerServicesRuntimeHelpersIsBitwiseEquatableSystemGlobalizationDateTimeFormatInfoTokenHashValue', ID = '6244'
Method 'SystemInt32InternalRuntimeCompilerServicesUnsafeSizeOfSystemGlobalizationDateTimeFormatInfoTokenHashValue', ID = '6245'
Method 'SystemByteInternalRuntimeCompilerServicesUnsafeAsSystemGlobalizationDateTimeFormatInfoTokenHashValueSystemByteSystemGlobalizationDateTimeFormatInfoTokenHashValue', ID = '6246'
Method 'SystemCharInternalRuntimeCompilerServicesUnsafeAsSystemGlobalizationDateTimeFormatInfoTokenHashValueSystemCharSystemGlobalizationDateTimeFormatInfoTokenHashValue', ID = '6247'
Method 'SystemInt32InternalRuntimeCompilerServicesUnsafeAsSystemGlobalizationDateTimeFormatInfoTokenHashValueSystemInt32SystemGlobalizationDateTimeFormatInfoTokenHashValue', ID = '6248'
Method 'SystemInt64InternalRuntimeCompilerServicesUnsafeAsSystemGlobalizationDateTimeFormatInfoTokenHashValueSystemInt64SystemGlobalizationDateTimeFormatInfoTokenHashValue', ID = '6249'
Method 'SystemCollectionsGenericEqualityComparer1SystemGlobalizationDateTimeFormatInfoTokenHashValueSystemCollectionsGenericEqualityComparer1SystemGlobalizationDateTimeFormatInfoTokenHashValueget_Default', ID = '6250'
Method 'SystemInt32SystemCollectionsGenericEqualityComparer1SystemGlobalizationDateTimeFormatInfoTokenHashValueIndexOfSystemGlobalizationDateTimeFormatInfoTokenHashValuearraySy8AC1E9F9631459D911786B908833DCC0', ID = '6251'
Method 'SystemVoidCosmosIL2CPUSZArrayImpl1GetEnumeratord__0SystemGlobalizationDateTimeFormatInfoTokenHashValuectorSystemInt32', ID = '6252'
Method 'SystemVoidSystemSZGenericArrayEnumerator1SystemGlobalizationCalendarDatacctor', ID = '6254'
Method 'SystemVoidSystemSZGenericArrayEnumerator1SystemGlobalizationCalendarDataDispose', ID = '6255'
Method 'SystemBooleanSystemSZGenericArrayEnumerator1SystemGlobalizationCalendarDataMoveNext', ID = '6256'
Method 'SystemBooleanSystemRuntimeCompilerServicesRuntimeHelpersIsBitwiseEquatableSystemGlobalizationCalendarData', ID = '6257'
Method 'SystemInt32InternalRuntimeCompilerServicesUnsafeSizeOfSystemGlobalizationCalendarData', ID = '6258'
Method 'SystemByteInternalRuntimeCompilerServicesUnsafeAsSystemGlobalizationCalendarDataSystemByteSystemGlobalizationCalendarData', ID = '6259'
Method 'SystemCharInternalRuntimeCompilerServicesUnsafeAsSystemGlobalizationCalendarDataSystemCharSystemGlobalizationCalendarData', ID = '6260'
Method 'SystemInt32InternalRuntimeCompilerServicesUnsafeAsSystemGlobalizationCalendarDataSystemInt32SystemGlobalizationCalendarData', ID = '6261'
Method 'SystemInt64InternalRuntimeCompilerServicesUnsafeAsSystemGlobalizationCalendarDataSystemInt64SystemGlobalizationCalendarData', ID = '6262'
Method 'SystemCollectionsGenericEqualityComparer1SystemGlobalizationCalendarDataSystemCollectionsGenericEqualityComparer1SystemGlobalizationCalendarDataget_Default', ID = '6263'
Method 'SystemInt32SystemCollectionsGenericEqualityComparer1SystemGlobalizationCalendarDataIndexOfSystemGlobalizationCalendarDataarraySystemGlobalizationCalendarDataSystemInt32SystemInt32', ID = '6264'
Method 'SystemVoidCosmosIL2CPUSZArrayImpl1GetEnumeratord__0SystemGlobalizationCalendarDatactorSystemInt32', ID = '6265'
Method 'SystemVoidSystemGlobalizationGlobalizationModecctor', ID = '6267'
Method 'SystemInt32SystemGlobalizationIcuLocaleDataSearchCultureNameSystemString', ID = '6275'
Method 'SystemReadOnlySpan1SystemByteSystemGlobalizationIcuLocaleDataget_NameIndexToNumericData', ID = '6276'
Method 'SystemReadOnlySpan1SystemByteSystemReadOnlySpan1SystemByteSliceSystemInt32SystemInt32', ID = '6277'
Method 'SystemInt32SystemGlobalizationIcuLocaleDataGetLocaleDataNumericPartg__ResolveDigitListSeparatorsLine25_1SystemInt32', ID = '6278'
Method 'SystemInt32SystemGlobalizationIcuLocaleDataGetLocaleDataNumericPartg__ResolveIndexsLine25_0SystemInt32', ID = '6279'
Method 'SystemInt32CosmosSystem_PlugsSystemGlobalizationCultureDataImplGetLocaleInfoExIntSystemStringSystemUInt32', ID = '6280'
Method 'SystemVoidSystemGlobalizationGregorianCalendarctor', ID = '6281'
Method 'SystemInt32CosmosSystem_PlugsSystemGlobalizationCultureDataImplget_FirstDayOfWeek', ID = '6282'
Method 'SystemInt32CosmosSystem_PlugsSystemGlobalizationCultureDataImplget_CalendarWeekRule', ID = '6283'
Method 'SystemStringCosmosSystem_PlugsSystemGlobalizationCultureDataImplget_AMDesignator', ID = '6284'
Method 'SystemStringCosmosSystem_PlugsSystemGlobalizationCultureDataImplget_PMDesignator', ID = '6285'
Method 'SystemStringCosmosSystem_PlugsSystemGlobalizationCultureDataImplget_TimeSeparator', ID = '6286'
Method 'SystemBooleanSystemLocalAppContextSwitchesget_EnforceLegacyJapaneseDateParsing', ID = '6287'
Method 'SystemStringSystemGlobalizationCultureDataGetDateSeparatorSystemString', ID = '6288'
Method 'SystemStringarrayCosmosSystem_PlugsSystemGlobalizationCultureDataImplget_LongTimes', ID = '6289'
Method 'SystemStringarrayCosmosSystem_PlugsSystemGlobalizationCultureDataImplget_ShortTimes', ID = '6290'
Method 'SystemStringarrayCosmosSystem_PlugsSystemGlobalizationCultureDataImplLongDatesSystemUInt16', ID = '6291'
Method 'SystemStringarrayCosmosSystem_PlugsSystemGlobalizationCultureDataImplShortDatesSystemUInt16', ID = '6292'
Method 'SystemStringarrayCosmosSystem_PlugsSystemGlobalizationCultureDataImplYearMonthsSystemUInt16', ID = '6293'
Method 'SystemVoidSystemSpan1SystemCharctorSystemChararraySystemInt32SystemInt32', ID = '6294'
Method 'SystemVoidSystemSpanHelpersClearWithoutReferencesSystemByteSystemUIntPtr', ID = '6299'
Method 'SystemVoidSystemTextEncoderFallbackctor', ID = '6305'
Method 'SystemBooleanSystemCharIsSurrogateSystemChar', ID = '6306'
Method 'SystemVoidSystemTextDecoderFallbackctor', ID = '6307'
Method 'SystemVoidSystemTextDecoderReplacementFallbackcctor', ID = '6308'
Method 'SystemBooleanSystemTextDecoderReplacementFallbackEqualsSystemObject', ID = '6309'
Method 'SystemInt32SystemTextDecoderReplacementFallbackGetHashCode', ID = '6310'
Method 'SystemVoidSystemArrayEmptyArray1SystemBytecctor', ID = '6311'
Method 'SystemBooleanSystemNumericsVector1SystemUInt16ScalarLessThanOrEqualSystemUInt16SystemUInt16', ID = '6312'
Method 'SystemInt32SystemNumericsVector1SystemInt32GetAllBitsSetValue', ID = '6313'
Method 'SystemVoidSystemNumericsVector1SystemInt32ctorSystemInt32', ID = '6314'
Method 'SystemBooleanSystemRuntimeIntrinsicsVector1281SystemUInt64EqualsSystemRuntimeIntrinsicsVector1281SystemUInt64', ID = '6315'
Method 'SystemInt32SystemRuntimeIntrinsicsVector1281SystemInt16get_Count', ID = '6316'
Method 'SystemInt16SystemRuntimeIntrinsicsVector128GetElementSystemInt16SystemRuntimeIntrinsicsVector1281SystemInt16SystemInt32', ID = '6317'
Method 'SystemBooleanSystemRuntimeIntrinsicsVector1281SystemInt16EqualsSystemRuntimeIntrinsicsVector1281SystemInt16', ID = '6318'
Method 'SystemBooleanSystemNumericsVector1SystemUIntPtrEqualsSystemNumericsVector1SystemUIntPtr', ID = '6319'
Method 'SystemVoidSystemHashCodeAddSystemUIntPtrSystemUIntPtr', ID = '6320'
Method 'SystemVoidSystemTextEncoderFallbackBufferctor', ID = '6322'
Method 'SystemBooleanSystemTextUnicodeUtilityIsBmpCodePointSystemUInt32', ID = '6323'
Method 'SystemBooleanSystemTextRuneop_EqualitySystemTextRuneSystemTextRune', ID = '6324'
Method 'SystemBooleanSystemTextRuneTryEncodeToUtf16SystemTextRuneSystemSpan1SystemCharSystemInt32', ID = '6325'
Method 'SystemInt32SystemTextRuneget_Utf8SequenceLength', ID = '6326'
Method 'SystemCharSystemTextEncoderReplacementFallbackBufferGetNextChar', ID = '6327'
Method 'SystemRuntimeIntrinsicsVector1281SystemUInt16InternalRuntimeCompilerServicesUnsafeAsSystemRuntimeIntrinsicsVector1281SystemInt16SystemRuntimeIntrinsicsVector1281SystemUB82A4D067BE502ED83DEC94FF9E8D6B5', ID = '6328'
Method 'SystemStringSystemNumericsVector1SystemInt32ToString', ID = '6329'
Method 'SystemBooleanSystemNumericsVector1SystemInt32EqualsSystemObject', ID = '6330'
Method 'SystemInt32SystemNumericsVector1SystemInt32GetHashCode', ID = '6331'
Method 'SystemStringSystemNumericsVector1SystemInt32ToStringSystemStringSystemIFormatProvider', ID = '6332'
Method 'SystemInt32SystemNumericsVector1SystemInt32GetElementSystemIntPtr', ID = '6335'
Method 'SystemBooleanSystemNumericsVector1SystemInt32ScalarEqualsSystemInt32SystemInt32', ID = '6336'
Method 'SystemInt32SystemNumericsVector1SystemInt32get_Count', ID = '6337'
Method 'SystemInt32SystemRuntimeIntrinsicsVector1281SystemUInt32get_Count', ID = '6339'
Method 'SystemUInt32SystemRuntimeIntrinsicsVector128GetElementSystemUInt32SystemRuntimeIntrinsicsVector1281SystemUInt32SystemInt32', ID = '6340'
Method 'SystemBooleanSystemRuntimeIntrinsicsVector1281SystemUInt32EqualsSystemRuntimeIntrinsicsVector1281SystemUInt32', ID = '6341'
Method 'SystemStringSystemPrivateCoreLibSystemSRget_NotSupported_NoCodepageData', ID = '6344'
Method 'SystemVoidSystemExceptionctorSystemStringSystemException', ID = '6345'
Method 'SystemBooleanSystemGlobalizationCompareInfoIcuStartsWithSystemReadOnlySpan1SystemCharSystemReadOnlySpan1SystemCharSystemGlobalizationCompareOptionsSystemInt32pointer', ID = '6346'
Method 'SystemBooleanSystemGlobalizationCompareInfoNlsStartsWithSystemReadOnlySpan1SystemCharSystemReadOnlySpan1SystemCharSystemGlobalizationCompareOptionsSystemInt32pointer', ID = '6347'
Method 'SystemStringSystemPrivateCoreLibSystemSRget_Argument_CompareOptionOrdinal', ID = '6348'
Method 'SystemUInt16SystemSpanHelpersLoadUShortSystemByte', ID = '6349'
Method 'SystemUInt32SystemSpanHelpersLoadUIntSystemByte', ID = '6350'
Method 'SystemUInt32SystemSpanHelpersLoadUIntSystemByteSystemUIntPtr', ID = '6351'
Method 'SystemBooleanInternalRuntimeCompilerServicesUnsafeAreSameSystemByteSystemByteSystemByte', ID = '6352'
Method 'SystemBooleanSystemNumericsVector1SystemByteop_InequalitySystemNumericsVector1SystemByteSystemNumericsVector1SystemByte', ID = '6353'
Method 'SystemUIntPtrSystemSpanHelpersLoadNUIntSystemByte', ID = '6354'
Method 'SystemUIntPtrSystemSpanHelpersLoadNUIntSystemByteSystemUIntPtr', ID = '6355'
Method 'SystemBooleanInternalRuntimeCompilerServicesUnsafeAreSameSystemCharSystemCharSystemChar', ID = '6356'
Method 'SystemStringCosmosCore_PlugsSystemStringImplToLower', ID = '6358'
Method 'SystemVoidSystemSZGenericArrayEnumerator1SystemCollectionsGenericDictionary2EntrySystemStringSystemReflectionAssemblycctor', ID = '6359'
Method 'SystemVoidSystemSZGenericArrayEnumerator1SystemCollectionsGenericDictionary2EntrySystemStringSystemReflectionAssemblyDispose', ID = '6360'
Method 'SystemBooleanSystemSZGenericArrayEnumerator1SystemCollectionsGenericDictionary2EntrySystemStringSystemReflectionAssemblyMoveNext', ID = '6361'
Method 'SystemBooleanSystemRuntimeCompilerServicesRuntimeHelpersIsBitwiseEquatableSystemCollectionsGenericDictionary2EntrySystemStringSystemReflectionAssembly', ID = '6362'
Method 'SystemInt32InternalRuntimeCompilerServicesUnsafeSizeOfSystemCollectionsGenericDictionary2EntrySystemStringSystemReflectionAssembly', ID = '6363'
Method 'SystemByteInternalRuntimeCompilerServicesUnsafeAsSystemCollectionsGenericDictionary2EntrySystemStringSystemReflectionAssemblySystemByteSystemCollectionsGenericDictionarD6ED3CE689C5CF8DC261F1ABE42ADC5A', ID = '6364'
Method 'SystemCharInternalRuntimeCompilerServicesUnsafeAsSystemCollectionsGenericDictionary2EntrySystemStringSystemReflectionAssemblySystemCharSystemCollectionsGenericDictionar69FF70B84AABB62DBF8C5FEFD45EA5E4', ID = '6365'
Method 'SystemInt32InternalRuntimeCompilerServicesUnsafeAsSystemCollectionsGenericDictionary2EntrySystemStringSystemReflectionAssemblySystemInt32SystemCollectionsGenericDiction0ACE9174CF9D54FB2F60E0BD0160CF98', ID = '6366'
Method 'SystemInt64InternalRuntimeCompilerServicesUnsafeAsSystemCollectionsGenericDictionary2EntrySystemStringSystemReflectionAssemblySystemInt64SystemCollectionsGenericDiction397816DB6649682CB01EA077F71A2A6E', ID = '6367'
Method 'SystemCollectionsGenericEqualityComparer1SystemCollectionsGenericDictionary2EntrySystemStringSystemReflectionAssemblySystemCollectionsGenericEqualityComparer1SystemCollBFBC3278EC5E4CA4E072FEFF8D13C8FC', ID = '6368'
Method 'SystemInt32SystemCollectionsGenericEqualityComparer1SystemCollectionsGenericDictionary2EntrySystemStringSystemReflectionAssemblyIndexOfSystemCollectionsGenericDictionar130BC1987029B5A594C5543E77785A37', ID = '6369'
Method 'SystemVoidCosmosIL2CPUSZArrayImpl1GetEnumeratord__0SystemCollectionsGenericDictionary2EntrySystemStringSystemReflectionAssemblyctorSystemInt32', ID = '6370'
Method 'SystemCollectionsGenericIEnumerator1SystemReflectionAssemblySystemSZArrayHelperGetEnumeratorSystemReflectionAssembly', ID = '6372'
Method 'SystemVoidSystemSZArrayHelperCopyToSystemReflectionAssemblySystemReflectionAssemblyarraySystemInt32', ID = '6373'
Method 'SystemInt32SystemSZArrayHelperget_CountSystemReflectionAssembly', ID = '6374'
Method 'SystemReflectionAssemblySystemSZArrayHelperget_ItemSystemReflectionAssemblySystemInt32', ID = '6375'
Method 'SystemVoidSystemSZArrayHelperset_ItemSystemReflectionAssemblySystemInt32SystemReflectionAssembly', ID = '6376'
Method 'SystemVoidSystemSZArrayHelperAddSystemReflectionAssemblySystemReflectionAssembly', ID = '6377'
Method 'SystemBooleanSystemSZArrayHelperContainsSystemReflectionAssemblySystemReflectionAssembly', ID = '6378'
Method 'SystemBooleanSystemSZArrayHelperget_IsReadOnlySystemReflectionAssembly', ID = '6379'
Method 'SystemVoidSystemSZArrayHelperClearSystemReflectionAssembly', ID = '6380'
Method 'SystemInt32SystemSZArrayHelperIndexOfSystemReflectionAssemblySystemReflectionAssembly', ID = '6381'
Method 'SystemVoidSystemSZArrayHelperInsertSystemReflectionAssemblySystemInt32SystemReflectionAssembly', ID = '6382'
Method 'SystemBooleanSystemSZArrayHelperRemoveSystemReflectionAssemblySystemReflectionAssembly', ID = '6383'
Method 'SystemVoidSystemSZArrayHelperRemoveAtSystemReflectionAssemblySystemInt32', ID = '6384'
Method 'SystemCollectionsGenericKeyValuePair2SystemStringSystemReflectionAssemblyarrayInternalRuntimeCompilerServicesUnsafeAsSystemCollectionsGenericKeyValuePair2SystemStringSyC8434A5776741D096A76980615BD499E', ID = '6389'
Method 'SystemVoidSystemSZGenericArrayEnumerator1SystemCollectionsGenericKeyValuePair2SystemStringSystemReflectionAssemblyctorSystemCollectionsGenericKeyValuePair2SystemStringSystemReflectionAssemblyarray', ID = '6390'
Method 'SystemInt32SystemArrayIndexOfSystemCollectionsGenericKeyValuePair2SystemStringSystemReflectionAssemblySystemCollectionsGenericKeyValuePair2SystemStringSystemReflectionA013C3ADAD4C103A94B9B7756266A4DF5', ID = '6394'
Method 'SystemCollectionsGenericIEnumerator1SystemCollectionsGenericKeyValuePair2SystemStringSystemReflectionAssemblyCosmosIL2CPUSZArrayImpl1SystemCollectionsGenericKeyValuePaiD99764F6CF6B872A8BF04299DEF8A103', ID = '6395'
Method 'SystemVoidCosmosIL2CPUSZArrayImpl1SystemCollectionsGenericKeyValuePair2SystemStringSystemReflectionAssemblyCopyToSystemCollectionsGenericKeyValuePair2SystemStringSystem7BC2797D07E0C1D6229EDDC7D4FB1E6E', ID = '6396'
Method 'SystemInt32CosmosIL2CPUSZArrayImpl1SystemCollectionsGenericKeyValuePair2SystemStringSystemReflectionAssemblyget_Count', ID = '6397'
Method 'SystemCollectionsGenericKeyValuePair2SystemStringSystemReflectionAssemblyCosmosIL2CPUSZArrayImpl1SystemCollectionsGenericKeyValuePair2SystemStringSystemReflectionAssemblyget_ItemSystemInt32', ID = '6398'
Method 'SystemVoidCosmosIL2CPUSZArrayImpl1SystemCollectionsGenericKeyValuePair2SystemStringSystemReflectionAssemblyset_ItemSystemInt32SystemCollectionsGenericKeyValuePair2SystemStringSystemReflectionAssembly', ID = '6399'
Method 'SystemVoidCosmosIL2CPUSZArrayImpl1SystemCollectionsGenericKeyValuePair2SystemStringSystemReflectionAssemblyAddSystemCollectionsGenericKeyValuePair2SystemStringSystemReflectionAssembly', ID = '6400'
Method 'SystemBooleanCosmosIL2CPUSZArrayImpl1SystemCollectionsGenericKeyValuePair2SystemStringSystemReflectionAssemblyContainsSystemCollectionsGenericKeyValuePair2SystemStringSystemReflectionAssembly', ID = '6401'
Method 'SystemBooleanCosmosIL2CPUSZArrayImpl1SystemCollectionsGenericKeyValuePair2SystemStringSystemReflectionAssemblyget_IsReadOnly', ID = '6402'
Method 'SystemVoidCosmosIL2CPUSZArrayImpl1SystemCollectionsGenericKeyValuePair2SystemStringSystemReflectionAssemblyClear', ID = '6403'
Method 'SystemInt32CosmosIL2CPUSZArrayImpl1SystemCollectionsGenericKeyValuePair2SystemStringSystemReflectionAssemblyIndexOfSystemCollectionsGenericKeyValuePair2SystemStringSystemReflectionAssembly', ID = '6404'
Method 'SystemVoidCosmosIL2CPUSZArrayImpl1SystemCollectionsGenericKeyValuePair2SystemStringSystemReflectionAssemblyInsertSystemInt32SystemCollectionsGenericKeyValuePair2SystemStringSystemReflectionAssembly', ID = '6405'
Method 'SystemVoidCosmosIL2CPUSZArrayImpl1SystemCollectionsGenericKeyValuePair2SystemStringSystemReflectionAssemblyRemoveAtSystemInt32', ID = '6406'
Method 'SystemBooleanCosmosIL2CPUSZArrayImpl1SystemCollectionsGenericKeyValuePair2SystemStringSystemReflectionAssemblyget_IsFixedSize', ID = '6407'
Method 'SystemVoidCosmosIL2CPUSZArrayImpl1SystemCollectionsGenericKeyValuePair2SystemStringSystemReflectionAssemblyRemoveSystemCollectionsGenericKeyValuePair2SystemStringSystemReflectionAssembly', ID = '6408'
Method 'SystemObjectCosmosIL2CPUSZArrayImpl1SystemCollectionsGenericKeyValuePair2SystemStringSystemReflectionAssemblyget_SyncRoot', ID = '6409'
Method 'SystemBooleanCosmosIL2CPUSZArrayImpl1SystemCollectionsGenericKeyValuePair2SystemStringSystemReflectionAssemblyget_IsSynchronized', ID = '6410'
Method 'SystemRuntimeIntrinsicsVector1281SystemSingleSystemRuntimeIntrinsicsVector128AsSystemSingleSystemSingleSystemRuntimeIntrinsicsVector1281SystemSingle', ID = '6411'
Method 'SystemRuntimeIntrinsicsVector1281SystemDoubleSystemRuntimeIntrinsicsVector128AsSystemSingleSystemDoubleSystemRuntimeIntrinsicsVector1281SystemSingle', ID = '6412'
Method 'SystemRuntimeIntrinsicsVector1281SystemByteSystemRuntimeIntrinsicsVector128AsSystemSingleSystemByteSystemRuntimeIntrinsicsVector1281SystemSingle', ID = '6413'
Method 'SystemRuntimeIntrinsicsVector1281SystemSingleInternalRuntimeCompilerServicesUnsafeAsRefSystemRuntimeIntrinsicsVector1281SystemSingleSystemVoidpointer', ID = '6415'
Method 'SystemRuntimeIntrinsicsVector1281SystemInt32SystemRuntimeIntrinsicsVector128AsSystemSingleSystemInt32SystemRuntimeIntrinsicsVector1281SystemSingle', ID = '6416'
Method 'SystemRuntimeTypeHandleSystemRuntimeTypeget_TypeHandle', ID = '6417'
Method 'SystemRuntimeTypeHandleCosmosCore_PlugsSystemTypeImplget_TypeHandle', ID = '6418'
Method 'SystemArrayCosmosCore_PlugsSystemGCImplAllocateNewArraySystemInt32pointerSystemInt32SystemUInt32', ID = '6420'
Method 'SystemRuntimeIntrinsicsVector2561SystemSingleSystemRuntimeIntrinsicsVector256AsSystemSingleSystemSingleSystemRuntimeIntrinsicsVector2561SystemSingle', ID = '6421'
Method 'SystemRuntimeIntrinsicsVector2561SystemDoubleSystemRuntimeIntrinsicsVector256AsSystemSingleSystemDoubleSystemRuntimeIntrinsicsVector2561SystemSingle', ID = '6422'
Method 'SystemRuntimeIntrinsicsVector2561SystemSingleSystemRuntimeIntrinsicsVector256AsSystemDoubleSystemSingleSystemRuntimeIntrinsicsVector2561SystemDouble', ID = '6423'
Method 'SystemRuntimeIntrinsicsVector2561SystemDoubleSystemRuntimeIntrinsicsVector256AsSystemDoubleSystemDoubleSystemRuntimeIntrinsicsVector2561SystemDouble', ID = '6424'
Method 'SystemRuntimeIntrinsicsVector2561SystemByteSystemRuntimeIntrinsicsVector256AsSystemDoubleSystemByteSystemRuntimeIntrinsicsVector2561SystemDouble', ID = '6425'
Method 'SystemRuntimeIntrinsicsVector1281SystemDoubleSystemRuntimeIntrinsicsVector128AsSystemInt32SystemDoubleSystemRuntimeIntrinsicsVector1281SystemInt32', ID = '6426'
Method 'SystemRuntimeIntrinsicsVector1281SystemByteSystemRuntimeIntrinsicsVector128AsSystemInt32SystemByteSystemRuntimeIntrinsicsVector1281SystemInt32', ID = '6427'
Method 'SystemVoidSystemRandomctorSystemBoolean', ID = '6429'
Method 'SystemVoidCosmosHALRTCcctor', ID = '6431'
Method 'SystemVoidSystemMathThrowAbsOverflow', ID = '6432'
Method 'SystemVoidCosmosIL2CPUSZArrayImpl1GetEnumeratord__0SystemBooleanSystemIDisposableDispose', ID = '6436'
Method 'SystemBooleanCosmosIL2CPUSZArrayImpl1GetEnumeratord__0SystemBooleanMoveNext', ID = '6437'
Method 'SystemVoidSystemCollectionsGenericEqualityComparer1SystemCollectionsGenericKeyValuePair2SystemStringSystemBooleancctor', ID = '6438'
Method 'SystemBooleanSystemMemoryExtensionsOverlapsSystemCharSystemReadOnlySpan1SystemCharSystemReadOnlySpan1SystemChar', ID = '6440'
Method 'SystemStringSystemPrivateCoreLibSystemSRget_InvalidOperation_SpanOverlappedOperation', ID = '6441'
Method 'SystemVoidSystemGlobalizationInvariantModeCasingToUpperSystemReadOnlySpan1SystemCharSystemSpan1SystemChar', ID = '6442'
Method 'SystemVoidSystemGlobalizationTextInfoChangeCaseToUpperSystemReadOnlySpan1SystemCharSystemSpan1SystemChar', ID = '6443'
Method 'SystemVoidSystemGlobalizationOrdinalCasingToUpperOrdinalSystemReadOnlySpan1SystemCharSystemSpan1SystemChar', ID = '6444'
Method 'SystemCharInternalRuntimeCompilerServicesUnsafeNullRefSystemChar', ID = '6445'
Method 'SystemValueTuple2SystemUInt32SystemInt32SystemGlobalizationInvariantModeCasingGetScalarSystemCharSystemInt32SystemInt32', ID = '6447'
Method 'SystemUInt32SystemGlobalizationCharUnicodeInfoToUpperSystemUInt32', ID = '6449'
Method 'SystemStringSystemPrivateCoreLibSystemSRget_Arg_ExternalException', ID = '6451'
Method 'SystemBooleanSystemCharIsLowSurrogateSystemChar', ID = '6453'
Method 'SystemCharSystemGlobalizationOrdinalCasingToUpperSystemChar', ID = '6454'
Method 'SystemUInt32SystemTextUnicodeUtilityGetScalarFromUtf16SurrogatePairSystemUInt32SystemUInt32', ID = '6455'
Method 'SystemVoidSystemCollectionsGenericEqualityComparer1SystemCollectionsGenericDictionary2EntrySystemStringSystemObjectcctor', ID = '6456'
Method 'SystemStringSystemCollectionsGenericKeyValuePair2SystemStringSystemObjectget_Key', ID = '6458'
Method 'SystemObjectSystemCollectionsGenericKeyValuePair2SystemStringSystemObjectget_Value', ID = '6459'
Method 'SystemVoidCosmosIL2CPUSZArrayImpl1GetEnumeratord__0SystemCollectionsGenericKeyValuePair2SystemStringSystemObjectSystemIDisposableDispose', ID = '6464'
Method 'SystemBooleanCosmosIL2CPUSZArrayImpl1GetEnumeratord__0SystemCollectionsGenericKeyValuePair2SystemStringSystemObjectMoveNext', ID = '6465'
Method 'SystemUIntPtrSystemTextASCIIUtilityWidenAsciiToUtf16SystemBytepointerSystemCharpointerSystemUIntPtr', ID = '6466'
Method 'SystemBuffersOperationStatusSystemTextUnicodeUtf8UtilityTranscodeToUtf16SystemBytepointerSystemInt32SystemCharpointerSystemInt32SystemBytepointerSystemCharpointer', ID = '6467'
Method 'SystemVoidSystemReadOnlySpan1SystemBytectorSystemByteSystemInt32', ID = '6468'
Method 'SystemInt32SystemTextASCIIEncodingGetCharsWithFallbackSystemReadOnlySpan1SystemByteSystemInt32SystemSpan1SystemCharSystemInt32SystemTextDecoderNLS', ID = '6470'
Method 'SystemInt32SystemTextUTF8EncodingGetCharsWithFallbackSystemReadOnlySpan1SystemByteSystemInt32SystemSpan1SystemCharSystemInt32SystemTextDecoderNLS', ID = '6471'
Method 'SystemTextDecoderFallbackBufferSystemTextDecoderFallbackBufferCreateAndInitializeSystemTextEncodingSystemTextDecoderNLSSystemInt32', ID = '6472'
Method 'SystemBuffersOperationStatusSystemTextEncodingDecodeFirstRuneSystemReadOnlySpan1SystemByteSystemTextRuneSystemInt32', ID = '6473'
Method 'SystemBooleanSystemTextDecoderNLSget_MustFlush', ID = '6474'
Method 'SystemVoidSystemTextDecoderNLSSetLeftoverDataSystemReadOnlySpan1SystemByte', ID = '6475'
Method 'SystemReadOnlySpan1SystemByteSystemReadOnlySpan1SystemByteget_Empty', ID = '6476'
Method 'SystemBooleanSystemTextDecoderFallbackBufferTryInternalFallbackGetCharsSystemReadOnlySpan1SystemByteSystemInt32SystemSpan1SystemCharSystemInt32', ID = '6477'
Method 'SystemBooleanSystemReadOnlySpan1SystemByteget_IsEmpty', ID = '6478'
Method 'SystemVoidSystemTextEncodingThrowCharsOverflowSystemTextDecoderNLSSystemBoolean', ID = '6479'
Method 'SystemInt32SystemTextEncodingGetCharCountFastSystemBytepointerSystemInt32SystemTextDecoderFallbackSystemInt32', ID = '6480'
Method 'SystemInt32SystemTextEncodingGetCharCountWithFallbackSystemBytepointerSystemInt32SystemInt32', ID = '6481'
Method 'SystemBooleanSystemNumericsVector1SystemUInt32ScalarEqualsSystemUInt32SystemUInt32', ID = '6482'
Method 'SystemBooleanSystemNumericsVector1SystemSingleScalarEqualsSystemSingleSystemSingle', ID = '6483'
Method 'SystemBooleanSystemNumericsVector1SystemDoubleScalarEqualsSystemDoubleSystemDouble', ID = '6484'
Method 'SystemVoidSystemCollectionsGenericEqualityComparer1CosmosHALBlockDeviceRegistersHBAPRDTEntrycctor', ID = '6485'
Method 'SystemVoidSystemRuntimeCompilerServicesQCallAssemblyctorSystemReflectionRuntimeAssembly', ID = '6487'
Method 'SystemStringSystemThreadingInterlockedCompareExchangeSystemStringSystemStringSystemStringSystemString', ID = '6489'
Method 'SystemCollectionsGenericIEnumerator1SystemReflectionRuntimeMethodInfoSystemSZArrayHelperGetEnumeratorSystemReflectionRuntimeMethodInfo', ID = '6491'
Method 'SystemVoidSystemSZArrayHelperCopyToSystemReflectionRuntimeMethodInfoSystemReflectionRuntimeMethodInfoarraySystemInt32', ID = '6492'
Method 'SystemInt32SystemSZArrayHelperget_CountSystemReflectionRuntimeMethodInfo', ID = '6493'
Method 'SystemReflectionRuntimeMethodInfoSystemSZArrayHelperget_ItemSystemReflectionRuntimeMethodInfoSystemInt32', ID = '6494'
Method 'SystemVoidSystemSZArrayHelperset_ItemSystemReflectionRuntimeMethodInfoSystemInt32SystemReflectionRuntimeMethodInfo', ID = '6495'
Method 'SystemVoidSystemSZArrayHelperAddSystemReflectionRuntimeMethodInfoSystemReflectionRuntimeMethodInfo', ID = '6496'
Method 'SystemBooleanSystemSZArrayHelperContainsSystemReflectionRuntimeMethodInfoSystemReflectionRuntimeMethodInfo', ID = '6497'
Method 'SystemBooleanSystemSZArrayHelperget_IsReadOnlySystemReflectionRuntimeMethodInfo', ID = '6498'
Method 'SystemVoidSystemSZArrayHelperClearSystemReflectionRuntimeMethodInfo', ID = '6499'
Method 'SystemInt32SystemSZArrayHelperIndexOfSystemReflectionRuntimeMethodInfoSystemReflectionRuntimeMethodInfo', ID = '6500'
Method 'SystemVoidSystemSZArrayHelperInsertSystemReflectionRuntimeMethodInfoSystemInt32SystemReflectionRuntimeMethodInfo', ID = '6501'
Method 'SystemBooleanSystemSZArrayHelperRemoveSystemReflectionRuntimeMethodInfoSystemReflectionRuntimeMethodInfo', ID = '6502'
Method 'SystemVoidSystemSZArrayHelperRemoveAtSystemReflectionRuntimeMethodInfoSystemInt32', ID = '6503'
Method 'SystemCollectionsGenericIEnumerator1SystemReflectionRuntimeConstructorInfoSystemSZArrayHelperGetEnumeratorSystemReflectionRuntimeConstructorInfo', ID = '6511'
Method 'SystemVoidSystemSZArrayHelperCopyToSystemReflectionRuntimeConstructorInfoSystemReflectionRuntimeConstructorInfoarraySystemInt32', ID = '6512'
Method 'SystemInt32SystemSZArrayHelperget_CountSystemReflectionRuntimeConstructorInfo', ID = '6513'
Method 'SystemReflectionRuntimeConstructorInfoSystemSZArrayHelperget_ItemSystemReflectionRuntimeConstructorInfoSystemInt32', ID = '6514'
Method 'SystemVoidSystemSZArrayHelperset_ItemSystemReflectionRuntimeConstructorInfoSystemInt32SystemReflectionRuntimeConstructorInfo', ID = '6515'
Method 'SystemVoidSystemSZArrayHelperAddSystemReflectionRuntimeConstructorInfoSystemReflectionRuntimeConstructorInfo', ID = '6516'
Method 'SystemBooleanSystemSZArrayHelperContainsSystemReflectionRuntimeConstructorInfoSystemReflectionRuntimeConstructorInfo', ID = '6517'
Method 'SystemBooleanSystemSZArrayHelperget_IsReadOnlySystemReflectionRuntimeConstructorInfo', ID = '6518'
Method 'SystemVoidSystemSZArrayHelperClearSystemReflectionRuntimeConstructorInfo', ID = '6519'
Method 'SystemInt32SystemSZArrayHelperIndexOfSystemReflectionRuntimeConstructorInfoSystemReflectionRuntimeConstructorInfo', ID = '6520'
Method 'SystemVoidSystemSZArrayHelperInsertSystemReflectionRuntimeConstructorInfoSystemInt32SystemReflectionRuntimeConstructorInfo', ID = '6521'
Method 'SystemBooleanSystemSZArrayHelperRemoveSystemReflectionRuntimeConstructorInfoSystemReflectionRuntimeConstructorInfo', ID = '6522'
Method 'SystemVoidSystemSZArrayHelperRemoveAtSystemReflectionRuntimeConstructorInfoSystemInt32', ID = '6523'
Method 'SystemCollectionsGenericIEnumerator1SystemReflectionRuntimeFieldInfoSystemSZArrayHelperGetEnumeratorSystemReflectionRuntimeFieldInfo', ID = '6531'
Method 'SystemVoidSystemSZArrayHelperCopyToSystemReflectionRuntimeFieldInfoSystemReflectionRuntimeFieldInfoarraySystemInt32', ID = '6532'
Method 'SystemInt32SystemSZArrayHelperget_CountSystemReflectionRuntimeFieldInfo', ID = '6533'
Method 'SystemReflectionRuntimeFieldInfoSystemSZArrayHelperget_ItemSystemReflectionRuntimeFieldInfoSystemInt32', ID = '6534'
Method 'SystemVoidSystemSZArrayHelperset_ItemSystemReflectionRuntimeFieldInfoSystemInt32SystemReflectionRuntimeFieldInfo', ID = '6535'
Method 'SystemVoidSystemSZArrayHelperAddSystemReflectionRuntimeFieldInfoSystemReflectionRuntimeFieldInfo', ID = '6536'
Method 'SystemBooleanSystemSZArrayHelperContainsSystemReflectionRuntimeFieldInfoSystemReflectionRuntimeFieldInfo', ID = '6537'
Method 'SystemBooleanSystemSZArrayHelperget_IsReadOnlySystemReflectionRuntimeFieldInfo', ID = '6538'
Method 'SystemVoidSystemSZArrayHelperClearSystemReflectionRuntimeFieldInfo', ID = '6539'
Method 'SystemInt32SystemSZArrayHelperIndexOfSystemReflectionRuntimeFieldInfoSystemReflectionRuntimeFieldInfo', ID = '6540'
Method 'SystemVoidSystemSZArrayHelperInsertSystemReflectionRuntimeFieldInfoSystemInt32SystemReflectionRuntimeFieldInfo', ID = '6541'
Method 'SystemBooleanSystemSZArrayHelperRemoveSystemReflectionRuntimeFieldInfoSystemReflectionRuntimeFieldInfo', ID = '6542'
Method 'SystemVoidSystemSZArrayHelperRemoveAtSystemReflectionRuntimeFieldInfoSystemInt32', ID = '6543'
Method 'SystemCollectionsGenericIEnumerator1SystemRuntimeTypeSystemSZArrayHelperGetEnumeratorSystemRuntimeType', ID = '6551'
Method 'SystemVoidSystemSZArrayHelperCopyToSystemRuntimeTypeSystemRuntimeTypearraySystemInt32', ID = '6552'
Method 'SystemInt32SystemSZArrayHelperget_CountSystemRuntimeType', ID = '6553'
Method 'SystemRuntimeTypeSystemSZArrayHelperget_ItemSystemRuntimeTypeSystemInt32', ID = '6554'
Method 'SystemVoidSystemSZArrayHelperset_ItemSystemRuntimeTypeSystemInt32SystemRuntimeType', ID = '6555'
Method 'SystemVoidSystemSZArrayHelperAddSystemRuntimeTypeSystemRuntimeType', ID = '6556'
Method 'SystemBooleanSystemSZArrayHelperContainsSystemRuntimeTypeSystemRuntimeType', ID = '6557'
Method 'SystemBooleanSystemSZArrayHelperget_IsReadOnlySystemRuntimeType', ID = '6558'
Method 'SystemVoidSystemSZArrayHelperClearSystemRuntimeType', ID = '6559'
Method 'SystemInt32SystemSZArrayHelperIndexOfSystemRuntimeTypeSystemRuntimeType', ID = '6560'
Method 'SystemVoidSystemSZArrayHelperInsertSystemRuntimeTypeSystemInt32SystemRuntimeType', ID = '6561'
Method 'SystemBooleanSystemSZArrayHelperRemoveSystemRuntimeTypeSystemRuntimeType', ID = '6562'
Method 'SystemVoidSystemSZArrayHelperRemoveAtSystemRuntimeTypeSystemInt32', ID = '6563'
Method 'SystemCollectionsGenericIEnumerator1SystemReflectionRuntimePropertyInfoSystemSZArrayHelperGetEnumeratorSystemReflectionRuntimePropertyInfo', ID = '6571'
Method 'SystemVoidSystemSZArrayHelperCopyToSystemReflectionRuntimePropertyInfoSystemReflectionRuntimePropertyInfoarraySystemInt32', ID = '6572'
Method 'SystemInt32SystemSZArrayHelperget_CountSystemReflectionRuntimePropertyInfo', ID = '6573'
Method 'SystemReflectionRuntimePropertyInfoSystemSZArrayHelperget_ItemSystemReflectionRuntimePropertyInfoSystemInt32', ID = '6574'
Method 'SystemVoidSystemSZArrayHelperset_ItemSystemReflectionRuntimePropertyInfoSystemInt32SystemReflectionRuntimePropertyInfo', ID = '6575'
Method 'SystemVoidSystemSZArrayHelperAddSystemReflectionRuntimePropertyInfoSystemReflectionRuntimePropertyInfo', ID = '6576'
Method 'SystemBooleanSystemSZArrayHelperContainsSystemReflectionRuntimePropertyInfoSystemReflectionRuntimePropertyInfo', ID = '6577'
Method 'SystemBooleanSystemSZArrayHelperget_IsReadOnlySystemReflectionRuntimePropertyInfo', ID = '6578'
Method 'SystemVoidSystemSZArrayHelperClearSystemReflectionRuntimePropertyInfo', ID = '6579'
Method 'SystemInt32SystemSZArrayHelperIndexOfSystemReflectionRuntimePropertyInfoSystemReflectionRuntimePropertyInfo', ID = '6580'
Method 'SystemVoidSystemSZArrayHelperInsertSystemReflectionRuntimePropertyInfoSystemInt32SystemReflectionRuntimePropertyInfo', ID = '6581'
Method 'SystemBooleanSystemSZArrayHelperRemoveSystemReflectionRuntimePropertyInfoSystemReflectionRuntimePropertyInfo', ID = '6582'
Method 'SystemVoidSystemSZArrayHelperRemoveAtSystemReflectionRuntimePropertyInfoSystemInt32', ID = '6583'
Method 'SystemCollectionsGenericIEnumerator1SystemReflectionRuntimeEventInfoSystemSZArrayHelperGetEnumeratorSystemReflectionRuntimeEventInfo', ID = '6591'
Method 'SystemVoidSystemSZArrayHelperCopyToSystemReflectionRuntimeEventInfoSystemReflectionRuntimeEventInfoarraySystemInt32', ID = '6592'
Method 'SystemInt32SystemSZArrayHelperget_CountSystemReflectionRuntimeEventInfo', ID = '6593'
Method 'SystemReflectionRuntimeEventInfoSystemSZArrayHelperget_ItemSystemReflectionRuntimeEventInfoSystemInt32', ID = '6594'
Method 'SystemVoidSystemSZArrayHelperset_ItemSystemReflectionRuntimeEventInfoSystemInt32SystemReflectionRuntimeEventInfo', ID = '6595'
Method 'SystemVoidSystemSZArrayHelperAddSystemReflectionRuntimeEventInfoSystemReflectionRuntimeEventInfo', ID = '6596'
Method 'SystemBooleanSystemSZArrayHelperContainsSystemReflectionRuntimeEventInfoSystemReflectionRuntimeEventInfo', ID = '6597'
Method 'SystemBooleanSystemSZArrayHelperget_IsReadOnlySystemReflectionRuntimeEventInfo', ID = '6598'
Method 'SystemVoidSystemSZArrayHelperClearSystemReflectionRuntimeEventInfo', ID = '6599'
Method 'SystemInt32SystemSZArrayHelperIndexOfSystemReflectionRuntimeEventInfoSystemReflectionRuntimeEventInfo', ID = '6600'
Method 'SystemVoidSystemSZArrayHelperInsertSystemReflectionRuntimeEventInfoSystemInt32SystemReflectionRuntimeEventInfo', ID = '6601'
Method 'SystemBooleanSystemSZArrayHelperRemoveSystemReflectionRuntimeEventInfoSystemReflectionRuntimeEventInfo', ID = '6602'
Method 'SystemVoidSystemSZArrayHelperRemoveAtSystemReflectionRuntimeEventInfoSystemInt32', ID = '6603'
Method 'SystemStringSystemPrivateCoreLibSystemSRget_Arg_InvalidHandle', ID = '6610'
Method 'SystemVoidpointerInternalRuntimeCompilerServicesUnsafeAsPointerSystemRuntimeTypeHandleSystemRuntimeTypeHandle', ID = '6613'
Method 'SystemVoidpointerInternalRuntimeCompilerServicesUnsafeAsPointerSystemStringSystemString', ID = '6615'
Method 'SystemVoidCosmosCore_PlugsSystemRuntimeTypeHandleImplGetConstraintsSystemObjectSystemObjectSystemObject', ID = '6616'
Method 'SystemBooleanCosmosCoreCosmosRuntimeTypeHasElementTypeImpl', ID = '6618'
Method 'SystemBooleanSystemRuntimeTypeHasElementTypeImpl', ID = '6619'
Method 'SystemBooleanCosmosCore_PlugsSystemRuntimeTypeHandleImplIsGenericTypeDefinitionSystemObject', ID = '6620'
Method 'SystemBooleanCosmosCore_PlugsSystemRuntimeTypeHandleImplContainsGenericVariablesSystemObject', ID = '6621'
Method 'SystemTypearraySystemRuntimeTypeHandleGetInstantiationPublic', ID = '6623'
Method 'SystemStringSystemPrivateCoreLibSystemSRget_InvalidOperation_EnumEnded', ID = '6624'
Method 'SystemStringSystemPrivateCoreLibSystemSRget_InvalidOperation_EnumNotStarted', ID = '6625'
Method 'SystemVoidSystemCollectionsGenericEqualityComparer1CosmosSystemKeyMappingcctor', ID = '6626'
Method 'SystemTypearrayInternalRuntimeCompilerServicesUnsafeAsSystemTypearraySystemObject', ID = '6630'
Method 'SystemVoidSystemSZGenericArrayEnumerator1SystemTypectorSystemTypearray', ID = '6631'
Method 'SystemInt32SystemArrayIndexOfSystemTypeSystemTypearraySystemTypeSystemInt32SystemInt32', ID = '6634'
Method 'SystemCollectionsGenericIEnumerator1SystemTypeCosmosIL2CPUSZArrayImpl1SystemTypeGetEnumerator', ID = '6635'
Method 'SystemVoidCosmosIL2CPUSZArrayImpl1SystemTypeCopyToSystemTypearraySystemInt32', ID = '6636'
Method 'SystemInt32CosmosIL2CPUSZArrayImpl1SystemTypeget_Count', ID = '6637'
Method 'SystemTypeCosmosIL2CPUSZArrayImpl1SystemTypeget_ItemSystemInt32', ID = '6638'
Method 'SystemVoidCosmosIL2CPUSZArrayImpl1SystemTypeset_ItemSystemInt32SystemType', ID = '6639'
Method 'SystemVoidCosmosIL2CPUSZArrayImpl1SystemTypeAddSystemType', ID = '6640'
Method 'SystemBooleanCosmosIL2CPUSZArrayImpl1SystemTypeContainsSystemType', ID = '6641'
Method 'SystemBooleanCosmosIL2CPUSZArrayImpl1SystemTypeget_IsReadOnly', ID = '6642'
Method 'SystemVoidCosmosIL2CPUSZArrayImpl1SystemTypeClear', ID = '6643'
Method 'SystemInt32CosmosIL2CPUSZArrayImpl1SystemTypeIndexOfSystemType', ID = '6644'
Method 'SystemVoidCosmosIL2CPUSZArrayImpl1SystemTypeInsertSystemInt32SystemType', ID = '6645'
Method 'SystemVoidCosmosIL2CPUSZArrayImpl1SystemTypeRemoveAtSystemInt32', ID = '6646'
Method 'SystemBooleanCosmosIL2CPUSZArrayImpl1SystemTypeget_IsFixedSize', ID = '6647'
Method 'SystemVoidCosmosIL2CPUSZArrayImpl1SystemTypeRemoveSystemType', ID = '6648'
Method 'SystemObjectCosmosIL2CPUSZArrayImpl1SystemTypeget_SyncRoot', ID = '6649'
Method 'SystemBooleanCosmosIL2CPUSZArrayImpl1SystemTypeget_IsSynchronized', ID = '6650'
Method 'SystemRuntimeCompilerServicesObjectHandleOnStackSystemRuntimeCompilerServicesObjectHandleOnStackCreateSystemTypearraySystemTypearray', ID = '6651'
Method 'SystemVoidSystemReflectionMetadataImportctorSystemIntPtrSystemObject', ID = '6655'
Method 'SystemInt32SystemRuntimeTypeget_MetadataToken', ID = '6656'
Method 'SystemGlobalizationCalendarDataSystemGlobalizationCalendarDataCreateInvariant', ID = '6659'
Method 'SystemVoidCosmosIL2CPUSZArrayImpl1GetEnumeratord__0SystemGlobalizationCalendarIdSystemIDisposableDispose', ID = '6666'
Method 'SystemBooleanCosmosIL2CPUSZArrayImpl1GetEnumeratord__0SystemGlobalizationCalendarIdMoveNext', ID = '6667'
Method 'SystemVoidCosmosIL2CPUSZArrayImpl1GetEnumeratord__0SystemGlobalizationDateTimeFormatInfoTokenHashValueSystemIDisposableDispose', ID = '6672'
Method 'SystemBooleanCosmosIL2CPUSZArrayImpl1GetEnumeratord__0SystemGlobalizationDateTimeFormatInfoTokenHashValueMoveNext', ID = '6673'
Method 'SystemVoidCosmosIL2CPUSZArrayImpl1GetEnumeratord__0SystemGlobalizationCalendarDataSystemIDisposableDispose', ID = '6678'
Method 'SystemBooleanCosmosIL2CPUSZArrayImpl1GetEnumeratord__0SystemGlobalizationCalendarDataMoveNext', ID = '6679'
Method 'SystemBooleanSystemAppContextConfigHelperGetBooleanConfigSystemStringSystemStringSystemBoolean', ID = '6680'
Method 'SystemBooleanSystemGlobalizationGlobalizationModeLoadIcu', ID = '6681'
Method 'SystemVoidSystemGlobalizationGlobalizationModeSettingscctor', ID = '6682'
Method 'SystemBooleanCosmosCore_PlugsInteropGlobalizationImplGetLocaleInfoIntSystemStringSystemUInt32SystemInt32', ID = '6684'
Method 'SystemReadOnlySpan1SystemByteSystemSpan1SystemByteop_ImplicitSystemSpan1SystemByte', ID = '6685'
Method 'SystemReadOnlySpan1SystemByteSystemGlobalizationIcuLocaleDataGetCultureNameSystemInt32', ID = '6686'
Method 'SystemInt32SystemMemoryExtensionsSequenceCompareToSystemByteSystemReadOnlySpan1SystemByteSystemReadOnlySpan1SystemByte', ID = '6687'
Method 'SystemVoidSystemGlobalizationGregorianCalendarctorSystemGlobalizationGregorianCalendarTypes', ID = '6690'
Method 'SystemBooleanSystemLocalAppContextSwitchesGetCachedSwitchValueSystemStringSystemInt32', ID = '6693'
Method 'SystemStringSystemGlobalizationCultureDataGetSeparatorSystemStringSystemString', ID = '6694'
Method 'SystemVoidSystemBuffer_ZeroMemorySystemByteSystemUIntPtr', ID = '6695'
Method 'SystemBooleanCosmosCore_PlugsSystemRuntimeCompilerServicesRuntimeHelpersImplIsReferenceOrContainsReferencesSystemUInt32', ID = '6696'
Method 'SystemVoidSystemTextEncoderExceptionFallbackcctor', ID = '6697'
Method 'SystemBooleanSystemTextEncoderExceptionFallbackEqualsSystemObject', ID = '6698'
Method 'SystemInt32SystemTextEncoderExceptionFallbackGetHashCode', ID = '6699'
Method 'SystemInt32SystemTextEncoderExceptionFallbackget_MaxCharCount', ID = '6700'
Method 'SystemTextEncoderFallbackBufferSystemTextEncoderExceptionFallbackCreateFallbackBuffer', ID = '6701'
Method 'SystemVoidSystemTextDecoderExceptionFallbackcctor', ID = '6702'
Method 'SystemBooleanSystemTextDecoderExceptionFallbackEqualsSystemObject', ID = '6703'
Method 'SystemInt32SystemTextDecoderExceptionFallbackGetHashCode', ID = '6704'
Method 'SystemVoidSystemTextDecoderReplacementFallbackctor', ID = '6705'
Method 'SystemVoidInternalRuntimeCompilerServicesUnsafeSkipInitSystemNumericsVector1SystemInt32SystemNumericsVector1SystemInt32', ID = '6706'
Method 'SystemVoidSystemNumericsVector1SystemInt32SetElementSystemIntPtrSystemInt32', ID = '6707'
Method 'SystemRuntimeIntrinsicsVector1281SystemSingleSystemRuntimeIntrinsicsVector128AsSingleSystemUInt64SystemRuntimeIntrinsicsVector1281SystemUInt64', ID = '6708'
Method 'SystemRuntimeIntrinsicsVector1281SystemDoubleSystemRuntimeIntrinsicsVector128AsDoubleSystemUInt64SystemRuntimeIntrinsicsVector1281SystemUInt64', ID = '6709'
Method 'SystemBooleanSystemRuntimeIntrinsicsVector1281SystemUInt64Equalsg__SoftwareFallbacksLine12_0SystemRuntimeIntrinsicsVector1281SystemUInt64SystemRuntimeIntrinsicsVector1281SystemUInt64', ID = '6710'
Method 'SystemInt32InternalRuntimeCompilerServicesUnsafeSizeOfSystemInt16', ID = '6711'
Method 'SystemInt16InternalRuntimeCompilerServicesUnsafeAsSystemRuntimeIntrinsicsVector1281SystemInt16SystemInt16SystemRuntimeIntrinsicsVector1281SystemInt16', ID = '6712'
Method 'SystemInt16InternalRuntimeCompilerServicesUnsafeAddSystemInt16SystemInt16SystemInt32', ID = '6713'
Method 'SystemRuntimeIntrinsicsVector1281SystemSingleSystemRuntimeIntrinsicsVector128AsSingleSystemInt16SystemRuntimeIntrinsicsVector1281SystemInt16', ID = '6714'
Method 'SystemRuntimeIntrinsicsVector1281SystemDoubleSystemRuntimeIntrinsicsVector128AsDoubleSystemInt16SystemRuntimeIntrinsicsVector1281SystemInt16', ID = '6715'
Method 'SystemBooleanSystemRuntimeIntrinsicsVector1281SystemInt16Equalsg__SoftwareFallbacksLine12_0SystemRuntimeIntrinsicsVector1281SystemInt16SystemRuntimeIntrinsicsVector1281SystemInt16', ID = '6716'
Method 'SystemBooleanSystemNumericsVector1SystemUIntPtrop_EqualitySystemNumericsVector1SystemUIntPtrSystemNumericsVector1SystemUIntPtr', ID = '6717'
Method 'SystemInt32SystemTextEncoderReplacementFallbackBufferget_Remaining', ID = '6718'
Method 'SystemBooleanSystemTextEncoderReplacementFallbackBufferFallbackSystemCharSystemInt32', ID = '6719'
Method 'SystemBooleanSystemTextEncoderReplacementFallbackBufferFallbackSystemCharSystemCharSystemInt32', ID = '6720'
Method 'SystemBooleanSystemTextEncoderReplacementFallbackBufferMovePrevious', ID = '6721'
Method 'SystemVoidSystemTextEncoderReplacementFallbackBufferReset', ID = '6722'
Method 'SystemInt32SystemTextUnicodeUtilityGetUtf8SequenceLengthSystemUInt32', ID = '6723'
Method 'SystemNumericsVector1SystemInt32InternalRuntimeCompilerServicesUnsafeAsRefSystemNumericsVector1SystemInt32SystemNumericsVector1SystemInt32', ID = '6724'
Method 'SystemInt32InternalRuntimeCompilerServicesUnsafeAsSystemNumericsVector1SystemInt32SystemInt32SystemNumericsVector1SystemInt32', ID = '6725'
Method 'SystemInt32InternalRuntimeCompilerServicesUnsafeSizeOfSystemNumericsVector1SystemInt32', ID = '6726'
Method 'SystemUInt32InternalRuntimeCompilerServicesUnsafeAsSystemRuntimeIntrinsicsVector1281SystemUInt32SystemUInt32SystemRuntimeIntrinsicsVector1281SystemUInt32', ID = '6727'
Method 'SystemUInt32InternalRuntimeCompilerServicesUnsafeAddSystemUInt32SystemUInt32SystemInt32', ID = '6728'
Method 'SystemRuntimeIntrinsicsVector1281SystemSingleSystemRuntimeIntrinsicsVector128AsSingleSystemUInt32SystemRuntimeIntrinsicsVector1281SystemUInt32', ID = '6729'
Method 'SystemRuntimeIntrinsicsVector1281SystemDoubleSystemRuntimeIntrinsicsVector128AsDoubleSystemUInt32SystemRuntimeIntrinsicsVector1281SystemUInt32', ID = '6730'
Method 'SystemRuntimeIntrinsicsVector1281SystemByteSystemRuntimeIntrinsicsVector128AsByteSystemUInt32SystemRuntimeIntrinsicsVector1281SystemUInt32', ID = '6731'
Method 'SystemBooleanSystemRuntimeIntrinsicsVector1281SystemUInt32Equalsg__SoftwareFallbacksLine12_0SystemRuntimeIntrinsicsVector1281SystemUInt32SystemRuntimeIntrinsicsVector1281SystemUInt32', ID = '6732'
Method 'SystemObjectCosmosSystem_PlugsSystemGlobalizationEncodingTableImplGetCodePageDataItemSystemInt32', ID = '6734'
Method 'SystemVoidSystemExceptionctor', ID = '6735'
Method 'SystemBooleanSystemGlobalizationCompareInfoCanUseAsciiOrdinalForOptionsSystemGlobalizationCompareOptions', ID = '6736'
Method 'SystemBooleanSystemGlobalizationCompareInfoStartsWithOrdinalIgnoreCaseHelperSystemReadOnlySpan1SystemCharSystemReadOnlySpan1SystemCharSystemGlobalizationCompareOptionsSystemInt32pointer', ID = '6737'
Method 'SystemBooleanSystemGlobalizationCompareInfoStartsWithOrdinalHelperSystemReadOnlySpan1SystemCharSystemReadOnlySpan1SystemCharSystemGlobalizationCompareOptionsSystemInt32pointer', ID = '6738'
Method 'SystemInt32SystemGlobalizationCompareInfoGetNativeCompareFlagsSystemGlobalizationCompareOptions', ID = '6740'
Method 'SystemInt32SystemGlobalizationCompareInfoFindStringSystemUInt32SystemReadOnlySpan1SystemCharSystemReadOnlySpan1SystemCharSystemInt32pointer', ID = '6741'
Method 'SystemUIntPtrInternalRuntimeCompilerServicesUnsafeReadUnalignedSystemUIntPtrSystemByte', ID = '6742'
Method 'SystemBooleanSystemCharEqualsSystemChar', ID = '6743'
Method 'SystemStringCosmosCore_PlugsSystemStringImplToLowerInvariant', ID = '6744'
Method 'SystemVoidCosmosIL2CPUSZArrayImpl1GetEnumeratord__0SystemCollectionsGenericDictionary2EntrySystemStringSystemReflectionAssemblySystemIDisposableDispose', ID = '6749'
Method 'SystemBooleanCosmosIL2CPUSZArrayImpl1GetEnumeratord__0SystemCollectionsGenericDictionary2EntrySystemStringSystemReflectionAssemblyMoveNext', ID = '6750'
Method 'SystemReflectionAssemblyarrayInternalRuntimeCompilerServicesUnsafeAsSystemReflectionAssemblyarraySystemObject', ID = '6752'
Method 'SystemVoidSystemSZGenericArrayEnumerator1SystemReflectionAssemblyctorSystemReflectionAssemblyarray', ID = '6753'
Method 'SystemInt32SystemArrayIndexOfSystemReflectionAssemblySystemReflectionAssemblyarraySystemReflectionAssemblySystemInt32SystemInt32', ID = '6756'
Method 'SystemCollectionsGenericIEnumerator1SystemReflectionAssemblyCosmosIL2CPUSZArrayImpl1SystemReflectionAssemblyGetEnumerator', ID = '6757'
Method 'SystemVoidCosmosIL2CPUSZArrayImpl1SystemReflectionAssemblyCopyToSystemReflectionAssemblyarraySystemInt32', ID = '6758'
Method 'SystemInt32CosmosIL2CPUSZArrayImpl1SystemReflectionAssemblyget_Count', ID = '6759'
Method 'SystemReflectionAssemblyCosmosIL2CPUSZArrayImpl1SystemReflectionAssemblyget_ItemSystemInt32', ID = '6760'
Method 'SystemVoidCosmosIL2CPUSZArrayImpl1SystemReflectionAssemblyset_ItemSystemInt32SystemReflectionAssembly', ID = '6761'
Method 'SystemVoidCosmosIL2CPUSZArrayImpl1SystemReflectionAssemblyAddSystemReflectionAssembly', ID = '6762'
Method 'SystemBooleanCosmosIL2CPUSZArrayImpl1SystemReflectionAssemblyContainsSystemReflectionAssembly', ID = '6763'
Method 'SystemBooleanCosmosIL2CPUSZArrayImpl1SystemReflectionAssemblyget_IsReadOnly', ID = '6764'
Method 'SystemVoidCosmosIL2CPUSZArrayImpl1SystemReflectionAssemblyClear', ID = '6765'
Method 'SystemInt32CosmosIL2CPUSZArrayImpl1SystemReflectionAssemblyIndexOfSystemReflectionAssembly', ID = '6766'
Method 'SystemVoidCosmosIL2CPUSZArrayImpl1SystemReflectionAssemblyInsertSystemInt32SystemReflectionAssembly', ID = '6767'
Method 'SystemVoidCosmosIL2CPUSZArrayImpl1SystemReflectionAssemblyRemoveAtSystemInt32', ID = '6768'
Method 'SystemBooleanCosmosIL2CPUSZArrayImpl1SystemReflectionAssemblyget_IsFixedSize', ID = '6769'
Method 'SystemVoidCosmosIL2CPUSZArrayImpl1SystemReflectionAssemblyRemoveSystemReflectionAssembly', ID = '6770'
Method 'SystemObjectCosmosIL2CPUSZArrayImpl1SystemReflectionAssemblyget_SyncRoot', ID = '6771'
Method 'SystemBooleanCosmosIL2CPUSZArrayImpl1SystemReflectionAssemblyget_IsSynchronized', ID = '6772'
Method 'SystemVoidSystemSZGenericArrayEnumerator1SystemCollectionsGenericKeyValuePair2SystemStringSystemReflectionAssemblycctor', ID = '6773'
Method 'SystemVoidSystemSZGenericArrayEnumerator1SystemCollectionsGenericKeyValuePair2SystemStringSystemReflectionAssemblyDispose', ID = '6774'
Method 'SystemBooleanSystemSZGenericArrayEnumerator1SystemCollectionsGenericKeyValuePair2SystemStringSystemReflectionAssemblyMoveNext', ID = '6775'
Method 'SystemStringSystemCollectionsGenericKeyValuePair2SystemStringSystemReflectionAssemblyToString', ID = '6776'
Method 'SystemBooleanSystemRuntimeCompilerServicesRuntimeHelpersIsBitwiseEquatableSystemCollectionsGenericKeyValuePair2SystemStringSystemReflectionAssembly', ID = '6777'
Method 'SystemInt32InternalRuntimeCompilerServicesUnsafeSizeOfSystemCollectionsGenericKeyValuePair2SystemStringSystemReflectionAssembly', ID = '6778'
Method 'SystemByteInternalRuntimeCompilerServicesUnsafeAsSystemCollectionsGenericKeyValuePair2SystemStringSystemReflectionAssemblySystemByteSystemCollectionsGenericKeyValuePair57E15675003EB7202488C063D17D15FF', ID = '6779'
Method 'SystemCharInternalRuntimeCompilerServicesUnsafeAsSystemCollectionsGenericKeyValuePair2SystemStringSystemReflectionAssemblySystemCharSystemCollectionsGenericKeyValuePairBB92EB164036EDBA5B30E8EDF3D39B5C', ID = '6780'
Method 'SystemInt32InternalRuntimeCompilerServicesUnsafeAsSystemCollectionsGenericKeyValuePair2SystemStringSystemReflectionAssemblySystemInt32SystemCollectionsGenericKeyValuePa26DF010F961DAAAD75D0D9ACDF77519E', ID = '6781'
Method 'SystemInt64InternalRuntimeCompilerServicesUnsafeAsSystemCollectionsGenericKeyValuePair2SystemStringSystemReflectionAssemblySystemInt64SystemCollectionsGenericKeyValuePa9D04F99140DF02C876B4032ADACFE2F5', ID = '6782'
Method 'SystemCollectionsGenericEqualityComparer1SystemCollectionsGenericKeyValuePair2SystemStringSystemReflectionAssemblySystemCollectionsGenericEqualityComparer1SystemCollectBA607C9417DD369DE74048DE990AEE6C', ID = '6783'
Method 'SystemInt32SystemCollectionsGenericEqualityComparer1SystemCollectionsGenericKeyValuePair2SystemStringSystemReflectionAssemblyIndexOfSystemCollectionsGenericKeyValuePairB49C0237FEC17DBFB77EE8A82AEBAD81', ID = '6784'
Method 'SystemVoidCosmosIL2CPUSZArrayImpl1GetEnumeratord__0SystemCollectionsGenericKeyValuePair2SystemStringSystemReflectionAssemblyctorSystemInt32', ID = '6785'
Method 'SystemRuntimeIntrinsicsVector1281SystemSingleInternalRuntimeCompilerServicesUnsafeAsSystemRuntimeIntrinsicsVector1281SystemSingleSystemRuntimeIntrinsicsVector1281SystemAD1B7F5A136BE4F46684C45B301BEFC8', ID = '6787'
Method 'SystemRuntimeIntrinsicsVector1281SystemDoubleInternalRuntimeCompilerServicesUnsafeAsSystemRuntimeIntrinsicsVector1281SystemSingleSystemRuntimeIntrinsicsVector1281System79DC16961C88E4F62F59D6EA3C41B55C', ID = '6788'
Method 'SystemRuntimeIntrinsicsVector1281SystemByteInternalRuntimeCompilerServicesUnsafeAsSystemRuntimeIntrinsicsVector1281SystemSingleSystemRuntimeIntrinsicsVector1281SystemBy79FB838D98F7602B55D6BFCA038A066C', ID = '6789'
Method 'SystemBooleanSystemSingleEqualsSystemSingle', ID = '6790'
Method 'SystemRuntimeIntrinsicsVector1281SystemInt32InternalRuntimeCompilerServicesUnsafeAsSystemRuntimeIntrinsicsVector1281SystemSingleSystemRuntimeIntrinsicsVector1281SystemI36EDD5FCCC04FCDD23C66771394C9F23', ID = '6791'
Method 'SystemRuntimeTypeHandleCosmosCore_PlugsSystemTypeImplCreateRuntimeTypeHandleSystemInt32', ID = '6792'
Method 'SystemUInt32CosmosCoreVTablesImplGetSizeSystemUInt32', ID = '6794'
Method 'SystemArrayCosmosCore_PlugsSystemGCImplCreateNewArraySystemInt32SystemInt32', ID = '6795'
Method 'SystemRuntimeIntrinsicsVector2561SystemSingleInternalRuntimeCompilerServicesUnsafeAsSystemRuntimeIntrinsicsVector2561SystemSingleSystemRuntimeIntrinsicsVector2561System0D1DD4D9A2C2480F6A63BDFDD49AABC2', ID = '6796'
Method 'SystemRuntimeIntrinsicsVector2561SystemDoubleInternalRuntimeCompilerServicesUnsafeAsSystemRuntimeIntrinsicsVector2561SystemSingleSystemRuntimeIntrinsicsVector2561System5F7F4E6AEB32EC638E331162711F58FA', ID = '6797'
Method 'SystemRuntimeIntrinsicsVector2561SystemSingleInternalRuntimeCompilerServicesUnsafeAsSystemRuntimeIntrinsicsVector2561SystemDoubleSystemRuntimeIntrinsicsVector2561SystemE7D7BEDFC6D773D3AED43DB5E5945237', ID = '6798'
Method 'SystemRuntimeIntrinsicsVector2561SystemDoubleInternalRuntimeCompilerServicesUnsafeAsSystemRuntimeIntrinsicsVector2561SystemDoubleSystemRuntimeIntrinsicsVector2561SystemDB6D1DBBF2289BED5D9D123471070615', ID = '6799'
Method 'SystemRuntimeIntrinsicsVector2561SystemByteInternalRuntimeCompilerServicesUnsafeAsSystemRuntimeIntrinsicsVector2561SystemDoubleSystemRuntimeIntrinsicsVector2561SystemBy7FD7E3B5219C59EB5815447E916B4F61', ID = '6800'
Method 'SystemRuntimeIntrinsicsVector1281SystemDoubleInternalRuntimeCompilerServicesUnsafeAsSystemRuntimeIntrinsicsVector1281SystemInt32SystemRuntimeIntrinsicsVector1281SystemD91F5E27AE3D20BB6BC2310D7F07310B6', ID = '6801'
Method 'SystemRuntimeIntrinsicsVector1281SystemByteInternalRuntimeCompilerServicesUnsafeAsSystemRuntimeIntrinsicsVector1281SystemInt32SystemRuntimeIntrinsicsVector1281SystemByt96310126A2F50F743F00399A392E41DB', ID = '6802'
Method 'SystemVoidSystemRandomThreadSafeRandomNextBytesSystemBytearray', ID = '6803'
Method 'SystemStringSystemPrivateCoreLibSystemSRget_Overflow_NegateTwosCompNum', ID = '6806'
Method 'SystemVoidSystemCollectionsGenericEqualityComparer1SystemBooleancctor', ID = '6807'
Method 'SystemIntPtrInternalRuntimeCompilerServicesUnsafeByteOffsetSystemCharSystemCharSystemChar', ID = '6809'
Method 'SystemInt32InternalRuntimeCompilerServicesUnsafeSizeOfSystemIntPtr', ID = '6810'
Method 'SystemInt64SystemIntPtrop_ExplicitSystemIntPtr', ID = '6811'
Method 'SystemVoidSystemGlobalizationSurrogateCasingToUpperSystemCharSystemCharSystemCharSystemChar', ID = '6812'
Method 'SystemCharSystemGlobalizationInvariantModeCasingToUpperSystemChar', ID = '6813'
Method 'SystemVoidSystemGlobalizationTextInfoChangeCaseCommonSystemGlobalizationTextInfoToUpperConversionSystemCharSystemCharSystemInt32', ID = '6814'
Method 'SystemVoidSystemValueTuple2SystemUInt32SystemInt32ctorSystemUInt32SystemInt32', ID = '6816'
Method 'SystemStringSystemValueTuple2SystemUInt32SystemInt32ToString', ID = '6817'
Method 'SystemBooleanSystemValueTuple2SystemUInt32SystemInt32EqualsSystemObject', ID = '6818'
Method 'SystemInt32SystemValueTuple2SystemUInt32SystemInt32GetHashCode', ID = '6819'
Method 'SystemBooleanSystemTextUnicodeUtilityIsValidCodePointSystemUInt32', ID = '6822'
Method 'SystemReadOnlySpan1SystemByteSystemGlobalizationCharUnicodeInfoget_UppercaseValues', ID = '6823'
Method 'SystemInt16InternalRuntimeCompilerServicesUnsafeAsSystemByteSystemInt16SystemByte', ID = '6824'
Method 'SystemInt16InternalRuntimeCompilerServicesUnsafeAddSystemInt16SystemInt16SystemIntPtr', ID = '6825'
Method 'SystemInt32CosmosCore_PlugsInteropKernel32ImplCompareStringOrdinalSystemCharpointerSystemInt32SystemCharpointerSystemInt32SystemBoolean', ID = '6827'
Method 'SystemVoidSystemGlobalizationOrdinalCasingcctor', ID = '6828'
Method 'SystemUInt16arraySystemGlobalizationOrdinalCasingInitOrdinalCasingPageSystemInt32', ID = '6831'
Method 'SystemVoidSystemCollectionsGenericEqualityComparer1SystemCollectionsGenericKeyValuePair2SystemStringSystemObjectcctor', ID = '6832'
Method 'SystemUIntPtrSystemTextASCIIUtilityWidenAsciiToUtf16_IntrinsifiedSystemBytepointerSystemCharpointerSystemUIntPtr', ID = '6834'
Method 'SystemNumericsVector1SystemSByteInternalRuntimeCompilerServicesUnsafeReadUnalignedSystemNumericsVector1SystemSByteSystemVoidpointer', ID = '6835'
Method 'SystemNumericsVector1SystemSByteSystemNumericsVector1SystemSByteget_Zero', ID = '6836'
Method 'SystemBooleanSystemNumericsVectorLessThanAnySystemSByteSystemNumericsVector1SystemSByteSystemNumericsVector1SystemSByte', ID = '6837'
Method 'SystemNumericsVector1SystemByteSystemNumericsVectorAsVectorByteSystemSByteSystemNumericsVector1SystemSByte', ID = '6838'
Method 'SystemVoidSystemNumericsVectorWidenSystemNumericsVector1SystemByteSystemNumericsVector1SystemUInt16SystemNumericsVector1SystemUInt16', ID = '6839'
Method 'SystemVoidInternalRuntimeCompilerServicesUnsafeWriteUnalignedSystemNumericsVector1SystemUInt16SystemVoidpointerSystemNumericsVector1SystemUInt16', ID = '6840'
Method 'SystemBooleanSystemTextASCIIUtilityAllBytesInUInt32AreAsciiSystemUInt32', ID = '6841'
Method 'SystemVoidSystemTextASCIIUtilityWidenFourAsciiBytesToUtf16AndWriteToBufferSystemCharSystemUInt32', ID = '6842'
Method 'SystemUInt16InternalRuntimeCompilerServicesUnsafeReadUnalignedSystemUInt16SystemVoidpointer', ID = '6843'
Method 'SystemIntPtrInternalRuntimeCompilerServicesUnsafeByteOffsetSystemByteSystemByteSystemByte', ID = '6844'
Method 'SystemBooleanSystemTextUnicodeUtf8UtilityUInt32FirstByteIsAsciiSystemUInt32', ID = '6845'
Method 'SystemUInt32SystemTextUnicodeUtf8UtilityToLittleEndianSystemUInt32', ID = '6846'
Method 'SystemBooleanSystemTextUnicodeUtf8UtilityUInt32SecondByteIsAsciiSystemUInt32', ID = '6847'
Method 'SystemBooleanSystemTextUnicodeUtf8UtilityUInt32ThirdByteIsAsciiSystemUInt32', ID = '6848'
Method 'SystemBooleanSystemTextUnicodeUtf8UtilityUInt32BeginsWithUtf8TwoByteMaskSystemUInt32', ID = '6849'
Method 'SystemBooleanSystemTextUnicodeUtf8UtilityUInt32BeginsWithOverlongUtf8TwoByteSequenceSystemUInt32', ID = '6850'
Method 'SystemBooleanSystemTextUnicodeUtf8UtilityUInt32EndsWithValidUtf8TwoByteSequenceLittleEndianSystemUInt32', ID = '6851'
Method 'SystemUInt32SystemTextUnicodeUtf8UtilityExtractTwoCharsPackedFromTwoAdjacentTwoByteSequencesSystemUInt32', ID = '6852'
Method 'SystemBooleanSystemTextUnicodeUtf8UtilityUInt32BeginsWithValidUtf8TwoByteSequenceLittleEndianSystemUInt32', ID = '6853'
Method 'SystemUInt32SystemTextUnicodeUtf8UtilityExtractCharFromFirstTwoByteSequenceSystemUInt32', ID = '6854'
Method 'SystemBooleanSystemTextUnicodeUtf8UtilityUInt32FourthByteIsAsciiSystemUInt32', ID = '6855'
Method 'SystemBooleanSystemTextUnicodeUtf8UtilityUInt32BeginsWithUtf8ThreeByteMaskSystemUInt32', ID = '6856'
Method 'SystemUInt32SystemTextUnicodeUtf8UtilityExtractCharFromFirstThreeByteSequenceSystemUInt32', ID = '6857'
Method 'SystemBooleanSystemTextUnicodeUtf8UtilityUInt32BeginsWithUtf8FourByteMaskSystemUInt32', ID = '6858'
Method 'SystemUInt32SystemTextUnicodeUtf8UtilityExtractCharsFromFourByteSequenceSystemUInt32', ID = '6859'
Method 'SystemBooleanSystemTextUnicodeUtf8UtilityIsLowByteUtf8ContinuationByteSystemUInt32', ID = '6860'
Method 'SystemTextDecoderFallbackSystemTextDecoderget_Fallback', ID = '6863'
Method 'SystemStringSystemTextDecoderReplacementFallbackget_DefaultString', ID = '6865'
Method 'SystemBuffersOperationStatusSystemTextUnicodeUtf8ToUtf16SystemReadOnlySpan1SystemByteSystemSpan1SystemCharSystemInt32SystemInt32SystemBooleanSystemBoolean', ID = '6866'
Method 'SystemTextDecoderFallbackBufferSystemTextDecoderget_FallbackBuffer', ID = '6867'
Method 'SystemBuffersOperationStatusSystemTextASCIIEncodingDecodeFirstRuneSystemReadOnlySpan1SystemByteSystemTextRuneSystemInt32', ID = '6869'
Method 'SystemBuffersOperationStatusSystemTextUTF8EncodingDecodeFirstRuneSystemReadOnlySpan1SystemByteSystemTextRuneSystemInt32', ID = '6870'
Method 'SystemVoidSystemSpan1SystemInt32ctorSystemInt32SystemInt32', ID = '6871'
Method 'SystemSpan1SystemByteSystemRuntimeInteropServicesMemoryMarshalAsBytesSystemInt32SystemSpan1SystemInt32', ID = '6872'
Method 'SystemVoidSystemReadOnlySpan1SystemByteCopyToSystemSpan1SystemByte', ID = '6873'
Method 'SystemBooleanSystemTextDecoderFallbackBufferTryDrainRemainingDataForGetCharsSystemSpan1SystemCharSystemInt32', ID = '6875'
Method 'SystemBooleanSystemTextDecoderget_InternalHasFallbackBuffer', ID = '6876'
Method 'SystemVoidSystemTextDecoderFallbackBufferInternalReset', ID = '6877'
Method 'SystemVoidSystemTextEncodingThrowCharsOverflow', ID = '6878'
Method 'SystemVoidSystemTextDecoderNLSClearMustFlush', ID = '6879'
Method 'SystemInt32SystemTextASCIIEncodingGetCharCountFastSystemBytepointerSystemInt32SystemTextDecoderFallbackSystemInt32', ID = '6880'
Method 'SystemInt32SystemTextUTF8EncodingGetCharCountFastSystemBytepointerSystemInt32SystemTextDecoderFallbackSystemInt32', ID = '6881'
Method 'SystemInt32SystemTextEncodingGetCharCountWithFallbackSystemReadOnlySpan1SystemByteSystemInt32SystemTextDecoderNLS', ID = '6882'
Method 'SystemVoidpointerInternalRuntimeCompilerServicesUnsafeAsPointerSystemReflectionRuntimeAssemblySystemReflectionRuntimeAssembly', ID = '6885'
Method 'SystemIntPtrSystemReflectionRuntimeAssemblyGetUnderlyingNativeHandle', ID = '6886'
Method 'SystemVoidCosmosCore_PlugsSystemReflectionRuntimeAssemblyImplGetFullNameSystemObjectSystemObject', ID = '6887'
Method 'SystemObjectInternalRuntimeCompilerServicesUnsafeAsSystemStringSystemObjectSystemString', ID = '6888'
Method 'SystemStringInternalRuntimeCompilerServicesUnsafeAsSystemStringSystemObject', ID = '6889'
Method 'SystemReflectionRuntimeMethodInfoarrayInternalRuntimeCompilerServicesUnsafeAsSystemReflectionRuntimeMethodInfoarraySystemObject', ID = '6892'
Method 'SystemVoidSystemSZGenericArrayEnumerator1SystemReflectionRuntimeMethodInfoctorSystemReflectionRuntimeMethodInfoarray', ID = '6893'
Method 'SystemInt32SystemArrayIndexOfSystemReflectionRuntimeMethodInfoSystemReflectionRuntimeMethodInfoarraySystemReflectionRuntimeMethodInfoSystemInt32SystemInt32', ID = '6897'
Method 'SystemCollectionsGenericIEnumerator1SystemReflectionRuntimeMethodInfoCosmosIL2CPUSZArrayImpl1SystemReflectionRuntimeMethodInfoGetEnumerator', ID = '6898'
Method 'SystemVoidCosmosIL2CPUSZArrayImpl1SystemReflectionRuntimeMethodInfoCopyToSystemReflectionRuntimeMethodInfoarraySystemInt32', ID = '6899'
Method 'SystemInt32CosmosIL2CPUSZArrayImpl1SystemReflectionRuntimeMethodInfoget_Count', ID = '6900'
Method 'SystemReflectionRuntimeMethodInfoCosmosIL2CPUSZArrayImpl1SystemReflectionRuntimeMethodInfoget_ItemSystemInt32', ID = '6901'
Method 'SystemVoidCosmosIL2CPUSZArrayImpl1SystemReflectionRuntimeMethodInfoset_ItemSystemInt32SystemReflectionRuntimeMethodInfo', ID = '6902'
Method 'SystemVoidCosmosIL2CPUSZArrayImpl1SystemReflectionRuntimeMethodInfoAddSystemReflectionRuntimeMethodInfo', ID = '6903'
Method 'SystemBooleanCosmosIL2CPUSZArrayImpl1SystemReflectionRuntimeMethodInfoContainsSystemReflectionRuntimeMethodInfo', ID = '6904'
Method 'SystemBooleanCosmosIL2CPUSZArrayImpl1SystemReflectionRuntimeMethodInfoget_IsReadOnly', ID = '6905'
Method 'SystemVoidCosmosIL2CPUSZArrayImpl1SystemReflectionRuntimeMethodInfoClear', ID = '6906'
Method 'SystemInt32CosmosIL2CPUSZArrayImpl1SystemReflectionRuntimeMethodInfoIndexOfSystemReflectionRuntimeMethodInfo', ID = '6907'
Method 'SystemVoidCosmosIL2CPUSZArrayImpl1SystemReflectionRuntimeMethodInfoInsertSystemInt32SystemReflectionRuntimeMethodInfo', ID = '6908'
Method 'SystemVoidCosmosIL2CPUSZArrayImpl1SystemReflectionRuntimeMethodInfoRemoveAtSystemInt32', ID = '6909'
Method 'SystemBooleanCosmosIL2CPUSZArrayImpl1SystemReflectionRuntimeMethodInfoget_IsFixedSize', ID = '6910'
Method 'SystemVoidCosmosIL2CPUSZArrayImpl1SystemReflectionRuntimeMethodInfoRemoveSystemReflectionRuntimeMethodInfo', ID = '6911'
Method 'SystemObjectCosmosIL2CPUSZArrayImpl1SystemReflectionRuntimeMethodInfoget_SyncRoot', ID = '6912'
Method 'SystemBooleanCosmosIL2CPUSZArrayImpl1SystemReflectionRuntimeMethodInfoget_IsSynchronized', ID = '6913'
Method 'SystemReflectionRuntimeConstructorInfoarrayInternalRuntimeCompilerServicesUnsafeAsSystemReflectionRuntimeConstructorInfoarraySystemObject', ID = '6916'
Method 'SystemVoidSystemSZGenericArrayEnumerator1SystemReflectionRuntimeConstructorInfoctorSystemReflectionRuntimeConstructorInfoarray', ID = '6917'
Method 'SystemInt32SystemArrayIndexOfSystemReflectionRuntimeConstructorInfoSystemReflectionRuntimeConstructorInfoarraySystemReflectionRuntimeConstructorInfoSystemInt32SystemInt32', ID = '6921'
Method 'SystemCollectionsGenericIEnumerator1SystemReflectionRuntimeConstructorInfoCosmosIL2CPUSZArrayImpl1SystemReflectionRuntimeConstructorInfoGetEnumerator', ID = '6922'
Method 'SystemVoidCosmosIL2CPUSZArrayImpl1SystemReflectionRuntimeConstructorInfoCopyToSystemReflectionRuntimeConstructorInfoarraySystemInt32', ID = '6923'
Method 'SystemInt32CosmosIL2CPUSZArrayImpl1SystemReflectionRuntimeConstructorInfoget_Count', ID = '6924'
Method 'SystemReflectionRuntimeConstructorInfoCosmosIL2CPUSZArrayImpl1SystemReflectionRuntimeConstructorInfoget_ItemSystemInt32', ID = '6925'
Method 'SystemVoidCosmosIL2CPUSZArrayImpl1SystemReflectionRuntimeConstructorInfoset_ItemSystemInt32SystemReflectionRuntimeConstructorInfo', ID = '6926'
Method 'SystemVoidCosmosIL2CPUSZArrayImpl1SystemReflectionRuntimeConstructorInfoAddSystemReflectionRuntimeConstructorInfo', ID = '6927'
Method 'SystemBooleanCosmosIL2CPUSZArrayImpl1SystemReflectionRuntimeConstructorInfoContainsSystemReflectionRuntimeConstructorInfo', ID = '6928'
Method 'SystemBooleanCosmosIL2CPUSZArrayImpl1SystemReflectionRuntimeConstructorInfoget_IsReadOnly', ID = '6929'
Method 'SystemVoidCosmosIL2CPUSZArrayImpl1SystemReflectionRuntimeConstructorInfoClear', ID = '6930'
Method 'SystemInt32CosmosIL2CPUSZArrayImpl1SystemReflectionRuntimeConstructorInfoIndexOfSystemReflectionRuntimeConstructorInfo', ID = '6931'
Method 'SystemVoidCosmosIL2CPUSZArrayImpl1SystemReflectionRuntimeConstructorInfoInsertSystemInt32SystemReflectionRuntimeConstructorInfo', ID = '6932'
Method 'SystemVoidCosmosIL2CPUSZArrayImpl1SystemReflectionRuntimeConstructorInfoRemoveAtSystemInt32', ID = '6933'
Method 'SystemBooleanCosmosIL2CPUSZArrayImpl1SystemReflectionRuntimeConstructorInfoget_IsFixedSize', ID = '6934'
Method 'SystemVoidCosmosIL2CPUSZArrayImpl1SystemReflectionRuntimeConstructorInfoRemoveSystemReflectionRuntimeConstructorInfo', ID = '6935'
Method 'SystemObjectCosmosIL2CPUSZArrayImpl1SystemReflectionRuntimeConstructorInfoget_SyncRoot', ID = '6936'
Method 'SystemBooleanCosmosIL2CPUSZArrayImpl1SystemReflectionRuntimeConstructorInfoget_IsSynchronized', ID = '6937'
Method 'SystemReflectionRuntimeFieldInfoarrayInternalRuntimeCompilerServicesUnsafeAsSystemReflectionRuntimeFieldInfoarraySystemObject', ID = '6940'
Method 'SystemVoidSystemSZGenericArrayEnumerator1SystemReflectionRuntimeFieldInfoctorSystemReflectionRuntimeFieldInfoarray', ID = '6941'
Method 'SystemInt32SystemArrayIndexOfSystemReflectionRuntimeFieldInfoSystemReflectionRuntimeFieldInfoarraySystemReflectionRuntimeFieldInfoSystemInt32SystemInt32', ID = '6945'
Method 'SystemCollectionsGenericIEnumerator1SystemReflectionRuntimeFieldInfoCosmosIL2CPUSZArrayImpl1SystemReflectionRuntimeFieldInfoGetEnumerator', ID = '6946'
Method 'SystemVoidCosmosIL2CPUSZArrayImpl1SystemReflectionRuntimeFieldInfoCopyToSystemReflectionRuntimeFieldInfoarraySystemInt32', ID = '6947'
Method 'SystemInt32CosmosIL2CPUSZArrayImpl1SystemReflectionRuntimeFieldInfoget_Count', ID = '6948'
Method 'SystemReflectionRuntimeFieldInfoCosmosIL2CPUSZArrayImpl1SystemReflectionRuntimeFieldInfoget_ItemSystemInt32', ID = '6949'
Method 'SystemVoidCosmosIL2CPUSZArrayImpl1SystemReflectionRuntimeFieldInfoset_ItemSystemInt32SystemReflectionRuntimeFieldInfo', ID = '6950'
Method 'SystemVoidCosmosIL2CPUSZArrayImpl1SystemReflectionRuntimeFieldInfoAddSystemReflectionRuntimeFieldInfo', ID = '6951'
Method 'SystemBooleanCosmosIL2CPUSZArrayImpl1SystemReflectionRuntimeFieldInfoContainsSystemReflectionRuntimeFieldInfo', ID = '6952'
Method 'SystemBooleanCosmosIL2CPUSZArrayImpl1SystemReflectionRuntimeFieldInfoget_IsReadOnly', ID = '6953'
Method 'SystemVoidCosmosIL2CPUSZArrayImpl1SystemReflectionRuntimeFieldInfoClear', ID = '6954'
Method 'SystemInt32CosmosIL2CPUSZArrayImpl1SystemReflectionRuntimeFieldInfoIndexOfSystemReflectionRuntimeFieldInfo', ID = '6955'
Method 'SystemVoidCosmosIL2CPUSZArrayImpl1SystemReflectionRuntimeFieldInfoInsertSystemInt32SystemReflectionRuntimeFieldInfo', ID = '6956'
Method 'SystemVoidCosmosIL2CPUSZArrayImpl1SystemReflectionRuntimeFieldInfoRemoveAtSystemInt32', ID = '6957'
Method 'SystemBooleanCosmosIL2CPUSZArrayImpl1SystemReflectionRuntimeFieldInfoget_IsFixedSize', ID = '6958'
Method 'SystemVoidCosmosIL2CPUSZArrayImpl1SystemReflectionRuntimeFieldInfoRemoveSystemReflectionRuntimeFieldInfo', ID = '6959'
Method 'SystemObjectCosmosIL2CPUSZArrayImpl1SystemReflectionRuntimeFieldInfoget_SyncRoot', ID = '6960'
Method 'SystemBooleanCosmosIL2CPUSZArrayImpl1SystemReflectionRuntimeFieldInfoget_IsSynchronized', ID = '6961'
Method 'SystemRuntimeTypearrayInternalRuntimeCompilerServicesUnsafeAsSystemRuntimeTypearraySystemObject', ID = '6964'
Method 'SystemVoidSystemSZGenericArrayEnumerator1SystemRuntimeTypectorSystemRuntimeTypearray', ID = '6965'
Method 'SystemInt32SystemArrayIndexOfSystemRuntimeTypeSystemRuntimeTypearraySystemRuntimeTypeSystemInt32SystemInt32', ID = '6968'
Method 'SystemCollectionsGenericIEnumerator1SystemRuntimeTypeCosmosIL2CPUSZArrayImpl1SystemRuntimeTypeGetEnumerator', ID = '6969'
Method 'SystemVoidCosmosIL2CPUSZArrayImpl1SystemRuntimeTypeCopyToSystemRuntimeTypearraySystemInt32', ID = '6970'
Method 'SystemInt32CosmosIL2CPUSZArrayImpl1SystemRuntimeTypeget_Count', ID = '6971'
Method 'SystemRuntimeTypeCosmosIL2CPUSZArrayImpl1SystemRuntimeTypeget_ItemSystemInt32', ID = '6972'
Method 'SystemVoidCosmosIL2CPUSZArrayImpl1SystemRuntimeTypeset_ItemSystemInt32SystemRuntimeType', ID = '6973'
Method 'SystemVoidCosmosIL2CPUSZArrayImpl1SystemRuntimeTypeAddSystemRuntimeType', ID = '6974'
Method 'SystemBooleanCosmosIL2CPUSZArrayImpl1SystemRuntimeTypeContainsSystemRuntimeType', ID = '6975'
Method 'SystemBooleanCosmosIL2CPUSZArrayImpl1SystemRuntimeTypeget_IsReadOnly', ID = '6976'
Method 'SystemVoidCosmosIL2CPUSZArrayImpl1SystemRuntimeTypeClear', ID = '6977'
Method 'SystemInt32CosmosIL2CPUSZArrayImpl1SystemRuntimeTypeIndexOfSystemRuntimeType', ID = '6978'
Method 'SystemVoidCosmosIL2CPUSZArrayImpl1SystemRuntimeTypeInsertSystemInt32SystemRuntimeType', ID = '6979'
Method 'SystemVoidCosmosIL2CPUSZArrayImpl1SystemRuntimeTypeRemoveAtSystemInt32', ID = '6980'
Method 'SystemBooleanCosmosIL2CPUSZArrayImpl1SystemRuntimeTypeget_IsFixedSize', ID = '6981'
Method 'SystemVoidCosmosIL2CPUSZArrayImpl1SystemRuntimeTypeRemoveSystemRuntimeType', ID = '6982'
Method 'SystemObjectCosmosIL2CPUSZArrayImpl1SystemRuntimeTypeget_SyncRoot', ID = '6983'
Method 'SystemBooleanCosmosIL2CPUSZArrayImpl1SystemRuntimeTypeget_IsSynchronized', ID = '6984'
Method 'SystemReflectionRuntimePropertyInfoarrayInternalRuntimeCompilerServicesUnsafeAsSystemReflectionRuntimePropertyInfoarraySystemObject', ID = '6987'
Method 'SystemVoidSystemSZGenericArrayEnumerator1SystemReflectionRuntimePropertyInfoctorSystemReflectionRuntimePropertyInfoarray', ID = '6988'
Method 'SystemInt32SystemArrayIndexOfSystemReflectionRuntimePropertyInfoSystemReflectionRuntimePropertyInfoarraySystemReflectionRuntimePropertyInfoSystemInt32SystemInt32', ID = '6992'
Method 'SystemCollectionsGenericIEnumerator1SystemReflectionRuntimePropertyInfoCosmosIL2CPUSZArrayImpl1SystemReflectionRuntimePropertyInfoGetEnumerator', ID = '6993'
Method 'SystemVoidCosmosIL2CPUSZArrayImpl1SystemReflectionRuntimePropertyInfoCopyToSystemReflectionRuntimePropertyInfoarraySystemInt32', ID = '6994'
Method 'SystemInt32CosmosIL2CPUSZArrayImpl1SystemReflectionRuntimePropertyInfoget_Count', ID = '6995'
Method 'SystemReflectionRuntimePropertyInfoCosmosIL2CPUSZArrayImpl1SystemReflectionRuntimePropertyInfoget_ItemSystemInt32', ID = '6996'
Method 'SystemVoidCosmosIL2CPUSZArrayImpl1SystemReflectionRuntimePropertyInfoset_ItemSystemInt32SystemReflectionRuntimePropertyInfo', ID = '6997'
Method 'SystemVoidCosmosIL2CPUSZArrayImpl1SystemReflectionRuntimePropertyInfoAddSystemReflectionRuntimePropertyInfo', ID = '6998'
Method 'SystemBooleanCosmosIL2CPUSZArrayImpl1SystemReflectionRuntimePropertyInfoContainsSystemReflectionRuntimePropertyInfo', ID = '6999'
Method 'SystemBooleanCosmosIL2CPUSZArrayImpl1SystemReflectionRuntimePropertyInfoget_IsReadOnly', ID = '7000'
Method 'SystemVoidCosmosIL2CPUSZArrayImpl1SystemReflectionRuntimePropertyInfoClear', ID = '7001'
Method 'SystemInt32CosmosIL2CPUSZArrayImpl1SystemReflectionRuntimePropertyInfoIndexOfSystemReflectionRuntimePropertyInfo', ID = '7002'
Method 'SystemVoidCosmosIL2CPUSZArrayImpl1SystemReflectionRuntimePropertyInfoInsertSystemInt32SystemReflectionRuntimePropertyInfo', ID = '7003'
Method 'SystemVoidCosmosIL2CPUSZArrayImpl1SystemReflectionRuntimePropertyInfoRemoveAtSystemInt32', ID = '7004'
Method 'SystemBooleanCosmosIL2CPUSZArrayImpl1SystemReflectionRuntimePropertyInfoget_IsFixedSize', ID = '7005'
Method 'SystemVoidCosmosIL2CPUSZArrayImpl1SystemReflectionRuntimePropertyInfoRemoveSystemReflectionRuntimePropertyInfo', ID = '7006'
Method 'SystemObjectCosmosIL2CPUSZArrayImpl1SystemReflectionRuntimePropertyInfoget_SyncRoot', ID = '7007'
Method 'SystemBooleanCosmosIL2CPUSZArrayImpl1SystemReflectionRuntimePropertyInfoget_IsSynchronized', ID = '7008'
Method 'SystemReflectionRuntimeEventInfoarrayInternalRuntimeCompilerServicesUnsafeAsSystemReflectionRuntimeEventInfoarraySystemObject', ID = '7011'
Method 'SystemVoidSystemSZGenericArrayEnumerator1SystemReflectionRuntimeEventInfoctorSystemReflectionRuntimeEventInfoarray', ID = '7012'
Method 'SystemInt32SystemArrayIndexOfSystemReflectionRuntimeEventInfoSystemReflectionRuntimeEventInfoarraySystemReflectionRuntimeEventInfoSystemInt32SystemInt32', ID = '7016'
Method 'SystemCollectionsGenericIEnumerator1SystemReflectionRuntimeEventInfoCosmosIL2CPUSZArrayImpl1SystemReflectionRuntimeEventInfoGetEnumerator', ID = '7017'
Method 'SystemVoidCosmosIL2CPUSZArrayImpl1SystemReflectionRuntimeEventInfoCopyToSystemReflectionRuntimeEventInfoarraySystemInt32', ID = '7018'
Method 'SystemInt32CosmosIL2CPUSZArrayImpl1SystemReflectionRuntimeEventInfoget_Count', ID = '7019'
Method 'SystemReflectionRuntimeEventInfoCosmosIL2CPUSZArrayImpl1SystemReflectionRuntimeEventInfoget_ItemSystemInt32', ID = '7020'
Method 'SystemVoidCosmosIL2CPUSZArrayImpl1SystemReflectionRuntimeEventInfoset_ItemSystemInt32SystemReflectionRuntimeEventInfo', ID = '7021'
Method 'SystemVoidCosmosIL2CPUSZArrayImpl1SystemReflectionRuntimeEventInfoAddSystemReflectionRuntimeEventInfo', ID = '7022'
Method 'SystemBooleanCosmosIL2CPUSZArrayImpl1SystemReflectionRuntimeEventInfoContainsSystemReflectionRuntimeEventInfo', ID = '7023'
Method 'SystemBooleanCosmosIL2CPUSZArrayImpl1SystemReflectionRuntimeEventInfoget_IsReadOnly', ID = '7024'
Method 'SystemVoidCosmosIL2CPUSZArrayImpl1SystemReflectionRuntimeEventInfoClear', ID = '7025'
Method 'SystemInt32CosmosIL2CPUSZArrayImpl1SystemReflectionRuntimeEventInfoIndexOfSystemReflectionRuntimeEventInfo', ID = '7026'
Method 'SystemVoidCosmosIL2CPUSZArrayImpl1SystemReflectionRuntimeEventInfoInsertSystemInt32SystemReflectionRuntimeEventInfo', ID = '7027'
Method 'SystemVoidCosmosIL2CPUSZArrayImpl1SystemReflectionRuntimeEventInfoRemoveAtSystemInt32', ID = '7028'
Method 'SystemBooleanCosmosIL2CPUSZArrayImpl1SystemReflectionRuntimeEventInfoget_IsFixedSize', ID = '7029'
Method 'SystemVoidCosmosIL2CPUSZArrayImpl1SystemReflectionRuntimeEventInfoRemoveSystemReflectionRuntimeEventInfo', ID = '7030'
Method 'SystemObjectCosmosIL2CPUSZArrayImpl1SystemReflectionRuntimeEventInfoget_SyncRoot', ID = '7031'
Method 'SystemBooleanCosmosIL2CPUSZArrayImpl1SystemReflectionRuntimeEventInfoget_IsSynchronized', ID = '7032'
Method 'SystemObjectCosmosCore_PlugsSystemRuntimeTypeHandleImplGetElementTypeSystemObject', ID = '7033'
Method 'SystemBooleanSystemRuntimeTypeHandleHasElementTypeSystemRuntimeType', ID = '7034'
Method 'SystemBooleanCosmosCore_PlugsSystemRuntimeTypeHandleImplHasInstantiationSystemObject', ID = '7035'
Method 'SystemObjectCosmosCore_PlugsSystemRuntimeTypeHandleImplGetAttributesSystemObject', ID = '7037'
Method 'SystemVoidSystemSZGenericArrayEnumerator1SystemTypecctor', ID = '7038'
Method 'SystemVoidSystemSZGenericArrayEnumerator1SystemTypeDispose', ID = '7039'
Method 'SystemBooleanSystemSZGenericArrayEnumerator1SystemTypeMoveNext', ID = '7040'
Method 'SystemBooleanSystemRuntimeCompilerServicesRuntimeHelpersIsBitwiseEquatableSystemType', ID = '7041'
Method 'SystemInt32InternalRuntimeCompilerServicesUnsafeSizeOfSystemType', ID = '7042'
Method 'SystemByteInternalRuntimeCompilerServicesUnsafeAsSystemTypeSystemByteSystemType', ID = '7043'
Method 'SystemCharInternalRuntimeCompilerServicesUnsafeAsSystemTypeSystemCharSystemType', ID = '7044'
Method 'SystemInt32InternalRuntimeCompilerServicesUnsafeAsSystemTypeSystemInt32SystemType', ID = '7045'
Method 'SystemInt64InternalRuntimeCompilerServicesUnsafeAsSystemTypeSystemInt64SystemType', ID = '7046'
Method 'SystemCollectionsGenericEqualityComparer1SystemTypeSystemCollectionsGenericEqualityComparer1SystemTypeget_Default', ID = '7047'
Method 'SystemInt32SystemCollectionsGenericEqualityComparer1SystemTypeIndexOfSystemTypearraySystemTypeSystemInt32SystemInt32', ID = '7048'
Method 'SystemVoidCosmosIL2CPUSZArrayImpl1GetEnumeratord__0SystemTypectorSystemInt32', ID = '7049'
Method 'SystemVoidpointerInternalRuntimeCompilerServicesUnsafeAsPointerSystemTypearraySystemTypearray', ID = '7053'
Method 'SystemVoidSystemRuntimeCompilerServicesObjectHandleOnStackctorSystemVoidpointer', ID = '7054'
Method 'SystemVoidCosmosCore_PlugsSystemRuntimeTypeHandleImplGetConstraintsSystemObjectSystemObject', ID = '7055'
Method 'SystemVoidSystemReflectionMetadataImportcctor', ID = '7056'
Method 'SystemBooleanSystemReflectionMetadataImportEqualsSystemObject', ID = '7057'
Method 'SystemInt32SystemReflectionMetadataImportGetHashCode', ID = '7058'
Method 'SystemIntPtrCosmosCore_PlugsSystemRuntimeTypeHandleImpl_GetMetadataImportSystemObject', ID = '7059'
Method 'SystemVoidCosmosCore_PlugsSystemReflectionMetadataImportImpl__GetGenericParamPropsSystemIntPtrSystemInt32SystemInt32pointer', ID = '7061'
Method 'SystemVoidSystemGlobalizationCalendarDatactor', ID = '7062'
Method 'SystemInt32CosmosCore_PlugsInteropKernel32ImplLCMapStringExSystemStringSystemUInt32SystemCharpointerSystemInt32SystemObjectSystemInt32SystemObjectSystemObjectSystemIntPtr', ID = '7063'
Method 'SystemVoidSystemCollectionsGenericEqualityComparer1SystemGlobalizationCalendarIdcctor', ID = '7064'
Method 'SystemVoidSystemCollectionsGenericEqualityComparer1SystemGlobalizationDateTimeFormatInfoTokenHashValuecctor', ID = '7066'
Method 'SystemVoidSystemCollectionsGenericEqualityComparer1SystemGlobalizationCalendarDatacctor', ID = '7068'
Method 'SystemBooleanSystemGlobalizationGlobalizationModeTryGetAppLocalIcuSwitchValueSystemString', ID = '7072'
Method 'SystemVoidSystemGlobalizationGlobalizationModeLoadAppLocalIcuSystemString', ID = '7074'
Method 'SystemReadOnlySpan1SystemByteSystemGlobalizationIcuLocaleDataget_LocalesNamesIndexes', ID = '7077'
Method 'SystemReadOnlySpan1SystemByteSystemGlobalizationIcuLocaleDataget_CultureNames', ID = '7078'
Method 'SystemInt32SystemSpanHelpersSequenceCompareToSystemByteSystemInt32SystemByteSystemInt32', ID = '7079'
Method 'SystemInt32SystemSpanHelpersSequenceCompareToSystemCharSystemInt32SystemCharSystemInt32', ID = '7080'
Method 'SystemInt32SystemSpanHelpersSequenceCompareToSystemByteSystemByteSystemInt32SystemByteSystemInt32', ID = '7081'
Method 'SystemVoidSystemGlobalizationGregorianCalendarcctor', ID = '7082'
Method 'SystemGlobalizationCalendarIdSystemGlobalizationGregorianCalendarget_ID', ID = '7084'
Method 'SystemVoidSystemGlobalizationCalendarctor', ID = '7085'
Method 'SystemStringSystemPrivateCoreLibSystemSRget_ArgumentOutOfRange_Range', ID = '7086'
Method 'SystemVoidSystemArgumentOutOfRangeExceptionctorSystemStringSystemObjectSystemString', ID = '7087'
Method 'SystemBooleanSystemLocalAppContextSwitchesGetCachedSwitchValueInternalSystemStringSystemInt32', ID = '7088'
Method 'SystemInt32SystemGlobalizationCultureDataIndexOfTimePartSystemStringSystemInt32SystemString', ID = '7089'
Method 'SystemStringSystemGlobalizationCultureDataUnescapeNlsStringSystemStringSystemInt32SystemInt32', ID = '7090'
Method 'SystemVoidSystemTextEncoderExceptionFallbackctor', ID = '7092'
Method 'SystemVoidSystemTextEncoderExceptionFallbackBufferctor', ID = '7093'
Method 'SystemVoidSystemTextDecoderExceptionFallbackctor', ID = '7094'
Method 'SystemRuntimeIntrinsicsVector1281SystemSingleSystemRuntimeIntrinsicsVector128AsSystemUInt64SystemSingleSystemRuntimeIntrinsicsVector1281SystemUInt64', ID = '7095'
Method 'SystemRuntimeIntrinsicsVector1281SystemDoubleSystemRuntimeIntrinsicsVector128AsSystemUInt64SystemDoubleSystemRuntimeIntrinsicsVector1281SystemUInt64', ID = '7096'
Method 'SystemRuntimeIntrinsicsVector1281SystemSingleSystemRuntimeIntrinsicsVector128AsSystemInt16SystemSingleSystemRuntimeIntrinsicsVector1281SystemInt16', ID = '7098'
Method 'SystemRuntimeIntrinsicsVector1281SystemDoubleSystemRuntimeIntrinsicsVector128AsSystemInt16SystemDoubleSystemRuntimeIntrinsicsVector1281SystemInt16', ID = '7099'
Method 'SystemBooleanSystemNumericsVector1SystemUIntPtrScalarEqualsSystemUIntPtrSystemUIntPtr', ID = '7101'
Method 'SystemInt32SystemCharConvertToUtf32SystemCharSystemChar', ID = '7102'
Method 'SystemRuntimeIntrinsicsVector1281SystemSingleSystemRuntimeIntrinsicsVector128AsSystemUInt32SystemSingleSystemRuntimeIntrinsicsVector1281SystemUInt32', ID = '7103'
Method 'SystemRuntimeIntrinsicsVector1281SystemDoubleSystemRuntimeIntrinsicsVector128AsSystemUInt32SystemDoubleSystemRuntimeIntrinsicsVector1281SystemUInt32', ID = '7104'
Method 'SystemRuntimeIntrinsicsVector1281SystemByteSystemRuntimeIntrinsicsVector128AsSystemUInt32SystemByteSystemRuntimeIntrinsicsVector1281SystemUInt32', ID = '7105'
Method 'SystemReadOnlySpan1SystemBooleanSystemGlobalizationCompareInfoget_HighCharTable', ID = '7109'
Method 'SystemBooleanSystemReadOnlySpan1SystemBooleanget_ItemSystemInt32', ID = '7110'
Method 'SystemBooleanCosmosCore_PlugsInteropGlobalizationImplStartsWithSystemIntPtrSystemCharpointerSystemInt32SystemCharpointerSystemInt32SystemGlobalizationCompareOptionsSystemInt32pointer', ID = '7111'
Method 'SystemStringCosmosCore_PlugsSystemStringImplChangeCasingSystemStringSystemInt32SystemInt32SystemInt32', ID = '7113'
Method 'SystemVoidSystemCollectionsGenericEqualityComparer1SystemCollectionsGenericDictionary2EntrySystemStringSystemReflectionAssemblycctor', ID = '7114'
Method 'SystemVoidSystemSZGenericArrayEnumerator1SystemReflectionAssemblycctor', ID = '7116'
Method 'SystemVoidSystemSZGenericArrayEnumerator1SystemReflectionAssemblyDispose', ID = '7117'
Method 'SystemBooleanSystemSZGenericArrayEnumerator1SystemReflectionAssemblyMoveNext', ID = '7118'
Method 'SystemBooleanSystemRuntimeCompilerServicesRuntimeHelpersIsBitwiseEquatableSystemReflectionAssembly', ID = '7119'
Method 'SystemInt32InternalRuntimeCompilerServicesUnsafeSizeOfSystemReflectionAssembly', ID = '7120'
Method 'SystemByteInternalRuntimeCompilerServicesUnsafeAsSystemReflectionAssemblySystemByteSystemReflectionAssembly', ID = '7121'
Method 'SystemCharInternalRuntimeCompilerServicesUnsafeAsSystemReflectionAssemblySystemCharSystemReflectionAssembly', ID = '7122'
Method 'SystemInt32InternalRuntimeCompilerServicesUnsafeAsSystemReflectionAssemblySystemInt32SystemReflectionAssembly', ID = '7123'
Method 'SystemInt64InternalRuntimeCompilerServicesUnsafeAsSystemReflectionAssemblySystemInt64SystemReflectionAssembly', ID = '7124'
Method 'SystemCollectionsGenericEqualityComparer1SystemReflectionAssemblySystemCollectionsGenericEqualityComparer1SystemReflectionAssemblyget_Default', ID = '7125'
Method 'SystemInt32SystemCollectionsGenericEqualityComparer1SystemReflectionAssemblyIndexOfSystemReflectionAssemblyarraySystemReflectionAssemblySystemInt32SystemInt32', ID = '7126'
Method 'SystemVoidCosmosIL2CPUSZArrayImpl1GetEnumeratord__0SystemReflectionAssemblyctorSystemInt32', ID = '7127'
Method 'SystemStringSystemCollectionsGenericKeyValuePair2SystemStringSystemReflectionAssemblyget_Key', ID = '7129'
Method 'SystemReflectionAssemblySystemCollectionsGenericKeyValuePair2SystemStringSystemReflectionAssemblyget_Value', ID = '7130'
Method 'SystemVoidCosmosIL2CPUSZArrayImpl1GetEnumeratord__0SystemCollectionsGenericKeyValuePair2SystemStringSystemReflectionAssemblySystemIDisposableDispose', ID = '7135'
Method 'SystemBooleanCosmosIL2CPUSZArrayImpl1GetEnumeratord__0SystemCollectionsGenericKeyValuePair2SystemStringSystemReflectionAssemblyMoveNext', ID = '7136'
Method 'SystemVoidSystemRuntimeTypector', ID = '7137'
Method 'SystemRandomXoshiroImplSystemRandomThreadSafeRandomget_LocalRandom', ID = '7138'
Method 'SystemCharSystemGlobalizationCharUnicodeInfoToUpperSystemChar', ID = '7141'
Method 'SystemBooleanSystemGlobalizationTextInfoget_IsAsciiCasingSameAsInvariant', ID = '7143'
Method 'SystemUInt32SystemTextUnicodeUtf16UtilityConvertAllAsciiCharsInUInt32ToLowercaseSystemUInt32', ID = '7144'
Method 'SystemVoidSystemGlobalizationTextInfoChangeCaseCoreSystemCharpointerSystemInt32SystemCharpointerSystemInt32SystemBoolean', ID = '7145'
Method 'SystemBooleanSystemValueTuple2SystemUInt32SystemInt32EqualsSystemValueTuple2SystemUInt32SystemInt32', ID = '7146'
Method 'SystemUInt16arraySystemArrayEmptySystemUInt16', ID = '7149'
Method 'SystemUInt16arrayarraySystemGlobalizationOrdinalCasingInitCasingTable', ID = '7151'
Method 'SystemVoidSystemThreadingVolatileWriteSystemUInt16arraySystemUInt16arraySystemUInt16array', ID = '7153'
Method 'SystemRuntimeIntrinsicsVector1281SystemByteSystemRuntimeIntrinsicsX86Sse2LoadVector128SystemBytepointer', ID = '7154'
Method 'SystemVoidSystemPlatformNotSupportedExceptionctor', ID = '7155'
Method 'SystemRuntimeIntrinsicsVector1281SystemByteSystemRuntimeIntrinsicsVector1281SystemByteget_Zero', ID = '7156'
Method 'SystemRuntimeIntrinsicsVector1281SystemByteSystemRuntimeIntrinsicsX86Sse2UnpackLowSystemRuntimeIntrinsicsVector1281SystemByteSystemRuntimeIntrinsicsVector1281SystemByte', ID = '7157'
Method 'SystemVoidSystemRuntimeIntrinsicsX86Sse2StoreSystemBytepointerSystemRuntimeIntrinsicsVector1281SystemByte', ID = '7158'
Method 'SystemRuntimeIntrinsicsVector1281SystemByteSystemRuntimeIntrinsicsX86Sse2UnpackHighSystemRuntimeIntrinsicsVector1281SystemByteSystemRuntimeIntrinsicsVector1281SystemByte', ID = '7159'
Method 'SystemVoidSystemThrowHelperThrowForUnsupportedNumericsVectorBaseTypeSystemSByte', ID = '7161'
Method 'SystemNumericsVector1SystemSByteSystemNumericsVector1SystemSByteLessThanSystemNumericsVector1SystemSByteSystemNumericsVector1SystemSByte', ID = '7162'
Method 'SystemNumericsVector1SystemInt32SystemNumericsVector1SystemSByteop_ExplicitSystemNumericsVector1SystemSByte', ID = '7163'
Method 'SystemNumericsVector1SystemByteSystemNumericsVector1SystemSByteop_ExplicitSystemNumericsVector1SystemSByte', ID = '7164'
Method 'SystemByteSystemNumericsVector1SystemByteget_ItemSystemInt32', ID = '7165'
Method 'SystemRuntimeIntrinsicsVector1281SystemUInt32SystemRuntimeIntrinsicsX86Sse2ConvertScalarToVector128UInt32SystemUInt32', ID = '7166'
Method 'SystemVoidInternalRuntimeCompilerServicesUnsafeWriteUnalignedSystemUInt64SystemByteSystemUInt64', ID = '7167'
Method 'SystemInt32SystemTextDecoderReplacementFallbackget_MaxCharCount', ID = '7168'
Method 'SystemInt32SystemTextDecoderExceptionFallbackget_MaxCharCount', ID = '7169'
Method 'SystemBuffersOperationStatusSystemTextRuneDecodeFromUtf8SystemReadOnlySpan1SystemByteSystemTextRuneSystemInt32', ID = '7171'
Method 'SystemTextDecoderFallbackBufferSystemTextDecoderReplacementFallbackCreateFallbackBuffer', ID = '7172'
Method 'SystemTextDecoderFallbackBufferSystemTextDecoderExceptionFallbackCreateFallbackBuffer', ID = '7173'
Method 'SystemVoidSystemTextRunectorSystemInt32', ID = '7174'
Method 'SystemInt32SystemRuntimeInteropServicesMemoryMarshalGetReferenceSystemInt32SystemSpan1SystemInt32', ID = '7175'
Method 'SystemTextRuneSystemTextDecoderFallbackBufferGetNextRune', ID = '7176'
Method 'SystemVoidSystemTextDecoderFallbackBufferReset', ID = '7177'
Method 'SystemStringSystemPrivateCoreLibSystemSRget_Argument_EncodingConversionOverflowChars', ID = '7178'
Method 'SystemUIntPtrSystemTextASCIIUtilityGetIndexOfFirstNonAsciiByteSystemBytepointerSystemUIntPtr', ID = '7179'
Method 'SystemBytepointerSystemTextUnicodeUtf8UtilityGetPointerToFirstInvalidByteSystemBytepointerSystemInt32SystemInt32SystemInt32', ID = '7180'
Method 'SystemInt32SystemTextDecoderFallbackBufferInternalFallbackGetCharCountSystemReadOnlySpan1SystemByteSystemInt32', ID = '7181'
Method 'SystemCollectionsGenericIEnumerator1SystemReflectionRuntimeMethodInfoarraySystemSZArrayHelperGetEnumeratorSystemReflectionRuntimeMethodInfoarray', ID = '7183'
Method 'SystemVoidSystemSZArrayHelperCopyToSystemReflectionRuntimeMethodInfoarraySystemReflectionRuntimeMethodInfoarrayarraySystemInt32', ID = '7184'
Method 'SystemInt32SystemSZArrayHelperget_CountSystemReflectionRuntimeMethodInfoarray', ID = '7185'
Method 'SystemReflectionRuntimeMethodInfoarraySystemSZArrayHelperget_ItemSystemReflectionRuntimeMethodInfoarraySystemInt32', ID = '7186'
Method 'SystemVoidSystemSZArrayHelperset_ItemSystemReflectionRuntimeMethodInfoarraySystemInt32SystemReflectionRuntimeMethodInfoarray', ID = '7187'
Method 'SystemVoidSystemSZArrayHelperAddSystemReflectionRuntimeMethodInfoarraySystemReflectionRuntimeMethodInfoarray', ID = '7188'
Method 'SystemBooleanSystemSZArrayHelperContainsSystemReflectionRuntimeMethodInfoarraySystemReflectionRuntimeMethodInfoarray', ID = '7189'
Method 'SystemBooleanSystemSZArrayHelperget_IsReadOnlySystemReflectionRuntimeMethodInfoarray', ID = '7190'
Method 'SystemVoidSystemSZArrayHelperClearSystemReflectionRuntimeMethodInfoarray', ID = '7191'
Method 'SystemInt32SystemSZArrayHelperIndexOfSystemReflectionRuntimeMethodInfoarraySystemReflectionRuntimeMethodInfoarray', ID = '7192'
Method 'SystemVoidSystemSZArrayHelperInsertSystemReflectionRuntimeMethodInfoarraySystemInt32SystemReflectionRuntimeMethodInfoarray', ID = '7193'
Method 'SystemBooleanSystemSZArrayHelperRemoveSystemReflectionRuntimeMethodInfoarraySystemReflectionRuntimeMethodInfoarray', ID = '7194'
Method 'SystemVoidSystemSZArrayHelperRemoveAtSystemReflectionRuntimeMethodInfoarraySystemInt32', ID = '7195'
Method 'SystemVoidSystemSZGenericArrayEnumerator1SystemReflectionRuntimeMethodInfocctor', ID = '7202'
Method 'SystemVoidSystemSZGenericArrayEnumerator1SystemReflectionRuntimeMethodInfoDispose', ID = '7203'
Method 'SystemBooleanSystemSZGenericArrayEnumerator1SystemReflectionRuntimeMethodInfoMoveNext', ID = '7204'
Method 'SystemInt32SystemReflectionRuntimeMethodInfoGetHashCode', ID = '7214'
Method 'SystemStringSystemReflectionRuntimeMethodInfoget_Name', ID = '7215'
Method 'SystemBooleanSystemRuntimeCompilerServicesRuntimeHelpersIsBitwiseEquatableSystemReflectionRuntimeMethodInfo', ID = '7218'
Method 'SystemInt32InternalRuntimeCompilerServicesUnsafeSizeOfSystemReflectionRuntimeMethodInfo', ID = '7219'
Method 'SystemByteInternalRuntimeCompilerServicesUnsafeAsSystemReflectionRuntimeMethodInfoSystemByteSystemReflectionRuntimeMethodInfo', ID = '7220'
Method 'SystemCharInternalRuntimeCompilerServicesUnsafeAsSystemReflectionRuntimeMethodInfoSystemCharSystemReflectionRuntimeMethodInfo', ID = '7221'
Method 'SystemInt32InternalRuntimeCompilerServicesUnsafeAsSystemReflectionRuntimeMethodInfoSystemInt32SystemReflectionRuntimeMethodInfo', ID = '7222'
Method 'SystemInt64InternalRuntimeCompilerServicesUnsafeAsSystemReflectionRuntimeMethodInfoSystemInt64SystemReflectionRuntimeMethodInfo', ID = '7223'
Method 'SystemCollectionsGenericEqualityComparer1SystemReflectionRuntimeMethodInfoSystemCollectionsGenericEqualityComparer1SystemReflectionRuntimeMethodInfoget_Default', ID = '7224'
Method 'SystemInt32SystemCollectionsGenericEqualityComparer1SystemReflectionRuntimeMethodInfoIndexOfSystemReflectionRuntimeMethodInfoarraySystemReflectionRuntimeMethodInfoSystemInt32SystemInt32', ID = '7225'
Method 'SystemVoidCosmosIL2CPUSZArrayImpl1GetEnumeratord__0SystemReflectionRuntimeMethodInfoctorSystemInt32', ID = '7226'
Method 'SystemCollectionsGenericIEnumerator1SystemReflectionRuntimeConstructorInfoarraySystemSZArrayHelperGetEnumeratorSystemReflectionRuntimeConstructorInfoarray', ID = '7228'
Method 'SystemVoidSystemSZArrayHelperCopyToSystemReflectionRuntimeConstructorInfoarraySystemReflectionRuntimeConstructorInfoarrayarraySystemInt32', ID = '7229'
Method 'SystemInt32SystemSZArrayHelperget_CountSystemReflectionRuntimeConstructorInfoarray', ID = '7230'
Method 'SystemReflectionRuntimeConstructorInfoarraySystemSZArrayHelperget_ItemSystemReflectionRuntimeConstructorInfoarraySystemInt32', ID = '7231'
Method 'SystemVoidSystemSZArrayHelperset_ItemSystemReflectionRuntimeConstructorInfoarraySystemInt32SystemReflectionRuntimeConstructorInfoarray', ID = '7232'
Method 'SystemVoidSystemSZArrayHelperAddSystemReflectionRuntimeConstructorInfoarraySystemReflectionRuntimeConstructorInfoarray', ID = '7233'
Method 'SystemBooleanSystemSZArrayHelperContainsSystemReflectionRuntimeConstructorInfoarraySystemReflectionRuntimeConstructorInfoarray', ID = '7234'
Method 'SystemBooleanSystemSZArrayHelperget_IsReadOnlySystemReflectionRuntimeConstructorInfoarray', ID = '7235'
Method 'SystemVoidSystemSZArrayHelperClearSystemReflectionRuntimeConstructorInfoarray', ID = '7236'
Method 'SystemInt32SystemSZArrayHelperIndexOfSystemReflectionRuntimeConstructorInfoarraySystemReflectionRuntimeConstructorInfoarray', ID = '7237'
Method 'SystemVoidSystemSZArrayHelperInsertSystemReflectionRuntimeConstructorInfoarraySystemInt32SystemReflectionRuntimeConstructorInfoarray', ID = '7238'
Method 'SystemBooleanSystemSZArrayHelperRemoveSystemReflectionRuntimeConstructorInfoarraySystemReflectionRuntimeConstructorInfoarray', ID = '7239'
Method 'SystemVoidSystemSZArrayHelperRemoveAtSystemReflectionRuntimeConstructorInfoarraySystemInt32', ID = '7240'
Method 'SystemVoidSystemSZGenericArrayEnumerator1SystemReflectionRuntimeConstructorInfocctor', ID = '7247'
Method 'SystemVoidSystemSZGenericArrayEnumerator1SystemReflectionRuntimeConstructorInfoDispose', ID = '7248'
Method 'SystemBooleanSystemSZGenericArrayEnumerator1SystemReflectionRuntimeConstructorInfoMoveNext', ID = '7249'
Method 'SystemStringSystemReflectionRuntimeConstructorInfoToString', ID = '7251'
Method 'SystemBooleanSystemReflectionConstructorInfoEqualsSystemObject', ID = '7252'
Method 'SystemInt32SystemReflectionConstructorInfoGetHashCode', ID = '7253'
Method 'SystemStringSystemReflectionRuntimeConstructorInfoget_Name', ID = '7254'
Method 'SystemBooleanSystemRuntimeCompilerServicesRuntimeHelpersIsBitwiseEquatableSystemReflectionRuntimeConstructorInfo', ID = '7256'
Method 'SystemInt32InternalRuntimeCompilerServicesUnsafeSizeOfSystemReflectionRuntimeConstructorInfo', ID = '7257'
Method 'SystemByteInternalRuntimeCompilerServicesUnsafeAsSystemReflectionRuntimeConstructorInfoSystemByteSystemReflectionRuntimeConstructorInfo', ID = '7258'
Method 'SystemCharInternalRuntimeCompilerServicesUnsafeAsSystemReflectionRuntimeConstructorInfoSystemCharSystemReflectionRuntimeConstructorInfo', ID = '7259'
Method 'SystemInt32InternalRuntimeCompilerServicesUnsafeAsSystemReflectionRuntimeConstructorInfoSystemInt32SystemReflectionRuntimeConstructorInfo', ID = '7260'
Method 'SystemInt64InternalRuntimeCompilerServicesUnsafeAsSystemReflectionRuntimeConstructorInfoSystemInt64SystemReflectionRuntimeConstructorInfo', ID = '7261'
Method 'SystemCollectionsGenericEqualityComparer1SystemReflectionRuntimeConstructorInfoSystemCollectionsGenericEqualityComparer1SystemReflectionRuntimeConstructorInfoget_Default', ID = '7262'
Method 'SystemInt32SystemCollectionsGenericEqualityComparer1SystemReflectionRuntimeConstructorInfoIndexOfSystemReflectionRuntimeConstructorInfoarraySystemReflectionRuntimeConstructorInfoSystemInt32SystemInt32', ID = '7263'
Method 'SystemVoidCosmosIL2CPUSZArrayImpl1GetEnumeratord__0SystemReflectionRuntimeConstructorInfoctorSystemInt32', ID = '7264'
Method 'SystemCollectionsGenericIEnumerator1SystemReflectionRuntimeFieldInfoarraySystemSZArrayHelperGetEnumeratorSystemReflectionRuntimeFieldInfoarray', ID = '7266'
Method 'SystemVoidSystemSZArrayHelperCopyToSystemReflectionRuntimeFieldInfoarraySystemReflectionRuntimeFieldInfoarrayarraySystemInt32', ID = '7267'
Method 'SystemInt32SystemSZArrayHelperget_CountSystemReflectionRuntimeFieldInfoarray', ID = '7268'
Method 'SystemReflectionRuntimeFieldInfoarraySystemSZArrayHelperget_ItemSystemReflectionRuntimeFieldInfoarraySystemInt32', ID = '7269'
Method 'SystemVoidSystemSZArrayHelperset_ItemSystemReflectionRuntimeFieldInfoarraySystemInt32SystemReflectionRuntimeFieldInfoarray', ID = '7270'
Method 'SystemVoidSystemSZArrayHelperAddSystemReflectionRuntimeFieldInfoarraySystemReflectionRuntimeFieldInfoarray', ID = '7271'
Method 'SystemBooleanSystemSZArrayHelperContainsSystemReflectionRuntimeFieldInfoarraySystemReflectionRuntimeFieldInfoarray', ID = '7272'
Method 'SystemBooleanSystemSZArrayHelperget_IsReadOnlySystemReflectionRuntimeFieldInfoarray', ID = '7273'
Method 'SystemVoidSystemSZArrayHelperClearSystemReflectionRuntimeFieldInfoarray', ID = '7274'
Method 'SystemInt32SystemSZArrayHelperIndexOfSystemReflectionRuntimeFieldInfoarraySystemReflectionRuntimeFieldInfoarray', ID = '7275'
Method 'SystemVoidSystemSZArrayHelperInsertSystemReflectionRuntimeFieldInfoarraySystemInt32SystemReflectionRuntimeFieldInfoarray', ID = '7276'
Method 'SystemBooleanSystemSZArrayHelperRemoveSystemReflectionRuntimeFieldInfoarraySystemReflectionRuntimeFieldInfoarray', ID = '7277'
Method 'SystemVoidSystemSZArrayHelperRemoveAtSystemReflectionRuntimeFieldInfoarraySystemInt32', ID = '7278'
Method 'SystemVoidSystemSZGenericArrayEnumerator1SystemReflectionRuntimeFieldInfocctor', ID = '7285'
Method 'SystemVoidSystemSZGenericArrayEnumerator1SystemReflectionRuntimeFieldInfoDispose', ID = '7286'
Method 'SystemBooleanSystemSZGenericArrayEnumerator1SystemReflectionRuntimeFieldInfoMoveNext', ID = '7287'
Method 'SystemStringSystemReflectionRuntimeFieldInfoToString', ID = '7289'
Method 'SystemBooleanSystemReflectionFieldInfoEqualsSystemObject', ID = '7290'
Method 'SystemInt32SystemReflectionFieldInfoGetHashCode', ID = '7291'
Method 'SystemBooleanSystemRuntimeCompilerServicesRuntimeHelpersIsBitwiseEquatableSystemReflectionRuntimeFieldInfo', ID = '7292'
Method 'SystemInt32InternalRuntimeCompilerServicesUnsafeSizeOfSystemReflectionRuntimeFieldInfo', ID = '7293'
Method 'SystemByteInternalRuntimeCompilerServicesUnsafeAsSystemReflectionRuntimeFieldInfoSystemByteSystemReflectionRuntimeFieldInfo', ID = '7294'
Method 'SystemCharInternalRuntimeCompilerServicesUnsafeAsSystemReflectionRuntimeFieldInfoSystemCharSystemReflectionRuntimeFieldInfo', ID = '7295'
Method 'SystemInt32InternalRuntimeCompilerServicesUnsafeAsSystemReflectionRuntimeFieldInfoSystemInt32SystemReflectionRuntimeFieldInfo', ID = '7296'
Method 'SystemInt64InternalRuntimeCompilerServicesUnsafeAsSystemReflectionRuntimeFieldInfoSystemInt64SystemReflectionRuntimeFieldInfo', ID = '7297'
Method 'SystemCollectionsGenericEqualityComparer1SystemReflectionRuntimeFieldInfoSystemCollectionsGenericEqualityComparer1SystemReflectionRuntimeFieldInfoget_Default', ID = '7298'
Method 'SystemInt32SystemCollectionsGenericEqualityComparer1SystemReflectionRuntimeFieldInfoIndexOfSystemReflectionRuntimeFieldInfoarraySystemReflectionRuntimeFieldInfoSystemInt32SystemInt32', ID = '7299'
Method 'SystemVoidCosmosIL2CPUSZArrayImpl1GetEnumeratord__0SystemReflectionRuntimeFieldInfoctorSystemInt32', ID = '7300'
Method 'SystemCollectionsGenericIEnumerator1SystemRuntimeTypearraySystemSZArrayHelperGetEnumeratorSystemRuntimeTypearray', ID = '7302'
Method 'SystemVoidSystemSZArrayHelperCopyToSystemRuntimeTypearraySystemRuntimeTypearrayarraySystemInt32', ID = '7303'
Method 'SystemInt32SystemSZArrayHelperget_CountSystemRuntimeTypearray', ID = '7304'
Method 'SystemRuntimeTypearraySystemSZArrayHelperget_ItemSystemRuntimeTypearraySystemInt32', ID = '7305'
Method 'SystemVoidSystemSZArrayHelperset_ItemSystemRuntimeTypearraySystemInt32SystemRuntimeTypearray', ID = '7306'
Method 'SystemVoidSystemSZArrayHelperAddSystemRuntimeTypearraySystemRuntimeTypearray', ID = '7307'
Method 'SystemBooleanSystemSZArrayHelperContainsSystemRuntimeTypearraySystemRuntimeTypearray', ID = '7308'
Method 'SystemBooleanSystemSZArrayHelperget_IsReadOnlySystemRuntimeTypearray', ID = '7309'
Method 'SystemVoidSystemSZArrayHelperClearSystemRuntimeTypearray', ID = '7310'
Method 'SystemInt32SystemSZArrayHelperIndexOfSystemRuntimeTypearraySystemRuntimeTypearray', ID = '7311'
Method 'SystemVoidSystemSZArrayHelperInsertSystemRuntimeTypearraySystemInt32SystemRuntimeTypearray', ID = '7312'
Method 'SystemBooleanSystemSZArrayHelperRemoveSystemRuntimeTypearraySystemRuntimeTypearray', ID = '7313'
Method 'SystemVoidSystemSZArrayHelperRemoveAtSystemRuntimeTypearraySystemInt32', ID = '7314'
Method 'SystemVoidSystemSZGenericArrayEnumerator1SystemRuntimeTypecctor', ID = '7321'
Method 'SystemVoidSystemSZGenericArrayEnumerator1SystemRuntimeTypeDispose', ID = '7322'
Method 'SystemBooleanSystemSZGenericArrayEnumerator1SystemRuntimeTypeMoveNext', ID = '7323'
Method 'SystemBooleanSystemRuntimeCompilerServicesRuntimeHelpersIsBitwiseEquatableSystemRuntimeType', ID = '7324'
Method 'SystemInt32InternalRuntimeCompilerServicesUnsafeSizeOfSystemRuntimeType', ID = '7325'
Method 'SystemByteInternalRuntimeCompilerServicesUnsafeAsSystemRuntimeTypeSystemByteSystemRuntimeType', ID = '7326'
Method 'SystemCharInternalRuntimeCompilerServicesUnsafeAsSystemRuntimeTypeSystemCharSystemRuntimeType', ID = '7327'
Method 'SystemInt32InternalRuntimeCompilerServicesUnsafeAsSystemRuntimeTypeSystemInt32SystemRuntimeType', ID = '7328'
Method 'SystemInt64InternalRuntimeCompilerServicesUnsafeAsSystemRuntimeTypeSystemInt64SystemRuntimeType', ID = '7329'
Method 'SystemCollectionsGenericEqualityComparer1SystemRuntimeTypeSystemCollectionsGenericEqualityComparer1SystemRuntimeTypeget_Default', ID = '7330'
Method 'SystemInt32SystemCollectionsGenericEqualityComparer1SystemRuntimeTypeIndexOfSystemRuntimeTypearraySystemRuntimeTypeSystemInt32SystemInt32', ID = '7331'
Method 'SystemVoidCosmosIL2CPUSZArrayImpl1GetEnumeratord__0SystemRuntimeTypectorSystemInt32', ID = '7332'
Method 'SystemCollectionsGenericIEnumerator1SystemReflectionRuntimePropertyInfoarraySystemSZArrayHelperGetEnumeratorSystemReflectionRuntimePropertyInfoarray', ID = '7334'
Method 'SystemVoidSystemSZArrayHelperCopyToSystemReflectionRuntimePropertyInfoarraySystemReflectionRuntimePropertyInfoarrayarraySystemInt32', ID = '7335'
Method 'SystemInt32SystemSZArrayHelperget_CountSystemReflectionRuntimePropertyInfoarray', ID = '7336'
Method 'SystemReflectionRuntimePropertyInfoarraySystemSZArrayHelperget_ItemSystemReflectionRuntimePropertyInfoarraySystemInt32', ID = '7337'
Method 'SystemVoidSystemSZArrayHelperset_ItemSystemReflectionRuntimePropertyInfoarraySystemInt32SystemReflectionRuntimePropertyInfoarray', ID = '7338'
Method 'SystemVoidSystemSZArrayHelperAddSystemReflectionRuntimePropertyInfoarraySystemReflectionRuntimePropertyInfoarray', ID = '7339'
Method 'SystemBooleanSystemSZArrayHelperContainsSystemReflectionRuntimePropertyInfoarraySystemReflectionRuntimePropertyInfoarray', ID = '7340'
Method 'SystemBooleanSystemSZArrayHelperget_IsReadOnlySystemReflectionRuntimePropertyInfoarray', ID = '7341'
Method 'SystemVoidSystemSZArrayHelperClearSystemReflectionRuntimePropertyInfoarray', ID = '7342'
Method 'SystemInt32SystemSZArrayHelperIndexOfSystemReflectionRuntimePropertyInfoarraySystemReflectionRuntimePropertyInfoarray', ID = '7343'
Method 'SystemVoidSystemSZArrayHelperInsertSystemReflectionRuntimePropertyInfoarraySystemInt32SystemReflectionRuntimePropertyInfoarray', ID = '7344'
Method 'SystemBooleanSystemSZArrayHelperRemoveSystemReflectionRuntimePropertyInfoarraySystemReflectionRuntimePropertyInfoarray', ID = '7345'
Method 'SystemVoidSystemSZArrayHelperRemoveAtSystemReflectionRuntimePropertyInfoarraySystemInt32', ID = '7346'
Method 'SystemVoidSystemSZGenericArrayEnumerator1SystemReflectionRuntimePropertyInfocctor', ID = '7353'
Method 'SystemVoidSystemSZGenericArrayEnumerator1SystemReflectionRuntimePropertyInfoDispose', ID = '7354'
Method 'SystemBooleanSystemSZGenericArrayEnumerator1SystemReflectionRuntimePropertyInfoMoveNext', ID = '7355'
Method 'SystemBooleanSystemReflectionPropertyInfoEqualsSystemObject', ID = '7360'
Method 'SystemInt32SystemReflectionPropertyInfoGetHashCode', ID = '7361'
Method 'SystemStringSystemReflectionRuntimePropertyInfoget_Name', ID = '7362'
Method 'SystemInt32SystemReflectionRuntimePropertyInfoget_MetadataToken', ID = '7363'
Method 'SystemBooleanSystemRuntimeCompilerServicesRuntimeHelpersIsBitwiseEquatableSystemReflectionRuntimePropertyInfo', ID = '7364'
Method 'SystemInt32InternalRuntimeCompilerServicesUnsafeSizeOfSystemReflectionRuntimePropertyInfo', ID = '7365'
Method 'SystemByteInternalRuntimeCompilerServicesUnsafeAsSystemReflectionRuntimePropertyInfoSystemByteSystemReflectionRuntimePropertyInfo', ID = '7366'
Method 'SystemCharInternalRuntimeCompilerServicesUnsafeAsSystemReflectionRuntimePropertyInfoSystemCharSystemReflectionRuntimePropertyInfo', ID = '7367'
Method 'SystemInt32InternalRuntimeCompilerServicesUnsafeAsSystemReflectionRuntimePropertyInfoSystemInt32SystemReflectionRuntimePropertyInfo', ID = '7368'
Method 'SystemInt64InternalRuntimeCompilerServicesUnsafeAsSystemReflectionRuntimePropertyInfoSystemInt64SystemReflectionRuntimePropertyInfo', ID = '7369'
Method 'SystemCollectionsGenericEqualityComparer1SystemReflectionRuntimePropertyInfoSystemCollectionsGenericEqualityComparer1SystemReflectionRuntimePropertyInfoget_Default', ID = '7370'
Method 'SystemInt32SystemCollectionsGenericEqualityComparer1SystemReflectionRuntimePropertyInfoIndexOfSystemReflectionRuntimePropertyInfoarraySystemReflectionRuntimePropertyInfoSystemInt32SystemInt32', ID = '7371'
Method 'SystemVoidCosmosIL2CPUSZArrayImpl1GetEnumeratord__0SystemReflectionRuntimePropertyInfoctorSystemInt32', ID = '7372'
Method 'SystemCollectionsGenericIEnumerator1SystemReflectionRuntimeEventInfoarraySystemSZArrayHelperGetEnumeratorSystemReflectionRuntimeEventInfoarray', ID = '7374'
Method 'SystemVoidSystemSZArrayHelperCopyToSystemReflectionRuntimeEventInfoarraySystemReflectionRuntimeEventInfoarrayarraySystemInt32', ID = '7375'
Method 'SystemInt32SystemSZArrayHelperget_CountSystemReflectionRuntimeEventInfoarray', ID = '7376'
Method 'SystemReflectionRuntimeEventInfoarraySystemSZArrayHelperget_ItemSystemReflectionRuntimeEventInfoarraySystemInt32', ID = '7377'
Method 'SystemVoidSystemSZArrayHelperset_ItemSystemReflectionRuntimeEventInfoarraySystemInt32SystemReflectionRuntimeEventInfoarray', ID = '7378'
Method 'SystemVoidSystemSZArrayHelperAddSystemReflectionRuntimeEventInfoarraySystemReflectionRuntimeEventInfoarray', ID = '7379'
Method 'SystemBooleanSystemSZArrayHelperContainsSystemReflectionRuntimeEventInfoarraySystemReflectionRuntimeEventInfoarray', ID = '7380'
Method 'SystemBooleanSystemSZArrayHelperget_IsReadOnlySystemReflectionRuntimeEventInfoarray', ID = '7381'
Method 'SystemVoidSystemSZArrayHelperClearSystemReflectionRuntimeEventInfoarray', ID = '7382'
Method 'SystemInt32SystemSZArrayHelperIndexOfSystemReflectionRuntimeEventInfoarraySystemReflectionRuntimeEventInfoarray', ID = '7383'
Method 'SystemVoidSystemSZArrayHelperInsertSystemReflectionRuntimeEventInfoarraySystemInt32SystemReflectionRuntimeEventInfoarray', ID = '7384'
Method 'SystemBooleanSystemSZArrayHelperRemoveSystemReflectionRuntimeEventInfoarraySystemReflectionRuntimeEventInfoarray', ID = '7385'
Method 'SystemVoidSystemSZArrayHelperRemoveAtSystemReflectionRuntimeEventInfoarraySystemInt32', ID = '7386'
Method 'SystemVoidSystemSZGenericArrayEnumerator1SystemReflectionRuntimeEventInfocctor', ID = '7393'
Method 'SystemVoidSystemSZGenericArrayEnumerator1SystemReflectionRuntimeEventInfoDispose', ID = '7394'
Method 'SystemBooleanSystemSZGenericArrayEnumerator1SystemReflectionRuntimeEventInfoMoveNext', ID = '7395'
Method 'SystemStringSystemReflectionRuntimeEventInfoToString', ID = '7398'
Method 'SystemBooleanSystemReflectionEventInfoEqualsSystemObject', ID = '7399'
Method 'SystemInt32SystemReflectionEventInfoGetHashCode', ID = '7400'
Method 'SystemStringSystemReflectionRuntimeEventInfoget_Name', ID = '7401'
Method 'SystemInt32SystemReflectionRuntimeEventInfoget_MetadataToken', ID = '7402'
Method 'SystemBooleanSystemRuntimeCompilerServicesRuntimeHelpersIsBitwiseEquatableSystemReflectionRuntimeEventInfo', ID = '7403'
Method 'SystemInt32InternalRuntimeCompilerServicesUnsafeSizeOfSystemReflectionRuntimeEventInfo', ID = '7404'
Method 'SystemByteInternalRuntimeCompilerServicesUnsafeAsSystemReflectionRuntimeEventInfoSystemByteSystemReflectionRuntimeEventInfo', ID = '7405'
Method 'SystemCharInternalRuntimeCompilerServicesUnsafeAsSystemReflectionRuntimeEventInfoSystemCharSystemReflectionRuntimeEventInfo', ID = '7406'
Method 'SystemInt32InternalRuntimeCompilerServicesUnsafeAsSystemReflectionRuntimeEventInfoSystemInt32SystemReflectionRuntimeEventInfo', ID = '7407'
Method 'SystemInt64InternalRuntimeCompilerServicesUnsafeAsSystemReflectionRuntimeEventInfoSystemInt64SystemReflectionRuntimeEventInfo', ID = '7408'
Method 'SystemCollectionsGenericEqualityComparer1SystemReflectionRuntimeEventInfoSystemCollectionsGenericEqualityComparer1SystemReflectionRuntimeEventInfoget_Default', ID = '7409'
Method 'SystemInt32SystemCollectionsGenericEqualityComparer1SystemReflectionRuntimeEventInfoIndexOfSystemReflectionRuntimeEventInfoarraySystemReflectionRuntimeEventInfoSystemInt32SystemInt32', ID = '7410'
Method 'SystemVoidCosmosIL2CPUSZArrayImpl1GetEnumeratord__0SystemReflectionRuntimeEventInfoctorSystemInt32', ID = '7411'
Method 'SystemVoidCosmosCore_PlugsSystemRuntimeTypeHandleImplGetInstantiationSystemObjectSystemObjectSystemObject', ID = '7415'
Method 'SystemVoidCosmosIL2CPUSZArrayImpl1GetEnumeratord__0SystemTypeSystemIDisposableDispose', ID = '7420'
Method 'SystemBooleanCosmosIL2CPUSZArrayImpl1GetEnumeratord__0SystemTypeMoveNext', ID = '7421'
Method 'SystemBooleanSystemReflectionMetadataImportEqualsSystemReflectionMetadataImport', ID = '7423'
Method 'SystemInt32CosmosCore_PlugsSystemRuntimeTypeHandleImplGetTokenSystemObject', ID = '7424'
Method 'SystemStringCosmosCore_PlugsSystemInternalEnvironmentImplGetEnvironmentVariableSystemString', ID = '7426'
Method 'SystemBooleanSystemGlobalizationGlobalizationModeTryGetStringValueSystemStringSystemStringSystemString', ID = '7427'
Method 'SystemInt32CosmosCore_PlugsInteropGlobalizationImplLoadICU', ID = '7428'
Method 'SystemInt32SystemStringIndexOfSystemChar', ID = '7429'
Method 'SystemReadOnlySpan1SystemCharSystemMemoryExtensionsAsSpanSystemStringSystemInt32', ID = '7430'
Method 'SystemVoidSystemGlobalizationGlobalizationModeLoadAppLocalIcuCoreSystemReadOnlySpan1SystemCharSystemReadOnlySpan1SystemChar', ID = '7431'
Method 'SystemInt32SystemByteCompareToSystemByte', ID = '7434'
Method 'SystemInt32SystemCharCompareToSystemChar', ID = '7435'
Method 'SystemInt32SystemInt32CompareToSystemInt32', ID = '7437'
Method 'SystemBooleanSystemLocalAppContextSwitchesGetSwitchDefaultValueSystemString', ID = '7442'
Method 'SystemBooleanSystemStringContainsSystemChar', ID = '7443'
Method 'SystemVoidSystemTextStringBuilderctorSystemStringSystemInt32SystemInt32SystemInt32', ID = '7444'
Method 'SystemVoidCosmosCore_PlugsSystemBufferImpl__ZeroMemorySystemVoidpointerSystemUIntPtr', ID = '7445'
Method 'SystemRuntimeIntrinsicsVector1281SystemSingleInternalRuntimeCompilerServicesUnsafeAsSystemRuntimeIntrinsicsVector1281SystemUInt64SystemRuntimeIntrinsicsVector1281SystemEB507EBAE860D843EFB4A07CC3D5A00B', ID = '7447'
Method 'SystemRuntimeIntrinsicsVector1281SystemDoubleInternalRuntimeCompilerServicesUnsafeAsSystemRuntimeIntrinsicsVector1281SystemUInt64SystemRuntimeIntrinsicsVector1281System2C7D9302356DF4108C5FFA045A66A8AA', ID = '7448'
Method 'SystemBooleanSystemUInt64EqualsSystemUInt64', ID = '7449'
Method 'SystemRuntimeIntrinsicsVector1281SystemSingleInternalRuntimeCompilerServicesUnsafeAsSystemRuntimeIntrinsicsVector1281SystemInt16SystemRuntimeIntrinsicsVector1281SystemSD13364A5CE70452FC8F11390CA0973B5', ID = '7450'
Method 'SystemRuntimeIntrinsicsVector1281SystemDoubleInternalRuntimeCompilerServicesUnsafeAsSystemRuntimeIntrinsicsVector1281SystemInt16SystemRuntimeIntrinsicsVector1281SystemDF23DBE7EBBE724955B57B0C90852D35F', ID = '7451'
Method 'SystemBooleanSystemInt16EqualsSystemInt16', ID = '7452'
Method 'SystemVoidSystemCharConvertToUtf32_ThrowInvalidArgsSystemUInt32', ID = '7453'
Method 'SystemRuntimeIntrinsicsVector1281SystemSingleInternalRuntimeCompilerServicesUnsafeAsSystemRuntimeIntrinsicsVector1281SystemUInt32SystemRuntimeIntrinsicsVector1281System7D00C84329A2417DCEF68A5FDCC0DA01', ID = '7454'
Method 'SystemRuntimeIntrinsicsVector1281SystemDoubleInternalRuntimeCompilerServicesUnsafeAsSystemRuntimeIntrinsicsVector1281SystemUInt32SystemRuntimeIntrinsicsVector1281SystemD5A52A796484216A81516BD2E50FAF3E', ID = '7455'
Method 'SystemRuntimeIntrinsicsVector1281SystemByteInternalRuntimeCompilerServicesUnsafeAsSystemRuntimeIntrinsicsVector1281SystemUInt32SystemRuntimeIntrinsicsVector1281SystemBy25D2EACD4CF50CFBE2129F71F0D910EB', ID = '7456'
Method 'SystemBooleanSystemUInt32EqualsSystemUInt32', ID = '7457'
Method 'SystemVoidCosmosSystem_PlugsSystemGlobalizationEncodingTableImplCctor', ID = '7458'
Method 'SystemVoidCosmosSystem_PlugsSystemGlobalizationEncodingTableImplcctor', ID = '7459'
Method 'SystemVoidSystemReadOnlySpan1SystemBooleanctorSystemVoidpointerSystemInt32', ID = '7462'
Method 'SystemBooleanSystemByReference1SystemBooleanget_Value', ID = '7463'
Method 'SystemBooleanInternalRuntimeCompilerServicesUnsafeAddSystemBooleanSystemBooleanSystemIntPtr', ID = '7464'
Method 'SystemInt32CosmosCore_PlugsInteropKernel32ImplFindNLSStringExSystemCharpointerSystemUInt32SystemCharpointerSystemInt32SystemCharpointerSystemInt32SystemInt32pointerSystA4A2156931B08123ABAA98F6E49BF551', ID = '7465'
Method 'SystemVoidCosmosIL2CPUSZArrayImpl1GetEnumeratord__0SystemReflectionAssemblySystemIDisposableDispose', ID = '7470'
Method 'SystemBooleanCosmosIL2CPUSZArrayImpl1GetEnumeratord__0SystemReflectionAssemblyMoveNext', ID = '7471'
Method 'SystemVoidSystemCollectionsGenericEqualityComparer1SystemCollectionsGenericKeyValuePair2SystemStringSystemReflectionAssemblycctor', ID = '7472'
Method 'SystemRandomXoshiroImplSystemRandomThreadSafeRandomCreate', ID = '7476'
Method 'SystemVoidSystemRandomXoshiroImplNextBytesSystemBytearray', ID = '7477'
Method 'SystemVoidSystemGlobalizationTextInfoPopulateIsAsciiCasingSameAsInvariant', ID = '7478'
Method 'SystemVoidSystemGlobalizationTextInfoNlsChangeCaseSystemCharpointerSystemInt32SystemCharpointerSystemInt32SystemBoolean', ID = '7479'
Method 'SystemVoidSystemGlobalizationTextInfoIcuChangeCaseSystemCharpointerSystemInt32SystemCharpointerSystemInt32SystemBoolean', ID = '7480'
Method 'SystemReadOnlySpan1SystemByteSystemGlobalizationOrdinalCasingget_s_casingTableInit', ID = '7484'
Method 'SystemVoidCosmosCore_PlugsInteropGlobalizationImplInitOrdinalCasingPageSystemInt32SystemCharpointer', ID = '7485'
Method 'SystemThreadingVolatileVolatileObjectInternalRuntimeCompilerServicesUnsafeAsSystemUInt16arraySystemThreadingVolatileVolatileObjectSystemUInt16array', ID = '7487'
Method 'SystemStringSystemPrivateCoreLibSystemSRget_Arg_PlatformNotSupported', ID = '7490'
Method 'SystemStringSystemNumericsVector1SystemSByteToString', ID = '7491'
Method 'SystemBooleanSystemNumericsVector1SystemSByteEqualsSystemObject', ID = '7492'
Method 'SystemInt32SystemNumericsVector1SystemSByteGetHashCode', ID = '7493'
Method 'SystemStringSystemNumericsVector1SystemSByteToStringSystemStringSystemIFormatProvider', ID = '7494'
Method 'SystemSByteSystemNumericsVector1SystemSByteGetElementSystemIntPtr', ID = '7496'
Method 'SystemBooleanSystemNumericsVector1SystemSByteScalarLessThanSystemSByteSystemSByte', ID = '7497'
Method 'SystemSByteSystemNumericsVector1SystemSByteGetAllBitsSetValue', ID = '7498'
Method 'SystemVoidSystemNumericsVector1SystemSByteSetElementSystemIntPtrSystemSByte', ID = '7499'
Method 'SystemInt32SystemNumericsVector1SystemSByteget_Count', ID = '7500'
Method 'SystemNumericsVector1SystemInt32InternalRuntimeCompilerServicesUnsafeAsSystemNumericsVector1SystemSByteSystemNumericsVector1SystemInt32SystemNumericsVector1SystemSByte', ID = '7501'
Method 'SystemNumericsVector1SystemByteInternalRuntimeCompilerServicesUnsafeAsSystemNumericsVector1SystemSByteSystemNumericsVector1SystemByteSystemNumericsVector1SystemSByte', ID = '7502'
Method 'SystemVoidSystemTextDecoderReplacementFallbackBufferctorSystemTextDecoderReplacementFallback', ID = '7503'
Method 'SystemVoidSystemTextDecoderExceptionFallbackBufferctor', ID = '7504'
Method 'SystemVoidSystemTextRunectorSystemUInt32', ID = '7505'
Method 'SystemUIntPtrSystemTextASCIIUtilityGetIndexOfFirstNonAsciiByte_DefaultSystemBytepointerSystemUIntPtr', ID = '7507'
Method 'SystemUIntPtrSystemTextASCIIUtilityGetIndexOfFirstNonAsciiByte_IntrinsifiedSystemBytepointerSystemUIntPtr', ID = '7508'
Method 'SystemUInt32SystemTextASCIIUtilityCountNumberOfLeadingAsciiBytesFromUInt32WithSomeNonAsciiDataSystemUInt32', ID = '7509'
Method 'SystemBooleanSystemTextUnicodeUtf8UtilityIsUtf8ContinuationByteSystemByte', ID = '7510'
Method 'SystemInt32SystemTextDecoderFallbackBufferDrainRemainingDataForGetCharCount', ID = '7511'
Method 'SystemReflectionRuntimeMethodInfoarrayarrayInternalRuntimeCompilerServicesUnsafeAsSystemReflectionRuntimeMethodInfoarrayarraySystemObject', ID = '7513'
Method 'SystemVoidSystemSZGenericArrayEnumerator1SystemReflectionRuntimeMethodInfoarrayctorSystemReflectionRuntimeMethodInfoarrayarray', ID = '7514'
Method 'SystemInt32SystemArrayIndexOfSystemReflectionRuntimeMethodInfoarraySystemReflectionRuntimeMethodInfoarrayarraySystemReflectionRuntimeMethodInfoarraySystemInt32SystemInt32', ID = '7517'
Method 'SystemCollectionsGenericIEnumerator1SystemReflectionRuntimeMethodInfoarrayCosmosIL2CPUSZArrayImpl1SystemReflectionRuntimeMethodInfoarrayGetEnumerator', ID = '7518'
Method 'SystemVoidCosmosIL2CPUSZArrayImpl1SystemReflectionRuntimeMethodInfoarrayCopyToSystemReflectionRuntimeMethodInfoarrayarraySystemInt32', ID = '7519'
Method 'SystemInt32CosmosIL2CPUSZArrayImpl1SystemReflectionRuntimeMethodInfoarrayget_Count', ID = '7520'
Method 'SystemReflectionRuntimeMethodInfoarrayCosmosIL2CPUSZArrayImpl1SystemReflectionRuntimeMethodInfoarrayget_ItemSystemInt32', ID = '7521'
Method 'SystemVoidCosmosIL2CPUSZArrayImpl1SystemReflectionRuntimeMethodInfoarrayset_ItemSystemInt32SystemReflectionRuntimeMethodInfoarray', ID = '7522'
Method 'SystemVoidCosmosIL2CPUSZArrayImpl1SystemReflectionRuntimeMethodInfoarrayAddSystemReflectionRuntimeMethodInfoarray', ID = '7523'
Method 'SystemBooleanCosmosIL2CPUSZArrayImpl1SystemReflectionRuntimeMethodInfoarrayContainsSystemReflectionRuntimeMethodInfoarray', ID = '7524'
Method 'SystemBooleanCosmosIL2CPUSZArrayImpl1SystemReflectionRuntimeMethodInfoarrayget_IsReadOnly', ID = '7525'
Method 'SystemVoidCosmosIL2CPUSZArrayImpl1SystemReflectionRuntimeMethodInfoarrayClear', ID = '7526'
Method 'SystemInt32CosmosIL2CPUSZArrayImpl1SystemReflectionRuntimeMethodInfoarrayIndexOfSystemReflectionRuntimeMethodInfoarray', ID = '7527'
Method 'SystemVoidCosmosIL2CPUSZArrayImpl1SystemReflectionRuntimeMethodInfoarrayInsertSystemInt32SystemReflectionRuntimeMethodInfoarray', ID = '7528'
Method 'SystemVoidCosmosIL2CPUSZArrayImpl1SystemReflectionRuntimeMethodInfoarrayRemoveAtSystemInt32', ID = '7529'
Method 'SystemBooleanCosmosIL2CPUSZArrayImpl1SystemReflectionRuntimeMethodInfoarrayget_IsFixedSize', ID = '7530'
Method 'SystemVoidCosmosIL2CPUSZArrayImpl1SystemReflectionRuntimeMethodInfoarrayRemoveSystemReflectionRuntimeMethodInfoarray', ID = '7531'
Method 'SystemObjectCosmosIL2CPUSZArrayImpl1SystemReflectionRuntimeMethodInfoarrayget_SyncRoot', ID = '7532'
Method 'SystemBooleanCosmosIL2CPUSZArrayImpl1SystemReflectionRuntimeMethodInfoarrayget_IsSynchronized', ID = '7533'
Method 'SystemBooleanSystemReflectionMethodInfoEqualsSystemObject', ID = '7534'
Method 'SystemInt32SystemReflectionMethodInfoGetHashCode', ID = '7535'
Method 'SystemCollectionsGenericIEnumerator1SystemReflectionParameterInfoSystemSZArrayHelperGetEnumeratorSystemReflectionParameterInfo', ID = '7536'
Method 'SystemVoidSystemSZArrayHelperCopyToSystemReflectionParameterInfoSystemReflectionParameterInfoarraySystemInt32', ID = '7537'
Method 'SystemInt32SystemSZArrayHelperget_CountSystemReflectionParameterInfo', ID = '7538'
Method 'SystemReflectionParameterInfoSystemSZArrayHelperget_ItemSystemReflectionParameterInfoSystemInt32', ID = '7539'
Method 'SystemVoidSystemSZArrayHelperset_ItemSystemReflectionParameterInfoSystemInt32SystemReflectionParameterInfo', ID = '7540'
Method 'SystemVoidSystemSZArrayHelperAddSystemReflectionParameterInfoSystemReflectionParameterInfo', ID = '7541'
Method 'SystemBooleanSystemSZArrayHelperContainsSystemReflectionParameterInfoSystemReflectionParameterInfo', ID = '7542'
Method 'SystemBooleanSystemSZArrayHelperget_IsReadOnlySystemReflectionParameterInfo', ID = '7543'
Method 'SystemVoidSystemSZArrayHelperClearSystemReflectionParameterInfo', ID = '7544'
Method 'SystemInt32SystemSZArrayHelperIndexOfSystemReflectionParameterInfoSystemReflectionParameterInfo', ID = '7545'
Method 'SystemVoidSystemSZArrayHelperInsertSystemReflectionParameterInfoSystemInt32SystemReflectionParameterInfo', ID = '7546'
Method 'SystemBooleanSystemSZArrayHelperRemoveSystemReflectionParameterInfoSystemReflectionParameterInfo', ID = '7547'
Method 'SystemVoidSystemSZArrayHelperRemoveAtSystemReflectionParameterInfoSystemInt32', ID = '7548'
Method 'SystemStringSystemReflectionParameterInfoToString', ID = '7556'
Method 'SystemStringCosmosSystem_PlugsSystemReflectionRuntimeMethodInfoImplToString', ID = '7559'
Method 'SystemBooleanCosmosSystem_PlugsSystemReflectionRuntimeMethodInfoImplEqualsSystemObject', ID = '7560'
Method 'SystemBooleanSystemReflectionMethodBaseget_IsGenericMethod', ID = '7561'
Method 'SystemInt32CosmosSystem_PlugsSystemReflectionRuntimeMethodInfoImplget_MetadataToken', ID = '7563'
Method 'SystemVoidCosmosIL2CPUSZArrayImpl1GetEnumeratord__0SystemReflectionRuntimeMethodInfoSystemIDisposableDispose', ID = '7568'
Method 'SystemBooleanCosmosIL2CPUSZArrayImpl1GetEnumeratord__0SystemReflectionRuntimeMethodInfoMoveNext', ID = '7569'
Method 'SystemReflectionRuntimeConstructorInfoarrayarrayInternalRuntimeCompilerServicesUnsafeAsSystemReflectionRuntimeConstructorInfoarrayarraySystemObject', ID = '7571'
Method 'SystemVoidSystemSZGenericArrayEnumerator1SystemReflectionRuntimeConstructorInfoarrayctorSystemReflectionRuntimeConstructorInfoarrayarray', ID = '7572'
Method 'SystemInt32SystemArrayIndexOfSystemReflectionRuntimeConstructorInfoarraySystemReflectionRuntimeConstructorInfoarrayarraySystemReflectionRuntimeConstructorInfoarraySystemInt32SystemInt32', ID = '7575'
Method 'SystemCollectionsGenericIEnumerator1SystemReflectionRuntimeConstructorInfoarrayCosmosIL2CPUSZArrayImpl1SystemReflectionRuntimeConstructorInfoarrayGetEnumerator', ID = '7576'
Method 'SystemVoidCosmosIL2CPUSZArrayImpl1SystemReflectionRuntimeConstructorInfoarrayCopyToSystemReflectionRuntimeConstructorInfoarrayarraySystemInt32', ID = '7577'
Method 'SystemInt32CosmosIL2CPUSZArrayImpl1SystemReflectionRuntimeConstructorInfoarrayget_Count', ID = '7578'
Method 'SystemReflectionRuntimeConstructorInfoarrayCosmosIL2CPUSZArrayImpl1SystemReflectionRuntimeConstructorInfoarrayget_ItemSystemInt32', ID = '7579'
Method 'SystemVoidCosmosIL2CPUSZArrayImpl1SystemReflectionRuntimeConstructorInfoarrayset_ItemSystemInt32SystemReflectionRuntimeConstructorInfoarray', ID = '7580'
Method 'SystemVoidCosmosIL2CPUSZArrayImpl1SystemReflectionRuntimeConstructorInfoarrayAddSystemReflectionRuntimeConstructorInfoarray', ID = '7581'
Method 'SystemBooleanCosmosIL2CPUSZArrayImpl1SystemReflectionRuntimeConstructorInfoarrayContainsSystemReflectionRuntimeConstructorInfoarray', ID = '7582'
Method 'SystemBooleanCosmosIL2CPUSZArrayImpl1SystemReflectionRuntimeConstructorInfoarrayget_IsReadOnly', ID = '7583'
Method 'SystemVoidCosmosIL2CPUSZArrayImpl1SystemReflectionRuntimeConstructorInfoarrayClear', ID = '7584'
Method 'SystemInt32CosmosIL2CPUSZArrayImpl1SystemReflectionRuntimeConstructorInfoarrayIndexOfSystemReflectionRuntimeConstructorInfoarray', ID = '7585'
Method 'SystemVoidCosmosIL2CPUSZArrayImpl1SystemReflectionRuntimeConstructorInfoarrayInsertSystemInt32SystemReflectionRuntimeConstructorInfoarray', ID = '7586'
Method 'SystemVoidCosmosIL2CPUSZArrayImpl1SystemReflectionRuntimeConstructorInfoarrayRemoveAtSystemInt32', ID = '7587'
Method 'SystemBooleanCosmosIL2CPUSZArrayImpl1SystemReflectionRuntimeConstructorInfoarrayget_IsFixedSize', ID = '7588'
Method 'SystemVoidCosmosIL2CPUSZArrayImpl1SystemReflectionRuntimeConstructorInfoarrayRemoveSystemReflectionRuntimeConstructorInfoarray', ID = '7589'
Method 'SystemObjectCosmosIL2CPUSZArrayImpl1SystemReflectionRuntimeConstructorInfoarrayget_SyncRoot', ID = '7590'
Method 'SystemBooleanCosmosIL2CPUSZArrayImpl1SystemReflectionRuntimeConstructorInfoarrayget_IsSynchronized', ID = '7591'
Method 'SystemVoidSystemReflectionConstructorInfocctor', ID = '7592'
Method 'SystemVoidSystemTextValueStringBuilderctorSystemInt32', ID = '7593'
Method 'SystemTypearraySystemReflectionMethodBaseGetParameterTypes', ID = '7594'
Method 'SystemReflectionCallingConventionsSystemReflectionMethodBaseget_CallingConvention', ID = '7595'
Method 'SystemVoidSystemReflectionMethodBaseAppendParametersSystemTextValueStringBuilderSystemTypearraySystemReflectionCallingConventions', ID = '7596'
Method 'SystemInt32CosmosSystem_PlugsSystemReflectionRuntimeConstructorInfoImplget_MetadataToken', ID = '7597'
Method 'SystemVoidCosmosIL2CPUSZArrayImpl1GetEnumeratord__0SystemReflectionRuntimeConstructorInfoSystemIDisposableDispose', ID = '7602'
Method 'SystemBooleanCosmosIL2CPUSZArrayImpl1GetEnumeratord__0SystemReflectionRuntimeConstructorInfoMoveNext', ID = '7603'
Method 'SystemReflectionRuntimeFieldInfoarrayarrayInternalRuntimeCompilerServicesUnsafeAsSystemReflectionRuntimeFieldInfoarrayarraySystemObject', ID = '7605'
Method 'SystemVoidSystemSZGenericArrayEnumerator1SystemReflectionRuntimeFieldInfoarrayctorSystemReflectionRuntimeFieldInfoarrayarray', ID = '7606'
Method 'SystemInt32SystemArrayIndexOfSystemReflectionRuntimeFieldInfoarraySystemReflectionRuntimeFieldInfoarrayarraySystemReflectionRuntimeFieldInfoarraySystemInt32SystemInt32', ID = '7609'
Method 'SystemCollectionsGenericIEnumerator1SystemReflectionRuntimeFieldInfoarrayCosmosIL2CPUSZArrayImpl1SystemReflectionRuntimeFieldInfoarrayGetEnumerator', ID = '7610'
Method 'SystemVoidCosmosIL2CPUSZArrayImpl1SystemReflectionRuntimeFieldInfoarrayCopyToSystemReflectionRuntimeFieldInfoarrayarraySystemInt32', ID = '7611'
Method 'SystemInt32CosmosIL2CPUSZArrayImpl1SystemReflectionRuntimeFieldInfoarrayget_Count', ID = '7612'
Method 'SystemReflectionRuntimeFieldInfoarrayCosmosIL2CPUSZArrayImpl1SystemReflectionRuntimeFieldInfoarrayget_ItemSystemInt32', ID = '7613'
Method 'SystemVoidCosmosIL2CPUSZArrayImpl1SystemReflectionRuntimeFieldInfoarrayset_ItemSystemInt32SystemReflectionRuntimeFieldInfoarray', ID = '7614'
Method 'SystemVoidCosmosIL2CPUSZArrayImpl1SystemReflectionRuntimeFieldInfoarrayAddSystemReflectionRuntimeFieldInfoarray', ID = '7615'
Method 'SystemBooleanCosmosIL2CPUSZArrayImpl1SystemReflectionRuntimeFieldInfoarrayContainsSystemReflectionRuntimeFieldInfoarray', ID = '7616'
Method 'SystemBooleanCosmosIL2CPUSZArrayImpl1SystemReflectionRuntimeFieldInfoarrayget_IsReadOnly', ID = '7617'
Method 'SystemVoidCosmosIL2CPUSZArrayImpl1SystemReflectionRuntimeFieldInfoarrayClear', ID = '7618'
Method 'SystemInt32CosmosIL2CPUSZArrayImpl1SystemReflectionRuntimeFieldInfoarrayIndexOfSystemReflectionRuntimeFieldInfoarray', ID = '7619'
Method 'SystemVoidCosmosIL2CPUSZArrayImpl1SystemReflectionRuntimeFieldInfoarrayInsertSystemInt32SystemReflectionRuntimeFieldInfoarray', ID = '7620'
Method 'SystemVoidCosmosIL2CPUSZArrayImpl1SystemReflectionRuntimeFieldInfoarrayRemoveAtSystemInt32', ID = '7621'
Method 'SystemBooleanCosmosIL2CPUSZArrayImpl1SystemReflectionRuntimeFieldInfoarrayget_IsFixedSize', ID = '7622'
Method 'SystemVoidCosmosIL2CPUSZArrayImpl1SystemReflectionRuntimeFieldInfoarrayRemoveSystemReflectionRuntimeFieldInfoarray', ID = '7623'
Method 'SystemObjectCosmosIL2CPUSZArrayImpl1SystemReflectionRuntimeFieldInfoarrayget_SyncRoot', ID = '7624'
Method 'SystemBooleanCosmosIL2CPUSZArrayImpl1SystemReflectionRuntimeFieldInfoarrayget_IsSynchronized', ID = '7625'
Method 'SystemStringSystemTypeFormatTypeName', ID = '7627'
Method 'SystemVoidCosmosIL2CPUSZArrayImpl1GetEnumeratord__0SystemReflectionRuntimeFieldInfoSystemIDisposableDispose', ID = '7632'
Method 'SystemBooleanCosmosIL2CPUSZArrayImpl1GetEnumeratord__0SystemReflectionRuntimeFieldInfoMoveNext', ID = '7633'
Method 'SystemRuntimeTypearrayarrayInternalRuntimeCompilerServicesUnsafeAsSystemRuntimeTypearrayarraySystemObject', ID = '7635'
Method 'SystemVoidSystemSZGenericArrayEnumerator1SystemRuntimeTypearrayctorSystemRuntimeTypearrayarray', ID = '7636'
Method 'SystemInt32SystemArrayIndexOfSystemRuntimeTypearraySystemRuntimeTypearrayarraySystemRuntimeTypearraySystemInt32SystemInt32', ID = '7639'
Method 'SystemCollectionsGenericIEnumerator1SystemRuntimeTypearrayCosmosIL2CPUSZArrayImpl1SystemRuntimeTypearrayGetEnumerator', ID = '7640'
Method 'SystemVoidCosmosIL2CPUSZArrayImpl1SystemRuntimeTypearrayCopyToSystemRuntimeTypearrayarraySystemInt32', ID = '7641'
Method 'SystemInt32CosmosIL2CPUSZArrayImpl1SystemRuntimeTypearrayget_Count', ID = '7642'
Method 'SystemRuntimeTypearrayCosmosIL2CPUSZArrayImpl1SystemRuntimeTypearrayget_ItemSystemInt32', ID = '7643'
Method 'SystemVoidCosmosIL2CPUSZArrayImpl1SystemRuntimeTypearrayset_ItemSystemInt32SystemRuntimeTypearray', ID = '7644'
Method 'SystemVoidCosmosIL2CPUSZArrayImpl1SystemRuntimeTypearrayAddSystemRuntimeTypearray', ID = '7645'
Method 'SystemBooleanCosmosIL2CPUSZArrayImpl1SystemRuntimeTypearrayContainsSystemRuntimeTypearray', ID = '7646'
Method 'SystemBooleanCosmosIL2CPUSZArrayImpl1SystemRuntimeTypearrayget_IsReadOnly', ID = '7647'
Method 'SystemVoidCosmosIL2CPUSZArrayImpl1SystemRuntimeTypearrayClear', ID = '7648'
Method 'SystemInt32CosmosIL2CPUSZArrayImpl1SystemRuntimeTypearrayIndexOfSystemRuntimeTypearray', ID = '7649'
Method 'SystemVoidCosmosIL2CPUSZArrayImpl1SystemRuntimeTypearrayInsertSystemInt32SystemRuntimeTypearray', ID = '7650'
Method 'SystemVoidCosmosIL2CPUSZArrayImpl1SystemRuntimeTypearrayRemoveAtSystemInt32', ID = '7651'
Method 'SystemBooleanCosmosIL2CPUSZArrayImpl1SystemRuntimeTypearrayget_IsFixedSize', ID = '7652'
Method 'SystemVoidCosmosIL2CPUSZArrayImpl1SystemRuntimeTypearrayRemoveSystemRuntimeTypearray', ID = '7653'
Method 'SystemObjectCosmosIL2CPUSZArrayImpl1SystemRuntimeTypearrayget_SyncRoot', ID = '7654'
Method 'SystemBooleanCosmosIL2CPUSZArrayImpl1SystemRuntimeTypearrayget_IsSynchronized', ID = '7655'
Method 'SystemVoidCosmosIL2CPUSZArrayImpl1GetEnumeratord__0SystemRuntimeTypeSystemIDisposableDispose', ID = '7660'
Method 'SystemBooleanCosmosIL2CPUSZArrayImpl1GetEnumeratord__0SystemRuntimeTypeMoveNext', ID = '7661'
Method 'SystemReflectionRuntimePropertyInfoarrayarrayInternalRuntimeCompilerServicesUnsafeAsSystemReflectionRuntimePropertyInfoarrayarraySystemObject', ID = '7663'
Method 'SystemVoidSystemSZGenericArrayEnumerator1SystemReflectionRuntimePropertyInfoarrayctorSystemReflectionRuntimePropertyInfoarrayarray', ID = '7664'
Method 'SystemInt32SystemArrayIndexOfSystemReflectionRuntimePropertyInfoarraySystemReflectionRuntimePropertyInfoarrayarraySystemReflectionRuntimePropertyInfoarraySystemInt32SystemInt32', ID = '7667'
Method 'SystemCollectionsGenericIEnumerator1SystemReflectionRuntimePropertyInfoarrayCosmosIL2CPUSZArrayImpl1SystemReflectionRuntimePropertyInfoarrayGetEnumerator', ID = '7668'
Method 'SystemVoidCosmosIL2CPUSZArrayImpl1SystemReflectionRuntimePropertyInfoarrayCopyToSystemReflectionRuntimePropertyInfoarrayarraySystemInt32', ID = '7669'
Method 'SystemInt32CosmosIL2CPUSZArrayImpl1SystemReflectionRuntimePropertyInfoarrayget_Count', ID = '7670'
Method 'SystemReflectionRuntimePropertyInfoarrayCosmosIL2CPUSZArrayImpl1SystemReflectionRuntimePropertyInfoarrayget_ItemSystemInt32', ID = '7671'
Method 'SystemVoidCosmosIL2CPUSZArrayImpl1SystemReflectionRuntimePropertyInfoarrayset_ItemSystemInt32SystemReflectionRuntimePropertyInfoarray', ID = '7672'
Method 'SystemVoidCosmosIL2CPUSZArrayImpl1SystemReflectionRuntimePropertyInfoarrayAddSystemReflectionRuntimePropertyInfoarray', ID = '7673'
Method 'SystemBooleanCosmosIL2CPUSZArrayImpl1SystemReflectionRuntimePropertyInfoarrayContainsSystemReflectionRuntimePropertyInfoarray', ID = '7674'
Method 'SystemBooleanCosmosIL2CPUSZArrayImpl1SystemReflectionRuntimePropertyInfoarrayget_IsReadOnly', ID = '7675'
Method 'SystemVoidCosmosIL2CPUSZArrayImpl1SystemReflectionRuntimePropertyInfoarrayClear', ID = '7676'
Method 'SystemInt32CosmosIL2CPUSZArrayImpl1SystemReflectionRuntimePropertyInfoarrayIndexOfSystemReflectionRuntimePropertyInfoarray', ID = '7677'
Method 'SystemVoidCosmosIL2CPUSZArrayImpl1SystemReflectionRuntimePropertyInfoarrayInsertSystemInt32SystemReflectionRuntimePropertyInfoarray', ID = '7678'
Method 'SystemVoidCosmosIL2CPUSZArrayImpl1SystemReflectionRuntimePropertyInfoarrayRemoveAtSystemInt32', ID = '7679'
Method 'SystemBooleanCosmosIL2CPUSZArrayImpl1SystemReflectionRuntimePropertyInfoarrayget_IsFixedSize', ID = '7680'
Method 'SystemVoidCosmosIL2CPUSZArrayImpl1SystemReflectionRuntimePropertyInfoarrayRemoveSystemReflectionRuntimePropertyInfoarray', ID = '7681'
Method 'SystemObjectCosmosIL2CPUSZArrayImpl1SystemReflectionRuntimePropertyInfoarrayget_SyncRoot', ID = '7682'
Method 'SystemBooleanCosmosIL2CPUSZArrayImpl1SystemReflectionRuntimePropertyInfoarrayget_IsSynchronized', ID = '7683'
Method 'SystemCollectionsGenericIEnumerator1SystemReflectionMethodInfoSystemSZArrayHelperGetEnumeratorSystemReflectionMethodInfo', ID = '7684'
Method 'SystemVoidSystemSZArrayHelperCopyToSystemReflectionMethodInfoSystemReflectionMethodInfoarraySystemInt32', ID = '7685'
Method 'SystemInt32SystemSZArrayHelperget_CountSystemReflectionMethodInfo', ID = '7686'
Method 'SystemReflectionMethodInfoSystemSZArrayHelperget_ItemSystemReflectionMethodInfoSystemInt32', ID = '7687'
Method 'SystemVoidSystemSZArrayHelperset_ItemSystemReflectionMethodInfoSystemInt32SystemReflectionMethodInfo', ID = '7688'
Method 'SystemVoidSystemSZArrayHelperAddSystemReflectionMethodInfoSystemReflectionMethodInfo', ID = '7689'
Method 'SystemBooleanSystemSZArrayHelperContainsSystemReflectionMethodInfoSystemReflectionMethodInfo', ID = '7690'
Method 'SystemBooleanSystemSZArrayHelperget_IsReadOnlySystemReflectionMethodInfo', ID = '7691'
Method 'SystemVoidSystemSZArrayHelperClearSystemReflectionMethodInfo', ID = '7692'
Method 'SystemInt32SystemSZArrayHelperIndexOfSystemReflectionMethodInfoSystemReflectionMethodInfo', ID = '7693'
Method 'SystemVoidSystemSZArrayHelperInsertSystemReflectionMethodInfoSystemInt32SystemReflectionMethodInfo', ID = '7694'
Method 'SystemBooleanSystemSZArrayHelperRemoveSystemReflectionMethodInfoSystemReflectionMethodInfo', ID = '7695'
Method 'SystemVoidSystemSZArrayHelperRemoveAtSystemReflectionMethodInfoSystemInt32', ID = '7696'
Method 'SystemStringCosmosSystem_PlugsSystemReflectionRuntimePropertyInfoImplToString', ID = '7703'
Method 'SystemVoidSystemMdUtf8StringctorSystemVoidpointer', ID = '7704'
Method 'SystemVoidCosmosIL2CPUSZArrayImpl1GetEnumeratord__0SystemReflectionRuntimePropertyInfoSystemIDisposableDispose', ID = '7710'
Method 'SystemBooleanCosmosIL2CPUSZArrayImpl1GetEnumeratord__0SystemReflectionRuntimePropertyInfoMoveNext', ID = '7711'
Method 'SystemReflectionRuntimeEventInfoarrayarrayInternalRuntimeCompilerServicesUnsafeAsSystemReflectionRuntimeEventInfoarrayarraySystemObject', ID = '7713'
Method 'SystemVoidSystemSZGenericArrayEnumerator1SystemReflectionRuntimeEventInfoarrayctorSystemReflectionRuntimeEventInfoarrayarray', ID = '7714'
Method 'SystemInt32SystemArrayIndexOfSystemReflectionRuntimeEventInfoarraySystemReflectionRuntimeEventInfoarrayarraySystemReflectionRuntimeEventInfoarraySystemInt32SystemInt32', ID = '7717'
Method 'SystemCollectionsGenericIEnumerator1SystemReflectionRuntimeEventInfoarrayCosmosIL2CPUSZArrayImpl1SystemReflectionRuntimeEventInfoarrayGetEnumerator', ID = '7718'
Method 'SystemVoidCosmosIL2CPUSZArrayImpl1SystemReflectionRuntimeEventInfoarrayCopyToSystemReflectionRuntimeEventInfoarrayarraySystemInt32', ID = '7719'
Method 'SystemInt32CosmosIL2CPUSZArrayImpl1SystemReflectionRuntimeEventInfoarrayget_Count', ID = '7720'
Method 'SystemReflectionRuntimeEventInfoarrayCosmosIL2CPUSZArrayImpl1SystemReflectionRuntimeEventInfoarrayget_ItemSystemInt32', ID = '7721'
Method 'SystemVoidCosmosIL2CPUSZArrayImpl1SystemReflectionRuntimeEventInfoarrayset_ItemSystemInt32SystemReflectionRuntimeEventInfoarray', ID = '7722'
Method 'SystemVoidCosmosIL2CPUSZArrayImpl1SystemReflectionRuntimeEventInfoarrayAddSystemReflectionRuntimeEventInfoarray', ID = '7723'
Method 'SystemBooleanCosmosIL2CPUSZArrayImpl1SystemReflectionRuntimeEventInfoarrayContainsSystemReflectionRuntimeEventInfoarray', ID = '7724'
Method 'SystemBooleanCosmosIL2CPUSZArrayImpl1SystemReflectionRuntimeEventInfoarrayget_IsReadOnly', ID = '7725'
Method 'SystemVoidCosmosIL2CPUSZArrayImpl1SystemReflectionRuntimeEventInfoarrayClear', ID = '7726'
Method 'SystemInt32CosmosIL2CPUSZArrayImpl1SystemReflectionRuntimeEventInfoarrayIndexOfSystemReflectionRuntimeEventInfoarray', ID = '7727'
Method 'SystemVoidCosmosIL2CPUSZArrayImpl1SystemReflectionRuntimeEventInfoarrayInsertSystemInt32SystemReflectionRuntimeEventInfoarray', ID = '7728'
Method 'SystemVoidCosmosIL2CPUSZArrayImpl1SystemReflectionRuntimeEventInfoarrayRemoveAtSystemInt32', ID = '7729'
Method 'SystemBooleanCosmosIL2CPUSZArrayImpl1SystemReflectionRuntimeEventInfoarrayget_IsFixedSize', ID = '7730'
Method 'SystemVoidCosmosIL2CPUSZArrayImpl1SystemReflectionRuntimeEventInfoarrayRemoveSystemReflectionRuntimeEventInfoarray', ID = '7731'
Method 'SystemObjectCosmosIL2CPUSZArrayImpl1SystemReflectionRuntimeEventInfoarrayget_SyncRoot', ID = '7732'
Method 'SystemBooleanCosmosIL2CPUSZArrayImpl1SystemReflectionRuntimeEventInfoarrayget_IsSynchronized', ID = '7733'
Method 'SystemBooleanSystemReflectionMethodInfoop_EqualitySystemReflectionMethodInfoSystemReflectionMethodInfo', ID = '7734'
Method 'SystemReflectionParameterInfoarraySystemReflectionMethodBaseGetParametersNoCopy', ID = '7735'
Method 'SystemStringSystemPrivateCoreLibSystemSRget_InvalidOperation_NoPublicAddMethod', ID = '7736'
Method 'SystemTypeSystemReflectionParameterInfoget_ParameterType', ID = '7737'
Method 'SystemVoidCosmosIL2CPUSZArrayImpl1GetEnumeratord__0SystemReflectionRuntimeEventInfoSystemIDisposableDispose', ID = '7742'
Method 'SystemBooleanCosmosIL2CPUSZArrayImpl1GetEnumeratord__0SystemReflectionRuntimeEventInfoMoveNext', ID = '7743'
Method 'SystemObjectCosmosCore_PlugsSystemRuntimeTypeHandleImplGetCorElementTypeSystemObject', ID = '7745'
Method 'SystemVoidSystemCollectionsGenericEqualityComparer1SystemTypecctor', ID = '7746'
Method 'SystemInt32SystemMemoryExtensionsIndexOfSystemCharSystemReadOnlySpan1SystemCharSystemChar', ID = '7748'
Method 'SystemStringSystemGlobalizationGlobalizationModeCreateLibraryNameSystemReadOnlySpan1SystemCharSystemReadOnlySpan1SystemCharSystemReadOnlySpan1SystemCharSystemReadOnlySpan1SystemCharSystemBoolean', ID = '7749'
Method 'SystemIntPtrSystemGlobalizationGlobalizationModeLoadLibrarySystemStringSystemBoolean', ID = '7750'
Method 'SystemVoidInteropGlobalizationInitICUFunctionsSystemIntPtrSystemIntPtrSystemReadOnlySpan1SystemCharSystemReadOnlySpan1SystemChar', ID = '7751'
Method 'SystemBooleanSystemSpanHelpersContainsSystemCharSystemCharSystemInt32', ID = '7752'
Method 'SystemStringSystemPrivateCoreLibSystemSRget_ArgumentOutOfRange_MustBePositive', ID = '7753'
Method 'SystemStringSystemPrivateCoreLibSystemSRget_ArgumentOutOfRange_MustBeNonNegNum', ID = '7754'
Method 'SystemVoidpointerSystemUIntPtrToPointer', ID = '7755'
Method 'SystemInt32SystemTextEncoderExceptionFallbackBufferget_Remaining', ID = '7756'
Method 'SystemBooleanSystemTextEncoderExceptionFallbackBufferFallbackSystemCharSystemInt32', ID = '7757'
Method 'SystemBooleanSystemTextEncoderExceptionFallbackBufferFallbackSystemCharSystemCharSystemInt32', ID = '7758'
Method 'SystemBooleanSystemTextEncoderExceptionFallbackBufferMovePrevious', ID = '7759'
Method 'SystemCharSystemTextEncoderExceptionFallbackBufferGetNextChar', ID = '7760'
Method 'SystemStringSystemPrivateCoreLibSystemSRget_ArgumentOutOfRange_InvalidHighSurrogate', ID = '7761'
Method 'SystemStringSystemPrivateCoreLibSystemSRget_ArgumentOutOfRange_InvalidLowSurrogate', ID = '7762'
Method 'SystemStringSystemReadOnlySpan1SystemBooleanToString', ID = '7765'
Method 'SystemBooleanSystemReadOnlySpan1SystemBooleanEqualsSystemObject', ID = '7766'
Method 'SystemInt32SystemReadOnlySpan1SystemBooleanGetHashCode', ID = '7767'
Method 'SystemBooleanInternalRuntimeCompilerServicesUnsafeAsSystemByteSystemBooleanSystemByte', ID = '7769'
Method 'SystemVoidSystemByReference1SystemBooleanctorSystemBoolean', ID = '7770'
Method 'SystemVoidSystemCollectionsGenericEqualityComparer1SystemReflectionAssemblycctor', ID = '7771'
Method 'SystemVoidSystemRandomXoshiroImplctor', ID = '7773'
Method 'SystemSpan1SystemByteSystemSpan1SystemByteop_ImplicitSystemBytearray', ID = '7774'
Method 'SystemInt32SystemGlobalizationCompareInfoCompareSystemStringSystemStringSystemGlobalizationCompareOptions', ID = '7776'
Method 'SystemBooleanSystemGlobalizationTextInfoIsInvariantLocaleSystemString', ID = '7777'
Method 'SystemStringSystemPrivateCoreLibSystemSRget_InvalidOperation_ReadOnly', ID = '7778'
Method 'SystemBooleanSystemGlobalizationTextInfoget_IsInvariant', ID = '7779'
Method 'SystemBooleanSystemGlobalizationTextInfoNeedsTurkishCasingSystemString', ID = '7781'
Method 'SystemVoidSystemArrayEmptyArray1SystemUInt16cctor', ID = '7784'
Method 'SystemCollectionsGenericIEnumerator1SystemUInt16arraySystemSZArrayHelperGetEnumeratorSystemUInt16array', ID = '7785'
Method 'SystemVoidSystemSZArrayHelperCopyToSystemUInt16arraySystemUInt16arrayarraySystemInt32', ID = '7786'
Method 'SystemInt32SystemSZArrayHelperget_CountSystemUInt16array', ID = '7787'
Method 'SystemUInt16arraySystemSZArrayHelperget_ItemSystemUInt16arraySystemInt32', ID = '7788'
Method 'SystemVoidSystemSZArrayHelperset_ItemSystemUInt16arraySystemInt32SystemUInt16array', ID = '7789'
Method 'SystemVoidSystemSZArrayHelperAddSystemUInt16arraySystemUInt16array', ID = '7790'
Method 'SystemBooleanSystemSZArrayHelperContainsSystemUInt16arraySystemUInt16array', ID = '7791'
Method 'SystemBooleanSystemSZArrayHelperget_IsReadOnlySystemUInt16array', ID = '7792'
Method 'SystemVoidSystemSZArrayHelperClearSystemUInt16array', ID = '7793'
Method 'SystemInt32SystemSZArrayHelperIndexOfSystemUInt16arraySystemUInt16array', ID = '7794'
Method 'SystemVoidSystemSZArrayHelperInsertSystemUInt16arraySystemInt32SystemUInt16array', ID = '7795'
Method 'SystemBooleanSystemSZArrayHelperRemoveSystemUInt16arraySystemUInt16array', ID = '7796'
Method 'SystemVoidSystemSZArrayHelperRemoveAtSystemUInt16arraySystemInt32', ID = '7797'
Method 'SystemBooleanSystemNumericsVector1SystemSByteEqualsSystemNumericsVector1SystemSByte', ID = '7806'
Method 'SystemVoidSystemHashCodeAddSystemSByteSystemSByte', ID = '7807'
Method 'SystemNumericsVector1SystemSByteInternalRuntimeCompilerServicesUnsafeAsRefSystemNumericsVector1SystemSByteSystemNumericsVector1SystemSByte', ID = '7808'
Method 'SystemSByteInternalRuntimeCompilerServicesUnsafeAsSystemNumericsVector1SystemSByteSystemSByteSystemNumericsVector1SystemSByte', ID = '7809'
Method 'SystemSByteInternalRuntimeCompilerServicesUnsafeAddSystemSByteSystemSByteSystemIntPtr', ID = '7810'
Method 'SystemInt32InternalRuntimeCompilerServicesUnsafeSizeOfSystemNumericsVector1SystemSByte', ID = '7811'
Method 'SystemInt32InternalRuntimeCompilerServicesUnsafeSizeOfSystemSByte', ID = '7812'
Method 'SystemVoidSystemTextDecoderFallbackBufferctor', ID = '7815'
Method 'SystemBooleanSystemTextUnicodeUtilityIsValidUnicodeScalarSystemUInt32', ID = '7817'
Method 'SystemCharSystemTextDecoderReplacementFallbackBufferGetNextChar', ID = '7818'
Method 'SystemCharSystemTextDecoderExceptionFallbackBufferGetNextChar', ID = '7819'
Method 'SystemBooleanSystemNumericsVectorGreaterThanOrEqualAllSystemSByteSystemNumericsVector1SystemSByteSystemNumericsVector1SystemSByte', ID = '7820'
Method 'SystemNumericsVector1SystemSByteInternalRuntimeCompilerServicesUnsafeReadSystemNumericsVector1SystemSByteSystemVoidpointer', ID = '7821'
Method 'SystemBooleanSystemTextASCIIUtilityContainsNonAsciiByte_Sse2SystemUInt32', ID = '7822'
Method 'SystemRuntimeIntrinsicsVector1281SystemByteSystemRuntimeIntrinsicsX86Sse2LoadAlignedVector128SystemBytepointer', ID = '7823'
Method 'SystemBooleanSystemTextASCIIUtilityAllBytesInUInt64AreAsciiSystemUInt64', ID = '7824'
Method 'SystemVoidSystemSZGenericArrayEnumerator1SystemReflectionRuntimeMethodInfoarraycctor', ID = '7825'
Method 'SystemVoidSystemSZGenericArrayEnumerator1SystemReflectionRuntimeMethodInfoarrayDispose', ID = '7826'
Method 'SystemBooleanSystemSZGenericArrayEnumerator1SystemReflectionRuntimeMethodInfoarrayMoveNext', ID = '7827'
Method 'SystemBooleanSystemRuntimeCompilerServicesRuntimeHelpersIsBitwiseEquatableSystemReflectionRuntimeMethodInfoarray', ID = '7828'
Method 'SystemInt32InternalRuntimeCompilerServicesUnsafeSizeOfSystemReflectionRuntimeMethodInfoarray', ID = '7829'
Method 'SystemByteInternalRuntimeCompilerServicesUnsafeAsSystemReflectionRuntimeMethodInfoarraySystemByteSystemReflectionRuntimeMethodInfoarray', ID = '7830'
Method 'SystemCharInternalRuntimeCompilerServicesUnsafeAsSystemReflectionRuntimeMethodInfoarraySystemCharSystemReflectionRuntimeMethodInfoarray', ID = '7831'
Method 'SystemInt32InternalRuntimeCompilerServicesUnsafeAsSystemReflectionRuntimeMethodInfoarraySystemInt32SystemReflectionRuntimeMethodInfoarray', ID = '7832'
Method 'SystemInt64InternalRuntimeCompilerServicesUnsafeAsSystemReflectionRuntimeMethodInfoarraySystemInt64SystemReflectionRuntimeMethodInfoarray', ID = '7833'
Method 'SystemCollectionsGenericEqualityComparer1SystemReflectionRuntimeMethodInfoarraySystemCollectionsGenericEqualityComparer1SystemReflectionRuntimeMethodInfoarrayget_Default', ID = '7834'
Method 'SystemInt32SystemCollectionsGenericEqualityComparer1SystemReflectionRuntimeMethodInfoarrayIndexOfSystemReflectionRuntimeMethodInfoarrayarraySystemReflectionRuntimeMethodInfoarraySystemInt32SystemInt32', ID = '7835'
Method 'SystemVoidCosmosIL2CPUSZArrayImpl1GetEnumeratord__0SystemReflectionRuntimeMethodInfoarrayctorSystemInt32', ID = '7836'
Method 'SystemReflectionParameterInfoarrayInternalRuntimeCompilerServicesUnsafeAsSystemReflectionParameterInfoarraySystemObject', ID = '7839'
Method 'SystemVoidSystemSZGenericArrayEnumerator1SystemReflectionParameterInfoctorSystemReflectionParameterInfoarray', ID = '7840'
Method 'SystemInt32SystemArrayIndexOfSystemReflectionParameterInfoSystemReflectionParameterInfoarraySystemReflectionParameterInfoSystemInt32SystemInt32', ID = '7843'
Method 'SystemCollectionsGenericIEnumerator1SystemReflectionParameterInfoCosmosIL2CPUSZArrayImpl1SystemReflectionParameterInfoGetEnumerator', ID = '7844'
Method 'SystemVoidCosmosIL2CPUSZArrayImpl1SystemReflectionParameterInfoCopyToSystemReflectionParameterInfoarraySystemInt32', ID = '7845'
Method 'SystemInt32CosmosIL2CPUSZArrayImpl1SystemReflectionParameterInfoget_Count', ID = '7846'
Method 'SystemReflectionParameterInfoCosmosIL2CPUSZArrayImpl1SystemReflectionParameterInfoget_ItemSystemInt32', ID = '7847'
Method 'SystemVoidCosmosIL2CPUSZArrayImpl1SystemReflectionParameterInfoset_ItemSystemInt32SystemReflectionParameterInfo', ID = '7848'
Method 'SystemVoidCosmosIL2CPUSZArrayImpl1SystemReflectionParameterInfoAddSystemReflectionParameterInfo', ID = '7849'
Method 'SystemBooleanCosmosIL2CPUSZArrayImpl1SystemReflectionParameterInfoContainsSystemReflectionParameterInfo', ID = '7850'
Method 'SystemBooleanCosmosIL2CPUSZArrayImpl1SystemReflectionParameterInfoget_IsReadOnly', ID = '7851'
Method 'SystemVoidCosmosIL2CPUSZArrayImpl1SystemReflectionParameterInfoClear', ID = '7852'
Method 'SystemInt32CosmosIL2CPUSZArrayImpl1SystemReflectionParameterInfoIndexOfSystemReflectionParameterInfo', ID = '7853'
Method 'SystemVoidCosmosIL2CPUSZArrayImpl1SystemReflectionParameterInfoInsertSystemInt32SystemReflectionParameterInfo', ID = '7854'
Method 'SystemVoidCosmosIL2CPUSZArrayImpl1SystemReflectionParameterInfoRemoveAtSystemInt32', ID = '7855'
Method 'SystemBooleanCosmosIL2CPUSZArrayImpl1SystemReflectionParameterInfoget_IsFixedSize', ID = '7856'
Method 'SystemVoidCosmosIL2CPUSZArrayImpl1SystemReflectionParameterInfoRemoveSystemReflectionParameterInfo', ID = '7857'
Method 'SystemObjectCosmosIL2CPUSZArrayImpl1SystemReflectionParameterInfoget_SyncRoot', ID = '7858'
Method 'SystemBooleanCosmosIL2CPUSZArrayImpl1SystemReflectionParameterInfoget_IsSynchronized', ID = '7859'
Method 'SystemStringSystemReflectionParameterInfoget_Name', ID = '7860'
Method 'SystemBooleanSystemReflectionRuntimeMethodInfoget_IsGenericMethod', ID = '7862'
Method 'SystemStringCosmosCore_PlugsSystemRuntimeMethodHandleImplGetNameSystemObject', ID = '7864'
Method 'SystemVoidSystemCollectionsGenericEqualityComparer1SystemReflectionRuntimeMethodInfocctor', ID = '7865'
Method 'SystemVoidSystemSZGenericArrayEnumerator1SystemReflectionRuntimeConstructorInfoarraycctor', ID = '7867'
Method 'SystemVoidSystemSZGenericArrayEnumerator1SystemReflectionRuntimeConstructorInfoarrayDispose', ID = '7868'
Method 'SystemBooleanSystemSZGenericArrayEnumerator1SystemReflectionRuntimeConstructorInfoarrayMoveNext', ID = '7869'
Method 'SystemBooleanSystemRuntimeCompilerServicesRuntimeHelpersIsBitwiseEquatableSystemReflectionRuntimeConstructorInfoarray', ID = '7870'
Method 'SystemInt32InternalRuntimeCompilerServicesUnsafeSizeOfSystemReflectionRuntimeConstructorInfoarray', ID = '7871'
Method 'SystemByteInternalRuntimeCompilerServicesUnsafeAsSystemReflectionRuntimeConstructorInfoarraySystemByteSystemReflectionRuntimeConstructorInfoarray', ID = '7872'
Method 'SystemCharInternalRuntimeCompilerServicesUnsafeAsSystemReflectionRuntimeConstructorInfoarraySystemCharSystemReflectionRuntimeConstructorInfoarray', ID = '7873'
Method 'SystemInt32InternalRuntimeCompilerServicesUnsafeAsSystemReflectionRuntimeConstructorInfoarraySystemInt32SystemReflectionRuntimeConstructorInfoarray', ID = '7874'
Method 'SystemInt64InternalRuntimeCompilerServicesUnsafeAsSystemReflectionRuntimeConstructorInfoarraySystemInt64SystemReflectionRuntimeConstructorInfoarray', ID = '7875'
Method 'SystemCollectionsGenericEqualityComparer1SystemReflectionRuntimeConstructorInfoarraySystemCollectionsGenericEqualityComparer1SystemReflectionRuntimeConstructorInfoarrayget_Default', ID = '7876'
Method 'SystemInt32SystemCollectionsGenericEqualityComparer1SystemReflectionRuntimeConstructorInfoarrayIndexOfSystemReflectionRuntimeConstructorInfoarrayarraySystemReflectionRu216ED1390C821CAD4196A81D917F212B', ID = '7877'
Method 'SystemVoidCosmosIL2CPUSZArrayImpl1GetEnumeratord__0SystemReflectionRuntimeConstructorInfoarrayctorSystemInt32', ID = '7878'
Method 'SystemBooleanSystemTypeget_IsByRef', ID = '7885'
Method 'SystemReadOnlySpan1SystemCharSystemMemoryExtensionsTrimEndSystemReadOnlySpan1SystemCharSystemChar', ID = '7886'
Method 'SystemVoidSystemCollectionsGenericEqualityComparer1SystemReflectionRuntimeConstructorInfocctor', ID = '7888'
Method 'SystemVoidSystemSZGenericArrayEnumerator1SystemReflectionRuntimeFieldInfoarraycctor', ID = '7890'
Method 'SystemVoidSystemSZGenericArrayEnumerator1SystemReflectionRuntimeFieldInfoarrayDispose', ID = '7891'
Method 'SystemBooleanSystemSZGenericArrayEnumerator1SystemReflectionRuntimeFieldInfoarrayMoveNext', ID = '7892'
Method 'SystemBooleanSystemRuntimeCompilerServicesRuntimeHelpersIsBitwiseEquatableSystemReflectionRuntimeFieldInfoarray', ID = '7893'
Method 'SystemInt32InternalRuntimeCompilerServicesUnsafeSizeOfSystemReflectionRuntimeFieldInfoarray', ID = '7894'
Method 'SystemByteInternalRuntimeCompilerServicesUnsafeAsSystemReflectionRuntimeFieldInfoarraySystemByteSystemReflectionRuntimeFieldInfoarray', ID = '7895'
Method 'SystemCharInternalRuntimeCompilerServicesUnsafeAsSystemReflectionRuntimeFieldInfoarraySystemCharSystemReflectionRuntimeFieldInfoarray', ID = '7896'
Method 'SystemInt32InternalRuntimeCompilerServicesUnsafeAsSystemReflectionRuntimeFieldInfoarraySystemInt32SystemReflectionRuntimeFieldInfoarray', ID = '7897'
Method 'SystemInt64InternalRuntimeCompilerServicesUnsafeAsSystemReflectionRuntimeFieldInfoarraySystemInt64SystemReflectionRuntimeFieldInfoarray', ID = '7898'
Method 'SystemCollectionsGenericEqualityComparer1SystemReflectionRuntimeFieldInfoarraySystemCollectionsGenericEqualityComparer1SystemReflectionRuntimeFieldInfoarrayget_Default', ID = '7899'
Method 'SystemInt32SystemCollectionsGenericEqualityComparer1SystemReflectionRuntimeFieldInfoarrayIndexOfSystemReflectionRuntimeFieldInfoarrayarraySystemReflectionRuntimeFieldInfoarraySystemInt32SystemInt32', ID = '7900'
Method 'SystemVoidCosmosIL2CPUSZArrayImpl1GetEnumeratord__0SystemReflectionRuntimeFieldInfoarrayctorSystemInt32', ID = '7901'
Method 'SystemBooleanSystemTypeget_IsPrimitive', ID = '7903'
Method 'SystemBooleanSystemTypeget_IsNested', ID = '7904'
Method 'SystemVoidSystemCollectionsGenericEqualityComparer1SystemReflectionRuntimeFieldInfocctor', ID = '7906'
Method 'SystemVoidSystemSZGenericArrayEnumerator1SystemRuntimeTypearraycctor', ID = '7908'
Method 'SystemVoidSystemSZGenericArrayEnumerator1SystemRuntimeTypearrayDispose', ID = '7909'
Method 'SystemBooleanSystemSZGenericArrayEnumerator1SystemRuntimeTypearrayMoveNext', ID = '7910'
Method 'SystemBooleanSystemRuntimeCompilerServicesRuntimeHelpersIsBitwiseEquatableSystemRuntimeTypearray', ID = '7911'
Method 'SystemInt32InternalRuntimeCompilerServicesUnsafeSizeOfSystemRuntimeTypearray', ID = '7912'
Method 'SystemByteInternalRuntimeCompilerServicesUnsafeAsSystemRuntimeTypearraySystemByteSystemRuntimeTypearray', ID = '7913'
Method 'SystemCharInternalRuntimeCompilerServicesUnsafeAsSystemRuntimeTypearraySystemCharSystemRuntimeTypearray', ID = '7914'
Method 'SystemInt32InternalRuntimeCompilerServicesUnsafeAsSystemRuntimeTypearraySystemInt32SystemRuntimeTypearray', ID = '7915'
Method 'SystemInt64InternalRuntimeCompilerServicesUnsafeAsSystemRuntimeTypearraySystemInt64SystemRuntimeTypearray', ID = '7916'
Method 'SystemCollectionsGenericEqualityComparer1SystemRuntimeTypearraySystemCollectionsGenericEqualityComparer1SystemRuntimeTypearrayget_Default', ID = '7917'
Method 'SystemInt32SystemCollectionsGenericEqualityComparer1SystemRuntimeTypearrayIndexOfSystemRuntimeTypearrayarraySystemRuntimeTypearraySystemInt32SystemInt32', ID = '7918'
Method 'SystemVoidCosmosIL2CPUSZArrayImpl1GetEnumeratord__0SystemRuntimeTypearrayctorSystemInt32', ID = '7919'
Method 'SystemVoidSystemCollectionsGenericEqualityComparer1SystemRuntimeTypecctor', ID = '7921'
Method 'SystemVoidSystemSZGenericArrayEnumerator1SystemReflectionRuntimePropertyInfoarraycctor', ID = '7923'
Method 'SystemVoidSystemSZGenericArrayEnumerator1SystemReflectionRuntimePropertyInfoarrayDispose', ID = '7924'
Method 'SystemBooleanSystemSZGenericArrayEnumerator1SystemReflectionRuntimePropertyInfoarrayMoveNext', ID = '7925'
Method 'SystemBooleanSystemRuntimeCompilerServicesRuntimeHelpersIsBitwiseEquatableSystemReflectionRuntimePropertyInfoarray', ID = '7926'
Method 'SystemInt32InternalRuntimeCompilerServicesUnsafeSizeOfSystemReflectionRuntimePropertyInfoarray', ID = '7927'
Method 'SystemByteInternalRuntimeCompilerServicesUnsafeAsSystemReflectionRuntimePropertyInfoarraySystemByteSystemReflectionRuntimePropertyInfoarray', ID = '7928'
Method 'SystemCharInternalRuntimeCompilerServicesUnsafeAsSystemReflectionRuntimePropertyInfoarraySystemCharSystemReflectionRuntimePropertyInfoarray', ID = '7929'
Method 'SystemInt32InternalRuntimeCompilerServicesUnsafeAsSystemReflectionRuntimePropertyInfoarraySystemInt32SystemReflectionRuntimePropertyInfoarray', ID = '7930'
Method 'SystemInt64InternalRuntimeCompilerServicesUnsafeAsSystemReflectionRuntimePropertyInfoarraySystemInt64SystemReflectionRuntimePropertyInfoarray', ID = '7931'
Method 'SystemCollectionsGenericEqualityComparer1SystemReflectionRuntimePropertyInfoarraySystemCollectionsGenericEqualityComparer1SystemReflectionRuntimePropertyInfoarrayget_Default', ID = '7932'
Method 'SystemInt32SystemCollectionsGenericEqualityComparer1SystemReflectionRuntimePropertyInfoarrayIndexOfSystemReflectionRuntimePropertyInfoarrayarraySystemReflectionRuntimePD39D1006767B1ACE0329F9AD4BAFF6FE', ID = '7933'
Method 'SystemVoidCosmosIL2CPUSZArrayImpl1GetEnumeratord__0SystemReflectionRuntimePropertyInfoarrayctorSystemInt32', ID = '7934'
Method 'SystemReflectionMethodInfoarrayInternalRuntimeCompilerServicesUnsafeAsSystemReflectionMethodInfoarraySystemObject', ID = '7937'
Method 'SystemVoidSystemSZGenericArrayEnumerator1SystemReflectionMethodInfoctorSystemReflectionMethodInfoarray', ID = '7938'
Method 'SystemInt32SystemArrayIndexOfSystemReflectionMethodInfoSystemReflectionMethodInfoarraySystemReflectionMethodInfoSystemInt32SystemInt32', ID = '7941'
Method 'SystemCollectionsGenericIEnumerator1SystemReflectionMethodInfoCosmosIL2CPUSZArrayImpl1SystemReflectionMethodInfoGetEnumerator', ID = '7942'
Method 'SystemVoidCosmosIL2CPUSZArrayImpl1SystemReflectionMethodInfoCopyToSystemReflectionMethodInfoarraySystemInt32', ID = '7943'
Method 'SystemInt32CosmosIL2CPUSZArrayImpl1SystemReflectionMethodInfoget_Count', ID = '7944'
Method 'SystemReflectionMethodInfoCosmosIL2CPUSZArrayImpl1SystemReflectionMethodInfoget_ItemSystemInt32', ID = '7945'
Method 'SystemVoidCosmosIL2CPUSZArrayImpl1SystemReflectionMethodInfoset_ItemSystemInt32SystemReflectionMethodInfo', ID = '7946'
Method 'SystemVoidCosmosIL2CPUSZArrayImpl1SystemReflectionMethodInfoAddSystemReflectionMethodInfo', ID = '7947'
Method 'SystemBooleanCosmosIL2CPUSZArrayImpl1SystemReflectionMethodInfoContainsSystemReflectionMethodInfo', ID = '7948'
Method 'SystemBooleanCosmosIL2CPUSZArrayImpl1SystemReflectionMethodInfoget_IsReadOnly', ID = '7949'
Method 'SystemVoidCosmosIL2CPUSZArrayImpl1SystemReflectionMethodInfoClear', ID = '7950'
Method 'SystemInt32CosmosIL2CPUSZArrayImpl1SystemReflectionMethodInfoIndexOfSystemReflectionMethodInfo', ID = '7951'
Method 'SystemVoidCosmosIL2CPUSZArrayImpl1SystemReflectionMethodInfoInsertSystemInt32SystemReflectionMethodInfo', ID = '7952'
Method 'SystemVoidCosmosIL2CPUSZArrayImpl1SystemReflectionMethodInfoRemoveAtSystemInt32', ID = '7953'
Method 'SystemBooleanCosmosIL2CPUSZArrayImpl1SystemReflectionMethodInfoget_IsFixedSize', ID = '7954'
Method 'SystemVoidCosmosIL2CPUSZArrayImpl1SystemReflectionMethodInfoRemoveSystemReflectionMethodInfo', ID = '7955'
Method 'SystemObjectCosmosIL2CPUSZArrayImpl1SystemReflectionMethodInfoget_SyncRoot', ID = '7956'
Method 'SystemBooleanCosmosIL2CPUSZArrayImpl1SystemReflectionMethodInfoget_IsSynchronized', ID = '7957'
Method 'SystemInt32SystemStringstrlenSystemBytepointer', ID = '7959'
Method 'SystemStringSystemMdUtf8StringToString', ID = '7960'
Method 'SystemVoidSystemCollectionsGenericEqualityComparer1SystemReflectionRuntimePropertyInfocctor', ID = '7961'
Method 'SystemVoidSystemSZGenericArrayEnumerator1SystemReflectionRuntimeEventInfoarraycctor', ID = '7963'
Method 'SystemVoidSystemSZGenericArrayEnumerator1SystemReflectionRuntimeEventInfoarrayDispose', ID = '7964'
Method 'SystemBooleanSystemSZGenericArrayEnumerator1SystemReflectionRuntimeEventInfoarrayMoveNext', ID = '7965'
Method 'SystemBooleanSystemRuntimeCompilerServicesRuntimeHelpersIsBitwiseEquatableSystemReflectionRuntimeEventInfoarray', ID = '7966'
Method 'SystemInt32InternalRuntimeCompilerServicesUnsafeSizeOfSystemReflectionRuntimeEventInfoarray', ID = '7967'
Method 'SystemByteInternalRuntimeCompilerServicesUnsafeAsSystemReflectionRuntimeEventInfoarraySystemByteSystemReflectionRuntimeEventInfoarray', ID = '7968'
Method 'SystemCharInternalRuntimeCompilerServicesUnsafeAsSystemReflectionRuntimeEventInfoarraySystemCharSystemReflectionRuntimeEventInfoarray', ID = '7969'
Method 'SystemInt32InternalRuntimeCompilerServicesUnsafeAsSystemReflectionRuntimeEventInfoarraySystemInt32SystemReflectionRuntimeEventInfoarray', ID = '7970'
Method 'SystemInt64InternalRuntimeCompilerServicesUnsafeAsSystemReflectionRuntimeEventInfoarraySystemInt64SystemReflectionRuntimeEventInfoarray', ID = '7971'
Method 'SystemCollectionsGenericEqualityComparer1SystemReflectionRuntimeEventInfoarraySystemCollectionsGenericEqualityComparer1SystemReflectionRuntimeEventInfoarrayget_Default', ID = '7972'
Method 'SystemInt32SystemCollectionsGenericEqualityComparer1SystemReflectionRuntimeEventInfoarrayIndexOfSystemReflectionRuntimeEventInfoarrayarraySystemReflectionRuntimeEventInfoarraySystemInt32SystemInt32', ID = '7973'
Method 'SystemVoidCosmosIL2CPUSZArrayImpl1GetEnumeratord__0SystemReflectionRuntimeEventInfoarrayctorSystemInt32', ID = '7974'
Method 'SystemVoidSystemCollectionsGenericEqualityComparer1SystemReflectionRuntimeEventInfocctor', ID = '7979'
Method 'SystemInt32SystemSpanHelpersIndexOfSystemCharSystemCharSystemCharSystemInt32', ID = '7981'
Method 'SystemStringSystemStringConcatSystemReadOnlySpan1SystemCharSystemReadOnlySpan1SystemCharSystemReadOnlySpan1SystemCharSystemReadOnlySpan1SystemChar', ID = '7982'
Method 'SystemVoidSystemNullable1SystemRuntimeInteropServicesDllImportSearchPathctorSystemRuntimeInteropServicesDllImportSearchPath', ID = '7983'
Method 'SystemBooleanSystemRuntimeInteropServicesNativeLibraryTryLoadSystemStringSystemReflectionAssemblySystemNullable1SystemRuntimeInteropServicesDllImportSearchPathSystemIntPtr', ID = '7984'
Method 'SystemStringSystemPrivateCoreLibSystemSRget_Argument_InvalidCodePageConversionIndex', ID = '7987'
Method 'SystemVoidSystemTextEncoderFallbackExceptionctorSystemStringSystemCharSystemInt32', ID = '7988'
Method 'SystemVoidSystemTextEncoderFallbackExceptionctorSystemStringSystemCharSystemCharSystemInt32', ID = '7989'
Method 'SystemBooleanCosmosCore_PlugsSystemRuntimeCompilerServicesRuntimeHelpersImplIsReferenceOrContainsReferencesSystemBoolean', ID = '7990'
Method 'SystemVoidSystemRandomImplBasector', ID = '7991'
Method 'SystemVoidInteropGetRandomBytesSystemBytepointerSystemInt32', ID = '7992'
Method 'SystemVoidSystemSpan1SystemBytectorSystemBytearray', ID = '7993'
Method 'SystemVoidSystemRandomXoshiroImplNextBytesSystemSpan1SystemByte', ID = '7994'
Method 'SystemInt32SystemGlobalizationCompareInfoCompareSystemReadOnlySpan1SystemCharSystemReadOnlySpan1SystemCharSystemGlobalizationCompareOptions', ID = '7995'
Method 'SystemVoidSystemGlobalizationCompareInfoCheckCompareOptionsForCompareSystemGlobalizationCompareOptions', ID = '7996'
Method 'SystemVoidCosmosCore_PlugsInteropGlobalizationImplChangeCaseInvariantSystemCharpointerSystemInt32SystemCharpointerSystemInt32SystemBoolean', ID = '7997'
Method 'SystemVoidCosmosCore_PlugsInteropGlobalizationImplChangeCaseTurkishSystemCharpointerSystemInt32SystemCharpointerSystemInt32SystemBoolean', ID = '7998'
Method 'SystemVoidCosmosCore_PlugsInteropGlobalizationImplChangeCaseSystemCharpointerSystemInt32SystemCharpointerSystemInt32SystemBoolean', ID = '7999'
Method 'SystemUInt16arrayarrayInternalRuntimeCompilerServicesUnsafeAsSystemUInt16arrayarraySystemObject', ID = '8001'
Method 'SystemVoidSystemSZGenericArrayEnumerator1SystemUInt16arrayctorSystemUInt16arrayarray', ID = '8002'
Method 'SystemInt32SystemArrayIndexOfSystemUInt16arraySystemUInt16arrayarraySystemUInt16arraySystemInt32SystemInt32', ID = '8005'
Method 'SystemCollectionsGenericIEnumerator1SystemUInt16arrayCosmosIL2CPUSZArrayImpl1SystemUInt16arrayGetEnumerator', ID = '8006'
Method 'SystemVoidCosmosIL2CPUSZArrayImpl1SystemUInt16arrayCopyToSystemUInt16arrayarraySystemInt32', ID = '8007'
Method 'SystemInt32CosmosIL2CPUSZArrayImpl1SystemUInt16arrayget_Count', ID = '8008'
Method 'SystemUInt16arrayCosmosIL2CPUSZArrayImpl1SystemUInt16arrayget_ItemSystemInt32', ID = '8009'
Method 'SystemVoidCosmosIL2CPUSZArrayImpl1SystemUInt16arrayset_ItemSystemInt32SystemUInt16array', ID = '8010'
Method 'SystemVoidCosmosIL2CPUSZArrayImpl1SystemUInt16arrayAddSystemUInt16array', ID = '8011'
Method 'SystemBooleanCosmosIL2CPUSZArrayImpl1SystemUInt16arrayContainsSystemUInt16array', ID = '8012'
Method 'SystemBooleanCosmosIL2CPUSZArrayImpl1SystemUInt16arrayget_IsReadOnly', ID = '8013'
Method 'SystemVoidCosmosIL2CPUSZArrayImpl1SystemUInt16arrayClear', ID = '8014'
Method 'SystemInt32CosmosIL2CPUSZArrayImpl1SystemUInt16arrayIndexOfSystemUInt16array', ID = '8015'
Method 'SystemVoidCosmosIL2CPUSZArrayImpl1SystemUInt16arrayInsertSystemInt32SystemUInt16array', ID = '8016'
Method 'SystemVoidCosmosIL2CPUSZArrayImpl1SystemUInt16arrayRemoveAtSystemInt32', ID = '8017'
Method 'SystemBooleanCosmosIL2CPUSZArrayImpl1SystemUInt16arrayget_IsFixedSize', ID = '8018'
Method 'SystemVoidCosmosIL2CPUSZArrayImpl1SystemUInt16arrayRemoveSystemUInt16array', ID = '8019'
Method 'SystemObjectCosmosIL2CPUSZArrayImpl1SystemUInt16arrayget_SyncRoot', ID = '8020'
Method 'SystemBooleanCosmosIL2CPUSZArrayImpl1SystemUInt16arrayget_IsSynchronized', ID = '8021'
Method 'SystemBooleanSystemNumericsVector1SystemSByteop_EqualitySystemNumericsVector1SystemSByteSystemNumericsVector1SystemSByte', ID = '8022'
Method 'SystemVoidSystemTextDecoderReplacementFallbackBufferReset', ID = '8024'
Method 'SystemBooleanSystemTextDecoderExceptionFallbackBufferFallbackSystemBytearraySystemInt32', ID = '8025'
Method 'SystemNumericsVector1SystemSByteSystemNumericsVector1SystemSByteGreaterThanOrEqualSystemNumericsVector1SystemSByteSystemNumericsVector1SystemSByte', ID = '8026'
Method 'SystemVoidCosmosIL2CPUSZArrayImpl1GetEnumeratord__0SystemReflectionRuntimeMethodInfoarraySystemIDisposableDispose', ID = '8031'
Method 'SystemBooleanCosmosIL2CPUSZArrayImpl1GetEnumeratord__0SystemReflectionRuntimeMethodInfoarrayMoveNext', ID = '8032'
Method 'SystemVoidSystemSZGenericArrayEnumerator1SystemReflectionParameterInfocctor', ID = '8033'
Method 'SystemVoidSystemSZGenericArrayEnumerator1SystemReflectionParameterInfoDispose', ID = '8034'
Method 'SystemBooleanSystemSZGenericArrayEnumerator1SystemReflectionParameterInfoMoveNext', ID = '8035'
Method 'SystemBooleanSystemRuntimeCompilerServicesRuntimeHelpersIsBitwiseEquatableSystemReflectionParameterInfo', ID = '8036'
Method 'SystemInt32InternalRuntimeCompilerServicesUnsafeSizeOfSystemReflectionParameterInfo', ID = '8037'
Method 'SystemByteInternalRuntimeCompilerServicesUnsafeAsSystemReflectionParameterInfoSystemByteSystemReflectionParameterInfo', ID = '8038'
Method 'SystemCharInternalRuntimeCompilerServicesUnsafeAsSystemReflectionParameterInfoSystemCharSystemReflectionParameterInfo', ID = '8039'
Method 'SystemInt32InternalRuntimeCompilerServicesUnsafeAsSystemReflectionParameterInfoSystemInt32SystemReflectionParameterInfo', ID = '8040'
Method 'SystemInt64InternalRuntimeCompilerServicesUnsafeAsSystemReflectionParameterInfoSystemInt64SystemReflectionParameterInfo', ID = '8041'
Method 'SystemCollectionsGenericEqualityComparer1SystemReflectionParameterInfoSystemCollectionsGenericEqualityComparer1SystemReflectionParameterInfoget_Default', ID = '8042'
Method 'SystemInt32SystemCollectionsGenericEqualityComparer1SystemReflectionParameterInfoIndexOfSystemReflectionParameterInfoarraySystemReflectionParameterInfoSystemInt32SystemInt32', ID = '8043'
Method 'SystemVoidCosmosIL2CPUSZArrayImpl1GetEnumeratord__0SystemReflectionParameterInfoctorSystemInt32', ID = '8044'
Method 'SystemBooleanSystemRuntimeMethodHandleEqualsSystemObject', ID = '8047'
Method 'SystemInt32SystemRuntimeMethodHandleGetHashCode', ID = '8048'
Method 'SystemVoidCosmosIL2CPUSZArrayImpl1GetEnumeratord__0SystemReflectionRuntimeConstructorInfoarraySystemIDisposableDispose', ID = '8054'
Method 'SystemBooleanCosmosIL2CPUSZArrayImpl1GetEnumeratord__0SystemReflectionRuntimeConstructorInfoarrayMoveNext', ID = '8055'
Method 'SystemReflectionCallingConventionsCosmosSystem_PlugsSystemReflectionRuntimeMethodInfoImplget_CallingConvention', ID = '8056'
Method 'SystemReflectionCallingConventionsCosmosSystem_PlugsSystemReflectionRuntimeConstructorInfoImplget_CallingConvention', ID = '8057'
Method 'SystemVoidCosmosIL2CPUSZArrayImpl1GetEnumeratord__0SystemReflectionRuntimeFieldInfoarraySystemIDisposableDispose', ID = '8063'
Method 'SystemBooleanCosmosIL2CPUSZArrayImpl1GetEnumeratord__0SystemReflectionRuntimeFieldInfoarrayMoveNext', ID = '8064'
Method 'SystemBooleanSystemTypedReferenceEqualsSystemObject', ID = '8067'
Method 'SystemInt32SystemTypedReferenceGetHashCode', ID = '8068'
Method 'SystemVoidCosmosIL2CPUSZArrayImpl1GetEnumeratord__0SystemRuntimeTypearraySystemIDisposableDispose', ID = '8073'
Method 'SystemBooleanCosmosIL2CPUSZArrayImpl1GetEnumeratord__0SystemRuntimeTypearrayMoveNext', ID = '8074'
Method 'SystemVoidCosmosIL2CPUSZArrayImpl1GetEnumeratord__0SystemReflectionRuntimePropertyInfoarraySystemIDisposableDispose', ID = '8079'
Method 'SystemBooleanCosmosIL2CPUSZArrayImpl1GetEnumeratord__0SystemReflectionRuntimePropertyInfoarrayMoveNext', ID = '8080'
Method 'SystemVoidSystemSZGenericArrayEnumerator1SystemReflectionMethodInfocctor', ID = '8081'
Method 'SystemVoidSystemSZGenericArrayEnumerator1SystemReflectionMethodInfoDispose', ID = '8082'
Method 'SystemBooleanSystemSZGenericArrayEnumerator1SystemReflectionMethodInfoMoveNext', ID = '8083'
Method 'SystemBooleanSystemRuntimeCompilerServicesRuntimeHelpersIsBitwiseEquatableSystemReflectionMethodInfo', ID = '8084'
Method 'SystemInt32InternalRuntimeCompilerServicesUnsafeSizeOfSystemReflectionMethodInfo', ID = '8085'
Method 'SystemByteInternalRuntimeCompilerServicesUnsafeAsSystemReflectionMethodInfoSystemByteSystemReflectionMethodInfo', ID = '8086'
Method 'SystemCharInternalRuntimeCompilerServicesUnsafeAsSystemReflectionMethodInfoSystemCharSystemReflectionMethodInfo', ID = '8087'
Method 'SystemInt32InternalRuntimeCompilerServicesUnsafeAsSystemReflectionMethodInfoSystemInt32SystemReflectionMethodInfo', ID = '8088'
Method 'SystemInt64InternalRuntimeCompilerServicesUnsafeAsSystemReflectionMethodInfoSystemInt64SystemReflectionMethodInfo', ID = '8089'
Method 'SystemCollectionsGenericEqualityComparer1SystemReflectionMethodInfoSystemCollectionsGenericEqualityComparer1SystemReflectionMethodInfoget_Default', ID = '8090'
Method 'SystemInt32SystemCollectionsGenericEqualityComparer1SystemReflectionMethodInfoIndexOfSystemReflectionMethodInfoarraySystemReflectionMethodInfoSystemInt32SystemInt32', ID = '8091'
Method 'SystemVoidCosmosIL2CPUSZArrayImpl1GetEnumeratord__0SystemReflectionMethodInfoctorSystemInt32', ID = '8092'
Method 'SystemVoidSystemStringThrowMustBeNullTerminatedString', ID = '8094'
Method 'SystemTextEncodingSystemTextEncodingget_UTF8', ID = '8095'
Method 'SystemStringSystemTextEncodingGetStringSystemReadOnlySpan1SystemByte', ID = '8096'
Method 'SystemVoidCosmosIL2CPUSZArrayImpl1GetEnumeratord__0SystemReflectionRuntimeEventInfoarraySystemIDisposableDispose', ID = '8101'
Method 'SystemBooleanCosmosIL2CPUSZArrayImpl1GetEnumeratord__0SystemReflectionRuntimeEventInfoarrayMoveNext', ID = '8102'
Method 'SystemReflectionParameterInfoarrayCosmosSystem_PlugsSystemReflectionRuntimeMethodInfoImplGetParametersNoCopy', ID = '8103'
Method 'SystemReflectionParameterInfoarrayCosmosSystem_PlugsSystemReflectionRuntimeConstructorInfoImplGetParametersNoCopy', ID = '8104'
Method 'SystemReflectionParameterInfoarraySystemReflectionRuntimeConstructorInfoGetParameters', ID = '8106'
Method 'SystemBooleanSystemReflectionAssemblyop_EqualitySystemReflectionAssemblySystemReflectionAssembly', ID = '8110'
Method 'SystemBooleanSystemReflectionAssemblyIsRuntimeImplemented', ID = '8111'
Method 'SystemStringSystemPrivateCoreLibSystemSRget_Argument_MustBeRuntimeAssembly', ID = '8112'
Method 'SystemIntPtrSystemRuntimeInteropServicesNativeLibraryLoadLibraryByNameSystemStringSystemReflectionAssemblySystemNullable1SystemRuntimeInteropServicesDllImportSearchPathSystemBoolean', ID = '8113'
Method 'SystemVoidCosmosCore_PlugsSystemInternalEnvironmentImplFailFastSystemString', ID = '8114'
Method 'SystemVoidCosmosCore_PlugsInteropGlobalizationImplInitICUFunctionsSystemIntPtrSystemIntPtrSystemStringSystemString', ID = '8115'
Method 'SystemUInt64SystemNumericsBitOperationsRotateLeftSystemUInt64SystemInt32', ID = '8119'
Method 'SystemBooleanSystemReadOnlySpan1SystemCharop_EqualitySystemReadOnlySpan1SystemCharSystemReadOnlySpan1SystemChar', ID = '8120'
Method 'SystemInt32SystemGlobalizationCompareInfoCompareStringCoreSystemReadOnlySpan1SystemCharSystemReadOnlySpan1SystemCharSystemGlobalizationCompareOptions', ID = '8121'
Method 'SystemInt32SystemMemoryExtensionsSequenceCompareToSystemCharSystemReadOnlySpan1SystemCharSystemReadOnlySpan1SystemChar', ID = '8122'
Method 'SystemVoidSystemSZGenericArrayEnumerator1SystemUInt16arraycctor', ID = '8123'
Method 'SystemVoidSystemSZGenericArrayEnumerator1SystemUInt16arrayDispose', ID = '8124'
Method 'SystemBooleanSystemSZGenericArrayEnumerator1SystemUInt16arrayMoveNext', ID = '8125'
Method 'SystemBooleanSystemRuntimeCompilerServicesRuntimeHelpersIsBitwiseEquatableSystemUInt16array', ID = '8126'
Method 'SystemInt32InternalRuntimeCompilerServicesUnsafeSizeOfSystemUInt16array', ID = '8127'
Method 'SystemByteInternalRuntimeCompilerServicesUnsafeAsSystemUInt16arraySystemByteSystemUInt16array', ID = '8128'
Method 'SystemCharInternalRuntimeCompilerServicesUnsafeAsSystemUInt16arraySystemCharSystemUInt16array', ID = '8129'
Method 'SystemInt32InternalRuntimeCompilerServicesUnsafeAsSystemUInt16arraySystemInt32SystemUInt16array', ID = '8130'
Method 'SystemInt64InternalRuntimeCompilerServicesUnsafeAsSystemUInt16arraySystemInt64SystemUInt16array', ID = '8131'
Method 'SystemCollectionsGenericEqualityComparer1SystemUInt16arraySystemCollectionsGenericEqualityComparer1SystemUInt16arrayget_Default', ID = '8132'
Method 'SystemInt32SystemCollectionsGenericEqualityComparer1SystemUInt16arrayIndexOfSystemUInt16arrayarraySystemUInt16arraySystemInt32SystemInt32', ID = '8133'
Method 'SystemVoidCosmosIL2CPUSZArrayImpl1GetEnumeratord__0SystemUInt16arrayctorSystemInt32', ID = '8134'
Method 'SystemBooleanSystemNumericsVector1SystemSByteScalarEqualsSystemSByteSystemSByte', ID = '8136'
Method 'SystemBooleanCosmosSystem_PlugsSystemTextDecoderReplacementFallbackBufferImplFallbackSystemBytearraySystemInt32', ID = '8137'
Method 'SystemVoidSystemTextDecoderExceptionFallbackBufferThrowSystemBytearraySystemInt32', ID = '8138'
Method 'SystemBooleanSystemNumericsVector1SystemSByteScalarGreaterThanOrEqualSystemSByteSystemSByte', ID = '8139'
Method 'SystemVoidSystemCollectionsGenericEqualityComparer1SystemReflectionRuntimeMethodInfoarraycctor', ID = '8140'
Method 'SystemVoidCosmosIL2CPUSZArrayImpl1GetEnumeratord__0SystemReflectionParameterInfoSystemIDisposableDispose', ID = '8146'
Method 'SystemBooleanCosmosIL2CPUSZArrayImpl1GetEnumeratord__0SystemReflectionParameterInfoMoveNext', ID = '8147'
Method 'SystemBooleanCosmosCore_PlugsSystemRuntimeMethodHandleImplHasMethodInstantiationSystemObject', ID = '8148'
Method 'SystemIntPtrSystemRuntimeMethodHandleget_Value', ID = '8149'
Method 'SystemVoidSystemCollectionsGenericEqualityComparer1SystemReflectionRuntimeConstructorInfoarraycctor', ID = '8150'
Method 'SystemBooleanCosmosCoreCosmosRuntimeTypeIsByRefImpl', ID = '8152'
Method 'SystemBooleanSystemRuntimeTypeIsByRefImpl', ID = '8153'
Method 'SystemVoidSystemCollectionsGenericEqualityComparer1SystemReflectionRuntimeFieldInfoarraycctor', ID = '8154'
Method 'SystemBooleanCosmosCoreCosmosRuntimeTypeIsPrimitiveImpl', ID = '8156'
Method 'SystemBooleanSystemRuntimeTypeIsPrimitiveImpl', ID = '8157'
Method 'SystemTypeSystemTypeget_DeclaringType', ID = '8158'
Method 'SystemTypeSystemRuntimeTypeget_DeclaringType', ID = '8159'
Method 'SystemTypeSystemReflectionRuntimeMethodInfoget_DeclaringType', ID = '8160'
Method 'SystemTypeSystemReflectionRuntimeConstructorInfoget_DeclaringType', ID = '8161'
Method 'SystemTypeSystemReflectionRuntimeFieldInfoget_DeclaringType', ID = '8162'
Method 'SystemTypeSystemReflectionRuntimePropertyInfoget_DeclaringType', ID = '8163'
Method 'SystemTypeSystemReflectionRuntimeEventInfoget_DeclaringType', ID = '8164'
Method 'SystemStringSystemPrivateCoreLibSystemSRget_NotSupported_NYI', ID = '8165'
Method 'SystemVoidSystemCollectionsGenericEqualityComparer1SystemRuntimeTypearraycctor', ID = '8166'
Method 'SystemVoidSystemCollectionsGenericEqualityComparer1SystemReflectionRuntimePropertyInfoarraycctor', ID = '8168'
Method 'SystemVoidCosmosIL2CPUSZArrayImpl1GetEnumeratord__0SystemReflectionMethodInfoSystemIDisposableDispose', ID = '8174'
Method 'SystemBooleanCosmosIL2CPUSZArrayImpl1GetEnumeratord__0SystemReflectionMethodInfoMoveNext', ID = '8175'
Method 'SystemStringSystemPrivateCoreLibSystemSRget_Arg_MustBeNullTerminatedString', ID = '8176'
Method 'SystemByteSystemRuntimeInteropServicesMemoryMarshalGetNonNullPinnableReferenceSystemByteSystemReadOnlySpan1SystemByte', ID = '8177'
Method 'SystemVoidSystemCollectionsGenericEqualityComparer1SystemReflectionRuntimeEventInfoarraycctor', ID = '8178'
Method 'SystemReflectionParameterInfoarrayCosmosSystem_PlugsSystemReflectionRuntimeMethodInfoImplGetParameters', ID = '8180'
Method 'SystemStringSystemNullable1SystemRuntimeInteropServicesDllImportSearchPathToString', ID = '8181'
Method 'SystemBooleanSystemNullable1SystemRuntimeInteropServicesDllImportSearchPathEqualsSystemObject', ID = '8182'
Method 'SystemInt32SystemNullable1SystemRuntimeInteropServicesDllImportSearchPathGetHashCode', ID = '8183'
Method 'SystemBooleanSystemNullable1SystemRuntimeInteropServicesDllImportSearchPathget_HasValue', ID = '8184'
Method 'SystemRuntimeInteropServicesDllImportSearchPathSystemNullable1SystemRuntimeInteropServicesDllImportSearchPathGetValueOrDefault', ID = '8185'
Method 'SystemInt32CosmosCore_PlugsInteropBCryptImplBCryptGenRandomSystemIntPtrSystemBytepointerSystemInt32SystemInt32', ID = '8189'
Method 'SystemInt32SystemGlobalizationCompareInfoIcuCompareStringSystemReadOnlySpan1SystemCharSystemReadOnlySpan1SystemCharSystemGlobalizationCompareOptions', ID = '8190'
Method 'SystemInt32SystemGlobalizationCompareInfoNlsCompareStringSystemReadOnlySpan1SystemCharSystemReadOnlySpan1SystemCharSystemGlobalizationCompareOptions', ID = '8191'
Method 'SystemInt32SystemSpanHelpersSequenceCompareToSystemCharSystemCharSystemInt32SystemCharSystemInt32', ID = '8192'
Method 'SystemVoidCosmosIL2CPUSZArrayImpl1GetEnumeratord__0SystemUInt16arraySystemIDisposableDispose', ID = '8196'
Method 'SystemBooleanCosmosIL2CPUSZArrayImpl1GetEnumeratord__0SystemUInt16arrayMoveNext', ID = '8197'
Method 'SystemVoidSystemTextStringBuilderctorSystemInt32', ID = '8199'
Method 'SystemVoidSystemTextStringBuilderAppendInterpolatedStringHandlerctorSystemInt32SystemInt32SystemTextStringBuilder', ID = '8200'
Method 'SystemVoidSystemTextStringBuilderAppendInterpolatedStringHandlerAppendLiteralSystemString', ID = '8201'
Method 'SystemVoidSystemTextStringBuilderAppendInterpolatedStringHandlerAppendFormattedSystemByteSystemByteSystemString', ID = '8202'
Method 'SystemTextStringBuilderSystemTextStringBuilderAppendSystemTextStringBuilderAppendInterpolatedStringHandler', ID = '8203'
Method 'SystemStringSystemPrivateCoreLibSystemSRget_Argument_InvalidCodePageBytesIndex', ID = '8204'
Method 'SystemVoidSystemTextDecoderFallbackExceptionctorSystemStringSystemBytearraySystemInt32', ID = '8205'
Method 'SystemVoidSystemCollectionsGenericEqualityComparer1SystemReflectionParameterInfocctor', ID = '8206'
Method 'SystemIntPtrSystemRuntimeMethodHandleInternalget_Value', ID = '8209'
Method 'SystemBooleanSystemRuntimeTypeHandleIsByRefSystemRuntimeType', ID = '8210'
Method 'SystemBooleanSystemRuntimeTypeHandleIsPrimitiveSystemRuntimeType', ID = '8211'
Method 'SystemRuntimeTypeSystemRuntimeTypeRuntimeTypeCacheGetEnclosingType', ID = '8212'
Method 'SystemBooleanSystemRuntimeTypeRuntimeTypeCacheget_IsGlobal', ID = '8213'
Method 'SystemVoidSystemCollectionsGenericEqualityComparer1SystemReflectionMethodInfocctor', ID = '8214'
Method 'SystemByteInternalRuntimeCompilerServicesUnsafeAsRefSystemByteSystemVoidpointer', ID = '8216'
Method 'SystemIntPtrCosmosCore_PlugsSystemRuntimeInteropServicesNativeLibraryImplLoadByNameSystemStringSystemObjectSystemBooleanSystemUInt32SystemBoolean', ID = '8217'
Method 'SystemVoidSystemCollectionsGenericEqualityComparer1SystemUInt16arraycctor', ID = '8222'
Method 'SystemVoidSystemTextStringBuilderctorSystemInt32SystemInt32', ID = '8224'
Method 'SystemVoidSystemTextStringBuilderAppendInterpolatedStringHandlerAppendCustomFormatterSystemByteSystemByteSystemString', ID = '8226'
Method 'SystemVoidSystemTextStringBuilderFormatError', ID = '8227'
Method 'SystemVoidSystemTextStringBuilderAppendInterpolatedStringHandlerAppendFormattedWithTempSpaceSystemByteSystemByteSystemInt32SystemString', ID = '8228'
Method 'SystemRuntimeMethodHandleInternalSystemReflectionRuntimeMethodInfoSystemIRuntimeMethodInfoget_Value', ID = '8231'
Method 'SystemRuntimeMethodHandleInternalSystemReflectionRuntimeConstructorInfoSystemIRuntimeMethodInfoget_Value', ID = '8232'
Method 'SystemBooleanSystemRuntimeCompilerServicesRuntimeHelpersIsPrimitiveTypeSystemReflectionCorElementType', ID = '8233'
Method 'SystemRuntimeTypeSystemRuntimeTypeRuntimeTypeCacheGetRuntimeType', ID = '8234'
Method 'SystemInt32CosmosCore_PlugsInteropGlobalizationImplCompareStringSystemIntPtrSystemCharpointerSystemInt32SystemCharpointerSystemInt32SystemObject', ID = '8237'
Method 'SystemInt32CosmosCore_PlugsInteropKernel32ImplCompareStringExSystemCharpointerSystemUInt32SystemCharpointerSystemInt32SystemCharpointerSystemInt32SystemObjectSystemObjectSystemIntPtr', ID = '8238'
Method 'SystemStringSystemPrivateCoreLibSystemSRget_ArgumentOutOfRange_Capacity', ID = '8239'
Method 'SystemStringSystemPrivateCoreLibSystemSRget_ArgumentOutOfRange_SmallMaxCapacity', ID = '8240'
Method 'SystemStringSystemPrivateCoreLibSystemSRget_Format_InvalidString', ID = '8241'
Method 'SystemVoidSystemRuntimeCompilerServicesDefaultInterpolatedStringHandlerAppendFormattedSystemByteSystemByteSystemString', ID = '8242'
Method 'SystemVoidSystemTextStringBuilderAppendInterpolatedStringHandlerAppendFormattedSystemReadOnlySpan1SystemCharSystemInt32SystemString', ID = '8243'
Method 'SystemVoidSystemRuntimeMethodHandleInternalctorSystemIntPtr', ID = '8244'
Method 'SystemObjectCosmosCore_PlugsSystemRuntimeTypeHandleImplGetDeclaringTypeSystemObject', ID = '8245'
Method 'SystemTextStringBuilderSystemTextStringBuilderAppendSystemReadOnlySpan1SystemChar', ID = '8246'
