Method 'SystemVoidCosmosSystemKernelStart', ID = '0'
Method 'SystemVoidCosmosIL2CPURuntimeEngineInitializeApplication', ID = '1'
Method 'SystemVoidCosmosIL2CPURuntimeEngineFinalizeApplicationSystemInt32', ID = '2'
Method 'SystemBooleanCosmosCoreVTablesImplIsInstanceSystemUInt32SystemUInt32SystemBoolean', ID = '3'
Method 'SystemVoidCosmosCoreVTablesImplSetTypeInfoSystemInt32SystemUInt32SystemUInt32SystemUInt32SystemUInt32arraySystemUInt32SystemUInt32arraySystemUInt32arraySystemUInt32Syst2350FF37540DB026AD8A0FEF8931DCAC', ID = '4'
Method 'SystemVoidCosmosCoreVTablesImplSetInterfaceInfoSystemInt32SystemInt32SystemUInt32', ID = '5'
Method 'SystemVoidCosmosCoreVTablesImplSetMethodInfoSystemInt32SystemInt32SystemUInt32SystemUInt32', ID = '6'
Method 'SystemVoidCosmosCoreVTablesImplSetInterfaceMethodInfoSystemInt32SystemInt32SystemUInt32SystemUInt32', ID = '7'
Method 'SystemUInt32CosmosCoreVTablesImplGetMethodAddressForTypeSystemUInt32SystemUInt32', ID = '8'
Method 'SystemUInt32CosmosCoreVTablesImplGetMethodAddressForInterfaceTypeSystemUInt32SystemUInt32', ID = '9'
Method 'SystemUInt32CosmosCoreVTablesImplGetDeclaringTypeOfMethodForTypeSystemUInt32SystemUInt32', ID = '10'
Method 'SystemVoidCosmosCoreGCImplementationInit', ID = '11'
Method 'SystemVoidCosmosCoreGCImplementationIncRootCountSystemUInt16pointer', ID = '12'
Method 'SystemVoidCosmosCoreGCImplementationIncRootCountsInStructSystemUInt16pointerSystemUInt32', ID = '13'
Method 'SystemVoidCosmosCoreGCImplementationDecRootCountSystemUInt16pointer', ID = '14'
Method 'SystemVoidCosmosCoreGCImplementationDecRootCountsInStructSystemUInt16pointerSystemUInt32', ID = '15'
Method 'SystemUInt32CosmosCoreGCImplementationAllocNewObjectSystemUInt32', ID = '16'
Method 'SystemVoidCosmosIL2CPUExceptionHelperThrowNotImplementedSystemString', ID = '17'
Method 'SystemVoidCosmosIL2CPUExceptionHelperThrowOverflow', ID = '18'
Method 'SystemVoidCosmosIL2CPUExceptionHelperThrowInvalidOperationSystemString', ID = '19'
Method 'SystemVoidCosmosIL2CPUExceptionHelperThrowArgumentOutOfRangeSystemString', ID = '20'
Method 'SystemVoidSystemArrayctor', ID = '23'
Method 'SystemDelegatearraySystemMulticastDelegateGetInvocationList', ID = '24'
Method 'SystemVoidCosmosIL2CPUExceptionHelperThrowInvalidCastException', ID = '26'
Method 'SystemVoidCosmosIL2CPUExceptionHelperThrowNotFiniteNumberExceptionSystemDouble', ID = '27'
Method 'SystemVoidCosmosIL2CPUExceptionHelperThrowDivideByZeroException', ID = '28'
Method 'SystemVoidCosmosIL2CPUExceptionHelperThrowIndexOutOfRangeException', ID = '29'
Method 'SystemVoidRTL8102E_DriverKernelctor', ID = '30'
Method 'SystemVoidCosmosDebugKernelDebuggerSendSystemString', ID = '35'
Method 'SystemVoidCosmosHALBootstrapInit', ID = '39'
Method 'SystemVoidCosmosSystemKernelOnBoot', ID = '40'
Method 'SystemVoidCosmosSystemKernelBeforeRun', ID = '41'
Method 'SystemVoidCosmosHALGlobalEnableInterrupts', ID = '42'
Method 'SystemVoidCosmosSystemKernelAfterRun', ID = '44'
Method 'SystemVoidCosmosIL2CPURuntimeEngineInitializeEngine', ID = '48'
Method 'SystemVoidCosmosIL2CPURuntimeEngineHeap_Initialize', ID = '49'
Method 'SystemVoidCosmosIL2CPURuntimeEngineFinalizeEngine', ID = '51'
Method 'SystemVoidCosmosIL2CPURuntimeEngineExitProcessSystemInt32', ID = '52'
Method 'SystemVoidCosmosCoreVTablesImplDebugSystemString', ID = '58'
Method 'SystemVoidCosmosCoreVTablesImplDebugHexSystemStringSystemUInt32', ID = '59'
Method 'SystemVoidCosmosCoreVTablesImplDebugAndHaltSystemString', ID = '63'
Method 'SystemVoidCosmosDebugKernelPlugsAsmDebuggerAsmSendKernelPanicSystemUInt32', ID = '65'
Method 'CosmosCoreRawMemoryMapBlockpointerCosmosCoreCPUGetLargestMemoryBlock', ID = '69'
Method 'SystemVoidCosmosCoreMemoryRATInitSystemBytepointerSystemUInt32', ID = '74'
Method 'CosmosCoreMemoryRATPageTypeCosmosCoreMemoryRATGetPageTypeSystemVoidpointer', ID = '76'
Method 'SystemUInt32CosmosCoreVTablesImplGetGCFieldCountSystemUInt32', ID = '77'
Method 'SystemUInt32arrayCosmosCoreVTablesImplGetGCFieldOffsetsSystemUInt32', ID = '78'
Method 'SystemUInt32arrayCosmosCoreVTablesImplGetGCFieldTypesSystemUInt32', ID = '79'
Method 'SystemBooleanCosmosCoreVTablesImplIsStructSystemUInt32', ID = '80'
Method 'SystemBytepointerCosmosCoreMemoryHeapAllocSystemUInt32', ID = '81'
Method 'SystemVoidSystemNotImplementedExceptionctorSystemString', ID = '83'
Method 'SystemVoidSystemOverflowExceptionctorSystemString', ID = '84'
Method 'SystemVoidSystemInvalidOperationExceptionctorSystemString', ID = '85'
Method 'SystemVoidSystemArgumentOutOfRangeExceptionctorSystemString', ID = '86'
Method 'SystemDelegatearraySystemDelegateGetInvocationList', ID = '97'
Method 'SystemInt32SystemIntPtrop_ExplicitSystemIntPtr', ID = '100'
Method 'SystemVoidSystemInvalidCastExceptionctor', ID = '101'
Method 'SystemVoidSystemNotFiniteNumberExceptionctorSystemDouble', ID = '103'
Method 'SystemVoidSystemDivideByZeroExceptionctor', ID = '104'
Method 'SystemVoidSystemIndexOutOfRangeExceptionctor', ID = '105'
Method 'SystemVoidCosmosSystemKernelctor', ID = '107'
Method 'SystemVoidCosmosSystemGlobalcctor', ID = '110'
Method 'SystemVoidCosmosCore_PlugsSystemExceptionImplCtorSystemString', ID = '113'
Method 'SystemVoidCosmosCoreBootstrapInit', ID = '121'
Method 'CosmosHALTextScreenBaseCosmosSystemKernelGetTextScreen', ID = '122'
Method 'SystemVoidCosmosSystemGlobalInitCosmosHALTextScreenBaseSystemBooleanSystemBooleanSystemBooleanSystemBoolean', ID = '123'
Method 'SystemVoidRTL8102E_DriverKernelBeforeRun', ID = '124'
Method 'SystemVoidCosmosCoreCPUEnableInterrupts', ID = '126'
Method 'SystemVoidRTL8102E_DriverKernelRun', ID = '127'
Method 'SystemVoidCosmosSystem_PlugsSystemConsoleImplWriteLineSystemString', ID = '129'
Method 'SystemStringSystemValueTypeToString', ID = '130'
Method 'SystemStringSystemStringToString', ID = '131'
Method 'SystemStringSystemBooleanToString', ID = '134'
Method 'SystemStringSystemCharToString', ID = '137'
Method 'SystemStringCosmosCore_PlugsSystemObjectImplToString', ID = '138'
Method 'SystemVoidSystemBooleancctor', ID = '189'
Method 'SystemVoidCosmosCoreVTablesImplcctor', ID = '192'
Method 'SystemVoidCosmosDebugKernelDebuggerSendNumberSystemUInt32', ID = '194'
Method 'SystemCollectionsGenericIEnumerator1SystemUInt32SystemSZArrayHelperGetEnumeratorSystemUInt32', ID = '195'
Method 'SystemVoidSystemSZArrayHelperCopyToSystemUInt32SystemUInt32arraySystemInt32', ID = '196'
Method 'SystemInt32SystemSZArrayHelperget_CountSystemUInt32', ID = '197'
Method 'SystemUInt32SystemSZArrayHelperget_ItemSystemUInt32SystemInt32', ID = '198'
Method 'SystemVoidSystemSZArrayHelperset_ItemSystemUInt32SystemInt32SystemUInt32', ID = '199'
Method 'SystemVoidSystemSZArrayHelperAddSystemUInt32SystemUInt32', ID = '200'
Method 'SystemBooleanSystemSZArrayHelperContainsSystemUInt32SystemUInt32', ID = '201'
Method 'SystemBooleanSystemSZArrayHelperget_IsReadOnlySystemUInt32', ID = '202'
Method 'SystemVoidSystemSZArrayHelperClearSystemUInt32', ID = '203'
Method 'SystemInt32SystemSZArrayHelperIndexOfSystemUInt32SystemUInt32', ID = '204'
Method 'SystemVoidSystemSZArrayHelperInsertSystemUInt32SystemInt32SystemUInt32', ID = '205'
Method 'SystemBooleanSystemSZArrayHelperRemoveSystemUInt32SystemUInt32', ID = '206'
Method 'SystemVoidSystemSZArrayHelperRemoveAtSystemUInt32SystemInt32', ID = '207'
Method 'SystemVoidCosmosDebugKernelPlugsAsmDebuggerAsmDoBochsBreak', ID = '215'
Method 'SystemVoidCosmosCoreGCImplementationcctor', ID = '216'
Method 'SystemBooleanCosmosCoreMultiboot2MemoryMapExists', ID = '219'
Method 'CosmosCoreMultiboot2Mb2TagMemoryMappointerCosmosCoreMultiboot2get_MemoryMap', ID = '220'
Method 'SystemUInt32CosmosCore_AsmCPUImplGetEndOfKernel', ID = '223'
Method 'SystemVoidCosmosCoreMemoryHeapInit', ID = '233'
Method 'SystemUInt32CosmosCoreMemoryRATGetFirstRATIndexSystemVoidpointer', ID = '236'
Method 'SystemBooleanCosmosCoreCPUDisableInterrupts', ID = '238'
Method 'SystemBytepointerCosmosCoreMemoryHeapSmallAllocSystemUInt16', ID = '241'
Method 'SystemBytepointerCosmosCoreMemoryHeapMediumAllocSystemUInt32', ID = '242'
Method 'SystemBytepointerCosmosCoreMemoryHeapLargeAllocSystemUInt32CosmosCoreMemoryRATPageType', ID = '243'
Method 'SystemVoidSystemSystemExceptionctorSystemString', ID = '245'
Method 'SystemVoidSystemExceptionset_HResultSystemInt32', ID = '246'
Method 'SystemVoidSystemArithmeticExceptionctorSystemString', ID = '248'
Method 'SystemStringSystemPrivateCoreLibSystemSRget_Arg_ArgumentOutOfRangeException', ID = '251'
Method 'SystemVoidSystemArgumentExceptionctorSystemStringSystemString', ID = '252'
Method 'SystemVoidCosmosCore_PlugsSystemObjectImplCtor', ID = '253'
Method 'SystemCollectionsGenericIEnumerator1SystemDelegateSystemSZArrayHelperGetEnumeratorSystemDelegate', ID = '256'
Method 'SystemVoidSystemSZArrayHelperCopyToSystemDelegateSystemDelegatearraySystemInt32', ID = '257'
Method 'SystemInt32SystemSZArrayHelperget_CountSystemDelegate', ID = '258'
Method 'SystemDelegateSystemSZArrayHelperget_ItemSystemDelegateSystemInt32', ID = '259'
Method 'SystemVoidSystemSZArrayHelperset_ItemSystemDelegateSystemInt32SystemDelegate', ID = '260'
Method 'SystemVoidSystemSZArrayHelperAddSystemDelegateSystemDelegate', ID = '261'
Method 'SystemBooleanSystemSZArrayHelperContainsSystemDelegateSystemDelegate', ID = '262'
Method 'SystemBooleanSystemSZArrayHelperget_IsReadOnlySystemDelegate', ID = '263'
Method 'SystemVoidSystemSZArrayHelperClearSystemDelegate', ID = '264'
Method 'SystemInt32SystemSZArrayHelperIndexOfSystemDelegateSystemDelegate', ID = '265'
Method 'SystemVoidSystemSZArrayHelperInsertSystemDelegateSystemInt32SystemDelegate', ID = '266'
Method 'SystemBooleanSystemSZArrayHelperRemoveSystemDelegateSystemDelegate', ID = '267'
Method 'SystemVoidSystemSZArrayHelperRemoveAtSystemDelegateSystemInt32', ID = '268'
Method 'SystemCollectionsGenericIEnumerator1SystemObjectSystemSZArrayHelperGetEnumeratorSystemObject', ID = '275'
Method 'SystemVoidSystemSZArrayHelperCopyToSystemObjectSystemObjectarraySystemInt32', ID = '276'
Method 'SystemInt32SystemSZArrayHelperget_CountSystemObject', ID = '277'
Method 'SystemObjectSystemSZArrayHelperget_ItemSystemObjectSystemInt32', ID = '278'
Method 'SystemVoidSystemSZArrayHelperset_ItemSystemObjectSystemInt32SystemObject', ID = '279'
Method 'SystemVoidSystemSZArrayHelperAddSystemObjectSystemObject', ID = '280'
Method 'SystemBooleanSystemSZArrayHelperContainsSystemObjectSystemObject', ID = '281'
Method 'SystemBooleanSystemSZArrayHelperget_IsReadOnlySystemObject', ID = '282'
Method 'SystemVoidSystemSZArrayHelperClearSystemObject', ID = '283'
Method 'SystemInt32SystemSZArrayHelperIndexOfSystemObjectSystemObject', ID = '284'
Method 'SystemVoidSystemSZArrayHelperInsertSystemObjectSystemInt32SystemObject', ID = '285'
Method 'SystemBooleanSystemSZArrayHelperRemoveSystemObjectSystemObject', ID = '286'
Method 'SystemVoidSystemSZArrayHelperRemoveAtSystemObjectSystemInt32', ID = '287'
Method 'SystemStringSystemPrivateCoreLibSystemSRget_Arg_InvalidCastException', ID = '295'
Method 'SystemVoidSystemArithmeticExceptionctor', ID = '321'
Method 'SystemStringSystemPrivateCoreLibSystemSRget_Arg_DivideByZero', ID = '323'
Method 'SystemStringSystemPrivateCoreLibSystemSRget_Arg_IndexOutOfRangeException', ID = '325'
Method 'SystemVoidCosmosDebugKernelDebuggerctorSystemStringSystemString', ID = '327'
Method 'CosmosDebugKernelDebuggerCosmosDebugKernelDebuggerFactoryCreateDebuggerSystemStringSystemString', ID = '328'
Method 'SystemVoidCosmosDebugKernelPlugsAsmDebuggerAsmDoSendSystemString', ID = '330'
Method 'SystemVoidCosmosCoreMultiboot2Init', ID = '363'
Method 'SystemVoidCosmosCoreINTsDummy', ID = '364'
Method 'SystemVoidCosmosCorePICctor', ID = '365'
Method 'SystemVoidCosmosSystemConsolectorCosmosHALTextScreenBase', ID = '371'
Method 'SystemVoidCosmosHALGlobalInitCosmosHALTextScreenBaseSystemBooleanSystemBooleanSystemBooleanSystemBoolean', ID = '373'
Method 'SystemVoidCosmosSystemNetworkNetworkStackInit', ID = '374'
Method 'SystemVoidCosmosSystemGlobalset_NumLockSystemBoolean', ID = '375'
Method 'SystemVoidCosmosSystemGlobalset_CapsLockSystemBoolean', ID = '376'
Method 'SystemVoidCosmosSystemGlobalset_ScrollLockSystemBoolean', ID = '377'
Method 'SystemVoidRTL8102E_DriverRTL8102Ector', ID = '378'
Method 'SystemBooleanRTL8102E_DriverRTL8102EInitialize', ID = '379'
Method 'SystemVoidCosmosSystemNetworkIPv4AddressctorSystemByteSystemByteSystemByteSystemByte', ID = '380'
Method 'SystemVoidCosmosSystemNetworkConfigIPConfigctorCosmosSystemNetworkIPv4AddressCosmosSystemNetworkIPv4AddressCosmosSystemNetworkIPv4Address', ID = '381'
Method 'SystemVoidCosmosSystemNetworkNetworkStackConfigIPCosmosHALNetworkDeviceCosmosSystemNetworkConfigIPConfig', ID = '382'
Method 'SystemVoidCosmosHALGlobalcctor', ID = '383'
Method 'SystemVoidRTL8102E_DriverRTL8102EPoll', ID = '386'
Method 'SystemVoidCosmosSystemNetworkNetworkStackUpdate', ID = '387'
Method 'SystemVoidSystemConsolecctor', ID = '388'
Method 'SystemStringSystemEnvironmentget_NewLine', ID = '390'
Method 'SystemStringSystemStringConcatSystemStringSystemString', ID = '391'
Method 'SystemVoidCosmosSystem_PlugsSystemConsoleImplWriteSystemString', ID = '392'
Method 'SystemStringCosmosSystem_PlugsSystemInt32ImplToString', ID = '394'
Method 'SystemStringCosmosSystem_PlugsSystemUInt32ImplToString', ID = '395'
Method 'SystemStringCosmosSystem_PlugsSystemDoubleImplToString', ID = '396'
Method 'SystemStringCosmosCore_PlugsSystemExceptionImplToString', ID = '397'
Method 'SystemStringSystemCharToStringSystemChar', ID = '398'
Method 'SystemUInt32arrayInternalRuntimeCompilerServicesUnsafeAsSystemUInt32arraySystemObject', ID = '404'
Method 'SystemVoidSystemSZGenericArrayEnumerator1SystemUInt32ctorSystemUInt32array', ID = '405'
Method 'SystemVoidSystemThrowHelperThrowArgumentOutOfRange_IndexException', ID = '409'
Method 'SystemVoidSystemThrowHelperThrowNotSupportedExceptionSystemExceptionResource', ID = '410'
Method 'SystemInt32SystemArrayIndexOfSystemUInt32SystemUInt32arraySystemUInt32SystemInt32SystemInt32', ID = '411'
Method 'SystemCollectionsGenericIEnumerator1SystemUInt32CosmosIL2CPUSZArrayImpl1SystemUInt32GetEnumerator', ID = '412'
Method 'SystemVoidCosmosIL2CPUSZArrayImpl1SystemUInt32CopyToSystemUInt32arraySystemInt32', ID = '413'
Method 'SystemInt32CosmosIL2CPUSZArrayImpl1SystemUInt32get_Count', ID = '414'
Method 'SystemUInt32CosmosIL2CPUSZArrayImpl1SystemUInt32get_ItemSystemInt32', ID = '415'
Method 'SystemVoidCosmosIL2CPUSZArrayImpl1SystemUInt32set_ItemSystemInt32SystemUInt32', ID = '416'
Method 'SystemVoidCosmosIL2CPUSZArrayImpl1SystemUInt32AddSystemUInt32', ID = '417'
Method 'SystemBooleanCosmosIL2CPUSZArrayImpl1SystemUInt32ContainsSystemUInt32', ID = '418'
Method 'SystemBooleanCosmosIL2CPUSZArrayImpl1SystemUInt32get_IsReadOnly', ID = '419'
Method 'SystemVoidCosmosIL2CPUSZArrayImpl1SystemUInt32Clear', ID = '420'
Method 'SystemInt32CosmosIL2CPUSZArrayImpl1SystemUInt32IndexOfSystemUInt32', ID = '421'
Method 'SystemVoidCosmosIL2CPUSZArrayImpl1SystemUInt32InsertSystemInt32SystemUInt32', ID = '422'
Method 'SystemVoidCosmosIL2CPUSZArrayImpl1SystemUInt32RemoveAtSystemInt32', ID = '423'
Method 'SystemBooleanCosmosIL2CPUSZArrayImpl1SystemUInt32get_IsFixedSize', ID = '424'
Method 'SystemVoidCosmosIL2CPUSZArrayImpl1SystemUInt32RemoveSystemUInt32', ID = '425'
Method 'SystemObjectCosmosIL2CPUSZArrayImpl1SystemUInt32get_SyncRoot', ID = '426'
Method 'SystemBooleanCosmosIL2CPUSZArrayImpl1SystemUInt32get_IsSynchronized', ID = '427'
Method 'SystemBooleanSystemObjectEqualsSystemObject', ID = '428'
Method 'SystemVoidCosmosDebugKernelPlugsAsmDebuggerAsmDoSendNumberSystemUInt32', ID = '460'
Method 'SystemVoidCosmosCoreMemoryHeapSmallInit', ID = '463'
Method 'SystemVoidCosmosCoreMemoryHeapMediumInit', ID = '464'
Method 'SystemVoidCosmosCoreMemoryHeapLargeInit', ID = '465'
Method 'CosmosCoreMemorySMTBlockpointerCosmosCoreMemoryHeapSmallGetFirstWithSpaceSystemUInt32', ID = '470'
Method 'CosmosCoreMemorySMTPagepointerCosmosCoreMemoryHeapSmallGetLastPage', ID = '471'
Method 'SystemUInt32CosmosCoreMemoryHeapSmallGetRoundedSizeSystemUInt32', ID = '472'
Method 'SystemVoidCosmosCoreMemoryHeapSmallCreatePageCosmosCoreMemorySMTPagepointerSystemUInt32', ID = '473'
Method 'SystemVoidpointerCosmosCoreMemoryRATAllocPagesCosmosCoreMemoryRATPageTypeSystemUInt32', ID = '478'
Method 'SystemStringSystemPrivateCoreLibSystemSRGetResourceStringSystemString', ID = '483'
Method 'SystemDelegatearrayInternalRuntimeCompilerServicesUnsafeAsSystemDelegatearraySystemObject', ID = '510'
Method 'SystemVoidSystemSZGenericArrayEnumerator1SystemDelegatectorSystemDelegatearray', ID = '511'
Method 'SystemInt32SystemArrayIndexOfSystemDelegateSystemDelegatearraySystemDelegateSystemInt32SystemInt32', ID = '514'
Method 'SystemCollectionsGenericIEnumerator1SystemDelegateCosmosIL2CPUSZArrayImpl1SystemDelegateGetEnumerator', ID = '515'
Method 'SystemVoidCosmosIL2CPUSZArrayImpl1SystemDelegateCopyToSystemDelegatearraySystemInt32', ID = '516'
Method 'SystemInt32CosmosIL2CPUSZArrayImpl1SystemDelegateget_Count', ID = '517'
Method 'SystemDelegateCosmosIL2CPUSZArrayImpl1SystemDelegateget_ItemSystemInt32', ID = '518'
Method 'SystemVoidCosmosIL2CPUSZArrayImpl1SystemDelegateset_ItemSystemInt32SystemDelegate', ID = '519'
Method 'SystemVoidCosmosIL2CPUSZArrayImpl1SystemDelegateAddSystemDelegate', ID = '520'
Method 'SystemBooleanCosmosIL2CPUSZArrayImpl1SystemDelegateContainsSystemDelegate', ID = '521'
Method 'SystemBooleanCosmosIL2CPUSZArrayImpl1SystemDelegateget_IsReadOnly', ID = '522'
Method 'SystemVoidCosmosIL2CPUSZArrayImpl1SystemDelegateClear', ID = '523'
Method 'SystemInt32CosmosIL2CPUSZArrayImpl1SystemDelegateIndexOfSystemDelegate', ID = '524'
Method 'SystemVoidCosmosIL2CPUSZArrayImpl1SystemDelegateInsertSystemInt32SystemDelegate', ID = '525'
Method 'SystemVoidCosmosIL2CPUSZArrayImpl1SystemDelegateRemoveAtSystemInt32', ID = '526'
Method 'SystemBooleanCosmosIL2CPUSZArrayImpl1SystemDelegateget_IsFixedSize', ID = '527'
Method 'SystemVoidCosmosIL2CPUSZArrayImpl1SystemDelegateRemoveSystemDelegate', ID = '528'
Method 'SystemObjectCosmosIL2CPUSZArrayImpl1SystemDelegateget_SyncRoot', ID = '529'
Method 'SystemBooleanCosmosIL2CPUSZArrayImpl1SystemDelegateget_IsSynchronized', ID = '530'
Method 'SystemObjectarrayInternalRuntimeCompilerServicesUnsafeAsSystemObjectarraySystemObject', ID = '532'
Method 'SystemVoidSystemSZGenericArrayEnumerator1SystemObjectctorSystemObjectarray', ID = '533'
Method 'SystemInt32SystemArrayIndexOfSystemObjectSystemObjectarraySystemObjectSystemInt32SystemInt32', ID = '536'
Method 'SystemCollectionsGenericIEnumerator1SystemObjectCosmosIL2CPUSZArrayImpl1SystemObjectGetEnumerator', ID = '537'
Method 'SystemVoidCosmosIL2CPUSZArrayImpl1SystemObjectCopyToSystemObjectarraySystemInt32', ID = '538'
Method 'SystemInt32CosmosIL2CPUSZArrayImpl1SystemObjectget_Count', ID = '539'
Method 'SystemObjectCosmosIL2CPUSZArrayImpl1SystemObjectget_ItemSystemInt32', ID = '540'
Method 'SystemVoidCosmosIL2CPUSZArrayImpl1SystemObjectset_ItemSystemInt32SystemObject', ID = '541'
Method 'SystemVoidCosmosIL2CPUSZArrayImpl1SystemObjectAddSystemObject', ID = '542'
Method 'SystemBooleanCosmosIL2CPUSZArrayImpl1SystemObjectContainsSystemObject', ID = '543'
Method 'SystemBooleanCosmosIL2CPUSZArrayImpl1SystemObjectget_IsReadOnly', ID = '544'
Method 'SystemVoidCosmosIL2CPUSZArrayImpl1SystemObjectClear', ID = '545'
Method 'SystemInt32CosmosIL2CPUSZArrayImpl1SystemObjectIndexOfSystemObject', ID = '546'
Method 'SystemVoidCosmosIL2CPUSZArrayImpl1SystemObjectInsertSystemInt32SystemObject', ID = '547'
Method 'SystemVoidCosmosIL2CPUSZArrayImpl1SystemObjectRemoveAtSystemInt32', ID = '548'
Method 'SystemBooleanCosmosIL2CPUSZArrayImpl1SystemObjectget_IsFixedSize', ID = '549'
Method 'SystemVoidCosmosIL2CPUSZArrayImpl1SystemObjectRemoveSystemObject', ID = '550'
Method 'SystemObjectCosmosIL2CPUSZArrayImpl1SystemObjectget_SyncRoot', ID = '551'
Method 'SystemBooleanCosmosIL2CPUSZArrayImpl1SystemObjectget_IsSynchronized', ID = '552'
Method 'SystemStringSystemPrivateCoreLibSystemSRget_Arg_ArithmeticException', ID = '553'
Method 'SystemVoidCosmosDebugKernelConsoleDebuggerctorSystemStringSystemString', ID = '562'
Method 'SystemCollectionsGenericIEnumerator1SystemByteSystemSZArrayHelperGetEnumeratorSystemByte', ID = '565'
Method 'SystemVoidSystemSZArrayHelperCopyToSystemByteSystemBytearraySystemInt32', ID = '566'
Method 'SystemInt32SystemSZArrayHelperget_CountSystemByte', ID = '567'
Method 'SystemByteSystemSZArrayHelperget_ItemSystemByteSystemInt32', ID = '568'
Method 'SystemVoidSystemSZArrayHelperset_ItemSystemByteSystemInt32SystemByte', ID = '569'
Method 'SystemVoidSystemSZArrayHelperAddSystemByteSystemByte', ID = '570'
Method 'SystemBooleanSystemSZArrayHelperContainsSystemByteSystemByte', ID = '571'
Method 'SystemBooleanSystemSZArrayHelperget_IsReadOnlySystemByte', ID = '572'
Method 'SystemVoidSystemSZArrayHelperClearSystemByte', ID = '573'
Method 'SystemInt32SystemSZArrayHelperIndexOfSystemByteSystemByte', ID = '574'
Method 'SystemVoidSystemSZArrayHelperInsertSystemByteSystemInt32SystemByte', ID = '575'
Method 'SystemBooleanSystemSZArrayHelperRemoveSystemByteSystemByte', ID = '576'
Method 'SystemVoidSystemSZArrayHelperRemoveAtSystemByteSystemInt32', ID = '577'
Method 'SystemCollectionsGenericIEnumerator1SystemCharSystemSZArrayHelperGetEnumeratorSystemChar', ID = '609'
Method 'SystemVoidSystemSZArrayHelperCopyToSystemCharSystemChararraySystemInt32', ID = '610'
Method 'SystemInt32SystemSZArrayHelperget_CountSystemChar', ID = '611'
Method 'SystemCharSystemSZArrayHelperget_ItemSystemCharSystemInt32', ID = '612'
Method 'SystemVoidSystemSZArrayHelperset_ItemSystemCharSystemInt32SystemChar', ID = '613'
Method 'SystemVoidSystemSZArrayHelperAddSystemCharSystemChar', ID = '614'
Method 'SystemBooleanSystemSZArrayHelperContainsSystemCharSystemChar', ID = '615'
Method 'SystemBooleanSystemSZArrayHelperget_IsReadOnlySystemChar', ID = '616'
Method 'SystemVoidSystemSZArrayHelperClearSystemChar', ID = '617'
Method 'SystemInt32SystemSZArrayHelperIndexOfSystemCharSystemChar', ID = '618'
Method 'SystemVoidSystemSZArrayHelperInsertSystemCharSystemInt32SystemChar', ID = '619'
Method 'SystemBooleanSystemSZArrayHelperRemoveSystemCharSystemChar', ID = '620'
Method 'SystemVoidSystemSZArrayHelperRemoveAtSystemCharSystemInt32', ID = '621'
Method 'SystemIntPtrSystemIntPtrop_ExplicitSystemInt64', ID = '629'
Method 'SystemIntPtrSystemIntPtrop_AdditionSystemIntPtrSystemInt32', ID = '630'
Method 'SystemVoidpointerSystemIntPtrop_ExplicitSystemIntPtr', ID = '631'
Method 'SystemVoidCosmosCoreMultiboot2set_BasicMemoryInformationCosmosCoreMultiboot2Mb2TagBasicMemoryInformationpointer', ID = '633'
Method 'SystemVoidCosmosCoreMultiboot2set_MemoryMapCosmosCoreMultiboot2Mb2TagMemoryMappointer', ID = '634'
Method 'SystemVoidCosmosCoreMultiboot2set_VbeInfoCosmosCoreMultiboot2Mb2TagVbeInfopointer', ID = '635'
Method 'SystemVoidCosmosCoreINTsHandleInterrupt_DefaultCosmosCoreINTsIRQContext', ID = '638'
Method 'SystemVoidCosmosCoreINTsHandleInterrupt_00CosmosCoreINTsIRQContext', ID = '639'
Method 'SystemVoidCosmosCoreINTsHandleInterrupt_01CosmosCoreINTsIRQContext', ID = '640'
Method 'SystemVoidCosmosCoreINTsHandleInterrupt_02CosmosCoreINTsIRQContext', ID = '641'
Method 'SystemVoidCosmosCoreINTsHandleInterrupt_03CosmosCoreINTsIRQContext', ID = '642'
Method 'SystemVoidCosmosCoreINTsHandleInterrupt_04CosmosCoreINTsIRQContext', ID = '643'
Method 'SystemVoidCosmosCoreINTsHandleInterrupt_05CosmosCoreINTsIRQContext', ID = '644'
Method 'SystemVoidCosmosCoreINTsHandleInterrupt_06CosmosCoreINTsIRQContext', ID = '645'
Method 'SystemVoidCosmosCoreINTsHandleInterrupt_07CosmosCoreINTsIRQContext', ID = '646'
Method 'SystemVoidCosmosCoreINTsHandleInterrupt_08CosmosCoreINTsIRQContext', ID = '647'
Method 'SystemVoidCosmosCoreINTsHandleInterrupt_09CosmosCoreINTsIRQContext', ID = '648'
Method 'SystemVoidCosmosCoreINTsHandleInterrupt_0ACosmosCoreINTsIRQContext', ID = '649'
Method 'SystemVoidCosmosCoreINTsHandleInterrupt_0BCosmosCoreINTsIRQContext', ID = '650'
Method 'SystemVoidCosmosCoreINTsHandleInterrupt_0CCosmosCoreINTsIRQContext', ID = '651'
Method 'SystemVoidCosmosCoreINTsHandleInterrupt_0DCosmosCoreINTsIRQContext', ID = '652'
Method 'SystemVoidCosmosCoreINTsHandleInterrupt_0ECosmosCoreINTsIRQContext', ID = '653'
Method 'SystemVoidCosmosCoreINTsHandleInterrupt_0FCosmosCoreINTsIRQContext', ID = '654'
Method 'SystemVoidCosmosCoreINTsHandleInterrupt_10CosmosCoreINTsIRQContext', ID = '655'
Method 'SystemVoidCosmosCoreINTsHandleInterrupt_11CosmosCoreINTsIRQContext', ID = '656'
Method 'SystemVoidCosmosCoreINTsHandleInterrupt_12CosmosCoreINTsIRQContext', ID = '657'
Method 'SystemVoidCosmosCoreINTsHandleInterrupt_13CosmosCoreINTsIRQContext', ID = '658'
Method 'SystemVoidCosmosCoreINTsHandleInterrupt_20CosmosCoreINTsIRQContext', ID = '659'
Method 'SystemVoidCosmosCoreINTsHandleInterrupt_21CosmosCoreINTsIRQContext', ID = '660'
Method 'SystemVoidCosmosCoreINTsHandleInterrupt_22CosmosCoreINTsIRQContext', ID = '661'
Method 'SystemVoidCosmosCoreINTsHandleInterrupt_23CosmosCoreINTsIRQContext', ID = '662'
Method 'SystemVoidCosmosCoreINTsHandleInterrupt_24CosmosCoreINTsIRQContext', ID = '663'
Method 'SystemVoidCosmosCoreINTsHandleInterrupt_25CosmosCoreINTsIRQContext', ID = '664'
Method 'SystemVoidCosmosCoreINTsHandleInterrupt_26CosmosCoreINTsIRQContext', ID = '665'
Method 'SystemVoidCosmosCoreINTsHandleInterrupt_27CosmosCoreINTsIRQContext', ID = '666'
Method 'SystemVoidCosmosCoreINTsHandleInterrupt_28CosmosCoreINTsIRQContext', ID = '667'
Method 'SystemVoidCosmosCoreINTsHandleInterrupt_29CosmosCoreINTsIRQContext', ID = '668'
Method 'SystemVoidCosmosCoreINTsHandleInterrupt_2ACosmosCoreINTsIRQContext', ID = '669'
Method 'SystemVoidCosmosCoreINTsHandleInterrupt_2BCosmosCoreINTsIRQContext', ID = '670'
Method 'SystemVoidCosmosCoreINTsHandleInterrupt_2CCosmosCoreINTsIRQContext', ID = '671'
Method 'SystemVoidCosmosCoreINTsHandleInterrupt_2DCosmosCoreINTsIRQContext', ID = '672'
Method 'SystemVoidCosmosCoreINTsHandleInterrupt_2ECosmosCoreINTsIRQContext', ID = '673'
Method 'SystemVoidCosmosCoreINTsHandleInterrupt_2FCosmosCoreINTsIRQContext', ID = '674'
Method 'SystemVoidCosmosCoreINTsHandleInterrupt_30CosmosCoreINTsIRQContext', ID = '675'
Method 'SystemVoidCosmosCoreINTsHandleInterrupt_35CosmosCoreINTsIRQContext', ID = '676'
Method 'SystemVoidCosmosCoreINTsHandleInterrupt_40CosmosCoreINTsIRQContext', ID = '677'
Method 'SystemVoidCosmosCoreINTsHandleInterrupt_41CosmosCoreINTsIRQContext', ID = '678'
Method 'SystemVoidCosmosCoreINTsHandleInterrupt_42CosmosCoreINTsIRQContext', ID = '679'
Method 'SystemVoidCosmosCoreINTsHandleInterrupt_43CosmosCoreINTsIRQContext', ID = '680'
Method 'SystemVoidCosmosCoreINTsHandleInterrupt_44CosmosCoreINTsIRQContext', ID = '681'
Method 'SystemVoidCosmosCoreINTsHandleInterrupt_45CosmosCoreINTsIRQContext', ID = '682'
Method 'SystemVoidCosmosCoreINTsHandleInterrupt_46CosmosCoreINTsIRQContext', ID = '683'
Method 'SystemVoidCosmosCoreINTsHandleInterrupt_47CosmosCoreINTsIRQContext', ID = '684'
Method 'SystemVoidCosmosCoreINTsHandleInterrupt_48CosmosCoreINTsIRQContext', ID = '685'
Method 'SystemVoidCosmosCoreINTsHandleInterrupt_49CosmosCoreINTsIRQContext', ID = '686'
Method 'SystemVoidCosmosCoreIOGroupPICctorSystemBoolean', ID = '688'
Method 'SystemVoidCosmosCorePICRemapSystemByteSystemByteSystemByteSystemByte', ID = '689'
Method 'SystemVoidCosmosCore_AsmCPUImplUpdateIDTSystemBoolean', ID = '690'
Method 'SystemVoidCosmosCore_AsmCPUImplInitSSE', ID = '691'
Method 'SystemVoidCosmosCore_AsmCPUImplInitFloat', ID = '692'
Method 'SystemVoidCosmosHALTextScreenctor', ID = '695'
Method 'SystemVoidCosmosCoreGlobalInit', ID = '698'
Method 'SystemVoidCosmosHALPCISetup', ID = '700'
Method 'SystemVoidCosmosCoreACPIStartSystemBooleanSystemBoolean', ID = '701'
Method 'SystemVoidCosmosHALPS2ControllerInitializeSystemBoolean', ID = '703'
Method 'SystemVoidCosmosHALBlockDeviceIDEInitDriver', ID = '704'
Method 'SystemVoidCosmosHALBlockDeviceAHCIInitDriver', ID = '705'
Method 'SystemVoidCosmosHALNetworkNetworkInitInit', ID = '706'
Method 'SystemVoidCosmosHALDebugSerialEnable', ID = '707'
Method 'SystemVoidSystemCollectionsGenericDictionary2SystemUInt32CosmosHALNetworkDevicector', ID = '709'
Method 'SystemVoidCosmosSystemNetworkNetworkStackset_AddressMapSystemCollectionsGenericDictionary2SystemUInt32CosmosHALNetworkDevice', ID = '710'
Method 'SystemVoidCosmosSystemNetworkNetworkStackset_MACMapSystemCollectionsGenericDictionary2SystemUInt32CosmosHALNetworkDevice', ID = '711'
Method 'SystemVoidCosmosSystemKeyboardManagerset_NumLockSystemBoolean', ID = '712'
Method 'SystemVoidCosmosSystemKeyboardManagerset_CapsLockSystemBoolean', ID = '713'
Method 'SystemVoidCosmosSystemKeyboardManagerset_ScrollLockSystemBoolean', ID = '714'
Method 'SystemVoidCosmosHALNetworkDevicector', ID = '716'
Method 'SystemCollectionsGenericList1EnumeratorCosmosHALPCIDeviceSystemCollectionsGenericList1CosmosHALPCIDeviceGetEnumerator', ID = '719'
Method 'CosmosHALPCIDeviceSystemCollectionsGenericList1EnumeratorCosmosHALPCIDeviceget_Current', ID = '720'
Method 'SystemVoidCosmosHALPCIDeviceNormalctorSystemUInt32SystemUInt32SystemUInt32', ID = '722'
Method 'SystemVoidSystemRuntimeCompilerServicesDefaultInterpolatedStringHandlerctorSystemInt32SystemInt32', ID = '723'
Method 'SystemVoidSystemRuntimeCompilerServicesDefaultInterpolatedStringHandlerAppendLiteralSystemString', ID = '724'
Method 'SystemVoidSystemRuntimeCompilerServicesDefaultInterpolatedStringHandlerAppendFormattedSystemUInt32SystemUInt32', ID = '725'
Method 'SystemStringSystemRuntimeCompilerServicesDefaultInterpolatedStringHandlerToStringAndClear', ID = '726'
Method 'SystemBooleanSystemCollectionsGenericList1EnumeratorCosmosHALPCIDeviceMoveNext', ID = '727'
Method 'SystemVoidCosmosHALPCIDeviceEnableDevice', ID = '730'
Method 'SystemUInt32CosmosHALPCIDeviceReadRegister32SystemByte', ID = '731'
Method 'SystemVoidSystemRuntimeCompilerServicesDefaultInterpolatedStringHandlerAppendFormattedSystemByteSystemByte', ID = '732'
Method 'SystemVoidSystemRuntimeCompilerServicesDefaultInterpolatedStringHandlerAppendFormattedSystemUInt32SystemUInt32SystemString', ID = '733'
Method 'SystemVoidCosmosCoreMemoryBlockctorSystemUInt32SystemUInt32', ID = '734'
Method 'SystemBooleanRTL8102E_DriverRTL8102EPhase2ResetAndMAC', ID = '735'
Method 'SystemBooleanCosmosSystemNetworkConfigNetworkConfigurationConfigsContainsDeviceCosmosHALNetworkDevice', ID = '738'
Method 'SystemVoidCosmosSystemNetworkNetworkStackRemoveIPConfigCosmosHALNetworkDevice', ID = '739'
Method 'SystemVoidCosmosSystemNetworkNetworkStackSetConfigIPCosmosHALNetworkDeviceCosmosSystemNetworkConfigIPConfig', ID = '740'
Method 'SystemVoidCosmosSystemNetworkConfigNetworkConfigurationSetCurrentConfigCosmosHALNetworkDeviceCosmosSystemNetworkConfigIPConfig', ID = '741'
Method 'SystemVoidCosmosHALPITctor', ID = '742'
Method 'SystemVoidCosmosHALPS2Controllerctor', ID = '744'
Method 'SystemVoidCosmosCore_AsmCPUImplDoEnableInterrupts', ID = '745'
Method 'SystemUInt32RTL8102E_DriverRTL8102ERead32CosmosCoreManagedMemoryBlockSystemUInt32', ID = '746'
Method 'SystemByteCosmosCoreManagedMemoryBlockget_ItemSystemUInt32', ID = '747'
Method 'SystemVoidCosmosCore_AsmDelegateImplInvoke', ID = '1228'
Method 'SystemVoidRTL8102E_DriverRTL8102EWrite32CosmosCoreManagedMemoryBlockSystemUInt32SystemUInt32', ID = '749'
Method 'SystemUInt16CosmosCoreMemoryBlock16get_ItemSystemUInt32', ID = '750'
Method 'SystemVoidCosmosCoreMemoryBlock16set_ItemSystemUInt32SystemUInt16', ID = '751'
Method 'SystemVoidCosmosSystemNetworkIPv4OutgoingBufferSend', ID = '752'
Method 'SystemVoidCosmosSystem_PlugsSystemConsoleImplcctor', ID = '754'
Method 'SystemBooleanSystemStringIsNullOrEmptySystemString', ID = '756'
Method 'SystemVoidSystemStringFillStringCheckedSystemStringSystemInt32SystemString', ID = '759'
Method 'CosmosSystemConsoleCosmosSystem_PlugsSystemConsoleImplGetConsole', ID = '760'
Method 'SystemBytearraySystemTextEncodingGetBytesSystemString', ID = '762'
Method 'SystemVoidCosmosSystemConsoleWriteSystemBytearray', ID = '763'
Method 'SystemTypeCosmosCore_PlugsSystemObjectImplGetType', ID = '765'
Method 'SystemStringCosmosCommonStringHelperGetNumberStringSystemInt32', ID = '768'
Method 'SystemStringCosmosCommonStringHelperGetNumberStringSystemUInt32', ID = '771'
Method 'SystemStringCosmosCommonStringHelperGetNumberStringSystemDouble', ID = '774'
Method 'SystemStringSystemStringCreateFromCharSystemChar', ID = '776'
Method 'SystemVoidCosmosCore_PlugsSystemObjectImplcctor', ID = '777'
Method 'SystemVoidSystemSZGenericArrayEnumerator1SystemUInt32cctor', ID = '781'
Method 'SystemVoidCosmosCore_AsmArrayImplCopySystemArraySystemInt32SystemArraySystemInt32SystemInt32', ID = '782'
Method 'SystemArgumentOutOfRangeExceptionSystemThrowHelperGetArgumentOutOfRangeExceptionSystemExceptionArgumentSystemExceptionResource', ID = '784'
Method 'SystemStringSystemThrowHelperGetResourceStringSystemExceptionResource', ID = '786'
Method 'SystemVoidSystemNotSupportedExceptionctorSystemString', ID = '787'
Method 'SystemVoidSystemThrowHelperThrowArgumentNullExceptionSystemExceptionArgument', ID = '788'
Method 'SystemVoidSystemThrowHelperThrowStartIndexArgumentOutOfRange_ArgumentOutOfRange_Index', ID = '789'
Method 'SystemVoidSystemThrowHelperThrowCountArgumentOutOfRange_ArgumentOutOfRange_Count', ID = '790'
Method 'SystemBooleanSystemRuntimeCompilerServicesRuntimeHelpersIsBitwiseEquatableSystemUInt32', ID = '791'
Method 'SystemInt32InternalRuntimeCompilerServicesUnsafeSizeOfSystemUInt32', ID = '792'
Method 'SystemBytearrayInternalRuntimeCompilerServicesUnsafeAsSystemBytearraySystemObject', ID = '793'
Method 'SystemByteSystemRuntimeInteropServicesMemoryMarshalGetArrayDataReferenceSystemByteSystemBytearray', ID = '794'
Method 'SystemByteInternalRuntimeCompilerServicesUnsafeAddSystemByteSystemByteSystemInt32', ID = '795'
Method 'SystemByteInternalRuntimeCompilerServicesUnsafeAsSystemUInt32SystemByteSystemUInt32', ID = '796'
Method 'SystemInt32SystemSpanHelpersIndexOfSystemByteSystemByteSystemInt32', ID = '797'
Method 'SystemChararrayInternalRuntimeCompilerServicesUnsafeAsSystemChararraySystemObject', ID = '798'
Method 'SystemCharSystemRuntimeInteropServicesMemoryMarshalGetArrayDataReferenceSystemCharSystemChararray', ID = '799'
Method 'SystemCharInternalRuntimeCompilerServicesUnsafeAddSystemCharSystemCharSystemInt32', ID = '800'
Method 'SystemCharInternalRuntimeCompilerServicesUnsafeAsSystemUInt32SystemCharSystemUInt32', ID = '801'
Method 'SystemInt32SystemSpanHelpersIndexOfSystemCharSystemCharSystemInt32', ID = '802'
Method 'SystemInt32arrayInternalRuntimeCompilerServicesUnsafeAsSystemInt32arraySystemObject', ID = '803'
Method 'SystemInt32SystemRuntimeInteropServicesMemoryMarshalGetArrayDataReferenceSystemInt32SystemInt32array', ID = '804'
Method 'SystemInt32InternalRuntimeCompilerServicesUnsafeAddSystemInt32SystemInt32SystemInt32', ID = '805'
Method 'SystemInt32InternalRuntimeCompilerServicesUnsafeAsSystemUInt32SystemInt32SystemUInt32', ID = '806'
Method 'SystemInt32SystemSpanHelpersIndexOfSystemInt32SystemInt32SystemInt32SystemInt32', ID = '807'
Method 'SystemInt64arrayInternalRuntimeCompilerServicesUnsafeAsSystemInt64arraySystemObject', ID = '808'
Method 'SystemInt64SystemRuntimeInteropServicesMemoryMarshalGetArrayDataReferenceSystemInt64SystemInt64array', ID = '809'
Method 'SystemInt64InternalRuntimeCompilerServicesUnsafeAddSystemInt64SystemInt64SystemInt32', ID = '810'
Method 'SystemInt64InternalRuntimeCompilerServicesUnsafeAsSystemUInt32SystemInt64SystemUInt32', ID = '811'
Method 'SystemInt32SystemSpanHelpersIndexOfSystemInt64SystemInt64SystemInt64SystemInt32', ID = '812'
Method 'SystemCollectionsGenericEqualityComparer1SystemUInt32SystemCollectionsGenericEqualityComparer1SystemUInt32get_Default', ID = '813'
Method 'SystemInt32SystemCollectionsGenericEqualityComparer1SystemUInt32IndexOfSystemUInt32arraySystemUInt32SystemInt32SystemInt32', ID = '814'
Method 'SystemVoidCosmosIL2CPUSZArrayImpl1GetEnumeratord__0SystemUInt32ctorSystemInt32', ID = '815'
Method 'SystemVoidSystemArrayCopyToSystemArraySystemInt32', ID = '817'
Method 'SystemVoidSystemNotSupportedExceptionctor', ID = '818'
Method 'SystemBooleanSystemStringEqualsSystemObject', ID = '820'
Method 'SystemBooleanSystemInt32EqualsSystemObject', ID = '821'
Method 'SystemBooleanSystemUInt32EqualsSystemObject', ID = '822'
Method 'SystemBooleanSystemBooleanEqualsSystemObject', ID = '823'
Method 'SystemBooleanSystemDoubleEqualsSystemObject', ID = '826'
Method 'SystemBooleanSystemCharEqualsSystemObject', ID = '827'
Method 'SystemBooleanSystemUInt64EqualsSystemObject', ID = '828'
Method 'SystemBooleanSystemIntPtrEqualsSystemObject', ID = '830'
Method 'SystemBooleanSystemReflectionMethodBaseEqualsSystemObject', ID = '831'
Method 'SystemBooleanSystemUIntPtrEqualsSystemObject', ID = '832'
Method 'SystemBooleanSystemUInt16EqualsSystemObject', ID = '833'
Method 'SystemBooleanSystemReflectionMemberInfoEqualsSystemObject', ID = '834'
Method 'SystemBooleanSystemByteEqualsSystemObject', ID = '835'
Method 'SystemBooleanSystemTypeEqualsSystemObject', ID = '836'
Method 'SystemInt32SystemStringGetHashCode', ID = '839'
Method 'SystemInt32SystemInt32GetHashCode', ID = '840'
Method 'SystemInt32SystemUInt32GetHashCode', ID = '841'
Method 'SystemInt32SystemBooleanGetHashCode', ID = '842'
Method 'SystemInt32SystemMulticastDelegateGetHashCode', ID = '843'
Method 'SystemInt32SystemDelegateGetHashCode', ID = '844'
Method 'SystemInt32SystemDoubleGetHashCode', ID = '845'
Method 'SystemInt32SystemCharGetHashCode', ID = '846'
Method 'SystemInt32SystemUInt64GetHashCode', ID = '847'
Method 'SystemInt32SystemReflectionMethodBaseGetHashCode', ID = '850'
Method 'SystemInt32SystemUInt16GetHashCode', ID = '852'
Method 'SystemInt32SystemReflectionMemberInfoGetHashCode', ID = '853'
Method 'SystemInt32SystemByteGetHashCode', ID = '854'
Method 'SystemInt32SystemTypeGetHashCode', ID = '855'
Method 'SystemInt32CosmosCore_PlugsSystemObjectImplGetHashCode', ID = '856'
Method 'SystemStringCosmosSystem_PlugsSystemUInt64ImplToString', ID = '857'
Method 'SystemUInt32CosmosCore_AsmCPUImplGetStackStart', ID = '858'
Method 'SystemVoidCosmosCoreMemoryHeapSmallInitSMTSystemUInt32', ID = '859'
Method 'SystemStringCosmosSystem_PlugsSystemEnumImplToString', ID = '860'
Method 'SystemVoidCosmosCore_AsmCPUImplDoDisableInterrupts', ID = '861'
Method 'CosmosCoreMemorySMTBlockpointerCosmosCoreMemoryHeapSmallGetFirstWithSpaceCosmosCoreMemorySMTPagepointerSystemUInt32', ID = '889'
Method 'CosmosCoreMemoryRootSMTBlockpointerCosmosCoreMemoryHeapSmallGetFirstBlockCosmosCoreMemorySMTPagepointerSystemUInt32', ID = '892'
Method 'CosmosCoreMemorySMTBlockpointerCosmosCoreMemoryHeapSmallGetLastBlockCosmosCoreMemorySMTPagepointerSystemUInt32', ID = '894'
Method 'CosmosCoreMemorySMTBlockpointerCosmosCoreMemoryHeapSmallNextFreeBlockCosmosCoreMemorySMTPagepointer', ID = '895'
Method 'CosmosCoreMemorySMTPagepointerCosmosCoreMemoryHeapSmallInitSMTPage', ID = '896'
Method 'CosmosCoreMemorySMTBlockpointerCosmosCoreMemoryHeapSmallNextFreeBlock', ID = '897'
Method 'SystemVoidCosmosDebugKernelPlugsAsmDebuggerAsmDoSendNumberSystemInt32', ID = '898'
Method 'SystemVoidSystemPrivateCoreLibSystemSRcctor', ID = '900'
Method 'SystemBooleanSystemPrivateCoreLibSystemSRUsingResourceKeys', ID = '901'
Method 'SystemStringCosmosSystem_PlugsSystemIntPtrImplToString', ID = '903'
Method 'SystemVoidSystemSZGenericArrayEnumerator1SystemDelegatecctor', ID = '904'
Method 'SystemBooleanSystemRuntimeCompilerServicesRuntimeHelpersIsBitwiseEquatableSystemDelegate', ID = '905'
Method 'SystemInt32InternalRuntimeCompilerServicesUnsafeSizeOfSystemDelegate', ID = '906'
Method 'SystemByteInternalRuntimeCompilerServicesUnsafeAsSystemDelegateSystemByteSystemDelegate', ID = '907'
Method 'SystemCharInternalRuntimeCompilerServicesUnsafeAsSystemDelegateSystemCharSystemDelegate', ID = '908'
Method 'SystemInt32InternalRuntimeCompilerServicesUnsafeAsSystemDelegateSystemInt32SystemDelegate', ID = '909'
Method 'SystemInt64InternalRuntimeCompilerServicesUnsafeAsSystemDelegateSystemInt64SystemDelegate', ID = '910'
Method 'SystemCollectionsGenericEqualityComparer1SystemDelegateSystemCollectionsGenericEqualityComparer1SystemDelegateget_Default', ID = '911'
Method 'SystemInt32SystemCollectionsGenericEqualityComparer1SystemDelegateIndexOfSystemDelegatearraySystemDelegateSystemInt32SystemInt32', ID = '912'
Method 'SystemVoidCosmosIL2CPUSZArrayImpl1GetEnumeratord__0SystemDelegatectorSystemInt32', ID = '913'
Method 'SystemVoidSystemSZGenericArrayEnumerator1SystemObjectcctor', ID = '915'
Method 'SystemBooleanSystemRuntimeCompilerServicesRuntimeHelpersIsBitwiseEquatableSystemObject', ID = '916'
Method 'SystemInt32InternalRuntimeCompilerServicesUnsafeSizeOfSystemObject', ID = '917'
Method 'SystemByteInternalRuntimeCompilerServicesUnsafeAsSystemObjectSystemByteSystemObject', ID = '918'
Method 'SystemCharInternalRuntimeCompilerServicesUnsafeAsSystemObjectSystemCharSystemObject', ID = '919'
Method 'SystemInt32InternalRuntimeCompilerServicesUnsafeAsSystemObjectSystemInt32SystemObject', ID = '920'
Method 'SystemInt64InternalRuntimeCompilerServicesUnsafeAsSystemObjectSystemInt64SystemObject', ID = '921'
Method 'SystemCollectionsGenericEqualityComparer1SystemObjectSystemCollectionsGenericEqualityComparer1SystemObjectget_Default', ID = '922'
Method 'SystemInt32SystemCollectionsGenericEqualityComparer1SystemObjectIndexOfSystemObjectarraySystemObjectSystemInt32SystemInt32', ID = '923'
Method 'SystemVoidCosmosIL2CPUSZArrayImpl1GetEnumeratord__0SystemObjectctorSystemInt32', ID = '924'
Method 'SystemVoidCosmosHALNetworkDevicecctor', ID = '926'
Method 'SystemCollectionsGenericIEnumerator1CosmosCoreManagedMemoryBlockSystemSZArrayHelperGetEnumeratorCosmosCoreManagedMemoryBlock', ID = '934'
Method 'SystemVoidSystemSZArrayHelperCopyToCosmosCoreManagedMemoryBlockCosmosCoreManagedMemoryBlockarraySystemInt32', ID = '935'
Method 'SystemInt32SystemSZArrayHelperget_CountCosmosCoreManagedMemoryBlock', ID = '936'
Method 'CosmosCoreManagedMemoryBlockSystemSZArrayHelperget_ItemCosmosCoreManagedMemoryBlockSystemInt32', ID = '937'
Method 'SystemVoidSystemSZArrayHelperset_ItemCosmosCoreManagedMemoryBlockSystemInt32CosmosCoreManagedMemoryBlock', ID = '938'
Method 'SystemVoidSystemSZArrayHelperAddCosmosCoreManagedMemoryBlockCosmosCoreManagedMemoryBlock', ID = '939'
Method 'SystemBooleanSystemSZArrayHelperContainsCosmosCoreManagedMemoryBlockCosmosCoreManagedMemoryBlock', ID = '940'
Method 'SystemBooleanSystemSZArrayHelperget_IsReadOnlyCosmosCoreManagedMemoryBlock', ID = '941'
Method 'SystemVoidSystemSZArrayHelperClearCosmosCoreManagedMemoryBlock', ID = '942'
Method 'SystemInt32SystemSZArrayHelperIndexOfCosmosCoreManagedMemoryBlockCosmosCoreManagedMemoryBlock', ID = '943'
Method 'SystemVoidSystemSZArrayHelperInsertCosmosCoreManagedMemoryBlockSystemInt32CosmosCoreManagedMemoryBlock', ID = '944'
Method 'SystemBooleanSystemSZArrayHelperRemoveCosmosCoreManagedMemoryBlockCosmosCoreManagedMemoryBlock', ID = '945'
Method 'SystemVoidSystemSZArrayHelperRemoveAtCosmosCoreManagedMemoryBlockSystemInt32', ID = '946'
Method 'SystemVoidSystemSZGenericArrayEnumerator1SystemBytectorSystemBytearray', ID = '955'
Method 'SystemInt32SystemArrayIndexOfSystemByteSystemBytearraySystemByteSystemInt32SystemInt32', ID = '958'
Method 'SystemCollectionsGenericIEnumerator1SystemByteCosmosIL2CPUSZArrayImpl1SystemByteGetEnumerator', ID = '959'
Method 'SystemVoidCosmosIL2CPUSZArrayImpl1SystemByteCopyToSystemBytearraySystemInt32', ID = '960'
Method 'SystemInt32CosmosIL2CPUSZArrayImpl1SystemByteget_Count', ID = '961'
Method 'SystemByteCosmosIL2CPUSZArrayImpl1SystemByteget_ItemSystemInt32', ID = '962'
Method 'SystemVoidCosmosIL2CPUSZArrayImpl1SystemByteset_ItemSystemInt32SystemByte', ID = '963'
Method 'SystemVoidCosmosIL2CPUSZArrayImpl1SystemByteAddSystemByte', ID = '964'
Method 'SystemBooleanCosmosIL2CPUSZArrayImpl1SystemByteContainsSystemByte', ID = '965'
Method 'SystemBooleanCosmosIL2CPUSZArrayImpl1SystemByteget_IsReadOnly', ID = '966'
Method 'SystemVoidCosmosIL2CPUSZArrayImpl1SystemByteClear', ID = '967'
Method 'SystemInt32CosmosIL2CPUSZArrayImpl1SystemByteIndexOfSystemByte', ID = '968'
Method 'SystemVoidCosmosIL2CPUSZArrayImpl1SystemByteInsertSystemInt32SystemByte', ID = '969'
Method 'SystemVoidCosmosIL2CPUSZArrayImpl1SystemByteRemoveAtSystemInt32', ID = '970'
Method 'SystemBooleanCosmosIL2CPUSZArrayImpl1SystemByteget_IsFixedSize', ID = '971'
Method 'SystemVoidCosmosIL2CPUSZArrayImpl1SystemByteRemoveSystemByte', ID = '972'
Method 'SystemObjectCosmosIL2CPUSZArrayImpl1SystemByteget_SyncRoot', ID = '973'
Method 'SystemBooleanCosmosIL2CPUSZArrayImpl1SystemByteget_IsSynchronized', ID = '974'
Method 'SystemStringCosmosSystem_PlugsSystemUIntPtrImplToString', ID = '975'
Method 'SystemVoidSystemSZGenericArrayEnumerator1SystemCharctorSystemChararray', ID = '977'
Method 'SystemInt32SystemArrayIndexOfSystemCharSystemChararraySystemCharSystemInt32SystemInt32', ID = '980'
Method 'SystemCollectionsGenericIEnumerator1SystemCharCosmosIL2CPUSZArrayImpl1SystemCharGetEnumerator', ID = '981'
Method 'SystemVoidCosmosIL2CPUSZArrayImpl1SystemCharCopyToSystemChararraySystemInt32', ID = '982'
Method 'SystemInt32CosmosIL2CPUSZArrayImpl1SystemCharget_Count', ID = '983'
Method 'SystemCharCosmosIL2CPUSZArrayImpl1SystemCharget_ItemSystemInt32', ID = '984'
Method 'SystemVoidCosmosIL2CPUSZArrayImpl1SystemCharset_ItemSystemInt32SystemChar', ID = '985'
Method 'SystemVoidCosmosIL2CPUSZArrayImpl1SystemCharAddSystemChar', ID = '986'
Method 'SystemBooleanCosmosIL2CPUSZArrayImpl1SystemCharContainsSystemChar', ID = '987'
Method 'SystemBooleanCosmosIL2CPUSZArrayImpl1SystemCharget_IsReadOnly', ID = '988'
Method 'SystemVoidCosmosIL2CPUSZArrayImpl1SystemCharClear', ID = '989'
Method 'SystemInt32CosmosIL2CPUSZArrayImpl1SystemCharIndexOfSystemChar', ID = '990'
Method 'SystemVoidCosmosIL2CPUSZArrayImpl1SystemCharInsertSystemInt32SystemChar', ID = '991'
Method 'SystemVoidCosmosIL2CPUSZArrayImpl1SystemCharRemoveAtSystemInt32', ID = '992'
Method 'SystemBooleanCosmosIL2CPUSZArrayImpl1SystemCharget_IsFixedSize', ID = '993'
Method 'SystemVoidCosmosIL2CPUSZArrayImpl1SystemCharRemoveSystemChar', ID = '994'
Method 'SystemObjectCosmosIL2CPUSZArrayImpl1SystemCharget_SyncRoot', ID = '995'
Method 'SystemBooleanCosmosIL2CPUSZArrayImpl1SystemCharget_IsSynchronized', ID = '996'
Method 'SystemUInt32CosmosCore_AsmMultiboot2ImplGetMBIAddress', ID = '997'
Method 'SystemVoidSystemIntPtrctorSystemInt64', ID = '999'
Method 'SystemVoidCosmosCoreINTscctor', ID = '1004'
Method 'CosmosCorePICCosmosCoreGlobalget_PIC', ID = '1008'
Method 'SystemVoidCosmosCorePICEoiSlave', ID = '1009'
Method 'SystemVoidCosmosCorePICEoiMaster', ID = '1010'
Method 'SystemVoidCosmosCoreINTsHandleExceptionSystemUInt32SystemStringSystemStringCosmosCoreINTsIRQContextSystemUInt32', ID = '1011'
Method 'SystemVoidCosmosCore_AsmDelegateImplInvoke', ID = '1228'
Method 'SystemVoidCosmosCoreINTsIRQSystemUInt32CosmosCoreINTsIRQContext', ID = '1015'
Method 'SystemVoidCosmosCoreIOPortctorSystemUInt16', ID = '1018'
Method 'SystemVoidCosmosCoreIOGroupIOGroupctor', ID = '1019'
Method 'SystemByteCosmosCoreIOPortget_Byte', ID = '1020'
Method 'SystemVoidCosmosCoreIOPortset_ByteSystemByte', ID = '1021'
Method 'SystemVoidCosmosCoreIOPortWait', ID = '1022'
Method 'SystemVoidCosmosCoreIOGroupTextScreenctor', ID = '1024'
Method 'SystemVoidCosmosHALTextScreenBasector', ID = '1025'
Method 'SystemVoidCosmosSystem_PlugsSystemConsoleImplClear', ID = '1033'
Method 'SystemVoidSystemCollectionsGenericList1CosmosHALPCIDevicector', ID = '1034'
Method 'SystemUInt16CosmosHALPCIDeviceGetHeaderTypeSystemUInt16SystemUInt16SystemUInt16', ID = '1035'
Method 'SystemVoidCosmosHALPCICheckBusSystemUInt16', ID = '1036'
Method 'SystemUInt16CosmosHALPCIDeviceGetVendorIDSystemUInt16SystemUInt16SystemUInt16', ID = '1037'
Method 'SystemBooleanCosmosCoreACPIInit', ID = '1039'
Method 'SystemVoidCosmosCoreACPIEnable', ID = '1040'
Method 'SystemVoidCosmosHALPS2ControllerSendCommandCosmosHALPS2ControllerCommandSystemNullable1SystemByte', ID = '1043'
Method 'SystemByteCosmosHALPS2ControllerReadData', ID = '1044'
Method 'SystemBooleanCosmosHALPS2ControllerWaitToReadData', ID = '1045'
Method 'SystemVoidSystemNullable1SystemBytectorSystemByte', ID = '1046'
Method 'SystemBooleanCosmosHALPS2ControllerTestPortSystemByte', ID = '1047'
Method 'SystemVoidCosmosHALPS2ControllerIdentifyDeviceSystemByteCosmosHALDeviceSystemBoolean', ID = '1048'
Method 'SystemVoidCosmosHALBlockDeviceIDEInitializeCosmosHALBlockDeviceAtaControllerIdEnumCosmosHALBlockDeviceAtaBusPositionEnum', ID = '1051'
Method 'SystemCollectionsGenericList1EnumeratorCosmosHALBlockDeviceBlockDeviceSystemCollectionsGenericList1CosmosHALBlockDeviceBlockDeviceGetEnumerator', ID = '1053'
Method 'CosmosHALBlockDeviceBlockDeviceSystemCollectionsGenericList1EnumeratorCosmosHALBlockDeviceBlockDeviceget_Current', ID = '1054'
Method 'SystemVoidSystemCollectionsGenericList1CosmosHALBlockDeviceBlockDeviceAddCosmosHALBlockDeviceBlockDevice', ID = '1057'
Method 'SystemBooleanSystemCollectionsGenericList1EnumeratorCosmosHALBlockDeviceBlockDeviceMoveNext', ID = '1058'
Method 'SystemCollectionsGenericList1EnumeratorCosmosHALBlockDevicePartitionSystemCollectionsGenericList1CosmosHALBlockDevicePartitionGetEnumerator', ID = '1061'
Method 'CosmosHALBlockDevicePartitionSystemCollectionsGenericList1EnumeratorCosmosHALBlockDevicePartitionget_Current', ID = '1062'
Method 'SystemVoidSystemCollectionsGenericList1CosmosHALBlockDevicePartitionAddCosmosHALBlockDevicePartition', ID = '1065'
Method 'SystemBooleanSystemCollectionsGenericList1EnumeratorCosmosHALBlockDevicePartitionMoveNext', ID = '1066'
Method 'SystemVoidCosmosHALBlockDeviceAHCIctorCosmosHALPCIDevice', ID = '1070'
Method 'CosmosHALPCIDeviceCosmosHALPCIGetDeviceSystemUInt32SystemUInt32SystemUInt32', ID = '1072'
Method 'SystemStringCosmosHALPCIDeviceDeviceClassGetDeviceStringCosmosHALPCIDevice', ID = '1073'
Method 'SystemStringSystemStringConcatSystemStringarray', ID = '1074'
Method 'SystemByteCosmosHALPCIDeviceget_InterruptLine', ID = '1075'
Method 'SystemVoidCosmosHALDriversPCINetworkAMDPCNetIIctorCosmosHALPCIDevice', ID = '1077'
Method 'SystemVoidCosmosHALNetworkDeviceset_NameIDSystemString', ID = '1078'
Method 'SystemStringCosmosHALNetworkDeviceget_NameID', ID = '1079'
Method 'SystemVoidCosmosHALDriversPCINetworkRTL8139ctorCosmosHALPCIDevice', ID = '1082'
Method 'SystemCollectionsGenericList1CosmosHALNetworkDeviceCosmosHALNetworkDeviceget_Devices', ID = '1083'
Method 'SystemInt32SystemCollectionsGenericList1CosmosHALNetworkDeviceget_Count', ID = '1084'
Method 'SystemVoidCosmosSystemNetworkNetworkStackcctor', ID = '1087'
Method 'SystemVoidSystemCollectionsGenericDictionary2SystemUInt32CosmosHALNetworkDevicectorSystemInt32SystemCollectionsGenericIEqualityComparer1SystemUInt32', ID = '1089'
Method 'SystemVoidSystemCollectionsGenericList1CosmosHALNetworkDeviceAddCosmosHALNetworkDevice', ID = '1120'
Method 'SystemVoidSystemCollectionsGenericList1EnumeratorCosmosHALPCIDevicectorSystemCollectionsGenericList1CosmosHALPCIDevice', ID = '1122'
Method 'SystemVoidCosmosHALPCIDevicecctor', ID = '1123'
Method 'SystemVoidCosmosHALPCIDevicectorSystemUInt32SystemUInt32SystemUInt32', ID = '1124'
Method 'SystemVoidCosmosHALPCIDeviceNormalset_BaseAddressesCosmosHALPCIBaseAddressBararray', ID = '1126'
Method 'CosmosHALPCIBaseAddressBararrayCosmosHALPCIDeviceNormalget_BaseAddresses', ID = '1127'
Method 'SystemVoidCosmosHALPCIBaseAddressBarctorSystemUInt32', ID = '1128'
Method 'SystemVoidCosmosHALPCIDeviceNormalset_CardbusCISPointerSystemUInt32', ID = '1129'
Method 'SystemUInt16CosmosHALPCIDeviceReadRegister16SystemByte', ID = '1130'
Method 'SystemVoidCosmosHALPCIDeviceNormalset_SubsystemVendorIDSystemUInt16', ID = '1131'
Method 'SystemVoidCosmosHALPCIDeviceNormalset_SubsystemIDSystemUInt16', ID = '1132'
Method 'SystemVoidCosmosHALPCIDeviceNormalset_ExpansionROMBaseAddressSystemUInt32', ID = '1133'
Method 'SystemByteCosmosHALPCIDeviceReadRegister8SystemByte', ID = '1134'
Method 'SystemVoidCosmosHALPCIDeviceNormalset_CapabilitiesPointerSystemByte', ID = '1135'
Method 'SystemVoidCosmosHALPCIDeviceNormalset_MinGrantSystemByte', ID = '1136'
Method 'SystemVoidCosmosHALPCIDeviceNormalset_MaxLatencySystemByte', ID = '1137'
Method 'SystemInt32SystemRuntimeCompilerServicesDefaultInterpolatedStringHandlerGetDefaultLengthSystemInt32SystemInt32', ID = '1140'
Method 'SystemSpan1SystemCharSystemSpan1SystemCharop_ImplicitSystemChararray', ID = '1142'
Method 'SystemInt32SystemSpan1SystemCharget_Length', ID = '1143'
Method 'SystemCharSystemSpan1SystemCharget_ItemSystemInt32', ID = '1144'
Method 'SystemVoidSystemRuntimeCompilerServicesDefaultInterpolatedStringHandlerGrowThenCopyStringSystemString', ID = '1146'
Method 'SystemCharSystemRuntimeInteropServicesMemoryMarshalGetReferenceSystemCharSystemSpan1SystemChar', ID = '1147'
Method 'SystemByteInternalRuntimeCompilerServicesUnsafeAsSystemCharSystemByteSystemChar', ID = '1148'
Method 'SystemCharSystemStringGetRawStringData', ID = '1149'
Method 'SystemInt32InternalRuntimeCompilerServicesUnsafeReadUnalignedSystemInt32SystemByte', ID = '1150'
Method 'SystemVoidInternalRuntimeCompilerServicesUnsafeWriteUnalignedSystemInt32SystemByteSystemInt32', ID = '1151'
Method 'SystemVoidSystemRuntimeCompilerServicesDefaultInterpolatedStringHandlerAppendStringDirectSystemString', ID = '1152'
Method 'SystemVoidSystemRuntimeCompilerServicesDefaultInterpolatedStringHandlerAppendCustomFormatterSystemUInt32SystemUInt32SystemString', ID = '1153'
Method 'SystemVoidSystemRuntimeCompilerServicesDefaultInterpolatedStringHandlerGrow', ID = '1154'
Method 'SystemSpan1SystemCharSystemSpan1SystemCharSliceSystemInt32', ID = '1155'
Method 'SystemReadOnlySpan1SystemCharSystemRuntimeCompilerServicesDefaultInterpolatedStringHandlerget_Text', ID = '1159'
Method 'SystemVoidSystemRuntimeCompilerServicesDefaultInterpolatedStringHandlerClear', ID = '1161'
Method 'SystemBooleanSystemCollectionsGenericList1EnumeratorCosmosHALPCIDeviceMoveNextRare', ID = '1162'
Method 'SystemVoidSystemSZGenericArrayEnumerator1SystemUInt32Dispose', ID = '1164'
Method 'SystemVoidSystemSZGenericArrayEnumerator1SystemDelegateDispose', ID = '1165'
Method 'SystemVoidSystemSZGenericArrayEnumerator1SystemObjectDispose', ID = '1166'
Method 'SystemVoidSystemCollectionsGenericList1EnumeratorCosmosHALPCIDeviceDispose', ID = '1167'
Method 'SystemVoidCosmosIL2CPUSZArrayImpl1GetEnumeratord__0SystemUInt32SystemIDisposableDispose', ID = '1168'
Method 'SystemVoidCosmosIL2CPUSZArrayImpl1GetEnumeratord__0SystemDelegateSystemIDisposableDispose', ID = '1169'
Method 'SystemVoidCosmosIL2CPUSZArrayImpl1GetEnumeratord__0SystemObjectSystemIDisposableDispose', ID = '1170'
Method 'SystemVoidSystemSZGenericArrayEnumerator1SystemByteDispose', ID = '1171'
Method 'SystemVoidSystemSZGenericArrayEnumerator1SystemCharDispose', ID = '1172'
Method 'SystemVoidSystemCollectionsGenericList1EnumeratorCosmosHALBlockDeviceBlockDeviceDispose', ID = '1173'
Method 'SystemVoidSystemCollectionsGenericList1EnumeratorCosmosHALBlockDevicePartitionDispose', ID = '1174'
Method 'CosmosHALPCIDevicePCICommandCosmosHALPCIDeviceget_Command', ID = '1175'
Method 'SystemVoidCosmosHALPCIDeviceset_CommandCosmosHALPCIDevicePCICommand', ID = '1176'
Method 'SystemUInt32CosmosHALPCIDeviceGetAddressBaseSystemUInt32SystemUInt32SystemUInt32', ID = '1177'
Method 'SystemVoidCosmosCoreIOPortset_DWordSystemUInt32', ID = '1180'
Method 'SystemUInt32CosmosCoreIOPortget_DWord', ID = '1181'
Method 'SystemVoidSystemRuntimeCompilerServicesDefaultInterpolatedStringHandlerAppendCustomFormatterSystemByteSystemByteSystemString', ID = '1182'
Method 'SystemReadOnlySpan1SystemCharSystemStringop_ImplicitSystemString', ID = '1183'
Method 'SystemVoidCosmosCoreMemoryBlock08ctorSystemUInt32SystemUInt32', ID = '1184'
Method 'SystemVoidCosmosCoreMemoryBlock16ctorSystemUInt32SystemUInt32', ID = '1185'
Method 'SystemVoidCosmosCoreMemoryBlock32ctorSystemUInt32SystemUInt32', ID = '1186'
Method 'SystemVoidCosmosCoreMemoryBlock08set_ItemSystemUInt32SystemByte', ID = '1187'
Method 'SystemByteCosmosCoreMemoryBlock08get_ItemSystemUInt32', ID = '1188'
Method 'SystemStringSystemByteToStringSystemString', ID = '1190'
Method 'SystemBooleanRTL8102E_DriverRTL8102EPhase3DescriptorRings', ID = '1192'
Method 'SystemVoidCosmosSystemNetworkIPv4Addresscctor', ID = '1193'
Method 'SystemStringCosmosSystemNetworkIPv4AddressToString', ID = '1194'
Method 'SystemVoidCosmosSystemNetworkConfigIPConfigcctor', ID = '1195'
Method 'SystemCollectionsGenericList1EnumeratorCosmosSystemNetworkConfigNetworkConfigSystemCollectionsGenericList1CosmosSystemNetworkConfigNetworkConfigGetEnumerator', ID = '1198'
Method 'CosmosSystemNetworkConfigNetworkConfigSystemCollectionsGenericList1EnumeratorCosmosSystemNetworkConfigNetworkConfigget_Current', ID = '1199'
Method 'SystemBooleanSystemCollectionsGenericList1EnumeratorCosmosSystemNetworkConfigNetworkConfigMoveNext', ID = '1201'
Method 'CosmosSystemNetworkConfigIPConfigCosmosSystemNetworkConfigNetworkConfigurationGetCosmosHALNetworkDevice', ID = '1203'
Method 'SystemCollectionsGenericDictionary2SystemUInt32CosmosHALNetworkDeviceCosmosSystemNetworkNetworkStackget_AddressMap', ID = '1204'
Method 'CosmosSystemNetworkIPv4AddressCosmosSystemNetworkConfigIPConfigget_IPAddress', ID = '1205'
Method 'SystemUInt32CosmosSystemNetworkIPv4Addressget_Hash', ID = '1206'
Method 'SystemBooleanSystemCollectionsGenericDictionary2SystemUInt32CosmosHALNetworkDeviceRemoveSystemUInt32', ID = '1207'
Method 'SystemCollectionsGenericDictionary2SystemUInt32CosmosHALNetworkDeviceCosmosSystemNetworkNetworkStackget_MACMap', ID = '1208'
Method 'SystemUInt32CosmosHALNetworkMACAddressget_Hash', ID = '1209'
Method 'SystemVoidCosmosSystemNetworkConfigIPConfigRemoveCosmosSystemNetworkConfigIPConfig', ID = '1210'
Method 'SystemVoidCosmosSystemNetworkConfigNetworkConfigurationRemoveCosmosHALNetworkDevice', ID = '1211'
Method 'SystemVoidCosmosSystemNetworkConfigNetworkConfigurationAddConfigCosmosHALNetworkDeviceCosmosSystemNetworkConfigIPConfig', ID = '1212'
Method 'SystemVoidSystemCollectionsGenericDictionary2SystemUInt32CosmosHALNetworkDeviceAddSystemUInt32CosmosHALNetworkDevice', ID = '1213'
Method 'SystemVoidCosmosSystemNetworkConfigIPConfigAddCosmosSystemNetworkConfigIPConfig', ID = '1214'
Method 'SystemVoidCosmosSystemNetworkNetworkStackHandlePacketSystemBytearray', ID = '1215'
Method 'SystemVoidCosmosCore_AsmDelegateImplCtorSystemObjectSystemIntPtr', ID = '1837'
Method 'SystemVoidCosmosSystemNetworkConfigNetworkConfigctorCosmosHALNetworkDeviceCosmosSystemNetworkConfigIPConfig', ID = '1217'
Method 'SystemVoidCosmosSystemNetworkConfigNetworkConfigurationset_CurrentNetworkConfigCosmosSystemNetworkConfigNetworkConfig', ID = '1218'
Method 'SystemVoidSystemCollectionsGenericList1CosmosHALPITPITTimerctor', ID = '1222'
Method 'SystemVoidCosmosHALDevicector', ID = '1223'
Method 'SystemVoidCosmosHALPITHandleIRQCosmosCoreINTsIRQContext', ID = '1224'
Method 'SystemVoidCosmosCore_AsmDelegateImplCtorSystemObjectSystemIntPtr', ID = '1837'
Method 'SystemVoidCosmosCoreINTsSetIrqHandlerSystemByteCosmosCoreINTsIRQDelegate', ID = '1226'
Method 'SystemVoidCosmosHALPITset_T0CountdownSystemUInt16', ID = '1227'
Method 'SystemVoidCosmosCoreManagedMemoryBlockset_ItemSystemUInt32SystemByte', ID = '1229'
Method 'SystemVoidCosmosSystemNetworkIPv4OutgoingBufferEnsureQueueExists', ID = '1231'
Method 'SystemByteCosmosHALRTCget_Second', ID = '1232'
Method 'CosmosSystemNetworkIPv4OutgoingBufferBufferEntrySystemCollectionsGenericList1CosmosSystemNetworkIPv4OutgoingBufferBufferEntryget_ItemSystemInt32', ID = '1234'
Method 'CosmosSystemNetworkIPv4AddressCosmosSystemNetworkIPv4IPPacketget_DestinationIP', ID = '1236'
Method 'SystemBooleanCosmosSystemNetworkConfigIPConfigIsLocalAddressCosmosSystemNetworkIPv4Address', ID = '1237'
Method 'CosmosSystemNetworkIPv4AddressCosmosSystemNetworkConfigIPConfigFindRouteCosmosSystemNetworkIPv4Address', ID = '1238'
Method 'SystemBooleanCosmosSystemNetworkARPARPCacheContainsCosmosSystemNetworkIPv4Address', ID = '1239'
Method 'CosmosHALNetworkMACAddressCosmosSystemNetworkARPARPCacheResolveCosmosSystemNetworkIPv4Address', ID = '1240'
Method 'SystemVoidCosmosSystemNetworkEthernetPacketset_DestinationMACCosmosHALNetworkMACAddress', ID = '1241'
Method 'SystemBytearrayCosmosSystemNetworkEthernetPacketget_RawData', ID = '1242'
Method 'SystemBooleanCosmosHALNetworkDeviceQueueBytesSystemBytearray', ID = '1243'
Method 'CosmosSystemNetworkIPv4AddressCosmosSystemNetworkIPv4IPPacketget_SourceIP', ID = '1244'
Method 'SystemVoidCosmosSystemNetworkARPARPRequest_EthernetctorCosmosHALNetworkMACAddressCosmosSystemNetworkIPv4AddressCosmosHALNetworkMACAddressCosmosSystemNetworkIPv4AddressCosmosHALNetworkMACAddress', ID = '1248'
Method 'SystemInt32SystemCollectionsGenericList1CosmosSystemNetworkIPv4OutgoingBufferBufferEntryget_Count', ID = '1249'
Method 'SystemVoidSystemCollectionsGenericList1CosmosSystemNetworkIPv4OutgoingBufferBufferEntryRemoveAtSystemInt32', ID = '1250'
Method 'SystemTextEncodingSystemTextEncodingget_ASCII', ID = '1253'
Method 'SystemInt32CosmosCore_PlugsSystemStringImplget_LengthSystemInt32', ID = '1257'
Method 'SystemStringCosmosCore_PlugsSystemStringImplFastAllocateStringSystemInt32', ID = '1258'
Method 'SystemVoidSystemBufferMemmoveSystemCharSystemCharSystemCharSystemUIntPtr', ID = '1259'
Method 'SystemStringSystemPrivateCoreLibSystemSRget_ArgumentNull_String', ID = '1261'
Method 'SystemVoidSystemArgumentNullExceptionctorSystemStringSystemString', ID = '1262'
Method 'SystemInt32SystemTextEncodingGetByteCountSystemString', ID = '1263'
Method 'SystemInt32SystemTextEncodingGetBytesSystemStringSystemInt32SystemInt32SystemBytearraySystemInt32', ID = '1264'
Method 'SystemVoidCosmosSystemConsoleDoLineFeed', ID = '1265'
Method 'SystemVoidCosmosSystemConsoleDoCarriageReturn', ID = '1266'
Method 'SystemVoidCosmosSystemConsoleDoTab', ID = '1267'
Method 'SystemVoidCosmosSystemConsoleWriteSystemByte', ID = '1268'
Method 'SystemStringSystemTypeToString', ID = '1270'
Method 'SystemVoidCosmosCoreCosmosRuntimeTypectorSystemUInt32', ID = '1273'
Method 'SystemInt64SystemBitConverterDoubleToInt64BitsSystemDouble', ID = '1275'
Method 'SystemStringSystemStringSubstringSystemInt32SystemInt32', ID = '1278'
Method 'SystemStringSystemArgumentOutOfRangeExceptionget_Message', ID = '1279'
Method 'SystemStringSystemArgumentExceptionget_Message', ID = '1280'
Method 'SystemStringCosmosCore_PlugsSystemExceptionImplget_Message', ID = '1281'
Method 'SystemVoidCosmosCore_AsmArrayImplCopySystemArraySystemInt32SystemArraySystemInt32SystemInt32SystemBoolean', ID = '1283'
Method 'SystemStringSystemThrowHelperGetArgumentNameSystemExceptionArgument', ID = '1285'
Method 'SystemVoidSystemArgumentOutOfRangeExceptionctorSystemStringSystemString', ID = '1286'
Method 'SystemStringSystemPrivateCoreLibSystemSRget_ArgumentOutOfRange_Index', ID = '1287'
Method 'SystemStringSystemPrivateCoreLibSystemSRget_ArgumentOutOfRange_IndexCount', ID = '1288'
Method 'SystemStringSystemPrivateCoreLibSystemSRget_ArgumentOutOfRange_IndexCountBuffer', ID = '1289'
Method 'SystemStringSystemPrivateCoreLibSystemSRget_ArgumentOutOfRange_Count', ID = '1290'
Method 'SystemStringSystemPrivateCoreLibSystemSRget_ArgumentOutOfRange_Year', ID = '1291'
Method 'SystemStringSystemPrivateCoreLibSystemSRget_Arg_ArrayPlusOffTooSmall', ID = '1292'
Method 'SystemStringSystemPrivateCoreLibSystemSRget_NotSupported_ReadOnlyCollection', ID = '1293'
Method 'SystemStringSystemPrivateCoreLibSystemSRget_Arg_RankMultiDimNotSupported', ID = '1294'
Method 'SystemStringSystemPrivateCoreLibSystemSRget_Arg_NonZeroLowerBound', ID = '1295'
Method 'SystemStringSystemPrivateCoreLibSystemSRget_ArgumentOutOfRange_GetCharCountOverflow', ID = '1296'
Method 'SystemStringSystemPrivateCoreLibSystemSRget_ArgumentOutOfRange_ListInsert', ID = '1297'
Method 'SystemStringSystemPrivateCoreLibSystemSRget_ArgumentOutOfRange_NeedNonNegNum', ID = '1298'
Method 'SystemStringSystemPrivateCoreLibSystemSRget_ArgumentOutOfRange_SmallCapacity', ID = '1299'
Method 'SystemStringSystemPrivateCoreLibSystemSRget_Argument_InvalidOffLen', ID = '1300'
Method 'SystemStringSystemPrivateCoreLibSystemSRget_Argument_CannotExtractScalar', ID = '1301'
Method 'SystemStringSystemPrivateCoreLibSystemSRget_ArgumentOutOfRange_BiggerThanCollection', ID = '1302'
Method 'SystemStringSystemPrivateCoreLibSystemSRget_Serialization_MissingKeys', ID = '1303'
Method 'SystemStringSystemPrivateCoreLibSystemSRget_Serialization_NullKey', ID = '1304'
Method 'SystemStringSystemPrivateCoreLibSystemSRget_NotSupported_KeyCollectionSet', ID = '1305'
Method 'SystemStringSystemPrivateCoreLibSystemSRget_NotSupported_ValueCollectionSet', ID = '1306'
Method 'SystemStringSystemPrivateCoreLibSystemSRget_InvalidOperation_NullArray', ID = '1307'
Method 'SystemStringSystemPrivateCoreLibSystemSRget_TaskT_TransitionToFinal_AlreadyCompleted', ID = '1308'
Method 'SystemStringSystemPrivateCoreLibSystemSRget_TaskCompletionSourceT_TrySetException_NullException', ID = '1309'
Method 'SystemStringSystemPrivateCoreLibSystemSRget_TaskCompletionSourceT_TrySetException_NoExceptions', ID = '1310'
Method 'SystemStringSystemPrivateCoreLibSystemSRget_NotSupported_StringComparison', ID = '1311'
Method 'SystemStringSystemPrivateCoreLibSystemSRget_ConcurrentCollection_SyncRoot_NotSupported', ID = '1312'
Method 'SystemStringSystemPrivateCoreLibSystemSRget_Task_MultiTaskContinuation_NullTask', ID = '1313'
Method 'SystemStringSystemPrivateCoreLibSystemSRget_InvalidOperation_WrongAsyncResultOrEndCalledMultiple', ID = '1314'
Method 'SystemStringSystemPrivateCoreLibSystemSRget_Task_MultiTaskContinuation_EmptyTaskList', ID = '1315'
Method 'SystemStringSystemPrivateCoreLibSystemSRget_Task_Start_TaskCompleted', ID = '1316'
Method 'SystemStringSystemPrivateCoreLibSystemSRget_Task_Start_Promise', ID = '1317'
Method 'SystemStringSystemPrivateCoreLibSystemSRget_Task_Start_ContinuationTask', ID = '1318'
Method 'SystemStringSystemPrivateCoreLibSystemSRget_Task_Start_AlreadyStarted', ID = '1319'
Method 'SystemStringSystemPrivateCoreLibSystemSRget_Task_RunSynchronously_Continuation', ID = '1320'
Method 'SystemStringSystemPrivateCoreLibSystemSRget_Task_RunSynchronously_Promise', ID = '1321'
Method 'SystemStringSystemPrivateCoreLibSystemSRget_Task_RunSynchronously_TaskCompleted', ID = '1322'
Method 'SystemStringSystemPrivateCoreLibSystemSRget_Task_RunSynchronously_AlreadyStarted', ID = '1323'
Method 'SystemStringSystemPrivateCoreLibSystemSRget_AsyncMethodBuilder_InstanceNotInitialized', ID = '1324'
Method 'SystemStringSystemPrivateCoreLibSystemSRget_Task_ContinueWith_ESandLR', ID = '1325'
Method 'SystemStringSystemPrivateCoreLibSystemSRget_Task_ContinueWith_NotOnAnything', ID = '1326'
Method 'SystemStringSystemPrivateCoreLibSystemSRget_Task_InvalidTimerTimeSpan', ID = '1327'
Method 'SystemStringSystemPrivateCoreLibSystemSRget_Task_Delay_InvalidMillisecondsDelay', ID = '1328'
Method 'SystemStringSystemPrivateCoreLibSystemSRget_Task_Dispose_NotCompleted', ID = '1329'
Method 'SystemStringSystemPrivateCoreLibSystemSRget_Task_ThrowIfDisposed', ID = '1330'
Method 'SystemStringSystemPrivateCoreLibSystemSRget_Task_WaitMulti_NullTask', ID = '1331'
Method 'SystemStringSystemPrivateCoreLibSystemSRget_ArgumentException_OtherNotArrayOfCorrectLength', ID = '1332'
Method 'SystemStringSystemPrivateCoreLibSystemSRget_ArgumentNull_Array', ID = '1333'
Method 'SystemStringSystemPrivateCoreLibSystemSRget_ArgumentNull_SafeHandle', ID = '1334'
Method 'SystemStringSystemPrivateCoreLibSystemSRget_ArgumentOutOfRange_EndIndexStartIndex', ID = '1335'
Method 'SystemStringSystemPrivateCoreLibSystemSRget_ArgumentOutOfRange_Enum', ID = '1336'
Method 'SystemStringSystemPrivateCoreLibSystemSRget_ArgumentOutOfRange_HugeArrayNotSupported', ID = '1337'
Method 'SystemStringSystemPrivateCoreLibSystemSRget_Argument_AddingDuplicate', ID = '1338'
Method 'SystemStringSystemPrivateCoreLibSystemSRget_Argument_InvalidArgumentForComparison', ID = '1339'
Method 'SystemStringSystemPrivateCoreLibSystemSRget_Arg_LowerBoundsMustMatch', ID = '1340'
Method 'SystemStringSystemPrivateCoreLibSystemSRget_Arg_MustBeType', ID = '1341'
Method 'SystemStringSystemPrivateCoreLibSystemSRget_Arg_Need1DArray', ID = '1342'
Method 'SystemStringSystemPrivateCoreLibSystemSRget_Arg_Need2DArray', ID = '1343'
Method 'SystemStringSystemPrivateCoreLibSystemSRget_Arg_Need3DArray', ID = '1344'
Method 'SystemStringSystemPrivateCoreLibSystemSRget_Arg_NeedAtLeast1Rank', ID = '1345'
Method 'SystemStringSystemPrivateCoreLibSystemSRget_Arg_RankIndices', ID = '1346'
Method 'SystemStringSystemPrivateCoreLibSystemSRget_Arg_RanksAndBounds', ID = '1347'
Method 'SystemStringSystemPrivateCoreLibSystemSRget_InvalidOperation_IComparerFailed', ID = '1348'
Method 'SystemStringSystemPrivateCoreLibSystemSRget_NotSupported_FixedSizeCollection', ID = '1349'
Method 'SystemStringSystemPrivateCoreLibSystemSRget_Rank_MultiDimNotSupported', ID = '1350'
Method 'SystemStringSystemPrivateCoreLibSystemSRget_Arg_TypeNotSupported', ID = '1351'
Method 'SystemStringSystemPrivateCoreLibSystemSRget_Argument_SpansMustHaveSameLength', ID = '1352'
Method 'SystemStringSystemPrivateCoreLibSystemSRget_Argument_InvalidFlag', ID = '1353'
Method 'SystemStringSystemPrivateCoreLibSystemSRget_CancellationTokenSource_Disposed', ID = '1354'
Method 'SystemStringSystemPrivateCoreLibSystemSRget_Argument_AlignmentMustBePow2', ID = '1355'
Method 'SystemVoidSystemArgumentNullExceptionctorSystemString', ID = '1357'
Method 'SystemRuntimeCompilerServicesRawArrayDataInternalRuntimeCompilerServicesUnsafeAsSystemRuntimeCompilerServicesRawArrayDataSystemObject', ID = '1361'
Method 'SystemByteInternalRuntimeCompilerServicesUnsafeAsSystemByteSystemByteSystemByte', ID = '1363'
Method 'SystemBooleanSystemRuntimeIntrinsicsArmAdvSimdArm64get_IsSupported', ID = '1366'
Method 'SystemInt32SystemRuntimeIntrinsicsVector1281SystemByteget_Count', ID = '1367'
Method 'SystemUIntPtrSystemSpanHelpersUnalignedCountVector128SystemByte', ID = '1368'
Method 'SystemBooleanSystemNumericsVectorget_IsHardwareAccelerated', ID = '1369'
Method 'SystemInt32SystemNumericsVector1SystemByteget_Count', ID = '1370'
Method 'SystemUIntPtrSystemSpanHelpersUnalignedCountVectorSystemByte', ID = '1371'
Method 'SystemByteInternalRuntimeCompilerServicesUnsafeAddByteOffsetSystemByteSystemByteSystemUIntPtr', ID = '1372'
Method 'SystemVoidpointerInternalRuntimeCompilerServicesUnsafeAsPointerSystemByteSystemByte', ID = '1374'
Method 'SystemInt32SystemRuntimeIntrinsicsVector2561SystemByteget_Count', ID = '1375'
Method 'SystemRuntimeIntrinsicsVector1281SystemByteSystemRuntimeIntrinsicsVector128CreateSystemByte', ID = '1376'
Method 'SystemRuntimeIntrinsicsVector1281SystemByteSystemSpanHelpersLoadVector128SystemByteSystemUIntPtr', ID = '1377'
Method 'SystemRuntimeIntrinsicsVector1281SystemByteSystemRuntimeIntrinsicsX86Sse2CompareEqualSystemRuntimeIntrinsicsVector1281SystemByteSystemRuntimeIntrinsicsVector1281SystemByte', ID = '1378'
Method 'SystemInt32SystemRuntimeIntrinsicsX86Sse2MoveMaskSystemRuntimeIntrinsicsVector1281SystemByte', ID = '1379'
Method 'SystemInt32SystemNumericsBitOperationsTrailingZeroCountSystemInt32', ID = '1380'
Method 'SystemUIntPtrSystemSpanHelpersGetByteVector256SpanLengthSystemUIntPtrSystemInt32', ID = '1381'
Method 'SystemRuntimeIntrinsicsVector2561SystemByteSystemRuntimeIntrinsicsVector256CreateSystemByte', ID = '1382'
Method 'SystemRuntimeIntrinsicsVector2561SystemByteSystemSpanHelpersLoadVector256SystemByteSystemUIntPtr', ID = '1383'
Method 'SystemRuntimeIntrinsicsVector2561SystemByteSystemRuntimeIntrinsicsX86Avx2CompareEqualSystemRuntimeIntrinsicsVector2561SystemByteSystemRuntimeIntrinsicsVector2561SystemByte', ID = '1384'
Method 'SystemInt32SystemRuntimeIntrinsicsX86Avx2MoveMaskSystemRuntimeIntrinsicsVector2561SystemByte', ID = '1385'
Method 'SystemUIntPtrSystemSpanHelpersGetByteVector128SpanLengthSystemUIntPtrSystemInt32', ID = '1386'
Method 'SystemUIntPtrSystemSpanHelpersGetByteVectorSpanLengthSystemUIntPtrSystemInt32', ID = '1387'
Method 'SystemVoidSystemNumericsVector1SystemBytectorSystemByte', ID = '1388'
Method 'SystemNumericsVector1SystemByteSystemSpanHelpersLoadVectorSystemByteSystemUIntPtr', ID = '1389'
Method 'SystemNumericsVector1SystemByteSystemNumericsVectorEqualsSystemByteSystemNumericsVector1SystemByteSystemNumericsVector1SystemByte', ID = '1390'
Method 'SystemNumericsVector1SystemByteSystemNumericsVector1SystemByteget_Zero', ID = '1391'
Method 'SystemBooleanSystemNumericsVector1SystemByteEqualsSystemNumericsVector1SystemByte', ID = '1392'
Method 'SystemInt32SystemSpanHelpersLocateFirstFoundByteSystemNumericsVector1SystemByte', ID = '1393'
Method 'SystemCharInternalRuntimeCompilerServicesUnsafeAsSystemByteSystemCharSystemByte', ID = '1395'
Method 'SystemVoidpointerInternalRuntimeCompilerServicesUnsafeAsPointerSystemCharSystemChar', ID = '1396'
Method 'SystemInt32SystemRuntimeIntrinsicsVector1281SystemUInt16get_Count', ID = '1397'
Method 'SystemIntPtrSystemSpanHelpersUnalignedCountVector128SystemChar', ID = '1398'
Method 'SystemInt32SystemNumericsVector1SystemUInt16get_Count', ID = '1399'
Method 'SystemIntPtrSystemSpanHelpersUnalignedCountVectorSystemChar', ID = '1400'
Method 'SystemCharInternalRuntimeCompilerServicesUnsafeAddSystemCharSystemCharSystemIntPtr', ID = '1401'
Method 'SystemRuntimeIntrinsicsVector1281SystemUInt16SystemRuntimeIntrinsicsVector128CreateSystemUInt16', ID = '1402'
Method 'SystemRuntimeIntrinsicsVector1281SystemUInt16SystemSpanHelpersLoadVector128SystemCharSystemIntPtr', ID = '1403'
Method 'SystemRuntimeIntrinsicsVector1281SystemUInt16SystemRuntimeIntrinsicsX86Sse2CompareEqualSystemRuntimeIntrinsicsVector1281SystemUInt16SystemRuntimeIntrinsicsVector1281SystemUInt16', ID = '1404'
Method 'SystemRuntimeIntrinsicsVector1281SystemByteSystemRuntimeIntrinsicsVector128AsByteSystemUInt16SystemRuntimeIntrinsicsVector1281SystemUInt16', ID = '1405'
Method 'SystemIntPtrSystemSpanHelpersGetCharVector256SpanLengthSystemIntPtrSystemIntPtr', ID = '1406'
Method 'SystemRuntimeIntrinsicsVector2561SystemUInt16SystemRuntimeIntrinsicsVector256CreateSystemUInt16', ID = '1407'
Method 'SystemRuntimeIntrinsicsVector2561SystemUInt16SystemSpanHelpersLoadVector256SystemCharSystemIntPtr', ID = '1408'
Method 'SystemRuntimeIntrinsicsVector2561SystemUInt16SystemRuntimeIntrinsicsX86Avx2CompareEqualSystemRuntimeIntrinsicsVector2561SystemUInt16SystemRuntimeIntrinsicsVector2561SystemUInt16', ID = '1409'
Method 'SystemRuntimeIntrinsicsVector2561SystemByteSystemRuntimeIntrinsicsVector256AsByteSystemUInt16SystemRuntimeIntrinsicsVector2561SystemUInt16', ID = '1410'
Method 'SystemInt32SystemRuntimeIntrinsicsVector2561SystemUInt16get_Count', ID = '1411'
Method 'SystemIntPtrSystemSpanHelpersGetCharVector128SpanLengthSystemIntPtrSystemIntPtr', ID = '1412'
Method 'SystemIntPtrSystemSpanHelpersGetCharVectorSpanLengthSystemIntPtrSystemIntPtr', ID = '1413'
Method 'SystemVoidSystemNumericsVector1SystemUInt16ctorSystemUInt16', ID = '1414'
Method 'SystemNumericsVector1SystemUInt16SystemSpanHelpersLoadVectorSystemCharSystemIntPtr', ID = '1415'
Method 'SystemNumericsVector1SystemUInt16SystemNumericsVectorEqualsSystemUInt16SystemNumericsVector1SystemUInt16SystemNumericsVector1SystemUInt16', ID = '1416'
Method 'SystemNumericsVector1SystemUInt16SystemNumericsVector1SystemUInt16get_Zero', ID = '1417'
Method 'SystemBooleanSystemNumericsVector1SystemUInt16EqualsSystemNumericsVector1SystemUInt16', ID = '1418'
Method 'SystemInt32SystemSpanHelpersLocateFirstFoundCharSystemNumericsVector1SystemUInt16', ID = '1419'
Method 'SystemInt32InternalRuntimeCompilerServicesUnsafeAsSystemByteSystemInt32SystemByte', ID = '1421'
Method 'SystemInt32InternalRuntimeCompilerServicesUnsafeAddSystemInt32SystemInt32SystemIntPtr', ID = '1422'
Method 'SystemInt64InternalRuntimeCompilerServicesUnsafeAsSystemByteSystemInt64SystemByte', ID = '1426'
Method 'SystemInt64InternalRuntimeCompilerServicesUnsafeAddSystemInt64SystemInt64SystemIntPtr', ID = '1427'
Method 'SystemVoidSystemThrowHelperThrowArgumentExceptionSystemExceptionResource', ID = '1433'
Method 'SystemStringSystemPrivateCoreLibSystemSRget_Arg_NotSupportedException', ID = '1436'
Method 'SystemBooleanSystemInt64EqualsSystemObject', ID = '1437'
Method 'SystemBooleanSystemNullable1SystemByteEqualsSystemObject', ID = '1438'
Method 'SystemBooleanSystemReadOnlySpan1SystemCharEqualsSystemObject', ID = '1439'
Method 'SystemBooleanCosmosHALNetworkMACAddressEqualsSystemObject', ID = '1440'
Method 'SystemBooleanSystemTextEncodingEqualsSystemObject', ID = '1441'
Method 'SystemBooleanCosmosSystem_PlugsSystemValueTypeImplEqualsSystemObject', ID = '1442'
Method 'SystemBooleanCosmosCore_PlugsSystemMulticastDelegateImplEqualsSystemObject', ID = '1444'
Method 'SystemBooleanCosmosCore_PlugsSystemDelegateImplEqualsSystemObject', ID = '1445'
Method 'SystemBooleanSystemDoubleIsNaNSystemDouble', ID = '1446'
Method 'SystemBooleanCosmosSystem_PlugsSystemEnumImplEqualsSystemObject', ID = '1447'
Method 'SystemBooleanSystemTypeEqualsSystemType', ID = '1448'
Method 'SystemBooleanCosmosCore_PlugsSystemRuntimeCompilerServicesRuntimeHelpersImplEqualsSystemObjectSystemObject', ID = '1449'
Method 'SystemInt32SystemInt64GetHashCode', ID = '1450'
Method 'SystemInt32SystemNullable1SystemByteGetHashCode', ID = '1451'
Method 'SystemInt32SystemReadOnlySpan1SystemCharGetHashCode', ID = '1452'
Method 'SystemInt32CosmosHALNetworkMACAddressGetHashCode', ID = '1453'
Method 'SystemInt32SystemTextEncodingGetHashCode', ID = '1454'
Method 'SystemInt32CosmosSystem_PlugsSystemValueTypeImplGetHashCode', ID = '1455'
Method 'SystemUInt64SystemMarvinget_DefaultSeed', ID = '1456'
Method 'SystemInt32SystemMarvinComputeHash32SystemByteSystemUInt32SystemUInt32SystemUInt32', ID = '1457'
Method 'SystemBooleanSystemMulticastDelegateIsUnmanagedFunctionPtr', ID = '1458'
Method 'SystemIntPtrSystemIntPtrop_ExplicitSystemInt32', ID = '1460'
Method 'SystemBooleanSystemIntPtrop_InequalitySystemIntPtrSystemIntPtr', ID = '1461'
Method 'SystemBooleanSystemIntPtrop_EqualitySystemIntPtrSystemIntPtr', ID = '1463'
Method 'SystemDoubleInternalRuntimeCompilerServicesUnsafeAsRefSystemDoubleSystemDouble', ID = '1465'
Method 'SystemInt64InternalRuntimeCompilerServicesUnsafeAsSystemDoubleSystemInt64SystemDouble', ID = '1466'
Method 'SystemInt32CosmosSystem_PlugsSystemEnumImplGetHashCode', ID = '1467'
Method 'SystemInt32CosmosSystem_PlugsSystemIntPtrImplGetHashCode', ID = '1468'
Method 'SystemInt32CosmosSystem_PlugsSystemUIntPtrImplGetHashCode', ID = '1469'
Method 'SystemStringCosmosCommonStringHelperGetNumberStringSystemUInt64', ID = '1473'
Method 'SystemStringCosmosSystem_PlugsSystemUInt16ImplToString', ID = '1475'
Method 'CosmosCoreMemorySMTBlockpointerCosmosCoreMemoryHeapSmallGetFirstWithSpaceSystemUInt32CosmosCoreMemoryRootSMTBlockpointer', ID = '1476'
Method 'SystemVoidCosmosCoreMemoryHeapSmallAddRootSMTBlockCosmosCoreMemorySMTPagepointerSystemUInt32', ID = '1478'
Method 'SystemVoidCosmosCore_AsmCPUImplZeroFillSystemUInt32SystemUInt32', ID = '1479'
Method 'SystemBooleanSystemAppContextTryGetSwitchSystemStringSystemBoolean', ID = '1481'
Method 'SystemStringCosmosCore_PlugsSystemSRImplInternalGetResourceStringSystemString', ID = '1483'
Method 'SystemVoidSystemCollectionsGenericList1CosmosHALNetworkDevicector', ID = '1493'
Method 'SystemVoidCosmosHALNetworkDeviceset_DevicesSystemCollectionsGenericList1CosmosHALNetworkDevice', ID = '1494'
Method 'SystemCollectionsGenericIEnumerator1CosmosHALPCIBaseAddressBarSystemSZArrayHelperGetEnumeratorCosmosHALPCIBaseAddressBar', ID = '1495'
Method 'SystemVoidSystemSZArrayHelperCopyToCosmosHALPCIBaseAddressBarCosmosHALPCIBaseAddressBararraySystemInt32', ID = '1496'
Method 'SystemInt32SystemSZArrayHelperget_CountCosmosHALPCIBaseAddressBar', ID = '1497'
Method 'CosmosHALPCIBaseAddressBarSystemSZArrayHelperget_ItemCosmosHALPCIBaseAddressBarSystemInt32', ID = '1498'
Method 'SystemVoidSystemSZArrayHelperset_ItemCosmosHALPCIBaseAddressBarSystemInt32CosmosHALPCIBaseAddressBar', ID = '1499'
Method 'SystemVoidSystemSZArrayHelperAddCosmosHALPCIBaseAddressBarCosmosHALPCIBaseAddressBar', ID = '1500'
Method 'SystemBooleanSystemSZArrayHelperContainsCosmosHALPCIBaseAddressBarCosmosHALPCIBaseAddressBar', ID = '1501'
Method 'SystemBooleanSystemSZArrayHelperget_IsReadOnlyCosmosHALPCIBaseAddressBar', ID = '1502'
Method 'SystemVoidSystemSZArrayHelperClearCosmosHALPCIBaseAddressBar', ID = '1503'
Method 'SystemInt32SystemSZArrayHelperIndexOfCosmosHALPCIBaseAddressBarCosmosHALPCIBaseAddressBar', ID = '1504'
Method 'SystemVoidSystemSZArrayHelperInsertCosmosHALPCIBaseAddressBarSystemInt32CosmosHALPCIBaseAddressBar', ID = '1505'
Method 'SystemBooleanSystemSZArrayHelperRemoveCosmosHALPCIBaseAddressBarCosmosHALPCIBaseAddressBar', ID = '1506'
Method 'SystemVoidSystemSZArrayHelperRemoveAtCosmosHALPCIBaseAddressBarSystemInt32', ID = '1507'
Method 'CosmosCoreManagedMemoryBlockarrayInternalRuntimeCompilerServicesUnsafeAsCosmosCoreManagedMemoryBlockarraySystemObject', ID = '1515'
Method 'SystemVoidSystemSZGenericArrayEnumerator1CosmosCoreManagedMemoryBlockctorCosmosCoreManagedMemoryBlockarray', ID = '1516'
Method 'SystemInt32SystemArrayIndexOfCosmosCoreManagedMemoryBlockCosmosCoreManagedMemoryBlockarrayCosmosCoreManagedMemoryBlockSystemInt32SystemInt32', ID = '1519'
Method 'SystemCollectionsGenericIEnumerator1CosmosCoreManagedMemoryBlockCosmosIL2CPUSZArrayImpl1CosmosCoreManagedMemoryBlockGetEnumerator', ID = '1520'
Method 'SystemVoidCosmosIL2CPUSZArrayImpl1CosmosCoreManagedMemoryBlockCopyToCosmosCoreManagedMemoryBlockarraySystemInt32', ID = '1521'
Method 'SystemInt32CosmosIL2CPUSZArrayImpl1CosmosCoreManagedMemoryBlockget_Count', ID = '1522'
Method 'CosmosCoreManagedMemoryBlockCosmosIL2CPUSZArrayImpl1CosmosCoreManagedMemoryBlockget_ItemSystemInt32', ID = '1523'
Method 'SystemVoidCosmosIL2CPUSZArrayImpl1CosmosCoreManagedMemoryBlockset_ItemSystemInt32CosmosCoreManagedMemoryBlock', ID = '1524'
Method 'SystemVoidCosmosIL2CPUSZArrayImpl1CosmosCoreManagedMemoryBlockAddCosmosCoreManagedMemoryBlock', ID = '1525'
Method 'SystemBooleanCosmosIL2CPUSZArrayImpl1CosmosCoreManagedMemoryBlockContainsCosmosCoreManagedMemoryBlock', ID = '1526'
Method 'SystemBooleanCosmosIL2CPUSZArrayImpl1CosmosCoreManagedMemoryBlockget_IsReadOnly', ID = '1527'
Method 'SystemVoidCosmosIL2CPUSZArrayImpl1CosmosCoreManagedMemoryBlockClear', ID = '1528'
Method 'SystemInt32CosmosIL2CPUSZArrayImpl1CosmosCoreManagedMemoryBlockIndexOfCosmosCoreManagedMemoryBlock', ID = '1529'
Method 'SystemVoidCosmosIL2CPUSZArrayImpl1CosmosCoreManagedMemoryBlockInsertSystemInt32CosmosCoreManagedMemoryBlock', ID = '1530'
Method 'SystemVoidCosmosIL2CPUSZArrayImpl1CosmosCoreManagedMemoryBlockRemoveAtSystemInt32', ID = '1531'
Method 'SystemBooleanCosmosIL2CPUSZArrayImpl1CosmosCoreManagedMemoryBlockget_IsFixedSize', ID = '1532'
Method 'SystemVoidCosmosIL2CPUSZArrayImpl1CosmosCoreManagedMemoryBlockRemoveCosmosCoreManagedMemoryBlock', ID = '1533'
Method 'SystemObjectCosmosIL2CPUSZArrayImpl1CosmosCoreManagedMemoryBlockget_SyncRoot', ID = '1534'
Method 'SystemBooleanCosmosIL2CPUSZArrayImpl1CosmosCoreManagedMemoryBlockget_IsSynchronized', ID = '1535'
Method 'SystemVoidSystemSZGenericArrayEnumerator1SystemBytecctor', ID = '1536'
Method 'SystemBooleanSystemRuntimeCompilerServicesRuntimeHelpersIsBitwiseEquatableSystemByte', ID = '1537'
Method 'SystemInt32InternalRuntimeCompilerServicesUnsafeSizeOfSystemByte', ID = '1538'
Method 'SystemCollectionsGenericEqualityComparer1SystemByteSystemCollectionsGenericEqualityComparer1SystemByteget_Default', ID = '1539'
Method 'SystemInt32SystemCollectionsGenericEqualityComparer1SystemByteIndexOfSystemBytearraySystemByteSystemInt32SystemInt32', ID = '1540'
Method 'SystemVoidCosmosIL2CPUSZArrayImpl1GetEnumeratord__0SystemBytectorSystemInt32', ID = '1541'
Method 'SystemVoidSystemSZGenericArrayEnumerator1SystemCharcctor', ID = '1544'
Method 'SystemBooleanSystemRuntimeCompilerServicesRuntimeHelpersIsBitwiseEquatableSystemChar', ID = '1545'
Method 'SystemInt32InternalRuntimeCompilerServicesUnsafeSizeOfSystemChar', ID = '1546'
Method 'SystemCharInternalRuntimeCompilerServicesUnsafeAsSystemCharSystemCharSystemChar', ID = '1547'
Method 'SystemInt32InternalRuntimeCompilerServicesUnsafeAsSystemCharSystemInt32SystemChar', ID = '1548'
Method 'SystemInt64InternalRuntimeCompilerServicesUnsafeAsSystemCharSystemInt64SystemChar', ID = '1549'
Method 'SystemCollectionsGenericEqualityComparer1SystemCharSystemCollectionsGenericEqualityComparer1SystemCharget_Default', ID = '1550'
Method 'SystemInt32SystemCollectionsGenericEqualityComparer1SystemCharIndexOfSystemChararraySystemCharSystemInt32SystemInt32', ID = '1551'
Method 'SystemVoidCosmosIL2CPUSZArrayImpl1GetEnumeratord__0SystemCharctorSystemInt32', ID = '1552'
Method 'SystemVoidCosmosCoreINTsPutErrorStringSystemInt32SystemInt32SystemString', ID = '1582'
Method 'SystemVoidCosmosCoreINTsPutErrorCharSystemInt32SystemInt32SystemChar', ID = '1583'
Method 'SystemVoidCosmosCoreIOPortBasectorSystemUInt16', ID = '1586'
Method 'SystemVoidCosmosHALTextScreenSetColorsSystemConsoleColorSystemConsoleColor', ID = '1591'
Method 'SystemUInt16CosmosHALTextScreenget_Cols', ID = '1592'
Method 'SystemUInt16CosmosHALTextScreenget_Rows', ID = '1593'
Method 'SystemVoidCosmosHALTextScreenSetCursorSizeSystemInt32', ID = '1594'
Method 'SystemVoidCosmosHALTextScreenSetCursorVisibleSystemBoolean', ID = '1595'
Method 'SystemVoidCosmosCoreGlobalcctor', ID = '1596'
Method 'SystemVoidCosmosSystemConsoleClear', ID = '1597'
Method 'SystemVoidCosmosHALPCICheckFunctionCosmosHALPCIDevice', ID = '1599'
Method 'SystemVoidCosmosCoreACPIcctor', ID = '1600'
Method 'SystemUInt32CosmosCoreACPIRSDPAddress', ID = '1601'
Method 'SystemInt32CosmosCoreACPIacpiCheckHeaderSystemBytepointerSystemString', ID = '1602'
Method 'SystemInt32pointerCosmosCoreACPIfacpgetSystemInt32', ID = '1604'
Method 'SystemInt32CosmosCoreACPICompareSystemStringSystemBytepointer', ID = '1605'
Method 'SystemByteCosmosCoreACPIfacpbgetSystemInt32', ID = '1609'
Method 'SystemStringSystemNullable1SystemByteToString', ID = '1620'
Method 'SystemBooleanCosmosHALPS2ControllerWaitToWrite', ID = '1622'
Method 'SystemVoidCosmosCoreIOPortWriteset_ByteSystemByte', ID = '1623'
Method 'SystemBooleanSystemNullable1SystemByteget_HasValue', ID = '1624'
Method 'SystemByteSystemNullable1SystemByteget_Value', ID = '1625'
Method 'SystemByteCosmosCoreIOPortReadget_Byte', ID = '1626'
Method 'SystemStringCosmosCommonExtensionsToHexStringToHexSystemByte', ID = '1627'
Method 'SystemStringSystemStringConcatSystemStringSystemStringSystemStringSystemString', ID = '1628'
Method 'SystemStringSystemStringConcatSystemStringSystemStringSystemString', ID = '1629'
Method 'SystemVoidCosmosHALPS2ControllerSendDeviceCommandCosmosHALPS2ControllerDeviceCommandSystemBooleanSystemNullable1SystemByte', ID = '1631'
Method 'SystemBooleanCosmosHALPS2ControllerReadByteAfterAckWithTimeoutSystemByte', ID = '1632'
Method 'SystemVoidCosmosHALPS2MousectorSystemByteSystemByte', ID = '1633'
Method 'SystemBooleanCosmosHALPS2ControllerReadDataWithTimeoutSystemByte', ID = '1635'
Method 'SystemVoidCosmosHALPS2KeyboardctorSystemByte', ID = '1636'
Method 'SystemVoidCosmosHALBlockDeviceIDEcctor', ID = '1638'
Method 'SystemVoidCosmosHALBlockDeviceATA_PIOctorCosmosCoreIOGroupATACosmosHALBlockDeviceAtaControllerIdEnumCosmosHALBlockDeviceAtaBusPositionEnum', ID = '1641'
Method 'CosmosHALBlockDeviceATA_PIOSpecLevelCosmosHALBlockDeviceATA_PIOget_DriveType', ID = '1642'
Method 'SystemVoidCosmosHALBlockDeviceATAPIctorCosmosHALBlockDeviceATA_PIO', ID = '1645'
Method 'SystemVoidCosmosHALBlockDevicePartitionctorCosmosHALBlockDeviceBlockDeviceSystemUInt64SystemUInt64', ID = '1646'
Method 'SystemVoidCosmosHALBlockDeviceIDEScanAndInitPartitionsCosmosHALBlockDeviceBlockDevice', ID = '1647'
Method 'SystemVoidSystemCollectionsGenericList1EnumeratorCosmosHALBlockDeviceBlockDevicectorSystemCollectionsGenericList1CosmosHALBlockDeviceBlockDevice', ID = '1649'
Method 'SystemVoidCosmosHALBlockDeviceBlockDevicecctor', ID = '1650'
Method 'SystemVoidSystemCollectionsGenericList1CosmosHALBlockDeviceBlockDeviceAddWithResizeCosmosHALBlockDeviceBlockDevice', ID = '1651'
Method 'SystemBooleanSystemCollectionsGenericList1EnumeratorCosmosHALBlockDeviceBlockDeviceMoveNextRare', ID = '1652'
Method 'SystemVoidSystemCollectionsGenericList1EnumeratorCosmosHALBlockDevicePartitionctorSystemCollectionsGenericList1CosmosHALBlockDevicePartition', ID = '1655'
Method 'SystemVoidCosmosHALBlockDevicePartitioncctor', ID = '1656'
Method 'SystemStringCosmosHALBlockDevicePartitionToString', ID = '1657'
Method 'SystemVoidSystemCollectionsGenericList1CosmosHALBlockDevicePartitionAddWithResizeCosmosHALBlockDevicePartition', ID = '1658'
Method 'SystemBooleanSystemCollectionsGenericList1EnumeratorCosmosHALBlockDevicePartitionMoveNextRare', ID = '1659'
Method 'SystemVoidCosmosHALBlockDeviceAHCIcctor', ID = '1661'
Method 'SystemVoidCosmosHALPCIDeviceEnableBusMasterSystemBoolean', ID = '1662'
Method 'SystemVoidCosmosHALPCIDeviceEnableMemorySystemBoolean', ID = '1663'
Method 'SystemUInt32CosmosHALPCIBaseAddressBarget_BaseAddress', ID = '1664'
Method 'SystemVoidCosmosHALBlockDeviceRegistersGenericRegistersctorSystemUInt32', ID = '1666'
Method 'SystemUInt32CosmosHALBlockDeviceRegistersGenericRegistersget_GlobalHostControl', ID = '1668'
Method 'SystemVoidCosmosHALBlockDeviceRegistersGenericRegistersset_GlobalHostControlSystemUInt32', ID = '1669'
Method 'SystemVoidCosmosHALBlockDeviceAHCIGetCapabilities', ID = '1670'
Method 'SystemVoidSystemCollectionsGenericList1CosmosHALBlockDevicePortsStoragePortset_CapacitySystemInt32', ID = '1673'
Method 'SystemVoidCosmosHALBlockDeviceAHCIGetPorts', ID = '1674'
Method 'SystemCollectionsGenericList1EnumeratorCosmosHALBlockDevicePortsStoragePortSystemCollectionsGenericList1CosmosHALBlockDevicePortsStoragePortGetEnumerator', ID = '1675'
Method 'CosmosHALBlockDevicePortsStoragePortSystemCollectionsGenericList1EnumeratorCosmosHALBlockDevicePortsStoragePortget_Current', ID = '1676'
Method 'SystemVoidSystemRuntimeCompilerServicesDefaultInterpolatedStringHandlerAppendFormattedSystemString', ID = '1680'
Method 'SystemBooleanSystemCollectionsGenericList1EnumeratorCosmosHALBlockDevicePortsStoragePortMoveNext', ID = '1682'
Method 'SystemObjectSystemArrayClone', ID = '1687'
Method 'SystemStringCosmosSystem_PlugsSystemByteImplToString', ID = '1688'
Method 'SystemVoidSystemArgumentExceptionctorSystemString', ID = '1690'
Method 'SystemVoidCosmosHALPCIDeviceset_ClaimedSystemBoolean', ID = '1691'
Method 'SystemVoidCosmosCoreIOGroupNetworkAMDPCNetIIIOGroupctorSystemUInt16', ID = '1692'
Method 'SystemUInt32CosmosCoreIOPortReadget_DWord', ID = '1694'
Method 'SystemByteCosmosCommonBinaryHelperGetByteFrom32bitSystemUInt32SystemByte', ID = '1695'
Method 'SystemVoidCosmosHALNetworkMACAddressctorSystemBytearray', ID = '1696'
Method 'SystemVoidCosmosCoreManagedMemoryBlockctorSystemUInt32SystemInt32', ID = '1697'
Method 'SystemVoidCosmosCoreManagedMemoryBlockWrite32SystemUInt32SystemUInt32', ID = '1698'
Method 'SystemVoidCosmosHALDriversPCINetworkAMDPCNetIIset_InitializationBlockAddressSystemUInt32', ID = '1699'
Method 'SystemVoidCosmosHALDriversPCINetworkAMDPCNetIIset_SoftwareStyleRegisterSystemUInt32', ID = '1700'
Method 'SystemVoidSystemCollectionsGenericList1CosmosCoreManagedMemoryBlockctor', ID = '1701'
Method 'SystemVoidCosmosCoreManagedMemoryBlockctorSystemUInt32', ID = '1702'
Method 'SystemVoidSystemCollectionsGenericList1CosmosCoreManagedMemoryBlockAddCosmosCoreManagedMemoryBlock', ID = '1703'
Method 'SystemVoidSystemCollectionsGenericQueue1SystemBytearrayctor', ID = '1704'
Method 'SystemVoidCosmosHALDriversPCINetworkAMDPCNetIIHandleNetworkInterruptCosmosCoreINTsIRQContext', ID = '1705'
Method 'CosmosHALNetworkMACAddressRTL8102E_DriverRTL8102Eget_MACAddress', ID = '1706'
Method 'CosmosHALNetworkMACAddressCosmosHALDriversPCINetworkAMDPCNetIIget_MACAddress', ID = '1707'
Method 'SystemBooleanRTL8102E_DriverRTL8102EEnable', ID = '1708'
Method 'SystemBooleanCosmosHALDriversPCINetworkAMDPCNetIIEnable', ID = '1709'
Method 'SystemVoidCosmosHALDriversPCINetworkRTL8139HandleNetworkInterruptCosmosCoreINTsIRQContext', ID = '1711'
Method 'SystemVoidCosmosHALDriversPCINetworkRTL8139OutBSystemUInt32SystemByte', ID = '1712'
Method 'SystemVoidCosmosHALDriversPCINetworkRTL8139SoftwareReset', ID = '1713'
Method 'SystemByteCosmosHALDriversPCINetworkRTL8139InbSystemUInt32', ID = '1714'
Method 'SystemVoidCosmosHALDriversPCINetworkRTL8139set_RBStartRegisterSystemUInt32', ID = '1715'
Method 'SystemVoidCosmosHALDriversPCINetworkRTL8139set_RecvConfigRegisterSystemUInt32', ID = '1716'
Method 'SystemVoidCosmosHALDriversPCINetworkRTL8139set_TransmitConfigRegisterSystemUInt32', ID = '1717'
Method 'SystemVoidCosmosHALDriversPCINetworkRTL8139set_IntMaskRegisterSystemUInt16', ID = '1718'
Method 'SystemVoidCosmosHALDriversPCINetworkRTL8139set_IntStatusRegisterSystemUInt16', ID = '1719'
Method 'SystemVoidCosmosHALDebugSerialcctor', ID = '1722'
Method 'SystemVoidSystemThrowHelperThrowArgumentOutOfRangeExceptionSystemExceptionArgument', ID = '1734'
Method 'SystemInt32SystemCollectionsGenericDictionary2SystemUInt32CosmosHALNetworkDeviceInitializeSystemInt32', ID = '1735'
Method 'SystemCollectionsGenericIEqualityComparer1SystemStringSystemCollectionsGenericNonRandomizedStringEqualityComparerGetStringComparerSystemObject', ID = '1738'
Method 'SystemVoidCosmosSystemKeyboardManagercctor', ID = '1739'
Method 'SystemVoidSystemCollectionsGenericList1CosmosHALNetworkDeviceAddWithResizeCosmosHALNetworkDevice', ID = '1740'
Method 'SystemVoidSystemCollectionsGenericList1CosmosHALPCIDevicecctor', ID = '1741'
Method 'SystemVoidCosmosCoreIOGroupPCIctor', ID = '1748'
Method 'SystemVoidCosmosHALPCIDeviceset_InterruptLineSystemByte', ID = '1749'
Method 'SystemStringSystemRuntimeCompilerServicesDefaultInterpolatedStringHandlerToString', ID = '1752'
Method 'SystemBuffersArrayPool1SystemCharCosmosCore_PlugsSystemBuffersArrayPoolImpl1SystemCharget_Shared', ID = '1754'
Method 'SystemInt32SystemMathMaxSystemInt32SystemInt32', ID = '1755'
Method 'SystemVoidSystemSpan1SystemCharctorSystemChararray', ID = '1756'
Method 'SystemVoidSystemThrowHelperThrowIndexOutOfRangeException', ID = '1757'
Method 'SystemCharSystemByReference1SystemCharget_Value', ID = '1758'
Method 'SystemCharCosmosCore_PlugsSystemStringImplget_CharsSystemInt32SystemCharpointer', ID = '1759'
Method 'SystemVoidSystemRuntimeCompilerServicesDefaultInterpolatedStringHandlerGrowSystemInt32', ID = '1760'
Method 'SystemVoidSystemStringCopyToSystemSpan1SystemChar', ID = '1761'
Method 'SystemBooleanSystemStringTryCopyToSystemSpan1SystemChar', ID = '1762'
Method 'SystemVoidSystemRuntimeCompilerServicesDefaultInterpolatedStringHandlerGrowCoreSystemUInt32', ID = '1766'
Method 'SystemVoidSystemThrowHelperThrowArgumentOutOfRangeException', ID = '1767'
Method 'SystemVoidSystemSpan1SystemCharctorSystemCharSystemInt32', ID = '1768'
Method 'SystemStringSystemReadOnlySpan1SystemCharToString', ID = '1770'
Method 'SystemBooleanSystemInt32TryFormatSystemSpan1SystemCharSystemInt32SystemReadOnlySpan1SystemCharSystemIFormatProvider', ID = '1771'
Method 'SystemBooleanSystemUInt32TryFormatSystemSpan1SystemCharSystemInt32SystemReadOnlySpan1SystemCharSystemIFormatProvider', ID = '1772'
Method 'SystemBooleanSystemDoubleTryFormatSystemSpan1SystemCharSystemInt32SystemReadOnlySpan1SystemCharSystemIFormatProvider', ID = '1773'
Method 'SystemBooleanSystemCharSystemISpanFormattableTryFormatSystemSpan1SystemCharSystemInt32SystemReadOnlySpan1SystemCharSystemIFormatProvider', ID = '1774'
Method 'SystemBooleanSystemUInt64TryFormatSystemSpan1SystemCharSystemInt32SystemReadOnlySpan1SystemCharSystemIFormatProvider', ID = '1775'
Method 'SystemBooleanSystemIntPtrTryFormatSystemSpan1SystemCharSystemInt32SystemReadOnlySpan1SystemCharSystemIFormatProvider', ID = '1776'
Method 'SystemBooleanSystemUIntPtrTryFormatSystemSpan1SystemCharSystemInt32SystemReadOnlySpan1SystemCharSystemIFormatProvider', ID = '1777'
Method 'SystemBooleanSystemUInt16TryFormatSystemSpan1SystemCharSystemInt32SystemReadOnlySpan1SystemCharSystemIFormatProvider', ID = '1778'
Method 'SystemBooleanSystemByteTryFormatSystemSpan1SystemCharSystemInt32SystemReadOnlySpan1SystemCharSystemIFormatProvider', ID = '1779'
Method 'SystemBooleanSystemInt64TryFormatSystemSpan1SystemCharSystemInt32SystemReadOnlySpan1SystemCharSystemIFormatProvider', ID = '1780'
Method 'SystemStringSystemCharSystemIFormattableToStringSystemStringSystemIFormatProvider', ID = '1784'
Method 'SystemStringSystemUInt64ToStringSystemStringSystemIFormatProvider', ID = '1785'
Method 'SystemStringSystemIntPtrToStringSystemStringSystemIFormatProvider', ID = '1786'
Method 'SystemStringSystemUIntPtrToStringSystemStringSystemIFormatProvider', ID = '1787'
Method 'SystemStringSystemEnumToStringSystemStringSystemIFormatProvider', ID = '1788'
Method 'SystemSpan1SystemCharSystemSpan1SystemCharSliceSystemInt32SystemInt32', ID = '1792'
Method 'SystemReadOnlySpan1SystemCharSystemSpan1SystemCharop_ImplicitSystemSpan1SystemChar', ID = '1793'
Method 'SystemVoidCosmosCore_PlugsSystemStringImplCtorSystemReadOnlySpan1SystemCharSystemStringSystemInt32SystemCharpointer', ID = '1794'
Method 'SystemVoidSystemThrowHelperThrowInvalidOperationException_InvalidOperation_EnumFailedVersion', ID = '1796'
Method 'SystemVoidCosmosHALPCIDeviceWriteRegister16SystemByteSystemUInt16', ID = '1798'
Method 'SystemVoidSystemReadOnlySpan1SystemCharctorSystemCharSystemInt32', ID = '1801'
Method 'SystemStringSystemNumberFormatUInt32SystemUInt32SystemStringSystemIFormatProvider', ID = '1802'
Method 'SystemVoidCosmosSystem_PlugsSystemConsoleImplWriteLine', ID = '1803'
Method 'SystemVoidCosmosCoreMemoryBlock32set_ItemSystemUInt32SystemUInt32', ID = '1804'
Method 'SystemVoidSystemRuntimeCompilerServicesDefaultInterpolatedStringHandlerAppendFormattedSystemUInt64SystemUInt64SystemString', ID = '1805'
Method 'SystemBooleanRTL8102E_DriverRTL8102EPhase4And5', ID = '1806'
Method 'SystemVoidSystemCollectionsGenericList1CosmosSystemNetworkConfigIPConfigctor', ID = '1809'
Method 'SystemVoidCosmosSystemNetworkConfigNetworkConfigurationcctor', ID = '1811'
Method 'SystemVoidSystemCollectionsGenericList1EnumeratorCosmosSystemNetworkConfigNetworkConfigctorSystemCollectionsGenericList1CosmosSystemNetworkConfigNetworkConfig', ID = '1813'
Method 'SystemBooleanSystemCollectionsGenericList1EnumeratorCosmosSystemNetworkConfigNetworkConfigMoveNextRare', ID = '1814'
Method 'SystemVoidSystemCollectionsGenericList1EnumeratorCosmosSystemNetworkConfigNetworkConfigDispose', ID = '1815'
Method 'SystemUInt32CosmosSystemNetworkIPv4Addressto32BitNumber', ID = '1817'
Method 'SystemInt32SystemCollectionsGenericDictionary2SystemUInt32CosmosHALNetworkDeviceGetBucketSystemUInt32', ID = '1819'
Method 'SystemVoidSystemThrowHelperThrowInvalidOperationException_ConcurrentOperationsNotSupported', ID = '1824'
Method 'SystemUInt32CosmosHALNetworkMACAddressTo32BitNumber', ID = '1825'
Method 'SystemCollectionsGenericList1EnumeratorCosmosSystemNetworkConfigIPConfigSystemCollectionsGenericList1CosmosSystemNetworkConfigIPConfigGetEnumerator', ID = '1826'
Method 'CosmosSystemNetworkConfigIPConfigSystemCollectionsGenericList1EnumeratorCosmosSystemNetworkConfigIPConfigget_Current', ID = '1827'
Method 'SystemVoidSystemCollectionsGenericList1CosmosSystemNetworkConfigIPConfigRemoveAtSystemInt32', ID = '1828'
Method 'SystemBooleanSystemCollectionsGenericList1EnumeratorCosmosSystemNetworkConfigIPConfigMoveNext', ID = '1829'
Method 'SystemVoidSystemCollectionsGenericList1CosmosSystemNetworkConfigNetworkConfigRemoveAtSystemInt32', ID = '1831'
Method 'SystemVoidSystemCollectionsGenericList1CosmosSystemNetworkConfigNetworkConfigAddCosmosSystemNetworkConfigNetworkConfig', ID = '1832'
Method 'SystemBooleanSystemCollectionsGenericDictionary2SystemUInt32CosmosHALNetworkDeviceTryInsertSystemUInt32CosmosHALNetworkDeviceSystemCollectionsGenericInsertionBehavior', ID = '1833'
Method 'SystemVoidSystemCollectionsGenericList1CosmosSystemNetworkConfigIPConfigAddCosmosSystemNetworkConfigIPConfig', ID = '1834'
Method 'SystemVoidCosmosSystemNetworkARPARPPacketARPHandlerSystemBytearray', ID = '1835'
Method 'SystemVoidCosmosSystemNetworkIPv4IPPacketIPv4HandlerSystemBytearray', ID = '1836'
Method 'SystemVoidCosmosCoreBaseIOGroupscctor', ID = '1841'
Method 'SystemUInt32CosmosHALPITget_T0DelayNS', ID = '1846'
Method 'SystemInt32SystemCollectionsGenericList1CosmosHALPITPITTimerget_Count', ID = '1847'
Method 'CosmosHALPITPITTimerSystemCollectionsGenericList1CosmosHALPITPITTimerget_ItemSystemInt32', ID = '1848'
Method 'SystemVoidSystemCollectionsGenericList1CosmosHALPITPITTimerRemoveAtSystemInt32', ID = '1850'
Method 'SystemVoidCosmosCore_AsmDelegateImplInvoke', ID = '1228'
Method 'SystemVoidCosmosCoreINTsSetIntHandlerSystemByteCosmosCoreINTsIRQDelegate', ID = '1852'
Method 'SystemVoidSystemNotImplementedExceptionctor', ID = '1854'
Method 'SystemVoidSystemCollectionsGenericList1CosmosSystemNetworkIPv4OutgoingBufferBufferEntryctor', ID = '1855'
Method 'SystemVoidCosmosHALRTCWaitForReady', ID = '1857'
Method 'SystemByteCosmosHALRTCFromBCDSystemByte', ID = '1860'
Method 'CosmosSystemNetworkConfigIPConfigSystemCollectionsGenericList1CosmosSystemNetworkConfigIPConfigget_ItemSystemInt32', ID = '1864'
Method 'CosmosSystemNetworkIPv4AddressCosmosSystemNetworkConfigIPConfigget_SubnetMask', ID = '1865'
Method 'SystemInt32SystemCollectionsGenericList1CosmosSystemNetworkConfigIPConfigget_Count', ID = '1866'
Method 'CosmosSystemNetworkIPv4AddressCosmosSystemNetworkConfigIPConfigget_DefaultGateway', ID = '1867'
Method 'SystemVoidCosmosSystemNetworkARPARPCacheensureCacheExists', ID = '1869'
Method 'SystemBooleanSystemCollectionsGenericDictionary2SystemUInt32CosmosHALNetworkMACAddressContainsKeySystemUInt32', ID = '1871'
Method 'CosmosHALNetworkMACAddressSystemCollectionsGenericDictionary2SystemUInt32CosmosHALNetworkMACAddressget_ItemSystemUInt32', ID = '1872'
Method 'SystemVoidCosmosSystemNetworkEthernetPacketInitFields', ID = '1874'
Method 'SystemVoidCosmosHALNetworkMACAddresscctor', ID = '1876'
Method 'SystemStringCosmosHALNetworkMACAddressToString', ID = '1877'
Method 'SystemVoidCosmosSystemNetworkARPARPPacket_EthernetctorSystemUInt16CosmosHALNetworkMACAddressCosmosSystemNetworkIPv4AddressCosmosHALNetworkMACAddressCosmosSystemNetworkI096E3E46D1442B7A12143E7F84A80A58', ID = '1879'
Method 'SystemVoidCosmosCore_PlugsSystemInternalEnvironmentImplCCtor', ID = '1883'
Method 'SystemVoidSystemTextEncodingcctor', ID = '1889'
Method 'SystemInt32SystemTextASCIIEncodingGetByteCountSystemString', ID = '1894'
Method 'SystemInt32SystemTextASCIIEncodingGetBytesSystemStringSystemInt32SystemInt32SystemBytearraySystemInt32', ID = '1896'
Method 'SystemVoidCosmosSystemConsoleUpdateCursor', ID = '1899'
Method 'SystemVoidCosmosCore_PlugsSystemTypeImplCCtor', ID = '1901'
Method 'SystemVoidCosmosCoreCosmosRuntimeTypector', ID = '1904'
Method 'SystemVoidCosmosCommonStringHelpercctor', ID = '1905'
Method 'SystemRuntimeIntrinsicsVector1281SystemDoubleSystemRuntimeIntrinsicsVector128CreateScalarUnsafeSystemDouble', ID = '1908'
Method 'SystemRuntimeIntrinsicsVector1281SystemInt64SystemRuntimeIntrinsicsVector128AsInt64SystemDoubleSystemRuntimeIntrinsicsVector1281SystemDouble', ID = '1909'
Method 'SystemInt64SystemRuntimeIntrinsicsX86Sse2X64ConvertToInt64SystemRuntimeIntrinsicsVector1281SystemInt64', ID = '1910'
Method 'SystemChararrayCosmosCore_PlugsSystemStringImplToCharArray', ID = '1911'
Method 'SystemVoidCosmosCore_PlugsSystemStringImplCtorSystemChararraySystemStringSystemInt32SystemCharpointer', ID = '1912'
Method 'SystemStringSystemPrivateCoreLibSystemSRget_ArgumentOutOfRange_StartIndex', ID = '1913'
Method 'SystemStringSystemPrivateCoreLibSystemSRget_ArgumentOutOfRange_StartIndexLargerThanLength', ID = '1914'
Method 'SystemStringSystemPrivateCoreLibSystemSRget_ArgumentOutOfRange_NegativeLength', ID = '1915'
Method 'SystemStringSystemPrivateCoreLibSystemSRget_ArgumentOutOfRange_IndexLength', ID = '1916'
Method 'SystemStringSystemStringInternalSubStringSystemInt32SystemInt32', ID = '1917'
Method 'SystemStringSystemPrivateCoreLibSystemSRget_ArgumentOutOfRange_ActualValue', ID = '1918'
Method 'SystemStringSystemPrivateCoreLibSystemSRFormatSystemStringSystemObject', ID = '1919'
Method 'SystemVoidSystemArgumentExceptionSetMessageField', ID = '1920'
Method 'SystemStringSystemPrivateCoreLibSystemSRget_Arg_ParamName_Name', ID = '1921'
Method 'SystemStringSystemPrivateCoreLibSystemSRget_ArgumentNull_Generic', ID = '1922'
Method 'SystemBooleanCosmosCore_PlugsRuntimeIntrinsicsX86Sse2Implget_IsSupported', ID = '1924'
Method 'SystemVoidSystemThrowHelperThrowForUnsupportedIntrinsicsVectorBaseTypeSystemByte', ID = '1927'
Method 'SystemVoidSystemThrowHelperThrowForUnsupportedNumericsVectorBaseTypeSystemByte', ID = '1930'
Method 'SystemInt32InternalRuntimeCompilerServicesUnsafeSizeOfSystemNumericsVector1SystemByte', ID = '1931'
Method 'SystemBooleanCosmosCore_PlugsRuntimeIntrinsicsX86Avx2Implget_IsSupported', ID = '1933'
Method 'SystemBooleanSystemRuntimeIntrinsicsArmAdvSimdget_IsSupported', ID = '1936'
Method 'SystemRuntimeIntrinsicsVector1281SystemByteSystemRuntimeIntrinsicsVector128Createg__SoftwareFallbacksLine20_0SystemByte', ID = '1937'
Method 'SystemRuntimeIntrinsicsVector1281SystemByteInternalRuntimeCompilerServicesUnsafeReadUnalignedSystemRuntimeIntrinsicsVector1281SystemByteSystemByte', ID = '1938'
Method 'SystemInt32SystemNumericsBitOperationsTrailingZeroCountSystemUInt32', ID = '1940'
Method 'SystemBooleanSystemRuntimeIntrinsicsX86Avxget_IsSupported', ID = '1942'
Method 'SystemRuntimeIntrinsicsVector2561SystemByteSystemRuntimeIntrinsicsVector256Createg__SoftwareFallbacksLine14_0SystemByte', ID = '1943'
Method 'SystemRuntimeIntrinsicsVector2561SystemByteInternalRuntimeCompilerServicesUnsafeReadUnalignedSystemRuntimeIntrinsicsVector2561SystemByteSystemByte', ID = '1944'
Method 'SystemVoidInternalRuntimeCompilerServicesUnsafeSkipInitSystemNumericsVector1SystemByteSystemNumericsVector1SystemByte', ID = '1945'
Method 'SystemVoidSystemNumericsVector1SystemByteSetElementSystemIntPtrSystemByte', ID = '1946'
Method 'SystemNumericsVector1SystemByteInternalRuntimeCompilerServicesUnsafeReadUnalignedSystemNumericsVector1SystemByteSystemByte', ID = '1947'
Method 'SystemNumericsVector1SystemByteSystemNumericsVector1SystemByteEqualsSystemNumericsVector1SystemByteSystemNumericsVector1SystemByte', ID = '1948'
Method 'SystemBooleanSystemNumericsVector1SystemByteop_EqualitySystemNumericsVector1SystemByteSystemNumericsVector1SystemByte', ID = '1949'
Method 'SystemNumericsVector1SystemUInt64SystemNumericsVectorAsVectorUInt64SystemByteSystemNumericsVector1SystemByte', ID = '1950'
Method 'SystemUInt64SystemNumericsVector1SystemUInt64get_ItemSystemInt32', ID = '1951'
Method 'SystemInt32SystemNumericsVector1SystemUInt64get_Count', ID = '1952'
Method 'SystemInt32SystemSpanHelpersLocateFirstFoundByteSystemUInt64', ID = '1953'
Method 'SystemVoidSystemThrowHelperThrowForUnsupportedIntrinsicsVectorBaseTypeSystemUInt16', ID = '1955'
Method 'SystemInt32InternalRuntimeCompilerServicesUnsafeSizeOfSystemUInt16', ID = '1956'
Method 'SystemVoidSystemThrowHelperThrowForUnsupportedNumericsVectorBaseTypeSystemUInt16', ID = '1958'
Method 'SystemInt32InternalRuntimeCompilerServicesUnsafeSizeOfSystemNumericsVector1SystemUInt16', ID = '1959'
Method 'SystemRuntimeIntrinsicsVector1281SystemUInt16SystemRuntimeIntrinsicsVector128Createg__SoftwareFallbacksLine27_0SystemUInt16', ID = '1960'
Method 'SystemRuntimeIntrinsicsVector1281SystemUInt16InternalRuntimeCompilerServicesUnsafeReadUnalignedSystemRuntimeIntrinsicsVector1281SystemUInt16SystemByte', ID = '1961'
Method 'SystemRuntimeIntrinsicsVector1281SystemByteSystemRuntimeIntrinsicsVector128AsSystemUInt16SystemByteSystemRuntimeIntrinsicsVector1281SystemUInt16', ID = '1962'
Method 'SystemRuntimeIntrinsicsVector2561SystemUInt16SystemRuntimeIntrinsicsVector256Createg__SoftwareFallbacksLine21_0SystemUInt16', ID = '1964'
Method 'SystemRuntimeIntrinsicsVector2561SystemUInt16InternalRuntimeCompilerServicesUnsafeReadUnalignedSystemRuntimeIntrinsicsVector2561SystemUInt16SystemByte', ID = '1965'
Method 'SystemRuntimeIntrinsicsVector2561SystemByteSystemRuntimeIntrinsicsVector256AsSystemUInt16SystemByteSystemRuntimeIntrinsicsVector2561SystemUInt16', ID = '1966'
Method 'SystemVoidInternalRuntimeCompilerServicesUnsafeSkipInitSystemNumericsVector1SystemUInt16SystemNumericsVector1SystemUInt16', ID = '1967'
Method 'SystemVoidSystemNumericsVector1SystemUInt16SetElementSystemIntPtrSystemUInt16', ID = '1968'
Method 'SystemNumericsVector1SystemUInt16InternalRuntimeCompilerServicesUnsafeReadUnalignedSystemNumericsVector1SystemUInt16SystemByte', ID = '1969'
Method 'SystemNumericsVector1SystemUInt16SystemNumericsVector1SystemUInt16EqualsSystemNumericsVector1SystemUInt16SystemNumericsVector1SystemUInt16', ID = '1970'
Method 'SystemBooleanSystemNumericsVector1SystemUInt16op_EqualitySystemNumericsVector1SystemUInt16SystemNumericsVector1SystemUInt16', ID = '1971'
Method 'SystemNumericsVector1SystemUInt64SystemNumericsVectorAsVectorUInt64SystemUInt16SystemNumericsVector1SystemUInt16', ID = '1972'
Method 'SystemInt32SystemSpanHelpersLocateFirstFoundCharSystemUInt64', ID = '1973'
Method 'SystemCollectionsGenericIEnumerator1SystemInt32SystemSZArrayHelperGetEnumeratorSystemInt32', ID = '1974'
Method 'SystemVoidSystemSZArrayHelperCopyToSystemInt32SystemInt32arraySystemInt32', ID = '1975'
Method 'SystemInt32SystemSZArrayHelperget_CountSystemInt32', ID = '1976'
Method 'SystemInt32SystemSZArrayHelperget_ItemSystemInt32SystemInt32', ID = '1977'
Method 'SystemVoidSystemSZArrayHelperset_ItemSystemInt32SystemInt32SystemInt32', ID = '1978'
Method 'SystemVoidSystemSZArrayHelperAddSystemInt32SystemInt32', ID = '1979'
Method 'SystemBooleanSystemSZArrayHelperContainsSystemInt32SystemInt32', ID = '1980'
Method 'SystemBooleanSystemSZArrayHelperget_IsReadOnlySystemInt32', ID = '1981'
Method 'SystemVoidSystemSZArrayHelperClearSystemInt32', ID = '1982'
Method 'SystemInt32SystemSZArrayHelperIndexOfSystemInt32SystemInt32', ID = '1983'
Method 'SystemVoidSystemSZArrayHelperInsertSystemInt32SystemInt32SystemInt32', ID = '1984'
Method 'SystemBooleanSystemSZArrayHelperRemoveSystemInt32SystemInt32', ID = '1985'
Method 'SystemVoidSystemSZArrayHelperRemoveAtSystemInt32SystemInt32', ID = '1986'
Method 'SystemBooleanSystemInt32EqualsSystemInt32', ID = '1993'
Method 'SystemCollectionsGenericIEnumerator1SystemInt64SystemSZArrayHelperGetEnumeratorSystemInt64', ID = '1994'
Method 'SystemVoidSystemSZArrayHelperCopyToSystemInt64SystemInt64arraySystemInt32', ID = '1995'
Method 'SystemInt32SystemSZArrayHelperget_CountSystemInt64', ID = '1996'
Method 'SystemInt64SystemSZArrayHelperget_ItemSystemInt64SystemInt32', ID = '1997'
Method 'SystemVoidSystemSZArrayHelperset_ItemSystemInt64SystemInt32SystemInt64', ID = '1998'
Method 'SystemVoidSystemSZArrayHelperAddSystemInt64SystemInt64', ID = '1999'
Method 'SystemBooleanSystemSZArrayHelperContainsSystemInt64SystemInt64', ID = '2000'
Method 'SystemBooleanSystemSZArrayHelperget_IsReadOnlySystemInt64', ID = '2001'
Method 'SystemVoidSystemSZArrayHelperClearSystemInt64', ID = '2002'
Method 'SystemInt32SystemSZArrayHelperIndexOfSystemInt64SystemInt64', ID = '2003'
Method 'SystemVoidSystemSZArrayHelperInsertSystemInt64SystemInt32SystemInt64', ID = '2004'
Method 'SystemBooleanSystemSZArrayHelperRemoveSystemInt64SystemInt64', ID = '2005'
Method 'SystemVoidSystemSZArrayHelperRemoveAtSystemInt64SystemInt32', ID = '2006'
Method 'SystemBooleanSystemInt64EqualsSystemInt64', ID = '2013'
Method 'SystemVoidSystemCollectionsGenericEqualityComparer1SystemUInt32cctor', ID = '2014'
Method 'SystemInt32CosmosCore_PlugsSystemArrayImplget_Rank', ID = '2016'
Method 'SystemArgumentExceptionSystemThrowHelperGetArgumentExceptionSystemExceptionResource', ID = '2017'
Method 'SystemInt32CosmosCore_PlugsSystemArrayImplGetLowerBoundSystemInt32', ID = '2018'
Method 'SystemInt32CosmosCore_AsmArrayImplget_Length', ID = '2019'
Method 'SystemStringSystemPrivateCoreLibSystemSRget_NotSupported_CannotCallEqualsOnSpan', ID = '2020'
Method 'SystemTextEncoderFallbackSystemTextEncodingget_EncoderFallback', ID = '2021'
Method 'SystemTextDecoderFallbackSystemTextEncodingget_DecoderFallback', ID = '2022'
Method 'SystemBooleanCosmosCore_PlugsSystemStringImplEqualsHelperSystemStringSystemString', ID = '2024'
Method 'SystemStringSystemPrivateCoreLibSystemSRget_NotSupported_CannotCallGetHashCodeOnSpan', ID = '2028'
Method 'SystemUInt32InternalRuntimeCompilerServicesUnsafeReadUnalignedSystemUInt32SystemByte', ID = '2032'
Method 'SystemVoidSystemMarvinBlockSystemUInt32SystemUInt32', ID = '2033'
Method 'SystemUInt16InternalRuntimeCompilerServicesUnsafeReadUnalignedSystemUInt16SystemByte', ID = '2035'
Method 'SystemInt32CosmosSystem_PlugsSystemValueTypeImplGetHashCodeOfPtrSystemIntPtr', ID = '2036'
Method 'SystemVoidSystemIntPtrctorSystemInt32', ID = '2037'
Method 'SystemInt32CosmosCore_PlugsSystemRuntimeCompilerServicesRuntimeHelpersImplGetHashCodeSystemObject', ID = '2038'
Method 'SystemUInt32SystemUIntPtrop_ExplicitSystemUIntPtr', ID = '2041'
Method 'SystemTypeCosmosCoreCosmosRuntimeTypeget_UnderlyingSystemType', ID = '2042'
Method 'SystemStringSystemPrivateCoreLibSystemSRget_Argument_EmptyName', ID = '2047'
Method 'SystemVoidSystemThreadingMonitorEnterSystemObjectSystemBoolean', ID = '2049'
Method 'SystemBooleanSystemCollectionsGenericDictionary2SystemStringSystemBooleanTryGetValueSystemStringSystemBoolean', ID = '2050'
Method 'SystemObjectSystemAppContextGetDataSystemString', ID = '2052'
Method 'SystemBooleanSystemBooleanTryParseSystemStringSystemBoolean', ID = '2053'
Method 'SystemBooleanSystemStringop_EqualitySystemStringSystemString', ID = '2055'
Method 'SystemVoidSystemCollectionsGenericEqualityComparer1SystemDelegatecctor', ID = '2056'
Method 'SystemVoidSystemCollectionsGenericEqualityComparer1SystemObjectcctor', ID = '2058'
Method 'CosmosHALPCIBaseAddressBararrayInternalRuntimeCompilerServicesUnsafeAsCosmosHALPCIBaseAddressBararraySystemObject', ID = '2062'
Method 'SystemVoidSystemSZGenericArrayEnumerator1CosmosHALPCIBaseAddressBarctorCosmosHALPCIBaseAddressBararray', ID = '2063'
Method 'SystemInt32SystemArrayIndexOfCosmosHALPCIBaseAddressBarCosmosHALPCIBaseAddressBararrayCosmosHALPCIBaseAddressBarSystemInt32SystemInt32', ID = '2066'
Method 'SystemCollectionsGenericIEnumerator1CosmosHALPCIBaseAddressBarCosmosIL2CPUSZArrayImpl1CosmosHALPCIBaseAddressBarGetEnumerator', ID = '2067'
Method 'SystemVoidCosmosIL2CPUSZArrayImpl1CosmosHALPCIBaseAddressBarCopyToCosmosHALPCIBaseAddressBararraySystemInt32', ID = '2068'
Method 'SystemInt32CosmosIL2CPUSZArrayImpl1CosmosHALPCIBaseAddressBarget_Count', ID = '2069'
Method 'CosmosHALPCIBaseAddressBarCosmosIL2CPUSZArrayImpl1CosmosHALPCIBaseAddressBarget_ItemSystemInt32', ID = '2070'
Method 'SystemVoidCosmosIL2CPUSZArrayImpl1CosmosHALPCIBaseAddressBarset_ItemSystemInt32CosmosHALPCIBaseAddressBar', ID = '2071'
Method 'SystemVoidCosmosIL2CPUSZArrayImpl1CosmosHALPCIBaseAddressBarAddCosmosHALPCIBaseAddressBar', ID = '2072'
Method 'SystemBooleanCosmosIL2CPUSZArrayImpl1CosmosHALPCIBaseAddressBarContainsCosmosHALPCIBaseAddressBar', ID = '2073'
Method 'SystemBooleanCosmosIL2CPUSZArrayImpl1CosmosHALPCIBaseAddressBarget_IsReadOnly', ID = '2074'
Method 'SystemVoidCosmosIL2CPUSZArrayImpl1CosmosHALPCIBaseAddressBarClear', ID = '2075'
Method 'SystemInt32CosmosIL2CPUSZArrayImpl1CosmosHALPCIBaseAddressBarIndexOfCosmosHALPCIBaseAddressBar', ID = '2076'
Method 'SystemVoidCosmosIL2CPUSZArrayImpl1CosmosHALPCIBaseAddressBarInsertSystemInt32CosmosHALPCIBaseAddressBar', ID = '2077'
Method 'SystemVoidCosmosIL2CPUSZArrayImpl1CosmosHALPCIBaseAddressBarRemoveAtSystemInt32', ID = '2078'
Method 'SystemBooleanCosmosIL2CPUSZArrayImpl1CosmosHALPCIBaseAddressBarget_IsFixedSize', ID = '2079'
Method 'SystemVoidCosmosIL2CPUSZArrayImpl1CosmosHALPCIBaseAddressBarRemoveCosmosHALPCIBaseAddressBar', ID = '2080'
Method 'SystemObjectCosmosIL2CPUSZArrayImpl1CosmosHALPCIBaseAddressBarget_SyncRoot', ID = '2081'
Method 'SystemBooleanCosmosIL2CPUSZArrayImpl1CosmosHALPCIBaseAddressBarget_IsSynchronized', ID = '2082'
Method 'SystemVoidSystemSZGenericArrayEnumerator1CosmosCoreManagedMemoryBlockcctor', ID = '2083'
Method 'SystemVoidSystemSZGenericArrayEnumerator1CosmosCoreManagedMemoryBlockDispose', ID = '2084'
Method 'SystemBooleanSystemRuntimeCompilerServicesRuntimeHelpersIsBitwiseEquatableCosmosCoreManagedMemoryBlock', ID = '2085'
Method 'SystemInt32InternalRuntimeCompilerServicesUnsafeSizeOfCosmosCoreManagedMemoryBlock', ID = '2086'
Method 'SystemByteInternalRuntimeCompilerServicesUnsafeAsCosmosCoreManagedMemoryBlockSystemByteCosmosCoreManagedMemoryBlock', ID = '2087'
Method 'SystemCharInternalRuntimeCompilerServicesUnsafeAsCosmosCoreManagedMemoryBlockSystemCharCosmosCoreManagedMemoryBlock', ID = '2088'
Method 'SystemInt32InternalRuntimeCompilerServicesUnsafeAsCosmosCoreManagedMemoryBlockSystemInt32CosmosCoreManagedMemoryBlock', ID = '2089'
Method 'SystemInt64InternalRuntimeCompilerServicesUnsafeAsCosmosCoreManagedMemoryBlockSystemInt64CosmosCoreManagedMemoryBlock', ID = '2090'
Method 'SystemCollectionsGenericEqualityComparer1CosmosCoreManagedMemoryBlockSystemCollectionsGenericEqualityComparer1CosmosCoreManagedMemoryBlockget_Default', ID = '2091'
Method 'SystemInt32SystemCollectionsGenericEqualityComparer1CosmosCoreManagedMemoryBlockIndexOfCosmosCoreManagedMemoryBlockarrayCosmosCoreManagedMemoryBlockSystemInt32SystemInt32', ID = '2092'
Method 'SystemVoidCosmosIL2CPUSZArrayImpl1GetEnumeratord__0CosmosCoreManagedMemoryBlockctorSystemInt32', ID = '2093'
Method 'SystemVoidCosmosIL2CPUSZArrayImpl1GetEnumeratord__0SystemByteSystemIDisposableDispose', ID = '2098'
Method 'SystemVoidCosmosIL2CPUSZArrayImpl1GetEnumeratord__0SystemCharSystemIDisposableDispose', ID = '2102'
Method 'SystemStringCosmosSystem_PlugsSystemInt64ImplToString', ID = '2103'
Method 'SystemByteCosmosCore_AsmIOPortImplRead8SystemUInt16', ID = '2104'
Method 'SystemVoidCosmosCore_AsmIOPortImplWrite8SystemUInt16SystemByte', ID = '2105'
Method 'SystemVoidCosmosCoreBaseIOGroupsctor', ID = '2107'
Method 'SystemVoidSystemCollectionsGenericList1CosmosHALPCIDeviceAddCosmosHALPCIDevice', ID = '2109'
Method 'SystemBooleanCosmosCoreACPICheck_RSDSystemUInt32', ID = '2111'
Method 'SystemVoidSystemThrowHelperThrowInvalidOperationException_InvalidOperation_NoValue', ID = '2115'
Method 'SystemStringCosmosCommonExtensionsToHexStringConvertToHexSystemUInt32SystemInt32', ID = '2117'
Method 'SystemBooleanCosmosHALPS2ControllerWaitForAck', ID = '2119'
Method 'SystemVoidCosmosHALMouseBasector', ID = '2121'
Method 'SystemVoidCosmosHALPS2MouseInitialize', ID = '2123'
Method 'SystemVoidCosmosHALKeyboardBasector', ID = '2125'
Method 'SystemVoidCosmosHALPS2KeyboardInitialize', ID = '2127'
Method 'CosmosHALPCIDeviceCosmosHALPCIGetDeviceClassCosmosHALClassIDCosmosHALSubclassID', ID = '2128'
Method 'SystemVoidSystemCollectionsGenericList1CosmosHALBlockDeviceBlockDevicector', ID = '2129'
Method 'SystemVoidSystemCollectionsGenericList1CosmosHALBlockDevicePartitionctor', ID = '2130'
Method 'SystemVoidCosmosHALBlockDeviceAtactor', ID = '2132'
Method 'CosmosHALBlockDeviceATA_PIOSpecLevelCosmosHALBlockDeviceATA_PIODiscoverDrive', ID = '2133'
Method 'SystemVoidCosmosHALBlockDeviceATA_PIOInitDrive', ID = '2134'
Method 'SystemVoidCosmosHALBlockDeviceAtacctor', ID = '2136'
Method 'SystemStringCosmosHALBlockDeviceAtaToString', ID = '2137'
Method 'SystemVoidCosmosHALBlockDeviceBlockDevicector', ID = '2139'
Method 'CosmosHALBlockDeviceAtaBusPositionEnumCosmosHALBlockDeviceAtaget_BusPosition', ID = '2140'
Method 'SystemVoidCosmosHALBlockDeviceATAPIset_BusPositionCosmosHALBlockDeviceAtaBusPositionEnum', ID = '2141'
Method 'CosmosHALBlockDeviceAtaControllerIdEnumCosmosHALBlockDeviceAtaget_ControllerID', ID = '2142'
Method 'SystemVoidCosmosHALBlockDeviceATAPIset_PrimarySystemBoolean', ID = '2143'
Method 'SystemBooleanCosmosHALBlockDeviceATAPIget_Primary', ID = '2144'
Method 'SystemVoidCosmosCoreIOGroupATActorSystemBoolean', ID = '2145'
Method 'CosmosHALBlockDeviceAtaBusPositionEnumCosmosHALBlockDeviceATAPIget_BusPosition', ID = '2147'
Method 'SystemUInt64CosmosHALBlockDeviceATAPIGetMaxLBA', ID = '2148'
Method 'SystemVoidCosmosHALBlockDeviceATAPIset_MaxLBASystemUInt64', ID = '2149'
Method 'SystemVoidCosmosHALBlockDeviceATAPIInit', ID = '2150'
Method 'SystemUInt64CosmosHALBlockDeviceBlockDeviceget_BlockSize', ID = '2151'
Method 'SystemBooleanCosmosHALBlockDeviceGPTIsGPTPartitionCosmosHALBlockDeviceBlockDevice', ID = '2152'
Method 'SystemVoidCosmosHALBlockDeviceGPTctorCosmosHALBlockDeviceBlockDevice', ID = '2153'
Method 'SystemInt32SystemCollectionsGenericList1CosmosHALBlockDeviceGPTGPartInfoget_Count', ID = '2155'
Method 'SystemVoidCosmosDebugKernelDebuggerSendNumberSystemInt32', ID = '2156'
Method 'SystemCollectionsGenericList1EnumeratorCosmosHALBlockDeviceGPTGPartInfoSystemCollectionsGenericList1CosmosHALBlockDeviceGPTGPartInfoGetEnumerator', ID = '2157'
Method 'CosmosHALBlockDeviceGPTGPartInfoSystemCollectionsGenericList1EnumeratorCosmosHALBlockDeviceGPTGPartInfoget_Current', ID = '2158'
Method 'SystemBooleanSystemCollectionsGenericList1EnumeratorCosmosHALBlockDeviceGPTGPartInfoMoveNext', ID = '2160'
Method 'SystemVoidCosmosHALBlockDeviceMBRctorCosmosHALBlockDeviceBlockDevice', ID = '2162'
Method 'SystemVoidCosmosHALBlockDeviceEBRctorSystemBytearray', ID = '2165'
Method 'SystemInt32SystemCollectionsGenericList1CosmosHALBlockDeviceEBRPartInfoget_Count', ID = '2167'
Method 'SystemCollectionsGenericList1EnumeratorCosmosHALBlockDeviceMBRPartInfoSystemCollectionsGenericList1CosmosHALBlockDeviceMBRPartInfoGetEnumerator', ID = '2168'
Method 'CosmosHALBlockDeviceMBRPartInfoSystemCollectionsGenericList1EnumeratorCosmosHALBlockDeviceMBRPartInfoget_Current', ID = '2169'
Method 'SystemBooleanSystemCollectionsGenericList1EnumeratorCosmosHALBlockDeviceMBRPartInfoMoveNext', ID = '2171'
Method 'SystemVoidSystemCollectionsGenericList1CosmosHALBlockDeviceBlockDevicecctor', ID = '2173'
Method 'SystemVoidSystemCollectionsGenericList1CosmosHALBlockDeviceBlockDeviceGrowSystemInt32', ID = '2180'
Method 'SystemVoidSystemCollectionsGenericList1CosmosHALBlockDevicePartitioncctor', ID = '2181'
Method 'SystemVoidSystemCollectionsGenericList1CosmosHALBlockDevicePartitionGrowSystemInt32', ID = '2188'
Method 'CosmosHALPCIDeviceCosmosHALPCIGetDeviceClassCosmosHALClassIDCosmosHALSubclassIDCosmosHALProgramIF', ID = '2189'
Method 'SystemVoidSystemCollectionsGenericList1CosmosHALBlockDevicePortsStoragePortctor', ID = '2190'
Method 'SystemUInt32CosmosCoreMemoryBlockget_ItemSystemUInt32', ID = '2192'
Method 'SystemVoidCosmosCoreMemoryBlockset_ItemSystemUInt32SystemUInt32', ID = '2193'
Method 'SystemUInt32CosmosHALBlockDeviceRegistersGenericRegistersget_Capabilities', ID = '2194'
Method 'SystemVoidSystemThrowHelperThrowArgumentOutOfRangeExceptionSystemExceptionArgumentSystemExceptionResource', ID = '2215'
Method 'SystemVoidSystemArrayCopySystemArraySystemArraySystemInt32', ID = '2217'
Method 'SystemUInt32CosmosHALBlockDeviceRegistersGenericRegistersget_ImplementedPorts', ID = '2219'
Method 'SystemVoidCosmosHALBlockDeviceRegistersPortRegistersctorSystemUInt32SystemUInt32', ID = '2220'
Method 'CosmosHALBlockDeviceRegistersPortTypeCosmosHALBlockDeviceAHCICheckPortTypeCosmosHALBlockDeviceRegistersPortRegisters', ID = '2221'
Method 'SystemStringSystemStringPadLeftSystemInt32SystemChar', ID = '2223'
Method 'SystemVoidCosmosHALBlockDeviceAHCIPortRebaseCosmosHALBlockDeviceRegistersPortRegistersSystemUInt32', ID = '2224'
Method 'SystemVoidCosmosHALBlockDevicePortsSATActorCosmosHALBlockDeviceRegistersPortRegisters', ID = '2225'
Method 'SystemVoidSystemCollectionsGenericList1CosmosHALBlockDevicePortsStoragePortAddCosmosHALBlockDevicePortsStoragePort', ID = '2226'
Method 'SystemVoidSystemCollectionsGenericList1EnumeratorCosmosHALBlockDevicePortsStoragePortctorSystemCollectionsGenericList1CosmosHALBlockDevicePortsStoragePort', ID = '2227'
Method 'SystemVoidSystemRuntimeCompilerServicesDefaultInterpolatedStringHandlerAppendFormattedSlowSystemString', ID = '2229'
Method 'SystemBooleanSystemCollectionsGenericList1EnumeratorCosmosHALBlockDevicePortsStoragePortMoveNextRare', ID = '2230'
Method 'SystemVoidSystemCollectionsGenericList1EnumeratorCosmosHALBlockDevicePortsStoragePortDispose', ID = '2231'
Method 'SystemCollectionsGenericIEnumerator1SystemStringSystemSZArrayHelperGetEnumeratorSystemString', ID = '2233'
Method 'SystemVoidSystemSZArrayHelperCopyToSystemStringSystemStringarraySystemInt32', ID = '2234'
Method 'SystemInt32SystemSZArrayHelperget_CountSystemString', ID = '2235'
Method 'SystemStringSystemSZArrayHelperget_ItemSystemStringSystemInt32', ID = '2236'
Method 'SystemVoidSystemSZArrayHelperset_ItemSystemStringSystemInt32SystemString', ID = '2237'
Method 'SystemVoidSystemSZArrayHelperAddSystemStringSystemString', ID = '2238'
Method 'SystemBooleanSystemSZArrayHelperContainsSystemStringSystemString', ID = '2239'
Method 'SystemBooleanSystemSZArrayHelperget_IsReadOnlySystemString', ID = '2240'
Method 'SystemVoidSystemSZArrayHelperClearSystemString', ID = '2241'
Method 'SystemInt32SystemSZArrayHelperIndexOfSystemStringSystemString', ID = '2242'
Method 'SystemVoidSystemSZArrayHelperInsertSystemStringSystemInt32SystemString', ID = '2243'
Method 'SystemBooleanSystemSZArrayHelperRemoveSystemStringSystemString', ID = '2244'
Method 'SystemVoidSystemSZArrayHelperRemoveAtSystemStringSystemInt32', ID = '2245'
Method 'SystemVoidCosmosCore_PlugsSystemOutOfMemoryExceptionImplCtor', ID = '2253'
Method 'SystemVoidCosmosCoreIOPortctorSystemUInt16SystemUInt16', ID = '2258'
Method 'SystemVoidCosmosCoreIOPortReadctorSystemUInt16SystemUInt16', ID = '2259'
Method 'SystemVoidCosmosCoreManagedMemoryBlockctorSystemUInt32SystemInt32SystemBoolean', ID = '2261'
Method 'SystemVoidSystemCollectionsGenericList1CosmosCoreManagedMemoryBlockAddWithResizeCosmosCoreManagedMemoryBlock', ID = '2263'
Method 'SystemBytearrayarraySystemArrayEmptySystemBytearray', ID = '2264'
Method 'SystemUInt32CosmosHALDriversPCINetworkAMDPCNetIIget_StatusRegister', ID = '2265'
Method 'SystemInt32SystemCollectionsGenericQueue1SystemBytearrayget_Count', ID = '2266'
Method 'SystemBytearraySystemCollectionsGenericQueue1SystemBytearrayPeek', ID = '2267'
Method 'SystemBooleanCosmosHALDriversPCINetworkAMDPCNetIISendBytesSystemBytearray', ID = '2268'
Method 'SystemBytearraySystemCollectionsGenericQueue1SystemBytearrayDequeue', ID = '2269'
Method 'SystemVoidCosmosHALDriversPCINetworkAMDPCNetIIReadRawData', ID = '2270'
Method 'SystemVoidCosmosHALDriversPCINetworkAMDPCNetIIset_StatusRegisterSystemUInt32', ID = '2271'
Method 'CosmosHALNetworkMACAddressCosmosHALDriversPCINetworkRTL8139get_MACAddress', ID = '2272'
Method 'SystemBooleanCosmosHALDriversPCINetworkRTL8139Enable', ID = '2273'
Method 'SystemUInt16CosmosHALDriversPCINetworkRTL8139get_IntStatusRegister', ID = '2274'
Method 'SystemUInt32CosmosCoreManagedMemoryBlockRead32SystemUInt32', ID = '2275'
Method 'SystemVoidCosmosHALDriversPCINetworkRTL8139set_CommandRegisterSystemByte', ID = '2276'
Method 'SystemUInt16CosmosHALDriversPCINetworkRTL8139get_CurBufferAddressRegister', ID = '2277'
Method 'SystemVoidCosmosHALDriversPCINetworkRTL8139ReadRawDataSystemUInt16', ID = '2278'
Method 'SystemVoidCosmosHALDriversPCINetworkRTL8139set_CurAddressPointerReadRegisterSystemUInt16', ID = '2279'
Method 'SystemByteCosmosHALDriversPCINetworkRTL8139get_CommandRegister', ID = '2280'
Method 'SystemVoidCosmosHALDriversPCINetworkRTL8139Out32SystemUInt32SystemUInt32', ID = '2281'
Method 'SystemVoidCosmosHALDriversPCINetworkRTL8139Out16SystemUInt32SystemUInt16', ID = '2282'
Method 'SystemVoidSystemCollectionsGenericList1CosmosHALNetworkDevicecctor', ID = '2283'
Method 'SystemCollectionsGenericIEnumerator1SystemCollectionsGenericDictionary2EntrySystemUInt32CosmosHALNetworkDeviceSystemSZArrayHelperGetEnumeratorSystemCollectionsGenericDi18C5ED3FB8A9E45EA3533CB9A405E95B', ID = '2290'
Method 'SystemVoidSystemSZArrayHelperCopyToSystemCollectionsGenericDictionary2EntrySystemUInt32CosmosHALNetworkDeviceSystemCollectionsGenericDictionary2EntrySystemUInt32CosmosHALNetworkDevicearraySystemInt32', ID = '2291'
Method 'SystemInt32SystemSZArrayHelperget_CountSystemCollectionsGenericDictionary2EntrySystemUInt32CosmosHALNetworkDevice', ID = '2292'
Method 'SystemCollectionsGenericDictionary2EntrySystemUInt32CosmosHALNetworkDeviceSystemSZArrayHelperget_ItemSystemCollectionsGenericDictionary2EntrySystemUInt32CosmosHALNetworkDeviceSystemInt32', ID = '2293'
Method 'SystemVoidSystemSZArrayHelperset_ItemSystemCollectionsGenericDictionary2EntrySystemUInt32CosmosHALNetworkDeviceSystemInt32SystemCollectionsGenericDictionary2EntrySystemUInt32CosmosHALNetworkDevice', ID = '2294'
Method 'SystemVoidSystemSZArrayHelperAddSystemCollectionsGenericDictionary2EntrySystemUInt32CosmosHALNetworkDeviceSystemCollectionsGenericDictionary2EntrySystemUInt32CosmosHALNetworkDevice', ID = '2295'
Method 'SystemBooleanSystemSZArrayHelperContainsSystemCollectionsGenericDictionary2EntrySystemUInt32CosmosHALNetworkDeviceSystemCollectionsGenericDictionary2EntrySystemUInt32CosmosHALNetworkDevice', ID = '2296'
Method 'SystemBooleanSystemSZArrayHelperget_IsReadOnlySystemCollectionsGenericDictionary2EntrySystemUInt32CosmosHALNetworkDevice', ID = '2297'
Method 'SystemVoidSystemSZArrayHelperClearSystemCollectionsGenericDictionary2EntrySystemUInt32CosmosHALNetworkDevice', ID = '2298'
Method 'SystemInt32SystemSZArrayHelperIndexOfSystemCollectionsGenericDictionary2EntrySystemUInt32CosmosHALNetworkDeviceSystemCollectionsGenericDictionary2EntrySystemUInt32CosmosHALNetworkDevice', ID = '2299'
Method 'SystemVoidSystemSZArrayHelperInsertSystemCollectionsGenericDictionary2EntrySystemUInt32CosmosHALNetworkDeviceSystemInt32SystemCollectionsGenericDictionary2EntrySystemUInt32CosmosHALNetworkDevice', ID = '2300'
Method 'SystemBooleanSystemSZArrayHelperRemoveSystemCollectionsGenericDictionary2EntrySystemUInt32CosmosHALNetworkDeviceSystemCollectionsGenericDictionary2EntrySystemUInt32CosmosHALNetworkDevice', ID = '2301'
Method 'SystemVoidSystemSZArrayHelperRemoveAtSystemCollectionsGenericDictionary2EntrySystemUInt32CosmosHALNetworkDeviceSystemInt32', ID = '2302'
Method 'SystemInt32SystemCollectionsHashHelpersGetPrimeSystemInt32', ID = '2310'
Method 'SystemUInt64SystemCollectionsHashHelpersGetFastModMultiplierSystemUInt32', ID = '2311'
Method 'SystemTypeCosmosCore_PlugsSystemTypeImplGetTypeFromHandleSystemUInt64', ID = '2313'
Method 'SystemBooleanCosmosCore_PlugsSystemTypeImplop_EqualityCosmosCoreCosmosRuntimeTypeCosmosCoreCosmosRuntimeType', ID = '2314'
Method 'SystemStringComparerSystemStringComparerget_Ordinal', ID = '2318'
Method 'SystemStringComparerSystemStringComparerget_OrdinalIgnoreCase', ID = '2320'
Method 'SystemVoidSystemCollectionsGenericList1CosmosHALKeyboardBasector', ID = '2322'
Method 'SystemVoidCosmosSystemScanMapsUS_Standardctor', ID = '2324'
Method 'SystemVoidSystemCollectionsGenericQueue1CosmosSystemKeyEventctor', ID = '2326'
Method 'SystemCollectionsGenericIEnumerable1CosmosHALKeyboardBaseCosmosHALGlobalGetKeyboardDevices', ID = '2328'
Method 'SystemVoidCosmosSystemKeyboardManagerAddKeyboardCosmosHALKeyboardBase', ID = '2331'
Method 'SystemVoidSystemCollectionsGenericList1CosmosHALNetworkDeviceGrowSystemInt32', ID = '2333'
Method 'SystemCollectionsGenericIEnumerator1CosmosHALPCIDeviceSystemSZArrayHelperGetEnumeratorCosmosHALPCIDevice', ID = '2334'
Method 'SystemVoidSystemSZArrayHelperCopyToCosmosHALPCIDeviceCosmosHALPCIDevicearraySystemInt32', ID = '2335'
Method 'SystemInt32SystemSZArrayHelperget_CountCosmosHALPCIDevice', ID = '2336'
Method 'CosmosHALPCIDeviceSystemSZArrayHelperget_ItemCosmosHALPCIDeviceSystemInt32', ID = '2337'
Method 'SystemVoidSystemSZArrayHelperset_ItemCosmosHALPCIDeviceSystemInt32CosmosHALPCIDevice', ID = '2338'
Method 'SystemVoidSystemSZArrayHelperAddCosmosHALPCIDeviceCosmosHALPCIDevice', ID = '2339'
Method 'SystemBooleanSystemSZArrayHelperContainsCosmosHALPCIDeviceCosmosHALPCIDevice', ID = '2340'
Method 'SystemBooleanSystemSZArrayHelperget_IsReadOnlyCosmosHALPCIDevice', ID = '2341'
Method 'SystemVoidSystemSZArrayHelperClearCosmosHALPCIDevice', ID = '2342'
Method 'SystemInt32SystemSZArrayHelperIndexOfCosmosHALPCIDeviceCosmosHALPCIDevice', ID = '2343'
Method 'SystemVoidSystemSZArrayHelperInsertCosmosHALPCIDeviceSystemInt32CosmosHALPCIDevice', ID = '2344'
Method 'SystemBooleanSystemSZArrayHelperRemoveCosmosHALPCIDeviceCosmosHALPCIDevice', ID = '2345'
Method 'SystemVoidSystemSZArrayHelperRemoveAtCosmosHALPCIDeviceSystemInt32', ID = '2346'
Method 'SystemStringSystemSpan1SystemCharToString', ID = '2348'
Method 'SystemBooleanSystemSpan1SystemCharEqualsSystemObject', ID = '2349'
Method 'SystemInt32SystemSpan1SystemCharGetHashCode', ID = '2350'
Method 'SystemVoidSystemBuffersArrayPool1SystemCharcctor', ID = '2351'
Method 'SystemBooleanSystemTypeget_IsValueType', ID = '2355'
Method 'SystemVoidSystemThrowHelperThrowArrayTypeMismatchException', ID = '2357'
Method 'SystemVoidSystemByReference1SystemCharctorSystemChar', ID = '2358'
Method 'SystemVoidSystemThrowHelperThrowArgumentException_DestinationTooShort', ID = '2360'
Method 'SystemUInt32SystemMathMinSystemUInt32SystemUInt32', ID = '2361'
Method 'SystemUInt32SystemMathMaxSystemUInt32SystemUInt32', ID = '2362'
Method 'SystemUInt32SystemMathClampSystemUInt32SystemUInt32SystemUInt32', ID = '2363'
Method 'SystemVoidSystemSpan1SystemCharCopyToSystemSpan1SystemChar', ID = '2364'
Method 'SystemVoidSystemArgumentOutOfRangeExceptionctor', ID = '2365'
Method 'SystemVoidSystemRuntimeCompilerServicesDefaultInterpolatedStringHandlerAppendFormattedSystemInt32SystemInt32', ID = '2366'
Method 'SystemBooleanSystemNumberTryFormatInt32SystemInt32SystemInt32SystemReadOnlySpan1SystemCharSystemIFormatProviderSystemSpan1SystemCharSystemInt32', ID = '2367'
Method 'SystemBooleanSystemNumberTryFormatUInt32SystemUInt32SystemReadOnlySpan1SystemCharSystemIFormatProviderSystemSpan1SystemCharSystemInt32', ID = '2368'
Method 'SystemGlobalizationNumberFormatInfoSystemGlobalizationNumberFormatInfoGetInstanceSystemIFormatProvider', ID = '2369'
Method 'SystemBooleanSystemNumberTryFormatDoubleSystemDoubleSystemReadOnlySpan1SystemCharSystemGlobalizationNumberFormatInfoSystemSpan1SystemCharSystemInt32', ID = '2370'
Method 'SystemBooleanSystemSpan1SystemCharget_IsEmpty', ID = '2371'
Method 'SystemBooleanSystemNumberTryFormatUInt64SystemUInt64SystemReadOnlySpan1SystemCharSystemIFormatProviderSystemSpan1SystemCharSystemInt32', ID = '2372'
Method 'SystemBooleanSystemNumberTryFormatInt64SystemInt64SystemReadOnlySpan1SystemCharSystemIFormatProviderSystemSpan1SystemCharSystemInt32', ID = '2373'
Method 'SystemStringCosmosSystem_PlugsSystemInt32ImplToStringSystemStringSystemIFormatProvider', ID = '2374'
Method 'SystemStringCosmosSystem_PlugsSystemUInt32ImplToStringSystemStringSystemIFormatProvider', ID = '2375'
Method 'SystemStringCosmosSystem_PlugsSystemDoubleImplToStringSystemStringSystemIFormatProvider', ID = '2376'
Method 'SystemStringSystemNumberFormatUInt64SystemUInt64SystemStringSystemIFormatProvider', ID = '2377'
Method 'SystemStringCosmosSystem_PlugsSystemUInt16ImplToStringSystemStringSystemIFormatProvider', ID = '2379'
Method 'SystemStringCosmosSystem_PlugsSystemByteImplToStringSystemStringSystemIFormatProvider', ID = '2380'
Method 'SystemStringCosmosSystem_PlugsSystemInt64ImplToStringSystemStringSystemIFormatProvider', ID = '2381'
Method 'SystemInt32SystemReadOnlySpan1SystemCharget_Length', ID = '2383'
Method 'SystemCharSystemReadOnlySpan1SystemCharget_ItemSystemInt32', ID = '2384'
Method 'SystemStringSystemPrivateCoreLibSystemSRget_InvalidOperation_EnumFailedVersion', ID = '2385'
Method 'SystemVoidCosmosCoreIOPortset_WordSystemUInt16', ID = '2387'
Method 'SystemVoidCosmosCore_AsmIOPortImplWrite32SystemUInt16SystemUInt32', ID = '2388'
Method 'SystemUInt32CosmosCore_AsmIOPortImplRead32SystemUInt16', ID = '2389'
Method 'SystemStringSystemNumberUInt32ToDecStrSystemUInt32', ID = '2391'
Method 'SystemStringSystemNumberFormatUInt32g__FormatUInt32SlowsLine42_0SystemUInt32SystemStringSystemIFormatProvider', ID = '2392'
Method 'SystemVoidSystemRuntimeCompilerServicesDefaultInterpolatedStringHandlerAppendCustomFormatterSystemUInt64SystemUInt64SystemString', ID = '2393'
Method 'SystemVoidSystemCollectionsGenericList1CosmosSystemNetworkConfigNetworkConfigctor', ID = '2396'
Method 'SystemVoidSystemCollectionsGenericList1CosmosSystemNetworkConfigNetworkConfigcctor', ID = '2397'
Method 'SystemUInt32SystemCollectionsHashHelpersFastModSystemUInt32SystemUInt32SystemUInt64', ID = '2405'
Method 'SystemBooleanCosmosCore_PlugsSystemRuntimeCompilerServicesRuntimeHelpersImplIsReferenceOrContainsReferencesSystemUInt32', ID = '2406'
Method 'SystemBooleanCosmosCore_PlugsSystemRuntimeCompilerServicesRuntimeHelpersImplIsReferenceOrContainsReferencesCosmosHALNetworkDevice', ID = '2407'
Method 'SystemStringSystemPrivateCoreLibSystemSRget_InvalidOperation_ConcurrentOperationsNotSupported', ID = '2408'
Method 'SystemVoidSystemCollectionsGenericList1EnumeratorCosmosSystemNetworkConfigIPConfigctorSystemCollectionsGenericList1CosmosSystemNetworkConfigIPConfig', ID = '2409'
Method 'SystemBooleanSystemCollectionsGenericList1EnumeratorCosmosSystemNetworkConfigIPConfigMoveNextRare', ID = '2411'
Method 'SystemVoidSystemCollectionsGenericList1EnumeratorCosmosSystemNetworkConfigIPConfigDispose', ID = '2412'
Method 'SystemVoidSystemCollectionsGenericList1CosmosSystemNetworkConfigNetworkConfigAddWithResizeCosmosSystemNetworkConfigNetworkConfig', ID = '2415'
Method 'SystemVoidSystemThrowHelperThrowAddingDuplicateWithKeyArgumentExceptionSystemUInt32SystemUInt32', ID = '2417'
Method 'SystemVoidSystemCollectionsGenericDictionary2SystemUInt32CosmosHALNetworkDeviceResize', ID = '2418'
Method 'SystemVoidSystemCollectionsGenericDictionary2SystemUInt32CosmosHALNetworkDeviceResizeSystemInt32SystemBoolean', ID = '2419'
Method 'SystemVoidSystemCollectionsGenericList1CosmosSystemNetworkConfigIPConfigAddWithResizeCosmosSystemNetworkConfigIPConfig', ID = '2420'
Method 'SystemVoidCosmosSystemNetworkARPARPPacketctorSystemBytearray', ID = '2422'
Method 'SystemUInt16CosmosSystemNetworkARPARPPacketget_Operation', ID = '2423'
Method 'SystemUInt16CosmosSystemNetworkARPARPPacketget_HardwareType', ID = '2424'
Method 'SystemUInt16CosmosSystemNetworkARPARPPacketget_ProtocolType', ID = '2425'
Method 'SystemVoidCosmosSystemNetworkARPARPRequest_EthernetctorSystemBytearray', ID = '2426'
Method 'CosmosSystemNetworkIPv4AddressCosmosSystemNetworkARPARPPacket_Ethernetget_SenderIP', ID = '2427'
Method 'CosmosHALNetworkMACAddressCosmosSystemNetworkARPARPPacket_Ethernetget_SenderMAC', ID = '2428'
Method 'SystemVoidCosmosSystemNetworkARPARPCacheUpdateCosmosSystemNetworkIPv4AddressCosmosHALNetworkMACAddress', ID = '2429'
Method 'CosmosSystemNetworkIPv4AddressCosmosSystemNetworkARPARPPacket_Ethernetget_TargetIP', ID = '2430'
Method 'SystemBooleanSystemCollectionsGenericDictionary2SystemUInt32CosmosHALNetworkDeviceContainsKeySystemUInt32', ID = '2431'
Method 'CosmosHALNetworkDeviceSystemCollectionsGenericDictionary2SystemUInt32CosmosHALNetworkDeviceget_ItemSystemUInt32', ID = '2432'
Method 'SystemVoidCosmosSystemNetworkARPARPReply_EthernetctorCosmosHALNetworkMACAddressCosmosSystemNetworkIPv4AddressCosmosHALNetworkMACAddressCosmosSystemNetworkIPv4Address', ID = '2433'
Method 'SystemVoidCosmosSystemNetworkARPARPReply_EthernetctorSystemBytearray', ID = '2434'
Method 'SystemVoidCosmosSystemNetworkIPv4OutgoingBufferARPCache_UpdateCosmosSystemNetworkARPARPReply_Ethernet', ID = '2435'
Method 'SystemVoidCosmosSystemNetworkIPv4IPPacketctorSystemBytearray', ID = '2436'
Method 'CosmosHALNetworkMACAddressCosmosSystemNetworkEthernetPacketget_SourceMAC', ID = '2437'
Method 'SystemByteCosmosSystemNetworkIPv4IPPacketget_Protocol', ID = '2438'
Method 'SystemVoidCosmosSystemNetworkIPv4ICMPPacketICMPHandlerSystemBytearray', ID = '2439'
Method 'SystemVoidCosmosSystemNetworkIPv4TCPTCPPacketTCPHandlerSystemBytearray', ID = '2440'
Method 'SystemVoidCosmosSystemNetworkIPv4UDPUDPPacketUDPHandlerSystemBytearray', ID = '2441'
Method 'CosmosHALNetworkMACAddressCosmosSystemNetworkEthernetPacketget_DestinationMAC', ID = '2442'
Method 'SystemVoidCosmosSystemNetworkIPv4UDPDHCPDHCPPacketDHCPHandlerSystemBytearray', ID = '2443'
Method 'SystemVoidSystemCollectionsGenericList1CosmosHALPITPITTimercctor', ID = '2444'
Method 'SystemVoidCosmosCoreIOGroupPCSpeakerctor', ID = '2451'
Method 'SystemVoidCosmosHALPITPITTimerDispose', ID = '2454'
Method 'SystemStringSystemPrivateCoreLibSystemSRget_Arg_NotImplementedException', ID = '2456'
Method 'SystemVoidCosmosHALRTCcctor', ID = '2458'
Method 'SystemVoidSystemCollectionsGenericList1CosmosSystemNetworkIPv4OutgoingBufferBufferEntrycctor', ID = '2459'
Method 'SystemStringCosmosSystemNetworkIPv4IPPacketToString', ID = '2466'
Method 'SystemVoidSystemCollectionsGenericDictionary2SystemUInt32CosmosHALNetworkMACAddressctor', ID = '2467'
Method 'CosmosHALNetworkMACAddressSystemCollectionsGenericDictionary2SystemUInt32CosmosHALNetworkMACAddressFindValueSystemUInt32', ID = '2469'
Method 'SystemBooleanInternalRuntimeCompilerServicesUnsafeIsNullRefCosmosHALNetworkMACAddressCosmosHALNetworkMACAddress', ID = '2470'
Method 'SystemVoidSystemThrowHelperThrowKeyNotFoundExceptionSystemUInt32SystemUInt32', ID = '2471'
Method 'SystemStringCosmosSystemNetworkEthernetPacketToString', ID = '2472'
Method 'SystemVoidCosmosSystemNetworkIPv4IPPacketInitFields', ID = '2473'
Method 'SystemVoidCosmosSystemNetworkARPARPPacket_EthernetInitFields', ID = '2474'
Method 'SystemVoidCosmosSystemNetworkARPARPPacketInitFields', ID = '2475'
Method 'SystemVoidCosmosHALNetworkMACAddressctorSystemBytearraySystemInt32', ID = '2476'
Method 'SystemVoidCosmosSystemNetworkEthernetPacketset_EthernetTypeSystemUInt16', ID = '2477'
Method 'SystemBooleanRTL8102E_DriverRTL8102EQueueBytesSystemBytearraySystemInt32SystemInt32', ID = '2478'
Method 'SystemBooleanCosmosHALDriversPCINetworkAMDPCNetIIQueueBytesSystemBytearraySystemInt32SystemInt32', ID = '2479'
Method 'SystemBooleanCosmosHALDriversPCINetworkRTL8139QueueBytesSystemBytearraySystemInt32SystemInt32', ID = '2480'
Method 'SystemVoidCosmosHALNetworkMACAddressPutByteSystemChararraySystemInt32SystemByte', ID = '2481'
Method 'SystemStringCosmosSystemNetworkARPARPRequest_EthernetToString', ID = '2483'
Method 'SystemVoidCosmosSystemNetworkARPARPPacketctorCosmosHALNetworkMACAddressCosmosHALNetworkMACAddressSystemUInt16SystemUInt16SystemByteSystemByteSystemUInt16SystemInt32', ID = '2484'
Method 'SystemBooleanCosmosCore_PlugsSystemRuntimeCompilerServicesRuntimeHelpersImplIsReferenceOrContainsReferencesCosmosSystemNetworkIPv4OutgoingBufferBufferEntry', ID = '2485'
Method 'SystemVoidSystemTextASCIIEncodingcctor', ID = '2486'
Method 'SystemVoidCosmosCore_PlugsSystemStringImplcctor', ID = '2488'
Method 'SystemBooleanCosmosCore_PlugsSystemRuntimeCompilerServicesRuntimeHelpersImplIsReferenceOrContainsReferencesSystemChar', ID = '2489'
Method 'SystemVoidCosmosCore_PlugsSystemBufferImpl__MemmoveSystemBytepointerSystemBytepointerSystemUInt32', ID = '2490'
Method 'SystemVoidCosmosCore_PlugsSystemBufferImpl__BulkMoveWithWriteBarrierSystemByteSystemByteSystemUInt32', ID = '2491'
Method 'SystemVoidSystemTextUTF8EncodingUTF8EncodingSealedctorSystemBoolean', ID = '2492'
Method 'SystemCharSystemStringGetPinnableReference', ID = '2494'
Method 'SystemInt32SystemTextASCIIEncodingGetByteCountCommonSystemCharpointerSystemInt32', ID = '2495'
Method 'SystemInt32SystemTextASCIIEncodingGetByteCountSystemChararraySystemInt32SystemInt32', ID = '2496'
Method 'SystemVoidSystemThrowHelperThrowArgumentNullExceptionSystemExceptionArgumentSystemExceptionResource', ID = '2497'
Method 'SystemInt32SystemTextASCIIEncodingGetBytesCommonSystemCharpointerSystemInt32SystemBytepointerSystemInt32', ID = '2498'
Method 'SystemInt32SystemTextASCIIEncodingGetBytesSystemChararraySystemInt32SystemInt32SystemBytearraySystemInt32', ID = '2499'
Method 'SystemVoidCosmosHALTextScreenScrollUp', ID = '2500'
Method 'SystemVoidCosmosHALTextScreenset_ItemSystemInt32SystemInt32SystemByte', ID = '2502'
Method 'SystemStringCosmosCoreCosmosRuntimeTypeget_Name', ID = '2504'
Method 'SystemVoidSystemTypector', ID = '2508'
Method 'SystemVoidSystemBitConvertercctor', ID = '2511'
Method 'SystemBooleanCosmosCore_PlugsRuntimeIntrinsicsX86X86Implget_IsSupported', ID = '2513'
Method 'SystemRuntimeIntrinsicsVector1281SystemDoubleInternalRuntimeCompilerServicesUnsafeAsRefSystemRuntimeIntrinsicsVector1281SystemDoubleSystemVoidpointer', ID = '2515'
Method 'SystemRuntimeIntrinsicsVector1281SystemInt64SystemRuntimeIntrinsicsVector128AsSystemDoubleSystemInt64SystemRuntimeIntrinsicsVector1281SystemDouble', ID = '2517'
Method 'SystemStringSystemStringJoinSystemStringSystemObjectarray', ID = '2518'
Method 'SystemInt32SystemExceptionget_HResult', ID = '2520'
Method 'SystemStringSystemPrivateCoreLibSystemSRget_Arg_ArgumentException', ID = '2521'
Method 'SystemStringSystemRuntimeIntrinsicsVector1281SystemByteToString', ID = '2525'
Method 'SystemBooleanSystemRuntimeIntrinsicsVector1281SystemByteEqualsSystemObject', ID = '2526'
Method 'SystemInt32SystemRuntimeIntrinsicsVector1281SystemByteGetHashCode', ID = '2527'
Method 'SystemStringSystemNumericsVector1SystemByteToString', ID = '2532'
Method 'SystemBooleanSystemNumericsVector1SystemByteEqualsSystemObject', ID = '2533'
Method 'SystemInt32SystemNumericsVector1SystemByteGetHashCode', ID = '2534'
Method 'SystemStringSystemNumericsVector1SystemByteToStringSystemStringSystemIFormatProvider', ID = '2535'
Method 'SystemStringSystemRuntimeIntrinsicsVector2561SystemByteToString', ID = '2539'
Method 'SystemBooleanSystemRuntimeIntrinsicsVector2561SystemByteEqualsSystemObject', ID = '2540'
Method 'SystemInt32SystemRuntimeIntrinsicsVector2561SystemByteGetHashCode', ID = '2541'
Method 'SystemRuntimeIntrinsicsVector1281SystemByteInternalRuntimeCompilerServicesUnsafeAsRefSystemRuntimeIntrinsicsVector1281SystemByteSystemVoidpointer', ID = '2544'
Method 'SystemUInt32SystemRuntimeIntrinsicsX86Bmi1TrailingZeroCountSystemUInt32', ID = '2546'
Method 'SystemBooleanSystemRuntimeIntrinsicsArmArmBaseget_IsSupported', ID = '2547'
Method 'SystemUInt32SystemRuntimeIntrinsicsX86X86BaseBitScanForwardSystemUInt32', ID = '2549'
Method 'SystemReadOnlySpan1SystemByteSystemNumericsBitOperationsget_TrailingZeroCountDeBruijn', ID = '2550'
Method 'SystemByteSystemRuntimeInteropServicesMemoryMarshalGetReferenceSystemByteSystemReadOnlySpan1SystemByte', ID = '2551'
Method 'SystemByteInternalRuntimeCompilerServicesUnsafeAddByteOffsetSystemByteSystemByteSystemIntPtr', ID = '2552'
Method 'SystemRuntimeIntrinsicsVector2561SystemByteInternalRuntimeCompilerServicesUnsafeAsRefSystemRuntimeIntrinsicsVector2561SystemByteSystemVoidpointer', ID = '2553'
Method 'SystemNumericsVector1SystemByteInternalRuntimeCompilerServicesUnsafeAsRefSystemNumericsVector1SystemByteSystemNumericsVector1SystemByte', ID = '2555'
Method 'SystemByteInternalRuntimeCompilerServicesUnsafeAsSystemNumericsVector1SystemByteSystemByteSystemNumericsVector1SystemByte', ID = '2556'
Method 'SystemByteInternalRuntimeCompilerServicesUnsafeAddSystemByteSystemByteSystemIntPtr', ID = '2557'
Method 'SystemByteSystemNumericsVector1SystemByteGetElementSystemIntPtr', ID = '2558'
Method 'SystemBooleanSystemNumericsVector1SystemByteScalarEqualsSystemByteSystemByte', ID = '2559'
Method 'SystemByteSystemNumericsVector1SystemByteGetAllBitsSetValue', ID = '2560'
Method 'SystemNumericsVector1SystemUInt64SystemNumericsVector1SystemByteop_ExplicitSystemNumericsVector1SystemByte', ID = '2562'
Method 'SystemVoidSystemThrowHelperThrowForUnsupportedNumericsVectorBaseTypeSystemUInt64', ID = '2563'
Method 'SystemUInt64SystemNumericsVector1SystemUInt64GetElementSystemIntPtr', ID = '2564'
Method 'SystemInt32InternalRuntimeCompilerServicesUnsafeSizeOfSystemNumericsVector1SystemUInt64', ID = '2565'
Method 'SystemInt32InternalRuntimeCompilerServicesUnsafeSizeOfSystemUInt64', ID = '2566'
Method 'SystemInt32SystemNumericsBitOperationsTrailingZeroCountSystemUInt64', ID = '2567'
Method 'SystemStringSystemRuntimeIntrinsicsVector1281SystemUInt16ToString', ID = '2568'
Method 'SystemBooleanSystemRuntimeIntrinsicsVector1281SystemUInt16EqualsSystemObject', ID = '2569'
Method 'SystemInt32SystemRuntimeIntrinsicsVector1281SystemUInt16GetHashCode', ID = '2570'
Method 'SystemStringSystemNumericsVector1SystemUInt16ToString', ID = '2572'
Method 'SystemBooleanSystemNumericsVector1SystemUInt16EqualsSystemObject', ID = '2573'
Method 'SystemInt32SystemNumericsVector1SystemUInt16GetHashCode', ID = '2574'
Method 'SystemStringSystemNumericsVector1SystemUInt16ToStringSystemStringSystemIFormatProvider', ID = '2575'
Method 'SystemRuntimeIntrinsicsVector1281SystemUInt16InternalRuntimeCompilerServicesUnsafeAsRefSystemRuntimeIntrinsicsVector1281SystemUInt16SystemVoidpointer', ID = '2577'
Method 'SystemRuntimeIntrinsicsVector1281SystemByteInternalRuntimeCompilerServicesUnsafeAsSystemRuntimeIntrinsicsVector1281SystemUInt16SystemRuntimeIntrinsicsVector1281SystemBy236C91364CD7C7FBDB1ACDEE53540F9C', ID = '2578'
Method 'SystemStringSystemRuntimeIntrinsicsVector2561SystemUInt16ToString', ID = '2579'
Method 'SystemBooleanSystemRuntimeIntrinsicsVector2561SystemUInt16EqualsSystemObject', ID = '2580'
Method 'SystemInt32SystemRuntimeIntrinsicsVector2561SystemUInt16GetHashCode', ID = '2581'
Method 'SystemRuntimeIntrinsicsVector2561SystemUInt16InternalRuntimeCompilerServicesUnsafeAsRefSystemRuntimeIntrinsicsVector2561SystemUInt16SystemVoidpointer', ID = '2583'
Method 'SystemRuntimeIntrinsicsVector2561SystemByteInternalRuntimeCompilerServicesUnsafeAsSystemRuntimeIntrinsicsVector2561SystemUInt16SystemRuntimeIntrinsicsVector2561SystemBy1841FD832B32AF2E4A3B87CF7F5BE9DA', ID = '2584'
Method 'SystemNumericsVector1SystemUInt16InternalRuntimeCompilerServicesUnsafeAsRefSystemNumericsVector1SystemUInt16SystemNumericsVector1SystemUInt16', ID = '2586'
Method 'SystemUInt16InternalRuntimeCompilerServicesUnsafeAsSystemNumericsVector1SystemUInt16SystemUInt16SystemNumericsVector1SystemUInt16', ID = '2587'
Method 'SystemUInt16InternalRuntimeCompilerServicesUnsafeAddSystemUInt16SystemUInt16SystemIntPtr', ID = '2588'
Method 'SystemUInt16SystemNumericsVector1SystemUInt16GetElementSystemIntPtr', ID = '2589'
Method 'SystemBooleanSystemNumericsVector1SystemUInt16ScalarEqualsSystemUInt16SystemUInt16', ID = '2590'
Method 'SystemUInt16SystemNumericsVector1SystemUInt16GetAllBitsSetValue', ID = '2591'
Method 'SystemNumericsVector1SystemUInt64SystemNumericsVector1SystemUInt16op_ExplicitSystemNumericsVector1SystemUInt16', ID = '2592'
Method 'SystemVoidSystemSZGenericArrayEnumerator1SystemInt32ctorSystemInt32array', ID = '2594'
Method 'SystemInt32SystemArrayIndexOfSystemInt32SystemInt32arraySystemInt32SystemInt32SystemInt32', ID = '2597'
Method 'SystemCollectionsGenericIEnumerator1SystemInt32CosmosIL2CPUSZArrayImpl1SystemInt32GetEnumerator', ID = '2598'
Method 'SystemVoidCosmosIL2CPUSZArrayImpl1SystemInt32CopyToSystemInt32arraySystemInt32', ID = '2599'
Method 'SystemInt32CosmosIL2CPUSZArrayImpl1SystemInt32get_Count', ID = '2600'
Method 'SystemInt32CosmosIL2CPUSZArrayImpl1SystemInt32get_ItemSystemInt32', ID = '2601'
Method 'SystemVoidCosmosIL2CPUSZArrayImpl1SystemInt32set_ItemSystemInt32SystemInt32', ID = '2602'
Method 'SystemVoidCosmosIL2CPUSZArrayImpl1SystemInt32AddSystemInt32', ID = '2603'
Method 'SystemBooleanCosmosIL2CPUSZArrayImpl1SystemInt32ContainsSystemInt32', ID = '2604'
Method 'SystemBooleanCosmosIL2CPUSZArrayImpl1SystemInt32get_IsReadOnly', ID = '2605'
Method 'SystemVoidCosmosIL2CPUSZArrayImpl1SystemInt32Clear', ID = '2606'
Method 'SystemInt32CosmosIL2CPUSZArrayImpl1SystemInt32IndexOfSystemInt32', ID = '2607'
Method 'SystemVoidCosmosIL2CPUSZArrayImpl1SystemInt32InsertSystemInt32SystemInt32', ID = '2608'
Method 'SystemVoidCosmosIL2CPUSZArrayImpl1SystemInt32RemoveAtSystemInt32', ID = '2609'
Method 'SystemBooleanCosmosIL2CPUSZArrayImpl1SystemInt32get_IsFixedSize', ID = '2610'
Method 'SystemVoidCosmosIL2CPUSZArrayImpl1SystemInt32RemoveSystemInt32', ID = '2611'
Method 'SystemObjectCosmosIL2CPUSZArrayImpl1SystemInt32get_SyncRoot', ID = '2612'
Method 'SystemBooleanCosmosIL2CPUSZArrayImpl1SystemInt32get_IsSynchronized', ID = '2613'
Method 'SystemVoidSystemSZGenericArrayEnumerator1SystemInt64ctorSystemInt64array', ID = '2615'
Method 'SystemInt32SystemArrayIndexOfSystemInt64SystemInt64arraySystemInt64SystemInt32SystemInt32', ID = '2618'
Method 'SystemCollectionsGenericIEnumerator1SystemInt64CosmosIL2CPUSZArrayImpl1SystemInt64GetEnumerator', ID = '2619'
Method 'SystemVoidCosmosIL2CPUSZArrayImpl1SystemInt64CopyToSystemInt64arraySystemInt32', ID = '2620'
Method 'SystemInt32CosmosIL2CPUSZArrayImpl1SystemInt64get_Count', ID = '2621'
Method 'SystemInt64CosmosIL2CPUSZArrayImpl1SystemInt64get_ItemSystemInt32', ID = '2622'
Method 'SystemVoidCosmosIL2CPUSZArrayImpl1SystemInt64set_ItemSystemInt32SystemInt64', ID = '2623'
Method 'SystemVoidCosmosIL2CPUSZArrayImpl1SystemInt64AddSystemInt64', ID = '2624'
Method 'SystemBooleanCosmosIL2CPUSZArrayImpl1SystemInt64ContainsSystemInt64', ID = '2625'
Method 'SystemBooleanCosmosIL2CPUSZArrayImpl1SystemInt64get_IsReadOnly', ID = '2626'
Method 'SystemVoidCosmosIL2CPUSZArrayImpl1SystemInt64Clear', ID = '2627'
Method 'SystemInt32CosmosIL2CPUSZArrayImpl1SystemInt64IndexOfSystemInt64', ID = '2628'
Method 'SystemVoidCosmosIL2CPUSZArrayImpl1SystemInt64InsertSystemInt32SystemInt64', ID = '2629'
Method 'SystemVoidCosmosIL2CPUSZArrayImpl1SystemInt64RemoveAtSystemInt32', ID = '2630'
Method 'SystemBooleanCosmosIL2CPUSZArrayImpl1SystemInt64get_IsFixedSize', ID = '2631'
Method 'SystemVoidCosmosIL2CPUSZArrayImpl1SystemInt64RemoveSystemInt64', ID = '2632'
Method 'SystemObjectCosmosIL2CPUSZArrayImpl1SystemInt64get_SyncRoot', ID = '2633'
Method 'SystemBooleanCosmosIL2CPUSZArrayImpl1SystemInt64get_IsSynchronized', ID = '2634'
Method 'SystemStringCosmosCoreCosmosRuntimeTypeget_AssemblyQualifiedName', ID = '2638'
Method 'SystemVoidSystemMarvincctor', ID = '2639'
Method 'SystemUInt32SystemNumericsBitOperationsRotateLeftSystemUInt32SystemInt32', ID = '2640'
Method 'SystemVoidSystemThreadingMonitorThrowLockTakenException', ID = '2642'
Method 'SystemBooleanSystemCollectionsGenericDictionary2SystemStringSystemBooleanFindValueSystemString', ID = '2645'
Method 'SystemBooleanInternalRuntimeCompilerServicesUnsafeIsNullRefSystemBooleanSystemBoolean', ID = '2646'
Method 'SystemVoidCosmosCore_PlugsSystemThreadingMonitorImplExitSystemObject', ID = '2647'
Method 'SystemBooleanSystemCollectionsGenericDictionary2SystemStringSystemObjectTryGetValueSystemStringSystemObject', ID = '2649'
Method 'SystemReadOnlySpan1SystemCharSystemMemoryExtensionsAsSpanSystemString', ID = '2650'
Method 'SystemBooleanSystemBooleanTryParseSystemReadOnlySpan1SystemCharSystemBoolean', ID = '2651'
Method 'SystemBooleanSystemStringEqualsSystemStringSystemString', ID = '2652'
Method 'SystemVoidSystemSZGenericArrayEnumerator1CosmosHALPCIBaseAddressBarcctor', ID = '2653'
Method 'SystemVoidSystemSZGenericArrayEnumerator1CosmosHALPCIBaseAddressBarDispose', ID = '2654'
Method 'SystemBooleanSystemRuntimeCompilerServicesRuntimeHelpersIsBitwiseEquatableCosmosHALPCIBaseAddressBar', ID = '2655'
Method 'SystemInt32InternalRuntimeCompilerServicesUnsafeSizeOfCosmosHALPCIBaseAddressBar', ID = '2656'
Method 'SystemByteInternalRuntimeCompilerServicesUnsafeAsCosmosHALPCIBaseAddressBarSystemByteCosmosHALPCIBaseAddressBar', ID = '2657'
Method 'SystemCharInternalRuntimeCompilerServicesUnsafeAsCosmosHALPCIBaseAddressBarSystemCharCosmosHALPCIBaseAddressBar', ID = '2658'
Method 'SystemInt32InternalRuntimeCompilerServicesUnsafeAsCosmosHALPCIBaseAddressBarSystemInt32CosmosHALPCIBaseAddressBar', ID = '2659'
Method 'SystemInt64InternalRuntimeCompilerServicesUnsafeAsCosmosHALPCIBaseAddressBarSystemInt64CosmosHALPCIBaseAddressBar', ID = '2660'
Method 'SystemCollectionsGenericEqualityComparer1CosmosHALPCIBaseAddressBarSystemCollectionsGenericEqualityComparer1CosmosHALPCIBaseAddressBarget_Default', ID = '2661'
Method 'SystemInt32SystemCollectionsGenericEqualityComparer1CosmosHALPCIBaseAddressBarIndexOfCosmosHALPCIBaseAddressBararrayCosmosHALPCIBaseAddressBarSystemInt32SystemInt32', ID = '2662'
Method 'SystemVoidCosmosIL2CPUSZArrayImpl1GetEnumeratord__0CosmosHALPCIBaseAddressBarctorSystemInt32', ID = '2663'
Method 'SystemVoidCosmosIL2CPUSZArrayImpl1GetEnumeratord__0CosmosCoreManagedMemoryBlockSystemIDisposableDispose', ID = '2669'
Method 'SystemVoidSystemCollectionsGenericEqualityComparer1SystemBytecctor', ID = '2670'
Method 'SystemVoidSystemCollectionsGenericEqualityComparer1SystemCharcctor', ID = '2672'
Method 'SystemStringCosmosCommonStringHelperGetNumberStringSystemInt64', ID = '2675'
Method 'SystemVoidCosmosCoreIOGroupPS2Controllerctor', ID = '2677'
Method 'SystemVoidCosmosCoreIOGroupPITctor', ID = '2678'
Method 'SystemVoidCosmosCoreIOGroupRTCctor', ID = '2679'
Method 'SystemVoidCosmosCoreIOGroupVBEIOGroupctor', ID = '2680'
Method 'SystemVoidCosmosHALTextScreenClear', ID = '2681'
Method 'SystemVoidSystemCollectionsGenericList1CosmosHALPCIDeviceAddWithResizeCosmosHALPCIDevice', ID = '2682'
Method 'SystemStringSystemPrivateCoreLibSystemSRget_InvalidOperation_NoValue', ID = '2683'
Method 'SystemStringCosmosCommonExtensionsToHexStringConvertToHexSystemUInt32', ID = '2684'
Method 'SystemVoidCosmosHALPS2MouseSendCommandCosmosHALPS2MouseCommandSystemNullable1SystemByte', ID = '2686'
Method 'SystemBooleanCosmosHALPS2ControllerWaitForDeviceReset', ID = '2687'
Method 'SystemByteCosmosHALPS2MouseTryToEnableScrollWheel', ID = '2688'
Method 'SystemByteCosmosHALPS2MouseTryToEnableAdditionalButtons', ID = '2689'
Method 'SystemVoidCosmosHALPS2MouseHandleMouseCosmosCoreINTsIRQContext', ID = '2690'
Method 'SystemVoidCosmosHALPS2KeyboardSendCommandCosmosHALPS2KeyboardCommandSystemNullable1SystemByte', ID = '2692'
Method 'SystemVoidCosmosHALPS2KeyboardHandleIRQCosmosCoreINTsIRQContext', ID = '2693'
Method 'SystemVoidCosmosHALBlockDeviceATA_PIOcctor', ID = '2699'
Method 'SystemStringCosmosHALBlockDeviceATA_PIOToString', ID = '2700'
Method 'SystemVoidCosmosHALBlockDeviceATA_PIOSelectDriveSystemByte', ID = '2701'
Method 'CosmosHALBlockDeviceATA_PIOStatusCosmosHALBlockDeviceATA_PIOSendCmdCosmosHALBlockDeviceATA_PIOCmdSystemBoolean', ID = '2702'
Method 'CosmosHALBlockDeviceATA_PIOStatusCosmosHALBlockDeviceATA_PIOSendCmdCosmosHALBlockDeviceATA_PIOCmd', ID = '2703'
Method 'SystemVoidCosmosCoreIOPortBaseRead16SystemUInt16array', ID = '2704'
Method 'SystemStringCosmosHALBlockDeviceATA_PIOGetStringSystemUInt16arraySystemInt32SystemInt32', ID = '2705'
Method 'SystemUInt16CosmosCoreIOGroupATAGetBAR0SystemBoolean', ID = '2706'
Method 'SystemUInt16CosmosCoreIOGroupATAGetBAR1SystemBoolean', ID = '2707'
Method 'SystemVoidCosmosCoreIOPortWritectorSystemUInt16SystemUInt16', ID = '2708'
Method 'SystemVoidCosmosCoreIOGroupATAWait', ID = '2709'
Method 'SystemVoidCosmosHALBlockDeviceATAPIHandleIRQCosmosCoreINTsIRQContext', ID = '2710'
Method 'SystemUInt64SystemBitConverterToUInt64SystemBytearraySystemInt32', ID = '2711'
Method 'SystemVoidSystemCollectionsGenericList1CosmosHALBlockDeviceGPTGPartInfoctor', ID = '2712'
Method 'SystemUInt32SystemBitConverterToUInt32SystemBytearraySystemInt32', ID = '2713'
Method 'SystemVoidCosmosHALBlockDeviceGPTParseParitionSystemBytearraySystemUInt32', ID = '2714'
Method 'SystemVoidSystemCollectionsGenericList1EnumeratorCosmosHALBlockDeviceGPTGPartInfoctorSystemCollectionsGenericList1CosmosHALBlockDeviceGPTGPartInfo', ID = '2716'
Method 'SystemBooleanSystemCollectionsGenericList1EnumeratorCosmosHALBlockDeviceGPTGPartInfoMoveNextRare', ID = '2717'
Method 'SystemVoidSystemCollectionsGenericList1EnumeratorCosmosHALBlockDeviceGPTGPartInfoDispose', ID = '2718'
Method 'SystemVoidSystemCollectionsGenericList1CosmosHALBlockDeviceMBRPartInfoctor', ID = '2720'
Method 'SystemBytearrayCosmosHALBlockDeviceBlockDeviceNewBlockArraySystemUInt32', ID = '2721'
Method 'SystemVoidCosmosHALBlockDeviceMBRParsePartitionSystemBytearraySystemUInt32', ID = '2722'
Method 'SystemVoidCosmosHALBlockDevicePartitionReadBlockSystemUInt64SystemUInt64SystemBytearray', ID = '2725'
Method 'SystemVoidCosmosHALBlockDeviceATA_PIOReadBlockSystemUInt64SystemUInt64SystemBytearray', ID = '2726'
Method 'SystemVoidCosmosHALBlockDeviceATAPIReadBlockSystemUInt64SystemUInt64SystemBytearray', ID = '2727'
Method 'SystemVoidSystemCollectionsGenericList1CosmosHALBlockDeviceEBRPartInfoctor', ID = '2728'
Method 'SystemVoidCosmosHALBlockDeviceEBRParsePartitionSystemBytearraySystemUInt32', ID = '2729'
Method 'SystemVoidSystemCollectionsGenericList1EnumeratorCosmosHALBlockDeviceMBRPartInfoctorSystemCollectionsGenericList1CosmosHALBlockDeviceMBRPartInfo', ID = '2731'
Method 'SystemBooleanSystemCollectionsGenericList1EnumeratorCosmosHALBlockDeviceMBRPartInfoMoveNextRare', ID = '2732'
Method 'SystemVoidSystemCollectionsGenericList1EnumeratorCosmosHALBlockDeviceMBRPartInfoDispose', ID = '2733'
Method 'SystemCollectionsGenericIEnumerator1CosmosHALBlockDeviceBlockDeviceSystemSZArrayHelperGetEnumeratorCosmosHALBlockDeviceBlockDevice', ID = '2735'
Method 'SystemVoidSystemSZArrayHelperCopyToCosmosHALBlockDeviceBlockDeviceCosmosHALBlockDeviceBlockDevicearraySystemInt32', ID = '2736'
Method 'SystemInt32SystemSZArrayHelperget_CountCosmosHALBlockDeviceBlockDevice', ID = '2737'
Method 'CosmosHALBlockDeviceBlockDeviceSystemSZArrayHelperget_ItemCosmosHALBlockDeviceBlockDeviceSystemInt32', ID = '2738'
Method 'SystemVoidSystemSZArrayHelperset_ItemCosmosHALBlockDeviceBlockDeviceSystemInt32CosmosHALBlockDeviceBlockDevice', ID = '2739'
Method 'SystemVoidSystemSZArrayHelperAddCosmosHALBlockDeviceBlockDeviceCosmosHALBlockDeviceBlockDevice', ID = '2740'
Method 'SystemBooleanSystemSZArrayHelperContainsCosmosHALBlockDeviceBlockDeviceCosmosHALBlockDeviceBlockDevice', ID = '2741'
Method 'SystemBooleanSystemSZArrayHelperget_IsReadOnlyCosmosHALBlockDeviceBlockDevice', ID = '2742'
Method 'SystemVoidSystemSZArrayHelperClearCosmosHALBlockDeviceBlockDevice', ID = '2743'
Method 'SystemInt32SystemSZArrayHelperIndexOfCosmosHALBlockDeviceBlockDeviceCosmosHALBlockDeviceBlockDevice', ID = '2744'
Method 'SystemVoidSystemSZArrayHelperInsertCosmosHALBlockDeviceBlockDeviceSystemInt32CosmosHALBlockDeviceBlockDevice', ID = '2745'
Method 'SystemBooleanSystemSZArrayHelperRemoveCosmosHALBlockDeviceBlockDeviceCosmosHALBlockDeviceBlockDevice', ID = '2746'
Method 'SystemVoidSystemSZArrayHelperRemoveAtCosmosHALBlockDeviceBlockDeviceSystemInt32', ID = '2747'
Method 'SystemInt32SystemArrayget_MaxLength', ID = '2749'
Method 'SystemVoidSystemCollectionsGenericList1CosmosHALBlockDeviceBlockDeviceset_CapacitySystemInt32', ID = '2750'
Method 'SystemCollectionsGenericIEnumerator1CosmosHALBlockDevicePartitionSystemSZArrayHelperGetEnumeratorCosmosHALBlockDevicePartition', ID = '2751'
Method 'SystemVoidSystemSZArrayHelperCopyToCosmosHALBlockDevicePartitionCosmosHALBlockDevicePartitionarraySystemInt32', ID = '2752'
Method 'SystemInt32SystemSZArrayHelperget_CountCosmosHALBlockDevicePartition', ID = '2753'
Method 'CosmosHALBlockDevicePartitionSystemSZArrayHelperget_ItemCosmosHALBlockDevicePartitionSystemInt32', ID = '2754'
Method 'SystemVoidSystemSZArrayHelperset_ItemCosmosHALBlockDevicePartitionSystemInt32CosmosHALBlockDevicePartition', ID = '2755'
Method 'SystemVoidSystemSZArrayHelperAddCosmosHALBlockDevicePartitionCosmosHALBlockDevicePartition', ID = '2756'
Method 'SystemBooleanSystemSZArrayHelperContainsCosmosHALBlockDevicePartitionCosmosHALBlockDevicePartition', ID = '2757'
Method 'SystemBooleanSystemSZArrayHelperget_IsReadOnlyCosmosHALBlockDevicePartition', ID = '2758'
Method 'SystemVoidSystemSZArrayHelperClearCosmosHALBlockDevicePartition', ID = '2759'
Method 'SystemInt32SystemSZArrayHelperIndexOfCosmosHALBlockDevicePartitionCosmosHALBlockDevicePartition', ID = '2760'
Method 'SystemVoidSystemSZArrayHelperInsertCosmosHALBlockDevicePartitionSystemInt32CosmosHALBlockDevicePartition', ID = '2761'
Method 'SystemBooleanSystemSZArrayHelperRemoveCosmosHALBlockDevicePartitionCosmosHALBlockDevicePartition', ID = '2762'
Method 'SystemVoidSystemSZArrayHelperRemoveAtCosmosHALBlockDevicePartitionSystemInt32', ID = '2763'
Method 'SystemVoidSystemCollectionsGenericList1CosmosHALBlockDevicePartitionset_CapacitySystemInt32', ID = '2765'
Method 'SystemVoidSystemCollectionsGenericList1CosmosHALBlockDevicePortsStoragePortcctor', ID = '2767'
Method 'SystemRuntimeCompilerServicesMethodTablepointerSystemRuntimeCompilerServicesRuntimeHelpersGetMethodTableSystemObject', ID = '2774'
Method 'SystemBooleanSystemRuntimeCompilerServicesMethodTableget_IsMultiDimensionalArray', ID = '2775'
Method 'SystemUIntPtrSystemArrayget_NativeLength', ID = '2776'
Method 'SystemBooleanSystemRuntimeCompilerServicesMethodTableget_ContainsGCPointers', ID = '2778'
Method 'SystemUInt32CosmosHALBlockDeviceRegistersPortRegistersget_SSTS', ID = '2780'
Method 'SystemUInt32CosmosHALBlockDeviceRegistersPortRegistersget_SIG', ID = '2781'
Method 'SystemVoidSystemSpan1SystemCharFillSystemChar', ID = '2782'
Method 'SystemBooleanCosmosHALBlockDeviceAHCIStopCMDCosmosHALBlockDeviceRegistersPortRegisters', ID = '2783'
Method 'SystemVoidCosmosHALBlockDevicePortsSATAPortResetCosmosHALBlockDeviceRegistersPortRegisters', ID = '2784'
Method 'SystemVoidCosmosHALBlockDeviceRegistersPortRegistersset_CLBSystemUInt32', ID = '2785'
Method 'SystemVoidCosmosHALBlockDeviceRegistersPortRegistersset_FBSystemUInt32', ID = '2786'
Method 'SystemVoidCosmosHALBlockDeviceRegistersPortRegistersset_SERRSystemUInt32', ID = '2787'
Method 'SystemVoidCosmosHALBlockDeviceRegistersPortRegistersset_ISSystemUInt32', ID = '2788'
Method 'SystemVoidCosmosHALBlockDeviceRegistersPortRegistersset_IESystemUInt32', ID = '2789'
Method 'SystemUInt32CosmosHALBlockDeviceRegistersPortRegistersget_CLB', ID = '2790'
Method 'SystemVoidCosmosCoreMemoryBlockFillSystemByte', ID = '2791'
Method 'SystemUInt32CosmosHALBlockDeviceRegistersPortRegistersget_FB', ID = '2792'
Method 'CosmosHALBlockDeviceRegistersHBACommandHeaderarrayCosmosHALBlockDeviceAHCIGetCommandHeaderCosmosHALBlockDeviceRegistersPortRegisters', ID = '2793'
Method 'SystemBooleanCosmosHALBlockDeviceAHCIStartCMDCosmosHALBlockDeviceRegistersPortRegisters', ID = '2794'
Method 'SystemVoidCosmosHALBlockDevicePortsStoragePortctor', ID = '2796'
Method 'SystemUInt32CosmosHALBlockDeviceRegistersPortRegistersget_CMD', ID = '2797'
Method 'SystemVoidCosmosCoreMemoryGroupAHCIctorSystemUInt32', ID = '2798'
Method 'SystemVoidCosmosHALBlockDevicePortsSATASendSATA28CommandCosmosHALBlockDeviceRegistersATACommandsSystemUInt32SystemUInt32', ID = '2799'
Method 'SystemVoidCosmosCoreMemoryBlockRead16SystemUInt16array', ID = '2801'
Method 'SystemStringCosmosHALBlockDevicePortsSATAGetStringSystemUInt16arraySystemInt32SystemInt32', ID = '2802'
Method 'SystemVoidSystemCollectionsGenericList1CosmosHALBlockDevicePortsStoragePortAddWithResizeCosmosHALBlockDevicePortsStoragePort', ID = '2803'
Method 'SystemVoidSystemRuntimeCompilerServicesDefaultInterpolatedStringHandlerAppendCustomFormatterSystemStringSystemStringSystemString', ID = '2804'
Method 'SystemVoidSystemRuntimeCompilerServicesDefaultInterpolatedStringHandlerEnsureCapacityForAdditionalCharsSystemInt32', ID = '2805'
Method 'SystemStringarrayInternalRuntimeCompilerServicesUnsafeAsSystemStringarraySystemObject', ID = '2807'
Method 'SystemVoidSystemSZGenericArrayEnumerator1SystemStringctorSystemStringarray', ID = '2808'
Method 'SystemInt32SystemArrayIndexOfSystemStringSystemStringarraySystemStringSystemInt32SystemInt32', ID = '2811'
Method 'SystemCollectionsGenericIEnumerator1SystemStringCosmosIL2CPUSZArrayImpl1SystemStringGetEnumerator', ID = '2812'
Method 'SystemVoidCosmosIL2CPUSZArrayImpl1SystemStringCopyToSystemStringarraySystemInt32', ID = '2813'
Method 'SystemInt32CosmosIL2CPUSZArrayImpl1SystemStringget_Count', ID = '2814'
Method 'SystemStringCosmosIL2CPUSZArrayImpl1SystemStringget_ItemSystemInt32', ID = '2815'
Method 'SystemVoidCosmosIL2CPUSZArrayImpl1SystemStringset_ItemSystemInt32SystemString', ID = '2816'
Method 'SystemVoidCosmosIL2CPUSZArrayImpl1SystemStringAddSystemString', ID = '2817'
Method 'SystemBooleanCosmosIL2CPUSZArrayImpl1SystemStringContainsSystemString', ID = '2818'
Method 'SystemBooleanCosmosIL2CPUSZArrayImpl1SystemStringget_IsReadOnly', ID = '2819'
Method 'SystemVoidCosmosIL2CPUSZArrayImpl1SystemStringClear', ID = '2820'
Method 'SystemInt32CosmosIL2CPUSZArrayImpl1SystemStringIndexOfSystemString', ID = '2821'
Method 'SystemVoidCosmosIL2CPUSZArrayImpl1SystemStringInsertSystemInt32SystemString', ID = '2822'
Method 'SystemVoidCosmosIL2CPUSZArrayImpl1SystemStringRemoveAtSystemInt32', ID = '2823'
Method 'SystemBooleanCosmosIL2CPUSZArrayImpl1SystemStringget_IsFixedSize', ID = '2824'
Method 'SystemVoidCosmosIL2CPUSZArrayImpl1SystemStringRemoveSystemString', ID = '2825'
Method 'SystemObjectCosmosIL2CPUSZArrayImpl1SystemStringget_SyncRoot', ID = '2826'
Method 'SystemBooleanCosmosIL2CPUSZArrayImpl1SystemStringget_IsSynchronized', ID = '2827'
Method 'SystemUInt64CosmosCore_PlugsSystemObjectImplMemberwiseClone', ID = '2829'
Method 'SystemVoidSystemCollectionsGenericList1CosmosCoreManagedMemoryBlockcctor', ID = '2830'
Method 'SystemVoidCosmosCoreIOPortBasectorSystemUInt16SystemUInt16', ID = '2834'
Method 'SystemVoidSystemCollectionsGenericList1CosmosCoreManagedMemoryBlockGrowSystemInt32', ID = '2835'
Method 'SystemVoidSystemCollectionsGenericQueue1SystemBytearrayThrowForEmptyQueue', ID = '2838'
Method 'CosmosCoreManagedMemoryBlockSystemCollectionsGenericList1CosmosCoreManagedMemoryBlockget_ItemSystemInt32', ID = '2839'
Method 'SystemVoidSystemCollectionsGenericQueue1SystemBytearrayMoveNextSystemInt32', ID = '2841'
Method 'SystemVoidSystemCollectionsGenericQueue1SystemBytearrayEnqueueSystemBytearray', ID = '2842'
Method 'SystemUInt16CosmosHALDriversPCINetworkRTL8139Inb16SystemUInt32', ID = '2844'
Method 'SystemCollectionsGenericIEnumerator1CosmosHALNetworkDeviceSystemSZArrayHelperGetEnumeratorCosmosHALNetworkDevice', ID = '2845'
Method 'SystemVoidSystemSZArrayHelperCopyToCosmosHALNetworkDeviceCosmosHALNetworkDevicearraySystemInt32', ID = '2846'
Method 'SystemInt32SystemSZArrayHelperget_CountCosmosHALNetworkDevice', ID = '2847'
Method 'CosmosHALNetworkDeviceSystemSZArrayHelperget_ItemCosmosHALNetworkDeviceSystemInt32', ID = '2848'
Method 'SystemVoidSystemSZArrayHelperset_ItemCosmosHALNetworkDeviceSystemInt32CosmosHALNetworkDevice', ID = '2849'
Method 'SystemVoidSystemSZArrayHelperAddCosmosHALNetworkDeviceCosmosHALNetworkDevice', ID = '2850'
Method 'SystemBooleanSystemSZArrayHelperContainsCosmosHALNetworkDeviceCosmosHALNetworkDevice', ID = '2851'
Method 'SystemBooleanSystemSZArrayHelperget_IsReadOnlyCosmosHALNetworkDevice', ID = '2852'
Method 'SystemVoidSystemSZArrayHelperClearCosmosHALNetworkDevice', ID = '2853'
Method 'SystemInt32SystemSZArrayHelperIndexOfCosmosHALNetworkDeviceCosmosHALNetworkDevice', ID = '2854'
Method 'SystemVoidSystemSZArrayHelperInsertCosmosHALNetworkDeviceSystemInt32CosmosHALNetworkDevice', ID = '2855'
Method 'SystemBooleanSystemSZArrayHelperRemoveCosmosHALNetworkDeviceCosmosHALNetworkDevice', ID = '2856'
Method 'SystemVoidSystemSZArrayHelperRemoveAtCosmosHALNetworkDeviceSystemInt32', ID = '2857'
Method 'SystemCollectionsGenericDictionary2EntrySystemUInt32CosmosHALNetworkDevicearrayInternalRuntimeCompilerServicesUnsafeAsSystemCollectionsGenericDictionary2EntrySystemUInt3AD2FAF82B9708A21411ED4FF71E0884', ID = '2860'
Method 'SystemVoidSystemSZGenericArrayEnumerator1SystemCollectionsGenericDictionary2EntrySystemUInt32CosmosHALNetworkDevicectorSystemCollectionsGenericDictionary2EntrySystemUInt32CosmosHALNetworkDevicearray', ID = '2861'
Method 'SystemInt32SystemArrayIndexOfSystemCollectionsGenericDictionary2EntrySystemUInt32CosmosHALNetworkDeviceSystemCollectionsGenericDictionary2EntrySystemUInt32CosmosHALNetw7CC997C7CD560F89913CAA6033A315F1', ID = '2864'
Method 'SystemCollectionsGenericIEnumerator1SystemCollectionsGenericDictionary2EntrySystemUInt32CosmosHALNetworkDeviceCosmosIL2CPUSZArrayImpl1SystemCollectionsGenericDictionaryB7B52473114DA07C75F140F156D571F4', ID = '2865'
Method 'SystemVoidCosmosIL2CPUSZArrayImpl1SystemCollectionsGenericDictionary2EntrySystemUInt32CosmosHALNetworkDeviceCopyToSystemCollectionsGenericDictionary2EntrySystemUInt32CoC3B5198E89D3E93C4CBA17CE77B86A5B', ID = '2866'
Method 'SystemInt32CosmosIL2CPUSZArrayImpl1SystemCollectionsGenericDictionary2EntrySystemUInt32CosmosHALNetworkDeviceget_Count', ID = '2867'
Method 'SystemCollectionsGenericDictionary2EntrySystemUInt32CosmosHALNetworkDeviceCosmosIL2CPUSZArrayImpl1SystemCollectionsGenericDictionary2EntrySystemUInt32CosmosHALNetworkDeviceget_ItemSystemInt32', ID = '2868'
Method 'SystemVoidCosmosIL2CPUSZArrayImpl1SystemCollectionsGenericDictionary2EntrySystemUInt32CosmosHALNetworkDeviceset_ItemSystemInt32SystemCollectionsGenericDictionary2EntryS429A553095C1AB29F4B5FA019227B9C1', ID = '2869'
Method 'SystemVoidCosmosIL2CPUSZArrayImpl1SystemCollectionsGenericDictionary2EntrySystemUInt32CosmosHALNetworkDeviceAddSystemCollectionsGenericDictionary2EntrySystemUInt32CosmosHALNetworkDevice', ID = '2870'
Method 'SystemBooleanCosmosIL2CPUSZArrayImpl1SystemCollectionsGenericDictionary2EntrySystemUInt32CosmosHALNetworkDeviceContainsSystemCollectionsGenericDictionary2EntrySystemUInt32CosmosHALNetworkDevice', ID = '2871'
Method 'SystemBooleanCosmosIL2CPUSZArrayImpl1SystemCollectionsGenericDictionary2EntrySystemUInt32CosmosHALNetworkDeviceget_IsReadOnly', ID = '2872'
Method 'SystemVoidCosmosIL2CPUSZArrayImpl1SystemCollectionsGenericDictionary2EntrySystemUInt32CosmosHALNetworkDeviceClear', ID = '2873'
Method 'SystemInt32CosmosIL2CPUSZArrayImpl1SystemCollectionsGenericDictionary2EntrySystemUInt32CosmosHALNetworkDeviceIndexOfSystemCollectionsGenericDictionary2EntrySystemUInt32CosmosHALNetworkDevice', ID = '2874'
Method 'SystemVoidCosmosIL2CPUSZArrayImpl1SystemCollectionsGenericDictionary2EntrySystemUInt32CosmosHALNetworkDeviceInsertSystemInt32SystemCollectionsGenericDictionary2EntrySystemUInt32CosmosHALNetworkDevice', ID = '2875'
Method 'SystemVoidCosmosIL2CPUSZArrayImpl1SystemCollectionsGenericDictionary2EntrySystemUInt32CosmosHALNetworkDeviceRemoveAtSystemInt32', ID = '2876'
Method 'SystemBooleanCosmosIL2CPUSZArrayImpl1SystemCollectionsGenericDictionary2EntrySystemUInt32CosmosHALNetworkDeviceget_IsFixedSize', ID = '2877'
Method 'SystemVoidCosmosIL2CPUSZArrayImpl1SystemCollectionsGenericDictionary2EntrySystemUInt32CosmosHALNetworkDeviceRemoveSystemCollectionsGenericDictionary2EntrySystemUInt32CosmosHALNetworkDevice', ID = '2878'
Method 'SystemObjectCosmosIL2CPUSZArrayImpl1SystemCollectionsGenericDictionary2EntrySystemUInt32CosmosHALNetworkDeviceget_SyncRoot', ID = '2879'
Method 'SystemBooleanCosmosIL2CPUSZArrayImpl1SystemCollectionsGenericDictionary2EntrySystemUInt32CosmosHALNetworkDeviceget_IsSynchronized', ID = '2880'
Method 'SystemCollectionsGenericIEnumerator1SystemCollectionsGenericKeyValuePair2SystemUInt32CosmosHALNetworkDeviceSystemSZArrayHelperGetEnumeratorSystemCollectionsGenericKeyVaA87E444A5CE0CB5C2F8EECB958C6AA91', ID = '2881'
Method 'SystemVoidSystemSZArrayHelperCopyToSystemCollectionsGenericKeyValuePair2SystemUInt32CosmosHALNetworkDeviceSystemCollectionsGenericKeyValuePair2SystemUInt32CosmosHALNetworkDevicearraySystemInt32', ID = '2882'
Method 'SystemInt32SystemSZArrayHelperget_CountSystemCollectionsGenericKeyValuePair2SystemUInt32CosmosHALNetworkDevice', ID = '2883'
Method 'SystemCollectionsGenericKeyValuePair2SystemUInt32CosmosHALNetworkDeviceSystemSZArrayHelperget_ItemSystemCollectionsGenericKeyValuePair2SystemUInt32CosmosHALNetworkDeviceSystemInt32', ID = '2884'
Method 'SystemVoidSystemSZArrayHelperset_ItemSystemCollectionsGenericKeyValuePair2SystemUInt32CosmosHALNetworkDeviceSystemInt32SystemCollectionsGenericKeyValuePair2SystemUInt32CosmosHALNetworkDevice', ID = '2885'
Method 'SystemVoidSystemSZArrayHelperAddSystemCollectionsGenericKeyValuePair2SystemUInt32CosmosHALNetworkDeviceSystemCollectionsGenericKeyValuePair2SystemUInt32CosmosHALNetworkDevice', ID = '2886'
Method 'SystemBooleanSystemSZArrayHelperContainsSystemCollectionsGenericKeyValuePair2SystemUInt32CosmosHALNetworkDeviceSystemCollectionsGenericKeyValuePair2SystemUInt32CosmosHALNetworkDevice', ID = '2887'
Method 'SystemBooleanSystemSZArrayHelperget_IsReadOnlySystemCollectionsGenericKeyValuePair2SystemUInt32CosmosHALNetworkDevice', ID = '2888'
Method 'SystemVoidSystemSZArrayHelperClearSystemCollectionsGenericKeyValuePair2SystemUInt32CosmosHALNetworkDevice', ID = '2889'
Method 'SystemInt32SystemSZArrayHelperIndexOfSystemCollectionsGenericKeyValuePair2SystemUInt32CosmosHALNetworkDeviceSystemCollectionsGenericKeyValuePair2SystemUInt32CosmosHALNetworkDevice', ID = '2890'
Method 'SystemVoidSystemSZArrayHelperInsertSystemCollectionsGenericKeyValuePair2SystemUInt32CosmosHALNetworkDeviceSystemInt32SystemCollectionsGenericKeyValuePair2SystemUInt32CosmosHALNetworkDevice', ID = '2891'
Method 'SystemBooleanSystemSZArrayHelperRemoveSystemCollectionsGenericKeyValuePair2SystemUInt32CosmosHALNetworkDeviceSystemCollectionsGenericKeyValuePair2SystemUInt32CosmosHALNetworkDevice', ID = '2892'
Method 'SystemVoidSystemSZArrayHelperRemoveAtSystemCollectionsGenericKeyValuePair2SystemUInt32CosmosHALNetworkDeviceSystemInt32', ID = '2893'
Method 'SystemStringSystemPrivateCoreLibSystemSRget_Arg_HTCapacityOverflow', ID = '2898'
Method 'SystemBooleanSystemCollectionsHashHelpersIsPrimeSystemInt32', ID = '2900'
Method 'SystemBooleanSystemRuntimeTypeHandleEqualsSystemObject', ID = '2902'
Method 'SystemInt32SystemRuntimeTypeHandleGetHashCode', ID = '2903'
Method 'SystemVoidSystemCollectionsGenericNonRandomizedStringEqualityComparercctor', ID = '2904'
Method 'SystemVoidCosmosSystemScanMapBasector', ID = '2914'
Method 'CosmosSystemKeyEventarraySystemArrayEmptyCosmosSystemKeyEvent', ID = '2916'
Method 'SystemVoidSystemCollectionsGenericList1CosmosHALKeyboardBaseAddCosmosHALKeyboardBase', ID = '2918'
Method 'SystemCollectionsGenericIEnumerator1CosmosHALKeyboardBaseSystemCollectionsGenericList1CosmosHALKeyboardBaseSystemCollectionsGenericIEnumerableTGetEnumerator', ID = '2920'
Method 'SystemVoidCosmosSystemKeyboardManagerHandleScanCodeSystemByteSystemBoolean', ID = '2921'
Method 'SystemVoidCosmosCore_AsmDelegateImplCtorSystemObjectSystemIntPtr', ID = '1837'
Method 'SystemBooleanSystemSZGenericArrayEnumerator1SystemUInt32MoveNext', ID = '2923'
Method 'SystemBooleanSystemSZGenericArrayEnumerator1SystemDelegateMoveNext', ID = '2924'
Method 'SystemBooleanSystemSZGenericArrayEnumerator1SystemObjectMoveNext', ID = '2925'
Method 'SystemBooleanCosmosIL2CPUSZArrayImpl1GetEnumeratord__0SystemUInt32MoveNext', ID = '2926'
Method 'SystemBooleanCosmosIL2CPUSZArrayImpl1GetEnumeratord__0SystemDelegateMoveNext', ID = '2927'
Method 'SystemBooleanCosmosIL2CPUSZArrayImpl1GetEnumeratord__0SystemObjectMoveNext', ID = '2928'
Method 'SystemBooleanSystemSZGenericArrayEnumerator1SystemByteMoveNext', ID = '2929'
Method 'SystemBooleanSystemSZGenericArrayEnumerator1SystemCharMoveNext', ID = '2930'
Method 'SystemBooleanSystemSZGenericArrayEnumerator1CosmosCoreManagedMemoryBlockMoveNext', ID = '2931'
Method 'SystemBooleanCosmosIL2CPUSZArrayImpl1GetEnumeratord__0SystemByteMoveNext', ID = '2932'
Method 'SystemBooleanCosmosIL2CPUSZArrayImpl1GetEnumeratord__0SystemCharMoveNext', ID = '2933'
Method 'SystemBooleanSystemSZGenericArrayEnumerator1CosmosHALPCIBaseAddressBarMoveNext', ID = '2934'
Method 'SystemBooleanCosmosIL2CPUSZArrayImpl1GetEnumeratord__0CosmosCoreManagedMemoryBlockMoveNext', ID = '2935'
Method 'SystemBooleanSystemSZGenericArrayEnumerator1SystemInt32MoveNext', ID = '2936'
Method 'SystemBooleanSystemSZGenericArrayEnumerator1SystemInt64MoveNext', ID = '2937'
Method 'SystemBooleanCosmosIL2CPUSZArrayImpl1GetEnumeratord__0CosmosHALPCIBaseAddressBarMoveNext', ID = '2938'
Method 'SystemBooleanSystemSZGenericArrayEnumerator1SystemStringMoveNext', ID = '2939'
Method 'SystemBooleanSystemSZGenericArrayEnumerator1SystemCollectionsGenericDictionary2EntrySystemUInt32CosmosHALNetworkDeviceMoveNext', ID = '2940'
Method 'SystemVoidSystemCollectionsGenericList1CosmosHALNetworkDeviceset_CapacitySystemInt32', ID = '2941'
Method 'CosmosHALPCIDevicearrayInternalRuntimeCompilerServicesUnsafeAsCosmosHALPCIDevicearraySystemObject', ID = '2942'
Method 'SystemVoidSystemSZGenericArrayEnumerator1CosmosHALPCIDevicectorCosmosHALPCIDevicearray', ID = '2943'
Method 'SystemInt32SystemArrayIndexOfCosmosHALPCIDeviceCosmosHALPCIDevicearrayCosmosHALPCIDeviceSystemInt32SystemInt32', ID = '2946'
Method 'SystemCollectionsGenericIEnumerator1CosmosHALPCIDeviceCosmosIL2CPUSZArrayImpl1CosmosHALPCIDeviceGetEnumerator', ID = '2947'
Method 'SystemVoidCosmosIL2CPUSZArrayImpl1CosmosHALPCIDeviceCopyToCosmosHALPCIDevicearraySystemInt32', ID = '2948'
Method 'SystemInt32CosmosIL2CPUSZArrayImpl1CosmosHALPCIDeviceget_Count', ID = '2949'
Method 'CosmosHALPCIDeviceCosmosIL2CPUSZArrayImpl1CosmosHALPCIDeviceget_ItemSystemInt32', ID = '2950'
Method 'SystemVoidCosmosIL2CPUSZArrayImpl1CosmosHALPCIDeviceset_ItemSystemInt32CosmosHALPCIDevice', ID = '2951'
Method 'SystemVoidCosmosIL2CPUSZArrayImpl1CosmosHALPCIDeviceAddCosmosHALPCIDevice', ID = '2952'
Method 'SystemBooleanCosmosIL2CPUSZArrayImpl1CosmosHALPCIDeviceContainsCosmosHALPCIDevice', ID = '2953'
Method 'SystemBooleanCosmosIL2CPUSZArrayImpl1CosmosHALPCIDeviceget_IsReadOnly', ID = '2954'
Method 'SystemVoidCosmosIL2CPUSZArrayImpl1CosmosHALPCIDeviceClear', ID = '2955'
Method 'SystemInt32CosmosIL2CPUSZArrayImpl1CosmosHALPCIDeviceIndexOfCosmosHALPCIDevice', ID = '2956'
Method 'SystemVoidCosmosIL2CPUSZArrayImpl1CosmosHALPCIDeviceInsertSystemInt32CosmosHALPCIDevice', ID = '2957'
Method 'SystemVoidCosmosIL2CPUSZArrayImpl1CosmosHALPCIDeviceRemoveAtSystemInt32', ID = '2958'
Method 'SystemBooleanCosmosIL2CPUSZArrayImpl1CosmosHALPCIDeviceget_IsFixedSize', ID = '2959'
Method 'SystemVoidCosmosIL2CPUSZArrayImpl1CosmosHALPCIDeviceRemoveCosmosHALPCIDevice', ID = '2960'
Method 'SystemObjectCosmosIL2CPUSZArrayImpl1CosmosHALPCIDeviceget_SyncRoot', ID = '2961'
Method 'SystemBooleanCosmosIL2CPUSZArrayImpl1CosmosHALPCIDeviceget_IsSynchronized', ID = '2962'
Method 'SystemVoidCosmosCore_PlugsSystemBuffersArrayPoolImpl1SystemCharcctor', ID = '2963'
Method 'SystemVoidSystemMathcctor', ID = '2964'
Method 'SystemBooleanSystemTypeIsValueTypeImpl', ID = '2965'
Method 'SystemBooleanCosmosCore_PlugsSystemTypeImplop_InequalityCosmosCoreCosmosRuntimeTypeCosmosCoreCosmosRuntimeType', ID = '2966'
Method 'SystemVoidSystemArrayTypeMismatchExceptionctor', ID = '2967'
Method 'SystemStringSystemPrivateCoreLibSystemSRget_Argument_DestinationTooShort', ID = '2968'
Method 'SystemVoidSystemMathThrowMinMaxExceptionSystemUInt32SystemUInt32SystemUInt32', ID = '2969'
Method 'SystemVoidSystemRuntimeCompilerServicesDefaultInterpolatedStringHandlerAppendCustomFormatterSystemInt32SystemInt32SystemString', ID = '2970'
Method 'SystemStringSystemGlobalizationNumberFormatInfoget_NegativeSign', ID = '2971'
Method 'SystemBooleanSystemNumberTryNegativeInt32ToDecStrSystemInt32SystemInt32SystemStringSystemSpan1SystemCharSystemInt32', ID = '2972'
Method 'SystemBooleanSystemNumberTryUInt32ToDecStrSystemUInt32SystemInt32SystemSpan1SystemCharSystemInt32', ID = '2973'
Method 'SystemBooleanSystemNumberTryFormatInt32g__TryFormatInt32SlowsLine41_0SystemInt32SystemInt32SystemReadOnlySpan1SystemCharSystemIFormatProviderSystemSpan1SystemCharSystemInt32', ID = '2974'
Method 'SystemBooleanSystemNumberTryFormatUInt32g__TryFormatUInt32SlowsLine43_0SystemUInt32SystemReadOnlySpan1SystemCharSystemIFormatProviderSystemSpan1SystemCharSystemInt32', ID = '2975'
Method 'SystemGlobalizationNumberFormatInfoSystemGlobalizationNumberFormatInfoGetInstanceg__GetProviderNonNullsLine45_0SystemIFormatProvider', ID = '2977'
Method 'SystemGlobalizationNumberFormatInfoSystemGlobalizationNumberFormatInfoget_CurrentInfo', ID = '2978'
Method 'SystemVoidSystemSpan1SystemCharctorSystemVoidpointerSystemInt32', ID = '2979'
Method 'SystemVoidSystemTextValueStringBuilderctorSystemSpan1SystemChar', ID = '2980'
Method 'SystemStringSystemNumberFormatDoubleSystemTextValueStringBuilderSystemDoubleSystemReadOnlySpan1SystemCharSystemGlobalizationNumberFormatInfo', ID = '2981'
Method 'SystemBooleanSystemTextValueStringBuilderTryCopyToSystemSpan1SystemCharSystemInt32', ID = '2982'
Method 'SystemBooleanSystemNumberTryCopyToSystemStringSystemSpan1SystemCharSystemInt32', ID = '2983'
Method 'SystemBooleanSystemNumberTryUInt64ToDecStrSystemUInt64SystemInt32SystemSpan1SystemCharSystemInt32', ID = '2984'
Method 'SystemBooleanSystemNumberTryFormatUInt64g__TryFormatUInt64SlowsLine47_0SystemUInt64SystemReadOnlySpan1SystemCharSystemIFormatProviderSystemSpan1SystemCharSystemInt32', ID = '2985'
Method 'SystemBooleanSystemNumberTryNegativeInt64ToDecStrSystemInt64SystemInt32SystemStringSystemSpan1SystemCharSystemInt32', ID = '2986'
Method 'SystemBooleanSystemNumberTryFormatInt64g__TryFormatInt64SlowsLine45_0SystemInt64SystemReadOnlySpan1SystemCharSystemIFormatProviderSystemSpan1SystemCharSystemInt32', ID = '2987'
Method 'SystemStringCosmosSystem_PlugsSystemInt32ImplToStringSystemString', ID = '2988'
Method 'SystemStringSystemNumberUInt64ToDecStrSystemUInt64SystemInt32', ID = '2989'
Method 'SystemStringSystemNumberFormatUInt64g__FormatUInt64SlowsLine46_0SystemUInt64SystemStringSystemIFormatProvider', ID = '2990'
Method 'SystemStringCosmosSystem_PlugsSystemEnumImplToStringSystemString', ID = '2991'
Method 'SystemBooleanSystemInt16EqualsSystemObject', ID = '2993'
Method 'SystemInt32SystemInt16GetHashCode', ID = '2994'
Method 'SystemBooleanSystemInt16TryFormatSystemSpan1SystemCharSystemInt32SystemReadOnlySpan1SystemCharSystemIFormatProvider', ID = '2995'
Method 'SystemVoidSystemNumbercctor', ID = '3022'
Method 'SystemInt32SystemBuffersTextFormattingHelpersCountDigitsSystemUInt32', ID = '3023'
Method 'SystemValueTuple2SystemUInt32SystemUInt32SystemMathDivRemSystemUInt32SystemUInt32', ID = '3025'
Method 'SystemCharSystemNumberParseFormatSpecifierSystemReadOnlySpan1SystemCharSystemInt32', ID = '3027'
Method 'SystemStringSystemNumberUInt32ToDecStrSystemUInt32SystemInt32', ID = '3028'
Method 'SystemCharSystemNumberGetHexBaseSystemChar', ID = '3029'
Method 'SystemStringSystemNumberInt32ToHexStrSystemInt32SystemCharSystemInt32', ID = '3030'
Method 'SystemVoidSystemNumberNumberBufferctorSystemNumberNumberBufferKindSystemBytepointerSystemInt32', ID = '3031'
Method 'SystemVoidSystemNumberUInt32ToNumberSystemUInt32SystemNumberNumberBuffer', ID = '3032'
Method 'SystemVoidSystemNumberNumberToStringSystemTextValueStringBuilderSystemNumberNumberBufferSystemCharSystemInt32SystemGlobalizationNumberFormatInfo', ID = '3033'
Method 'SystemVoidSystemNumberNumberToStringFormatSystemTextValueStringBuilderSystemNumberNumberBufferSystemReadOnlySpan1SystemCharSystemGlobalizationNumberFormatInfo', ID = '3034'
Method 'SystemVoidSystemCollectionsGenericList1CosmosSystemNetworkConfigIPConfigcctor', ID = '3036'
Method 'SystemCollectionsGenericIEnumerator1CosmosSystemNetworkConfigNetworkConfigSystemSZArrayHelperGetEnumeratorCosmosSystemNetworkConfigNetworkConfig', ID = '3044'
Method 'SystemVoidSystemSZArrayHelperCopyToCosmosSystemNetworkConfigNetworkConfigCosmosSystemNetworkConfigNetworkConfigarraySystemInt32', ID = '3045'
Method 'SystemInt32SystemSZArrayHelperget_CountCosmosSystemNetworkConfigNetworkConfig', ID = '3046'
Method 'CosmosSystemNetworkConfigNetworkConfigSystemSZArrayHelperget_ItemCosmosSystemNetworkConfigNetworkConfigSystemInt32', ID = '3047'
Method 'SystemVoidSystemSZArrayHelperset_ItemCosmosSystemNetworkConfigNetworkConfigSystemInt32CosmosSystemNetworkConfigNetworkConfig', ID = '3048'
Method 'SystemVoidSystemSZArrayHelperAddCosmosSystemNetworkConfigNetworkConfigCosmosSystemNetworkConfigNetworkConfig', ID = '3049'
Method 'SystemBooleanSystemSZArrayHelperContainsCosmosSystemNetworkConfigNetworkConfigCosmosSystemNetworkConfigNetworkConfig', ID = '3050'
Method 'SystemBooleanSystemSZArrayHelperget_IsReadOnlyCosmosSystemNetworkConfigNetworkConfig', ID = '3051'
Method 'SystemVoidSystemSZArrayHelperClearCosmosSystemNetworkConfigNetworkConfig', ID = '3052'
Method 'SystemInt32SystemSZArrayHelperIndexOfCosmosSystemNetworkConfigNetworkConfigCosmosSystemNetworkConfigNetworkConfig', ID = '3053'
Method 'SystemVoidSystemSZArrayHelperInsertCosmosSystemNetworkConfigNetworkConfigSystemInt32CosmosSystemNetworkConfigNetworkConfig', ID = '3054'
Method 'SystemBooleanSystemSZArrayHelperRemoveCosmosSystemNetworkConfigNetworkConfigCosmosSystemNetworkConfigNetworkConfig', ID = '3055'
Method 'SystemVoidSystemSZArrayHelperRemoveAtCosmosSystemNetworkConfigNetworkConfigSystemInt32', ID = '3056'
Method 'SystemBooleanCosmosCore_PlugsSystemRuntimeCompilerServicesRuntimeHelpersImplContainsReferenceSystemUInt32', ID = '3058'
Method 'SystemBooleanCosmosCore_PlugsSystemRuntimeCompilerServicesRuntimeHelpersImplIsReferenceOrContainsReferencesCosmosSystemNetworkConfigIPConfig', ID = '3059'
Method 'SystemBooleanCosmosCore_PlugsSystemRuntimeCompilerServicesRuntimeHelpersImplIsReferenceOrContainsReferencesCosmosSystemNetworkConfigNetworkConfig', ID = '3060'
Method 'SystemVoidSystemCollectionsGenericList1CosmosSystemNetworkConfigNetworkConfigGrowSystemInt32', ID = '3061'
Method 'SystemArgumentExceptionSystemThrowHelperGetAddingDuplicateWithKeyArgumentExceptionSystemObject', ID = '3062'
Method 'SystemInt32SystemCollectionsHashHelpersExpandPrimeSystemInt32', ID = '3063'
Method 'SystemCollectionsGenericRandomizedStringEqualityComparerSystemCollectionsGenericNonRandomizedStringEqualityComparerGetRandomizedEqualityComparer', ID = '3064'
Method 'SystemVoidSystemCollectionsGenericList1CosmosSystemNetworkConfigIPConfigGrowSystemInt32', ID = '3065'
Method 'SystemStringCosmosSystemNetworkARPARPPacketToString', ID = '3066'
Method 'SystemVoidCosmosSystemNetworkEthernetPacketctorSystemBytearray', ID = '3067'
Method 'SystemVoidCosmosSystemNetworkARPARPPacket_EthernetctorSystemBytearray', ID = '3068'
Method 'SystemVoidSystemCollectionsGenericDictionary2SystemUInt32CosmosHALNetworkMACAddressAddSystemUInt32CosmosHALNetworkMACAddress', ID = '3069'
Method 'SystemVoidSystemCollectionsGenericDictionary2SystemUInt32CosmosHALNetworkMACAddressset_ItemSystemUInt32CosmosHALNetworkMACAddress', ID = '3070'
Method 'CosmosHALNetworkDeviceSystemCollectionsGenericDictionary2SystemUInt32CosmosHALNetworkDeviceFindValueSystemUInt32', ID = '3071'
Method 'SystemBooleanInternalRuntimeCompilerServicesUnsafeIsNullRefCosmosHALNetworkDeviceCosmosHALNetworkDevice', ID = '3072'
Method 'SystemInt32CosmosSystemNetworkIPv4AddressCompareToSystemObject', ID = '3074'
Method 'SystemVoidCosmosSystemNetworkIPv4ICMPPacketctorSystemBytearray', ID = '3076'
Method 'SystemByteCosmosSystemNetworkIPv4ICMPPacketget_ICMPType', ID = '3077'
Method 'CosmosSystemNetworkIPv4ICMPClientCosmosSystemNetworkIPv4ICMPClientGetClientSystemUInt32', ID = '3078'
Method 'SystemVoidCosmosSystemNetworkIPv4ICMPClientReceiveDataCosmosSystemNetworkIPv4ICMPPacket', ID = '3079'
Method 'SystemVoidCosmosSystemNetworkIPv4ICMPEchoRequestctorSystemBytearray', ID = '3080'
Method 'SystemVoidCosmosSystemNetworkIPv4ICMPEchoReplyctorCosmosSystemNetworkIPv4ICMPEchoRequest', ID = '3081'
Method 'SystemVoidCosmosSystemNetworkIPv4OutgoingBufferAddPacketCosmosSystemNetworkIPv4IPPacket', ID = '3082'
Method 'SystemVoidCosmosSystemNetworkIPv4TCPTCPPacketctorSystemBytearray', ID = '3084'
Method 'SystemBooleanCosmosSystemNetworkIPv4TCPTCPPacketCheckCRC', ID = '3085'
Method 'SystemUInt16CosmosSystemNetworkIPv4TCPTCPPacketget_DestinationPort', ID = '3086'
Method 'SystemUInt16CosmosSystemNetworkIPv4TCPTCPPacketget_SourcePort', ID = '3087'
Method 'CosmosSystemNetworkIPv4TCPTcpCosmosSystemNetworkIPv4TCPTcpGetConnectionSystemUInt16SystemUInt16CosmosSystemNetworkIPv4AddressCosmosSystemNetworkIPv4Address', ID = '3088'
Method 'SystemVoidCosmosSystemNetworkIPv4TCPTcpReceiveDataCosmosSystemNetworkIPv4TCPTCPPacket', ID = '3089'
Method 'SystemVoidCosmosSystemNetworkIPv4UDPUDPPacketctorSystemBytearray', ID = '3091'
Method 'SystemUInt16CosmosSystemNetworkIPv4UDPUDPPacketget_SourcePort', ID = '3092'
Method 'SystemVoidCosmosSystemNetworkIPv4UDPDNSDNSPacketDNSHandlerSystemBytearray', ID = '3093'
Method 'SystemUInt16CosmosSystemNetworkIPv4UDPUDPPacketget_DestinationPort', ID = '3094'
Method 'CosmosSystemNetworkIPv4UDPUdpClientCosmosSystemNetworkIPv4UDPUdpClientGetClientSystemUInt16', ID = '3095'
Method 'SystemVoidCosmosSystemNetworkIPv4UDPUdpClientReceiveDataCosmosSystemNetworkIPv4UDPUDPPacket', ID = '3096'
Method 'SystemVoidCosmosSystemNetworkIPv4UDPDHCPDHCPPacketctorSystemBytearray', ID = '3098'
Method 'SystemCollectionsGenericIEnumerator1CosmosHALPITPITTimerSystemSZArrayHelperGetEnumeratorCosmosHALPITPITTimer', ID = '3099'
Method 'SystemVoidSystemSZArrayHelperCopyToCosmosHALPITPITTimerCosmosHALPITPITTimerarraySystemInt32', ID = '3100'
Method 'SystemInt32SystemSZArrayHelperget_CountCosmosHALPITPITTimer', ID = '3101'
Method 'CosmosHALPITPITTimerSystemSZArrayHelperget_ItemCosmosHALPITPITTimerSystemInt32', ID = '3102'
Method 'SystemVoidSystemSZArrayHelperset_ItemCosmosHALPITPITTimerSystemInt32CosmosHALPITPITTimer', ID = '3103'
Method 'SystemVoidSystemSZArrayHelperAddCosmosHALPITPITTimerCosmosHALPITPITTimer', ID = '3104'
Method 'SystemBooleanSystemSZArrayHelperContainsCosmosHALPITPITTimerCosmosHALPITPITTimer', ID = '3105'
Method 'SystemBooleanSystemSZArrayHelperget_IsReadOnlyCosmosHALPITPITTimer', ID = '3106'
Method 'SystemVoidSystemSZArrayHelperClearCosmosHALPITPITTimer', ID = '3107'
Method 'SystemInt32SystemSZArrayHelperIndexOfCosmosHALPITPITTimerCosmosHALPITPITTimer', ID = '3108'
Method 'SystemVoidSystemSZArrayHelperInsertCosmosHALPITPITTimerSystemInt32CosmosHALPITPITTimer', ID = '3109'
Method 'SystemBooleanSystemSZArrayHelperRemoveCosmosHALPITPITTimerCosmosHALPITPITTimer', ID = '3110'
Method 'SystemVoidSystemSZArrayHelperRemoveAtCosmosHALPITPITTimerSystemInt32', ID = '3111'
Method 'SystemVoidCosmosHALPITUnregisterTimerSystemInt32', ID = '3114'
Method 'SystemBooleanCosmosCore_PlugsSystemRuntimeCompilerServicesRuntimeHelpersImplIsReferenceOrContainsReferencesCosmosHALPITPITTimer', ID = '3115'
Method 'SystemCollectionsGenericIEnumerator1CosmosSystemNetworkIPv4OutgoingBufferBufferEntrySystemSZArrayHelperGetEnumeratorCosmosSystemNetworkIPv4OutgoingBufferBufferEntry', ID = '3118'
Method 'SystemVoidSystemSZArrayHelperCopyToCosmosSystemNetworkIPv4OutgoingBufferBufferEntryCosmosSystemNetworkIPv4OutgoingBufferBufferEntryarraySystemInt32', ID = '3119'
Method 'SystemInt32SystemSZArrayHelperget_CountCosmosSystemNetworkIPv4OutgoingBufferBufferEntry', ID = '3120'
Method 'CosmosSystemNetworkIPv4OutgoingBufferBufferEntrySystemSZArrayHelperget_ItemCosmosSystemNetworkIPv4OutgoingBufferBufferEntrySystemInt32', ID = '3121'
Method 'SystemVoidSystemSZArrayHelperset_ItemCosmosSystemNetworkIPv4OutgoingBufferBufferEntrySystemInt32CosmosSystemNetworkIPv4OutgoingBufferBufferEntry', ID = '3122'
Method 'SystemVoidSystemSZArrayHelperAddCosmosSystemNetworkIPv4OutgoingBufferBufferEntryCosmosSystemNetworkIPv4OutgoingBufferBufferEntry', ID = '3123'
Method 'SystemBooleanSystemSZArrayHelperContainsCosmosSystemNetworkIPv4OutgoingBufferBufferEntryCosmosSystemNetworkIPv4OutgoingBufferBufferEntry', ID = '3124'
Method 'SystemBooleanSystemSZArrayHelperget_IsReadOnlyCosmosSystemNetworkIPv4OutgoingBufferBufferEntry', ID = '3125'
Method 'SystemVoidSystemSZArrayHelperClearCosmosSystemNetworkIPv4OutgoingBufferBufferEntry', ID = '3126'
Method 'SystemInt32SystemSZArrayHelperIndexOfCosmosSystemNetworkIPv4OutgoingBufferBufferEntryCosmosSystemNetworkIPv4OutgoingBufferBufferEntry', ID = '3127'
Method 'SystemVoidSystemSZArrayHelperInsertCosmosSystemNetworkIPv4OutgoingBufferBufferEntrySystemInt32CosmosSystemNetworkIPv4OutgoingBufferBufferEntry', ID = '3128'
Method 'SystemBooleanSystemSZArrayHelperRemoveCosmosSystemNetworkIPv4OutgoingBufferBufferEntryCosmosSystemNetworkIPv4OutgoingBufferBufferEntry', ID = '3129'
Method 'SystemVoidSystemSZArrayHelperRemoveAtCosmosSystemNetworkIPv4OutgoingBufferBufferEntrySystemInt32', ID = '3130'
Method 'SystemByteCosmosSystemNetworkIPv4IPPacketget_TTL', ID = '3132'
Method 'SystemUInt16CosmosSystemNetworkIPv4IPPacketget_DataLength', ID = '3133'
Method 'SystemVoidSystemCollectionsGenericDictionary2SystemUInt32CosmosHALNetworkMACAddressctorSystemInt32SystemCollectionsGenericIEqualityComparer1SystemUInt32', ID = '3134'
Method 'SystemCollectionsGenericDictionary2EntrySystemUInt32CosmosHALNetworkMACAddressInternalRuntimeCompilerServicesUnsafeNullRefSystemCollectionsGenericDictionary2EntrySystemUInt32CosmosHALNetworkMACAddress', ID = '3144'
Method 'SystemInt32SystemCollectionsGenericDictionary2SystemUInt32CosmosHALNetworkMACAddressGetBucketSystemUInt32', ID = '3145'
Method 'CosmosHALNetworkMACAddressInternalRuntimeCompilerServicesUnsafeNullRefCosmosHALNetworkMACAddress', ID = '3147'
Method 'SystemCollectionsGenericKeyNotFoundExceptionSystemThrowHelperGetKeyNotFoundExceptionSystemObject', ID = '3148'
Method 'SystemUInt16CosmosSystemNetworkEthernetPacketget_EthernetType', ID = '3149'
Method 'SystemVoidCosmosSystemNetworkIPv4ICMPPacketInitFields', ID = '3150'
Method 'SystemVoidCosmosSystemNetworkIPv4TCPTCPPacketInitFields', ID = '3151'
Method 'SystemVoidCosmosSystemNetworkIPv4UDPUDPPacketInitFields', ID = '3152'
Method 'SystemVoidCosmosSystemNetworkIPv4UDPDHCPDHCPPacketInitFields', ID = '3153'
Method 'SystemVoidCosmosSystemNetworkIPv4IPPacketset_IPVersionSystemByte', ID = '3154'
Method 'SystemVoidCosmosSystemNetworkIPv4IPPacketset_TypeOfServiceSystemByte', ID = '3155'
Method 'SystemVoidCosmosSystemNetworkIPv4IPPacketset_IPLengthSystemUInt16', ID = '3156'
Method 'SystemVoidCosmosSystemNetworkIPv4IPPacketset_FragmentIDSystemUInt16', ID = '3157'
Method 'SystemVoidCosmosSystemNetworkIPv4IPPacketset_IPFlagsSystemByte', ID = '3158'
Method 'SystemVoidCosmosSystemNetworkIPv4IPPacketset_FragmentOffsetSystemUInt16', ID = '3159'
Method 'SystemVoidCosmosSystemNetworkIPv4IPPacketset_TTLSystemByte', ID = '3160'
Method 'SystemVoidCosmosSystemNetworkIPv4IPPacketset_ProtocolSystemByte', ID = '3161'
Method 'SystemVoidCosmosSystemNetworkIPv4IPPacketset_IPCRCSystemUInt16', ID = '3162'
Method 'SystemVoidCosmosSystemNetworkIPv4AddressctorSystemBytearraySystemInt32', ID = '3163'
Method 'SystemVoidCosmosSystemNetworkIPv4IPPacketset_SourceIPCosmosSystemNetworkIPv4Address', ID = '3164'
Method 'SystemVoidCosmosSystemNetworkIPv4IPPacketset_DestinationIPCosmosSystemNetworkIPv4Address', ID = '3165'
Method 'SystemUInt16CosmosSystemNetworkIPv4IPPacketget_HeaderLength', ID = '3166'
Method 'SystemVoidCosmosSystemNetworkIPv4IPPacketset_DataOffsetSystemUInt16', ID = '3167'
Method 'SystemBooleanCosmosHALDriversPCINetworkRTL8139SendBytesSystemBytearray', ID = '3168'
Method 'SystemStringCosmosSystemNetworkARPARPPacket_EthernetToString', ID = '3169'
Method 'SystemVoidCosmosSystemNetworkEthernetPacketctorCosmosHALNetworkMACAddressCosmosHALNetworkMACAddressSystemUInt16SystemInt32', ID = '3170'
Method 'SystemVoidSystemTextASCIIEncodingASCIIEncodingSealedctor', ID = '3171'
Method 'SystemVoidCosmosCore_PlugsMemoryOperationsMemoryOperationsImplCopySystemBytepointerSystemBytepointerSystemInt32', ID = '3174'
Method 'SystemVoidSystemTextUTF8EncodingctorSystemBoolean', ID = '3176'
Method 'SystemInt32SystemTextEncodingGetByteCountFastSystemCharpointerSystemInt32SystemTextEncoderFallbackSystemInt32', ID = '3177'
Method 'SystemInt32SystemTextEncodingGetByteCountWithFallbackSystemCharpointerSystemInt32SystemInt32', ID = '3178'
Method 'SystemVoidSystemTextEncodingThrowConversionOverflow', ID = '3179'
Method 'SystemInt32SystemTextEncodingGetBytesFastSystemCharpointerSystemInt32SystemBytepointerSystemInt32SystemInt32', ID = '3180'
Method 'SystemInt32SystemTextEncodingGetBytesWithFallbackSystemCharpointerSystemInt32SystemBytepointerSystemInt32SystemInt32SystemInt32', ID = '3181'
Method 'SystemVoidCosmosCoreMemoryBlockMoveDownSystemUInt32SystemUInt32SystemUInt32', ID = '3182'
Method 'SystemVoidCosmosCoreMemoryBlockFillSystemUInt32SystemUInt32SystemUInt16', ID = '3183'
Method 'SystemVoidCosmosHALTextScreenSetCursorPosSystemInt32SystemInt32', ID = '3184'
Method 'SystemStringSystemGuidToString', ID = '3185'
Method 'SystemBooleanSystemGuidEqualsSystemObject', ID = '3186'
Method 'SystemInt32SystemGuidGetHashCode', ID = '3187'
Method 'SystemBooleanSystemGuidSystemISpanFormattableTryFormatSystemSpan1SystemCharSystemInt32SystemReadOnlySpan1SystemCharSystemIFormatProvider', ID = '3188'
Method 'SystemStringSystemGuidToStringSystemStringSystemIFormatProvider', ID = '3189'
Method 'SystemVoidSystemReflectionModulecctor', ID = '3196'
Method 'SystemBooleanSystemReflectionModuleEqualsSystemObject', ID = '3198'
Method 'SystemInt32SystemReflectionModuleGetHashCode', ID = '3199'
Method 'SystemVoidSystemReflectionAssemblycctor', ID = '3200'
Method 'SystemStringSystemReflectionAssemblyToString', ID = '3201'
Method 'SystemBooleanSystemReflectionAssemblyEqualsSystemObject', ID = '3202'
Method 'SystemInt32SystemReflectionAssemblyGetHashCode', ID = '3203'
Method 'SystemVoidSystemReflectionMemberInfoctor', ID = '3204'
Method 'SystemStringSystemRuntimeIntrinsicsVector1281SystemDoubleToString', ID = '3207'
Method 'SystemBooleanSystemRuntimeIntrinsicsVector1281SystemDoubleEqualsSystemObject', ID = '3208'
Method 'SystemInt32SystemRuntimeIntrinsicsVector1281SystemDoubleGetHashCode', ID = '3209'
Method 'SystemStringSystemRuntimeIntrinsicsVector1281SystemInt64ToString', ID = '3212'
Method 'SystemBooleanSystemRuntimeIntrinsicsVector1281SystemInt64EqualsSystemObject', ID = '3213'
Method 'SystemInt32SystemRuntimeIntrinsicsVector1281SystemInt64GetHashCode', ID = '3214'
Method 'SystemVoidSystemThrowHelperThrowForUnsupportedIntrinsicsVectorBaseTypeSystemDouble', ID = '3216'
Method 'SystemVoidSystemThrowHelperThrowForUnsupportedIntrinsicsVectorBaseTypeSystemInt64', ID = '3217'
Method 'SystemRuntimeIntrinsicsVector1281SystemInt64InternalRuntimeCompilerServicesUnsafeAsSystemRuntimeIntrinsicsVector1281SystemDoubleSystemRuntimeIntrinsicsVector1281SystemI11E7FB8F5C0B48CAE6C0339A086F35FF', ID = '3218'
Method 'SystemStringSystemStringJoinCoreSystemReadOnlySpan1SystemCharSystemObjectarray', ID = '3219'
Method 'SystemStringCosmosCore_PlugsSystemStringImplFormatSystemStringSystemObject', ID = '3220'
Method 'SystemGlobalizationCultureInfoSystemGlobalizationCultureInfoget_InvariantCulture', ID = '3222'
Method 'SystemVoidSystemTextValueStringBuilderAppendSystemChar', ID = '3223'
Method 'SystemByteSystemRuntimeIntrinsicsVector128GetElementSystemByteSystemRuntimeIntrinsicsVector1281SystemByteSystemInt32', ID = '3224'
Method 'SystemVoidSystemTextValueStringBuilderAppendSystemString', ID = '3225'
Method 'SystemBooleanSystemRuntimeIntrinsicsVector1281SystemByteEqualsSystemRuntimeIntrinsicsVector1281SystemByte', ID = '3226'
Method 'SystemVoidSystemHashCodeAddSystemInt32SystemInt32', ID = '3228'
Method 'SystemInt32SystemHashCodeToHashCode', ID = '3229'
Method 'SystemBooleanSystemSByteEqualsSystemObject', ID = '3231'
Method 'SystemInt32SystemSByteGetHashCode', ID = '3232'
Method 'SystemBooleanSystemSByteTryFormatSystemSpan1SystemCharSystemInt32SystemReadOnlySpan1SystemCharSystemIFormatProvider', ID = '3233'
Method 'SystemBooleanSystemSingleEqualsSystemObject', ID = '3260'
Method 'SystemInt32SystemSingleGetHashCode', ID = '3261'
Method 'SystemBooleanSystemSingleTryFormatSystemSpan1SystemCharSystemInt32SystemReadOnlySpan1SystemCharSystemIFormatProvider', ID = '3262'
Method 'SystemVoidSystemHashCodeAddSystemByteSystemByte', ID = '3289'
Method 'SystemVoidSystemTextStringBuilderctor', ID = '3290'
Method 'SystemStringSystemGlobalizationNumberFormatInfoget_NumberGroupSeparator', ID = '3291'
Method 'SystemTextStringBuilderSystemTextStringBuilderAppendSystemChar', ID = '3292'
Method 'SystemTextStringBuilderSystemTextStringBuilderAppendSystemString', ID = '3293'
Method 'SystemByteSystemRuntimeIntrinsicsVector256GetElementSystemByteSystemRuntimeIntrinsicsVector2561SystemByteSystemInt32', ID = '3295'
Method 'SystemBooleanSystemRuntimeIntrinsicsVector2561SystemByteEqualsSystemRuntimeIntrinsicsVector2561SystemByte', ID = '3296'
Method 'SystemBooleanCosmosCore_PlugsRuntimeIntrinsicsX86Bmi1Implget_IsSupported', ID = '3300'
Method 'SystemBooleanCosmosCore_PlugsRuntimeIntrinsicsX86X86BaseImplget_IsSupported', ID = '3301'
Method 'SystemVoidSystemReadOnlySpan1SystemBytectorSystemVoidpointerSystemInt32', ID = '3305'
Method 'SystemByteSystemByReference1SystemByteget_Value', ID = '3306'
Method 'SystemSingleSystemBitConverterInt32BitsToSingleSystemInt32', ID = '3308'
Method 'SystemDoubleSystemBitConverterInt64BitsToDoubleSystemInt64', ID = '3309'
Method 'SystemUIntPtrSystemUIntPtrget_MaxValue', ID = '3310'
Method 'SystemStringSystemNumericsVector1SystemUInt64ToString', ID = '3311'
Method 'SystemBooleanSystemNumericsVector1SystemUInt64EqualsSystemObject', ID = '3312'
Method 'SystemInt32SystemNumericsVector1SystemUInt64GetHashCode', ID = '3313'
Method 'SystemStringSystemNumericsVector1SystemUInt64ToStringSystemStringSystemIFormatProvider', ID = '3314'
Method 'SystemNumericsVector1SystemUInt64InternalRuntimeCompilerServicesUnsafeAsSystemNumericsVector1SystemByteSystemNumericsVector1SystemUInt64SystemNumericsVector1SystemByte', ID = '3316'
Method 'SystemNumericsVector1SystemUInt64InternalRuntimeCompilerServicesUnsafeAsRefSystemNumericsVector1SystemUInt64SystemNumericsVector1SystemUInt64', ID = '3317'
Method 'SystemUInt64InternalRuntimeCompilerServicesUnsafeAsSystemNumericsVector1SystemUInt64SystemUInt64SystemNumericsVector1SystemUInt64', ID = '3318'
Method 'SystemUInt64InternalRuntimeCompilerServicesUnsafeAddSystemUInt64SystemUInt64SystemIntPtr', ID = '3319'
Method 'SystemBooleanSystemRuntimeIntrinsicsX86Bmi1X64get_IsSupported', ID = '3320'
Method 'SystemUInt64SystemRuntimeIntrinsicsX86Bmi1X64TrailingZeroCountSystemUInt64', ID = '3321'
Method 'SystemBooleanSystemRuntimeIntrinsicsArmArmBaseArm64get_IsSupported', ID = '3322'
Method 'SystemUInt64SystemRuntimeIntrinsicsX86X86BaseX64BitScanForwardSystemUInt64', ID = '3324'
Method 'SystemUInt16SystemRuntimeIntrinsicsVector128GetElementSystemUInt16SystemRuntimeIntrinsicsVector1281SystemUInt16SystemInt32', ID = '3325'
Method 'SystemBooleanSystemRuntimeIntrinsicsVector1281SystemUInt16EqualsSystemRuntimeIntrinsicsVector1281SystemUInt16', ID = '3326'
Method 'SystemVoidSystemHashCodeAddSystemUInt16SystemUInt16', ID = '3327'
Method 'SystemUInt16SystemRuntimeIntrinsicsVector256GetElementSystemUInt16SystemRuntimeIntrinsicsVector2561SystemUInt16SystemInt32', ID = '3329'
Method 'SystemBooleanSystemRuntimeIntrinsicsVector2561SystemUInt16EqualsSystemRuntimeIntrinsicsVector2561SystemUInt16', ID = '3330'
Method 'SystemNumericsVector1SystemUInt64InternalRuntimeCompilerServicesUnsafeAsSystemNumericsVector1SystemUInt16SystemNumericsVector1SystemUInt64SystemNumericsVector1SystemUInt16', ID = '3332'
Method 'SystemVoidSystemSZGenericArrayEnumerator1SystemInt32cctor', ID = '3333'
Method 'SystemVoidSystemSZGenericArrayEnumerator1SystemInt32Dispose', ID = '3334'
Method 'SystemBooleanSystemRuntimeCompilerServicesRuntimeHelpersIsBitwiseEquatableSystemInt32', ID = '3335'
Method 'SystemInt32InternalRuntimeCompilerServicesUnsafeSizeOfSystemInt32', ID = '3336'
Method 'SystemByteInternalRuntimeCompilerServicesUnsafeAsSystemInt32SystemByteSystemInt32', ID = '3337'
Method 'SystemCharInternalRuntimeCompilerServicesUnsafeAsSystemInt32SystemCharSystemInt32', ID = '3338'
Method 'SystemInt32InternalRuntimeCompilerServicesUnsafeAsSystemInt32SystemInt32SystemInt32', ID = '3339'
Method 'SystemInt64InternalRuntimeCompilerServicesUnsafeAsSystemInt32SystemInt64SystemInt32', ID = '3340'
Method 'SystemCollectionsGenericEqualityComparer1SystemInt32SystemCollectionsGenericEqualityComparer1SystemInt32get_Default', ID = '3341'
Method 'SystemInt32SystemCollectionsGenericEqualityComparer1SystemInt32IndexOfSystemInt32arraySystemInt32SystemInt32SystemInt32', ID = '3342'
Method 'SystemVoidCosmosIL2CPUSZArrayImpl1GetEnumeratord__0SystemInt32ctorSystemInt32', ID = '3343'
Method 'SystemVoidSystemSZGenericArrayEnumerator1SystemInt64cctor', ID = '3345'
Method 'SystemVoidSystemSZGenericArrayEnumerator1SystemInt64Dispose', ID = '3346'
Method 'SystemBooleanSystemRuntimeCompilerServicesRuntimeHelpersIsBitwiseEquatableSystemInt64', ID = '3347'
Method 'SystemInt32InternalRuntimeCompilerServicesUnsafeSizeOfSystemInt64', ID = '3348'
Method 'SystemByteInternalRuntimeCompilerServicesUnsafeAsSystemInt64SystemByteSystemInt64', ID = '3349'
Method 'SystemCharInternalRuntimeCompilerServicesUnsafeAsSystemInt64SystemCharSystemInt64', ID = '3350'
Method 'SystemInt32InternalRuntimeCompilerServicesUnsafeAsSystemInt64SystemInt32SystemInt64', ID = '3351'
Method 'SystemInt64InternalRuntimeCompilerServicesUnsafeAsSystemInt64SystemInt64SystemInt64', ID = '3352'
Method 'SystemCollectionsGenericEqualityComparer1SystemInt64SystemCollectionsGenericEqualityComparer1SystemInt64get_Default', ID = '3353'
Method 'SystemInt32SystemCollectionsGenericEqualityComparer1SystemInt64IndexOfSystemInt64arraySystemInt64SystemInt32SystemInt32', ID = '3354'
Method 'SystemVoidCosmosIL2CPUSZArrayImpl1GetEnumeratord__0SystemInt64ctorSystemInt32', ID = '3355'
Method 'SystemObjectCosmosCore_PlugsSystemCollectionsGenericComparerHelpersImplCreateDefaultEqualityComparerSystemType', ID = '3358'
Method 'SystemInt32CosmosCore_PlugsSystemStringImplCompareToSystemString', ID = '3359'
Method 'SystemStringSystemPrivateCoreLibSystemSRget_Argument_MustBeFalse', ID = '3361'
Method 'SystemVoidCosmosCore_PlugsSystemThreadingMonitorImplReliableEnterSystemObjectSystemBoolean', ID = '3362'
Method 'SystemCollectionsGenericDictionary2EntrySystemStringSystemBooleanInternalRuntimeCompilerServicesUnsafeNullRefSystemCollectionsGenericDictionary2EntrySystemStringSystemBoolean', ID = '3371'
Method 'SystemInt32SystemCollectionsGenericDictionary2SystemStringSystemBooleanGetBucketSystemUInt32', ID = '3372'
Method 'SystemCollectionsGenericEqualityComparer1SystemStringSystemCollectionsGenericEqualityComparer1SystemStringget_Default', ID = '3374'
Method 'SystemBooleanInternalRuntimeCompilerServicesUnsafeNullRefSystemBoolean', ID = '3378'
Method 'SystemObjectSystemCollectionsGenericDictionary2SystemStringSystemObjectFindValueSystemString', ID = '3381'
Method 'SystemBooleanInternalRuntimeCompilerServicesUnsafeIsNullRefSystemObjectSystemObject', ID = '3382'
Method 'SystemBooleanSystemBooleanIsTrueStringIgnoreCaseSystemReadOnlySpan1SystemChar', ID = '3384'
Method 'SystemBooleanSystemBooleanIsFalseStringIgnoreCaseSystemReadOnlySpan1SystemChar', ID = '3385'
Method 'SystemReadOnlySpan1SystemCharSystemBooleanTrimWhiteSpaceAndNullSystemReadOnlySpan1SystemChar', ID = '3386'
Method 'SystemVoidCosmosIL2CPUSZArrayImpl1GetEnumeratord__0CosmosHALPCIBaseAddressBarSystemIDisposableDispose', ID = '3391'
Method 'SystemVoidSystemCollectionsGenericEqualityComparer1CosmosCoreManagedMemoryBlockcctor', ID = '3392'
Method 'SystemVoidCosmosCoreIOPortReadctorSystemUInt16', ID = '3394'
Method 'SystemVoidCosmosCoreIOPortWritectorSystemUInt16', ID = '3395'
Method 'SystemVoidCosmosCoreMemoryBlockFillSystemUInt16', ID = '3396'
Method 'SystemVoidSystemCollectionsGenericList1CosmosHALPCIDeviceGrowSystemInt32', ID = '3397'
Method 'SystemCharCosmosCommonExtensionsToHexStringDigitToHexCharSystemByte', ID = '3398'
Method 'SystemByteCosmosHALPS2Mouseget_PS2Port', ID = '3400'
Method 'SystemVoidCosmosHALPS2ControllerPrepareSecondPortWrite', ID = '3401'
Method 'SystemByteCosmosHALPS2ControllerReadByteAfterAck', ID = '3402'
Method 'SystemBooleanCosmosHALPS2Mouseget_HasScrollWheel', ID = '3404'
Method 'SystemVoidCosmosCore_AsmDelegateImplInvoke', ID = '1228'
Method 'SystemByteCosmosHALPS2Keyboardget_PS2Port', ID = '3407'
Method 'SystemVoidCosmosCore_AsmDelegateImplInvoke', ID = '1228'
Method 'SystemVoidCosmosHALPS2KeyboardUpdateLeds', ID = '3409'
Method 'SystemVoidCosmosHALBlockDeviceATA_PIOWait', ID = '3411'
Method 'SystemVoidCosmosHALBlockDeviceATA_PIODebugSystemString', ID = '3414'
Method 'SystemVoidCosmosHALBlockDeviceATA_PIODebugHexSystemStringSystemUInt32', ID = '3415'
Method 'SystemBytearraySystemBitConverterGetBytesSystemUInt16', ID = '3418'
Method 'SystemStringSystemTextEncodingGetStringSystemBytearray', ID = '3419'
Method 'SystemInt64SystemBitConverterToInt64SystemBytearraySystemInt32', ID = '3420'
Method 'SystemInt32SystemBitConverterToInt32SystemBytearraySystemInt32', ID = '3422'
Method 'SystemVoidSystemArrayCopySystemArraySystemInt64SystemArraySystemInt64SystemInt64', ID = '3423'
Method 'SystemVoidSystemGuidctorSystemBytearray', ID = '3424'
Method 'SystemBooleanSystemGuidop_InequalitySystemGuidSystemGuid', ID = '3425'
Method 'SystemVoidCosmosHALBlockDeviceGPTGPartInfoctorSystemGuidSystemGuidSystemUInt64SystemUInt64', ID = '3426'
Method 'SystemVoidSystemCollectionsGenericList1CosmosHALBlockDeviceGPTGPartInfoAddCosmosHALBlockDeviceGPTGPartInfo', ID = '3427'
Method 'SystemVoidSystemCollectionsGenericList1CosmosHALBlockDeviceGPTGPartInfocctor', ID = '3428'
Method 'SystemVoidCosmosHALBlockDeviceMBRPartInfoctorSystemByteSystemUInt32SystemUInt32', ID = '3436'
Method 'SystemVoidSystemCollectionsGenericList1CosmosHALBlockDeviceMBRPartInfoAddCosmosHALBlockDeviceMBRPartInfo', ID = '3437'
Method 'SystemVoidSystemCollectionsGenericList1CosmosHALBlockDeviceMBRPartInfocctor', ID = '3438'
Method 'SystemVoidCosmosHALBlockDeviceBlockDeviceCheckDataSizeSystemBytearraySystemUInt64', ID = '3445'
Method 'SystemVoidCosmosHALBlockDeviceBlockDeviceCheckBlockNoSystemUInt64SystemUInt64', ID = '3446'
Method 'SystemVoidCosmosHALBlockDeviceATA_PIOSelectSectorSystemUInt64SystemUInt64', ID = '3447'
Method 'SystemVoidCosmosCoreIOPortBaseRead8SystemBytearray', ID = '3448'
Method 'SystemVoidCosmosHALBlockDeviceATAPISendCmdSystemBytearraySystemInt32SystemUInt16array', ID = '3449'
Method 'SystemVoidCosmosHALBlockDeviceATAPICheckForErrors', ID = '3450'
Method 'SystemVoidCosmosHALBlockDeviceATAPIPollSystemBoolean', ID = '3451'
Method 'SystemVoidCosmosHALBlockDeviceEBRPartInfoctorSystemByteSystemUInt32SystemUInt32', ID = '3453'
Method 'SystemVoidSystemCollectionsGenericList1CosmosHALBlockDeviceEBRPartInfoAddCosmosHALBlockDeviceEBRPartInfo', ID = '3454'
Method 'SystemVoidSystemCollectionsGenericList1CosmosHALBlockDeviceEBRPartInfocctor', ID = '3455'
Method 'CosmosHALBlockDeviceBlockDevicearrayInternalRuntimeCompilerServicesUnsafeAsCosmosHALBlockDeviceBlockDevicearraySystemObject', ID = '3462'
Method 'SystemVoidSystemSZGenericArrayEnumerator1CosmosHALBlockDeviceBlockDevicectorCosmosHALBlockDeviceBlockDevicearray', ID = '3463'
Method 'SystemInt32SystemArrayIndexOfCosmosHALBlockDeviceBlockDeviceCosmosHALBlockDeviceBlockDevicearrayCosmosHALBlockDeviceBlockDeviceSystemInt32SystemInt32', ID = '3466'
Method 'SystemCollectionsGenericIEnumerator1CosmosHALBlockDeviceBlockDeviceCosmosIL2CPUSZArrayImpl1CosmosHALBlockDeviceBlockDeviceGetEnumerator', ID = '3467'
Method 'SystemVoidCosmosIL2CPUSZArrayImpl1CosmosHALBlockDeviceBlockDeviceCopyToCosmosHALBlockDeviceBlockDevicearraySystemInt32', ID = '3468'
Method 'SystemInt32CosmosIL2CPUSZArrayImpl1CosmosHALBlockDeviceBlockDeviceget_Count', ID = '3469'
Method 'CosmosHALBlockDeviceBlockDeviceCosmosIL2CPUSZArrayImpl1CosmosHALBlockDeviceBlockDeviceget_ItemSystemInt32', ID = '3470'
Method 'SystemVoidCosmosIL2CPUSZArrayImpl1CosmosHALBlockDeviceBlockDeviceset_ItemSystemInt32CosmosHALBlockDeviceBlockDevice', ID = '3471'
Method 'SystemVoidCosmosIL2CPUSZArrayImpl1CosmosHALBlockDeviceBlockDeviceAddCosmosHALBlockDeviceBlockDevice', ID = '3472'
Method 'SystemBooleanCosmosIL2CPUSZArrayImpl1CosmosHALBlockDeviceBlockDeviceContainsCosmosHALBlockDeviceBlockDevice', ID = '3473'
Method 'SystemBooleanCosmosIL2CPUSZArrayImpl1CosmosHALBlockDeviceBlockDeviceget_IsReadOnly', ID = '3474'
Method 'SystemVoidCosmosIL2CPUSZArrayImpl1CosmosHALBlockDeviceBlockDeviceClear', ID = '3475'
Method 'SystemInt32CosmosIL2CPUSZArrayImpl1CosmosHALBlockDeviceBlockDeviceIndexOfCosmosHALBlockDeviceBlockDevice', ID = '3476'
Method 'SystemVoidCosmosIL2CPUSZArrayImpl1CosmosHALBlockDeviceBlockDeviceInsertSystemInt32CosmosHALBlockDeviceBlockDevice', ID = '3477'
Method 'SystemVoidCosmosIL2CPUSZArrayImpl1CosmosHALBlockDeviceBlockDeviceRemoveAtSystemInt32', ID = '3478'
Method 'SystemBooleanCosmosIL2CPUSZArrayImpl1CosmosHALBlockDeviceBlockDeviceget_IsFixedSize', ID = '3479'
Method 'SystemVoidCosmosIL2CPUSZArrayImpl1CosmosHALBlockDeviceBlockDeviceRemoveCosmosHALBlockDeviceBlockDevice', ID = '3480'
Method 'SystemObjectCosmosIL2CPUSZArrayImpl1CosmosHALBlockDeviceBlockDeviceget_SyncRoot', ID = '3481'
Method 'SystemBooleanCosmosIL2CPUSZArrayImpl1CosmosHALBlockDeviceBlockDeviceget_IsSynchronized', ID = '3482'
Method 'CosmosHALBlockDevicePartitionarrayInternalRuntimeCompilerServicesUnsafeAsCosmosHALBlockDevicePartitionarraySystemObject', ID = '3483'
Method 'SystemVoidSystemSZGenericArrayEnumerator1CosmosHALBlockDevicePartitionctorCosmosHALBlockDevicePartitionarray', ID = '3484'
Method 'SystemInt32SystemArrayIndexOfCosmosHALBlockDevicePartitionCosmosHALBlockDevicePartitionarrayCosmosHALBlockDevicePartitionSystemInt32SystemInt32', ID = '3487'
Method 'SystemCollectionsGenericIEnumerator1CosmosHALBlockDevicePartitionCosmosIL2CPUSZArrayImpl1CosmosHALBlockDevicePartitionGetEnumerator', ID = '3488'
Method 'SystemVoidCosmosIL2CPUSZArrayImpl1CosmosHALBlockDevicePartitionCopyToCosmosHALBlockDevicePartitionarraySystemInt32', ID = '3489'
Method 'SystemInt32CosmosIL2CPUSZArrayImpl1CosmosHALBlockDevicePartitionget_Count', ID = '3490'
Method 'CosmosHALBlockDevicePartitionCosmosIL2CPUSZArrayImpl1CosmosHALBlockDevicePartitionget_ItemSystemInt32', ID = '3491'
Method 'SystemVoidCosmosIL2CPUSZArrayImpl1CosmosHALBlockDevicePartitionset_ItemSystemInt32CosmosHALBlockDevicePartition', ID = '3492'
Method 'SystemVoidCosmosIL2CPUSZArrayImpl1CosmosHALBlockDevicePartitionAddCosmosHALBlockDevicePartition', ID = '3493'
Method 'SystemBooleanCosmosIL2CPUSZArrayImpl1CosmosHALBlockDevicePartitionContainsCosmosHALBlockDevicePartition', ID = '3494'
Method 'SystemBooleanCosmosIL2CPUSZArrayImpl1CosmosHALBlockDevicePartitionget_IsReadOnly', ID = '3495'
Method 'SystemVoidCosmosIL2CPUSZArrayImpl1CosmosHALBlockDevicePartitionClear', ID = '3496'
Method 'SystemInt32CosmosIL2CPUSZArrayImpl1CosmosHALBlockDevicePartitionIndexOfCosmosHALBlockDevicePartition', ID = '3497'
Method 'SystemVoidCosmosIL2CPUSZArrayImpl1CosmosHALBlockDevicePartitionInsertSystemInt32CosmosHALBlockDevicePartition', ID = '3498'
Method 'SystemVoidCosmosIL2CPUSZArrayImpl1CosmosHALBlockDevicePartitionRemoveAtSystemInt32', ID = '3499'
Method 'SystemBooleanCosmosIL2CPUSZArrayImpl1CosmosHALBlockDevicePartitionget_IsFixedSize', ID = '3500'
Method 'SystemVoidCosmosIL2CPUSZArrayImpl1CosmosHALBlockDevicePartitionRemoveCosmosHALBlockDevicePartition', ID = '3501'
Method 'SystemObjectCosmosIL2CPUSZArrayImpl1CosmosHALBlockDevicePartitionget_SyncRoot', ID = '3502'
Method 'SystemBooleanCosmosIL2CPUSZArrayImpl1CosmosHALBlockDevicePartitionget_IsSynchronized', ID = '3503'
Method 'SystemCollectionsGenericIEnumerator1CosmosHALBlockDevicePortsStoragePortSystemSZArrayHelperGetEnumeratorCosmosHALBlockDevicePortsStoragePort', ID = '3504'
Method 'SystemVoidSystemSZArrayHelperCopyToCosmosHALBlockDevicePortsStoragePortCosmosHALBlockDevicePortsStoragePortarraySystemInt32', ID = '3505'
Method 'SystemInt32SystemSZArrayHelperget_CountCosmosHALBlockDevicePortsStoragePort', ID = '3506'
Method 'CosmosHALBlockDevicePortsStoragePortSystemSZArrayHelperget_ItemCosmosHALBlockDevicePortsStoragePortSystemInt32', ID = '3507'
Method 'SystemVoidSystemSZArrayHelperset_ItemCosmosHALBlockDevicePortsStoragePortSystemInt32CosmosHALBlockDevicePortsStoragePort', ID = '3508'
Method 'SystemVoidSystemSZArrayHelperAddCosmosHALBlockDevicePortsStoragePortCosmosHALBlockDevicePortsStoragePort', ID = '3509'
Method 'SystemBooleanSystemSZArrayHelperContainsCosmosHALBlockDevicePortsStoragePortCosmosHALBlockDevicePortsStoragePort', ID = '3510'
Method 'SystemBooleanSystemSZArrayHelperget_IsReadOnlyCosmosHALBlockDevicePortsStoragePort', ID = '3511'
Method 'SystemVoidSystemSZArrayHelperClearCosmosHALBlockDevicePortsStoragePort', ID = '3512'
Method 'SystemInt32SystemSZArrayHelperIndexOfCosmosHALBlockDevicePortsStoragePortCosmosHALBlockDevicePortsStoragePort', ID = '3513'
Method 'SystemVoidSystemSZArrayHelperInsertCosmosHALBlockDevicePortsStoragePortSystemInt32CosmosHALBlockDevicePortsStoragePort', ID = '3514'
Method 'SystemBooleanSystemSZArrayHelperRemoveCosmosHALBlockDevicePortsStoragePortCosmosHALBlockDevicePortsStoragePort', ID = '3515'
Method 'SystemVoidSystemSZArrayHelperRemoveAtCosmosHALBlockDevicePortsStoragePortSystemInt32', ID = '3516'
Method 'SystemByteSystemRuntimeCompilerServicesRuntimeHelpersGetRawDataSystemObject', ID = '3519'
Method 'SystemIntPtrInternalRuntimeCompilerServicesUnsafeAsSystemByteSystemIntPtrSystemByte', ID = '3520'
Method 'SystemIntPtrInternalRuntimeCompilerServicesUnsafeAddSystemIntPtrSystemIntPtrSystemInt32', ID = '3521'
Method 'SystemVoidInternalRuntimeCompilerServicesUnsafeInitBlockUnalignedSystemByteSystemByteSystemUInt32', ID = '3523'
Method 'SystemVoidSystemSpanHelpersFillSystemCharSystemCharSystemUIntPtrSystemChar', ID = '3524'
Method 'SystemVoidCosmosHALBlockDeviceRegistersPortRegistersset_CMDSystemUInt32', ID = '3525'
Method 'SystemVoidCosmosHALBlockDeviceAHCIWaitSystemInt32', ID = '3526'
Method 'SystemUInt32CosmosHALBlockDeviceRegistersPortRegistersget_CI', ID = '3527'
Method 'SystemUInt32CosmosHALBlockDeviceRegistersPortRegistersget_TFD', ID = '3528'
Method 'SystemVoidCosmosHALBlockDeviceAHCIHBAReset', ID = '3529'
Method 'SystemVoidCosmosHALBlockDeviceRegistersPortRegistersset_SCTLSystemUInt32', ID = '3530'
Method 'SystemUInt32CosmosHALBlockDeviceRegistersPortRegistersget_SCTL', ID = '3531'
Method 'SystemVoidCosmosCoreMemoryBlockFillSystemUInt32SystemUInt32SystemByte', ID = '3532'
Method 'SystemVoidCosmosHALBlockDeviceRegistersHBACommandHeaderctorSystemUInt32SystemUInt32', ID = '3535'
Method 'SystemVoidCosmosHALBlockDeviceRegistersHBACommandHeaderset_PRDTLSystemUInt16', ID = '3536'
Method 'SystemVoidCosmosHALBlockDeviceRegistersHBACommandHeaderset_CTBASystemUInt32', ID = '3537'
Method 'SystemVoidCosmosHALBlockDeviceRegistersHBACommandHeaderset_CTBAUSystemUInt32', ID = '3538'
Method 'SystemUInt32CosmosHALBlockDeviceRegistersHBACommandHeaderget_CTBA', ID = '3539'
Method 'SystemVoidCosmosHALBlockDevicePortsSATAcctor', ID = '3540'
Method 'CosmosHALBlockDeviceRegistersPortTypeCosmosHALBlockDevicePortsSATAget_mPortType', ID = '3541'
Method 'SystemStringCosmosHALBlockDevicePortsSATAget_mPortName', ID = '3542'
Method 'SystemUInt32CosmosHALBlockDevicePortsSATAget_mPortNumber', ID = '3543'
Method 'SystemVoidCosmosHALBlockDevicePortsSATAReadBlockSystemUInt64SystemUInt64SystemBytearray', ID = '3544'
Method 'SystemInt32CosmosHALBlockDevicePortsSATAFindCMDSlot', ID = '3546'
Method 'SystemVoidCosmosHALBlockDeviceRegistersHBACommandHeaderset_CFLSystemByte', ID = '3547'
Method 'SystemVoidCosmosHALBlockDeviceRegistersHBACommandHeaderset_WriteSystemByte', ID = '3548'
Method 'SystemUInt16CosmosHALBlockDeviceRegistersHBACommandHeaderget_PRDTL', ID = '3549'
Method 'SystemVoidCosmosHALBlockDeviceRegistersHBACommandTablectorSystemUInt32SystemUInt32', ID = '3550'
Method 'SystemVoidCosmosHALBlockDeviceRegistersHBAPRDTEntryset_DBASystemUInt32', ID = '3552'
Method 'SystemVoidCosmosHALBlockDeviceRegistersHBAPRDTEntryset_DBCSystemUInt32', ID = '3553'
Method 'SystemVoidCosmosHALBlockDeviceRegistersHBAPRDTEntryset_InterruptOnCompletionSystemByte', ID = '3554'
Method 'SystemUInt32CosmosHALBlockDeviceRegistersHBACommandTableget_CFIS', ID = '3555'
Method 'SystemVoidCosmosHALBlockDeviceRegistersFISRegisterH2DctorSystemUInt32', ID = '3556'
Method 'SystemVoidCosmosHALBlockDeviceRegistersFISRegisterH2Dset_FISTypeSystemByte', ID = '3557'
Method 'SystemVoidCosmosHALBlockDeviceRegistersFISRegisterH2Dset_IsCommandSystemByte', ID = '3558'
Method 'SystemVoidCosmosHALBlockDeviceRegistersFISRegisterH2Dset_CommandSystemByte', ID = '3559'
Method 'SystemVoidCosmosHALBlockDeviceRegistersFISRegisterH2Dset_DeviceSystemByte', ID = '3560'
Method 'SystemVoidCosmosHALBlockDeviceRegistersFISRegisterH2Dset_LBA0SystemByte', ID = '3561'
Method 'SystemVoidCosmosHALBlockDeviceRegistersFISRegisterH2Dset_LBA1SystemByte', ID = '3562'
Method 'SystemVoidCosmosHALBlockDeviceRegistersFISRegisterH2Dset_LBA2SystemByte', ID = '3563'
Method 'SystemVoidCosmosHALBlockDeviceRegistersFISRegisterH2Dset_CountLSystemByte', ID = '3564'
Method 'SystemVoidCosmosHALBlockDeviceRegistersPortRegistersset_CISystemUInt32', ID = '3566'
Method 'SystemUInt32CosmosHALBlockDeviceRegistersPortRegistersget_IS', ID = '3567'
Method 'SystemVoidSystemCollectionsGenericList1CosmosHALBlockDevicePortsStoragePortGrowSystemInt32', ID = '3568'
Method 'SystemVoidSystemSZGenericArrayEnumerator1SystemStringcctor', ID = '3569'
Method 'SystemVoidSystemSZGenericArrayEnumerator1SystemStringDispose', ID = '3570'
Method 'SystemBooleanSystemRuntimeCompilerServicesRuntimeHelpersIsBitwiseEquatableSystemString', ID = '3571'
Method 'SystemInt32InternalRuntimeCompilerServicesUnsafeSizeOfSystemString', ID = '3572'
Method 'SystemByteInternalRuntimeCompilerServicesUnsafeAsSystemStringSystemByteSystemString', ID = '3573'
Method 'SystemCharInternalRuntimeCompilerServicesUnsafeAsSystemStringSystemCharSystemString', ID = '3574'
Method 'SystemInt32InternalRuntimeCompilerServicesUnsafeAsSystemStringSystemInt32SystemString', ID = '3575'
Method 'SystemInt64InternalRuntimeCompilerServicesUnsafeAsSystemStringSystemInt64SystemString', ID = '3576'
Method 'SystemInt32SystemCollectionsGenericEqualityComparer1SystemStringIndexOfSystemStringarraySystemStringSystemInt32SystemInt32', ID = '3577'
Method 'SystemVoidCosmosIL2CPUSZArrayImpl1GetEnumeratord__0SystemStringctorSystemInt32', ID = '3578'
Method 'SystemCollectionsGenericIEnumerator1SystemBytearraySystemSZArrayHelperGetEnumeratorSystemBytearray', ID = '3580'
Method 'SystemVoidSystemSZArrayHelperCopyToSystemBytearraySystemBytearrayarraySystemInt32', ID = '3581'
Method 'SystemInt32SystemSZArrayHelperget_CountSystemBytearray', ID = '3582'
Method 'SystemBytearraySystemSZArrayHelperget_ItemSystemBytearraySystemInt32', ID = '3583'
Method 'SystemVoidSystemSZArrayHelperset_ItemSystemBytearraySystemInt32SystemBytearray', ID = '3584'
Method 'SystemVoidSystemSZArrayHelperAddSystemBytearraySystemBytearray', ID = '3585'
Method 'SystemBooleanSystemSZArrayHelperContainsSystemBytearraySystemBytearray', ID = '3586'
Method 'SystemBooleanSystemSZArrayHelperget_IsReadOnlySystemBytearray', ID = '3587'
Method 'SystemVoidSystemSZArrayHelperClearSystemBytearray', ID = '3588'
Method 'SystemInt32SystemSZArrayHelperIndexOfSystemBytearraySystemBytearray', ID = '3589'
Method 'SystemVoidSystemSZArrayHelperInsertSystemBytearraySystemInt32SystemBytearray', ID = '3590'
Method 'SystemBooleanSystemSZArrayHelperRemoveSystemBytearraySystemBytearray', ID = '3591'
Method 'SystemVoidSystemSZArrayHelperRemoveAtSystemBytearraySystemInt32', ID = '3592'
Method 'SystemVoidSystemCollectionsGenericList1CosmosCoreManagedMemoryBlockset_CapacitySystemInt32', ID = '3597'
Method 'SystemVoidSystemArrayEmptyArray1SystemBytearraycctor', ID = '3598'
Method 'SystemStringSystemPrivateCoreLibSystemSRget_InvalidOperation_EmptyQueue', ID = '3599'
Method 'SystemBooleanCosmosCore_PlugsSystemRuntimeCompilerServicesRuntimeHelpersImplIsReferenceOrContainsReferencesSystemBytearray', ID = '3600'
Method 'SystemVoidSystemCollectionsGenericQueue1SystemBytearrayGrowSystemInt32', ID = '3601'
Method 'SystemBooleanRTL8102E_DriverRTL8102Eget_Ready', ID = '3602'
Method 'SystemBooleanCosmosHALDriversPCINetworkAMDPCNetIIget_Ready', ID = '3603'
Method 'SystemBooleanCosmosHALDriversPCINetworkRTL8139get_Ready', ID = '3604'
Method 'SystemUInt16CosmosCoreIOPortget_Word', ID = '3605'
Method 'CosmosHALNetworkDevicearrayInternalRuntimeCompilerServicesUnsafeAsCosmosHALNetworkDevicearraySystemObject', ID = '3607'
Method 'SystemVoidSystemSZGenericArrayEnumerator1CosmosHALNetworkDevicectorCosmosHALNetworkDevicearray', ID = '3608'
Method 'SystemInt32SystemArrayIndexOfCosmosHALNetworkDeviceCosmosHALNetworkDevicearrayCosmosHALNetworkDeviceSystemInt32SystemInt32', ID = '3611'
Method 'SystemCollectionsGenericIEnumerator1CosmosHALNetworkDeviceCosmosIL2CPUSZArrayImpl1CosmosHALNetworkDeviceGetEnumerator', ID = '3612'
Method 'SystemVoidCosmosIL2CPUSZArrayImpl1CosmosHALNetworkDeviceCopyToCosmosHALNetworkDevicearraySystemInt32', ID = '3613'
Method 'SystemInt32CosmosIL2CPUSZArrayImpl1CosmosHALNetworkDeviceget_Count', ID = '3614'
Method 'CosmosHALNetworkDeviceCosmosIL2CPUSZArrayImpl1CosmosHALNetworkDeviceget_ItemSystemInt32', ID = '3615'
Method 'SystemVoidCosmosIL2CPUSZArrayImpl1CosmosHALNetworkDeviceset_ItemSystemInt32CosmosHALNetworkDevice', ID = '3616'
Method 'SystemVoidCosmosIL2CPUSZArrayImpl1CosmosHALNetworkDeviceAddCosmosHALNetworkDevice', ID = '3617'
Method 'SystemBooleanCosmosIL2CPUSZArrayImpl1CosmosHALNetworkDeviceContainsCosmosHALNetworkDevice', ID = '3618'
Method 'SystemBooleanCosmosIL2CPUSZArrayImpl1CosmosHALNetworkDeviceget_IsReadOnly', ID = '3619'
Method 'SystemVoidCosmosIL2CPUSZArrayImpl1CosmosHALNetworkDeviceClear', ID = '3620'
Method 'SystemInt32CosmosIL2CPUSZArrayImpl1CosmosHALNetworkDeviceIndexOfCosmosHALNetworkDevice', ID = '3621'
Method 'SystemVoidCosmosIL2CPUSZArrayImpl1CosmosHALNetworkDeviceInsertSystemInt32CosmosHALNetworkDevice', ID = '3622'
Method 'SystemVoidCosmosIL2CPUSZArrayImpl1CosmosHALNetworkDeviceRemoveAtSystemInt32', ID = '3623'
Method 'SystemBooleanCosmosIL2CPUSZArrayImpl1CosmosHALNetworkDeviceget_IsFixedSize', ID = '3624'
Method 'SystemVoidCosmosIL2CPUSZArrayImpl1CosmosHALNetworkDeviceRemoveCosmosHALNetworkDevice', ID = '3625'
Method 'SystemObjectCosmosIL2CPUSZArrayImpl1CosmosHALNetworkDeviceget_SyncRoot', ID = '3626'
Method 'SystemBooleanCosmosIL2CPUSZArrayImpl1CosmosHALNetworkDeviceget_IsSynchronized', ID = '3627'
Method 'SystemVoidSystemSZGenericArrayEnumerator1SystemCollectionsGenericDictionary2EntrySystemUInt32CosmosHALNetworkDevicecctor', ID = '3628'
Method 'SystemVoidSystemSZGenericArrayEnumerator1SystemCollectionsGenericDictionary2EntrySystemUInt32CosmosHALNetworkDeviceDispose', ID = '3629'
Method 'SystemBooleanSystemRuntimeCompilerServicesRuntimeHelpersIsBitwiseEquatableSystemCollectionsGenericDictionary2EntrySystemUInt32CosmosHALNetworkDevice', ID = '3630'
Method 'SystemInt32InternalRuntimeCompilerServicesUnsafeSizeOfSystemCollectionsGenericDictionary2EntrySystemUInt32CosmosHALNetworkDevice', ID = '3631'
Method 'SystemByteInternalRuntimeCompilerServicesUnsafeAsSystemCollectionsGenericDictionary2EntrySystemUInt32CosmosHALNetworkDeviceSystemByteSystemCollectionsGenericDictionary205D898D486A40F9F7206E6448915C578', ID = '3632'
Method 'SystemCharInternalRuntimeCompilerServicesUnsafeAsSystemCollectionsGenericDictionary2EntrySystemUInt32CosmosHALNetworkDeviceSystemCharSystemCollectionsGenericDictionary2F71639AA7965C48F6EB6DC59FA47A531', ID = '3633'
Method 'SystemInt32InternalRuntimeCompilerServicesUnsafeAsSystemCollectionsGenericDictionary2EntrySystemUInt32CosmosHALNetworkDeviceSystemInt32SystemCollectionsGenericDictionar5A06013F0153FE686111D03482ECC1BB', ID = '3634'
Method 'SystemInt64InternalRuntimeCompilerServicesUnsafeAsSystemCollectionsGenericDictionary2EntrySystemUInt32CosmosHALNetworkDeviceSystemInt64SystemCollectionsGenericDictionarE584854DC17C57A854232AD9F3EB055E', ID = '3635'
Method 'SystemCollectionsGenericEqualityComparer1SystemCollectionsGenericDictionary2EntrySystemUInt32CosmosHALNetworkDeviceSystemCollectionsGenericEqualityComparer1SystemCollec593DA5C50FEF0A86BDC0A232CF1D2816', ID = '3636'
Method 'SystemInt32SystemCollectionsGenericEqualityComparer1SystemCollectionsGenericDictionary2EntrySystemUInt32CosmosHALNetworkDeviceIndexOfSystemCollectionsGenericDictionary2787F427FE64A9BCDDBA8B9E8379B7E98', ID = '3637'
Method 'SystemVoidCosmosIL2CPUSZArrayImpl1GetEnumeratord__0SystemCollectionsGenericDictionary2EntrySystemUInt32CosmosHALNetworkDevicectorSystemInt32', ID = '3638'
Method 'SystemCollectionsGenericKeyValuePair2SystemUInt32CosmosHALNetworkDevicearrayInternalRuntimeCompilerServicesUnsafeAsSystemCollectionsGenericKeyValuePair2SystemUInt32Cosm8EBFC16075198EF5B96A922017242DB2', ID = '3641'
Method 'SystemVoidSystemSZGenericArrayEnumerator1SystemCollectionsGenericKeyValuePair2SystemUInt32CosmosHALNetworkDevicectorSystemCollectionsGenericKeyValuePair2SystemUInt32CosmosHALNetworkDevicearray', ID = '3642'
Method 'SystemInt32SystemArrayIndexOfSystemCollectionsGenericKeyValuePair2SystemUInt32CosmosHALNetworkDeviceSystemCollectionsGenericKeyValuePair2SystemUInt32CosmosHALNetworkDev452B839084E6A75FF96E7264184D2A58', ID = '3646'
Method 'SystemCollectionsGenericIEnumerator1SystemCollectionsGenericKeyValuePair2SystemUInt32CosmosHALNetworkDeviceCosmosIL2CPUSZArrayImpl1SystemCollectionsGenericKeyValuePair25699B7D93FDE5AE4A5F8A422D1A4F7C2', ID = '3647'
Method 'SystemVoidCosmosIL2CPUSZArrayImpl1SystemCollectionsGenericKeyValuePair2SystemUInt32CosmosHALNetworkDeviceCopyToSystemCollectionsGenericKeyValuePair2SystemUInt32CosmosHALNetworkDevicearraySystemInt32', ID = '3648'
Method 'SystemInt32CosmosIL2CPUSZArrayImpl1SystemCollectionsGenericKeyValuePair2SystemUInt32CosmosHALNetworkDeviceget_Count', ID = '3649'
Method 'SystemCollectionsGenericKeyValuePair2SystemUInt32CosmosHALNetworkDeviceCosmosIL2CPUSZArrayImpl1SystemCollectionsGenericKeyValuePair2SystemUInt32CosmosHALNetworkDeviceget_ItemSystemInt32', ID = '3650'
Method 'SystemVoidCosmosIL2CPUSZArrayImpl1SystemCollectionsGenericKeyValuePair2SystemUInt32CosmosHALNetworkDeviceset_ItemSystemInt32SystemCollectionsGenericKeyValuePair2SystemUInt32CosmosHALNetworkDevice', ID = '3651'
Method 'SystemVoidCosmosIL2CPUSZArrayImpl1SystemCollectionsGenericKeyValuePair2SystemUInt32CosmosHALNetworkDeviceAddSystemCollectionsGenericKeyValuePair2SystemUInt32CosmosHALNetworkDevice', ID = '3652'
Method 'SystemBooleanCosmosIL2CPUSZArrayImpl1SystemCollectionsGenericKeyValuePair2SystemUInt32CosmosHALNetworkDeviceContainsSystemCollectionsGenericKeyValuePair2SystemUInt32CosmosHALNetworkDevice', ID = '3653'
Method 'SystemBooleanCosmosIL2CPUSZArrayImpl1SystemCollectionsGenericKeyValuePair2SystemUInt32CosmosHALNetworkDeviceget_IsReadOnly', ID = '3654'
Method 'SystemVoidCosmosIL2CPUSZArrayImpl1SystemCollectionsGenericKeyValuePair2SystemUInt32CosmosHALNetworkDeviceClear', ID = '3655'
Method 'SystemInt32CosmosIL2CPUSZArrayImpl1SystemCollectionsGenericKeyValuePair2SystemUInt32CosmosHALNetworkDeviceIndexOfSystemCollectionsGenericKeyValuePair2SystemUInt32CosmosHALNetworkDevice', ID = '3656'
Method 'SystemVoidCosmosIL2CPUSZArrayImpl1SystemCollectionsGenericKeyValuePair2SystemUInt32CosmosHALNetworkDeviceInsertSystemInt32SystemCollectionsGenericKeyValuePair2SystemUInt32CosmosHALNetworkDevice', ID = '3657'
Method 'SystemVoidCosmosIL2CPUSZArrayImpl1SystemCollectionsGenericKeyValuePair2SystemUInt32CosmosHALNetworkDeviceRemoveAtSystemInt32', ID = '3658'
Method 'SystemBooleanCosmosIL2CPUSZArrayImpl1SystemCollectionsGenericKeyValuePair2SystemUInt32CosmosHALNetworkDeviceget_IsFixedSize', ID = '3659'
Method 'SystemVoidCosmosIL2CPUSZArrayImpl1SystemCollectionsGenericKeyValuePair2SystemUInt32CosmosHALNetworkDeviceRemoveSystemCollectionsGenericKeyValuePair2SystemUInt32CosmosHALNetworkDevice', ID = '3660'
Method 'SystemObjectCosmosIL2CPUSZArrayImpl1SystemCollectionsGenericKeyValuePair2SystemUInt32CosmosHALNetworkDeviceget_SyncRoot', ID = '3661'
Method 'SystemBooleanCosmosIL2CPUSZArrayImpl1SystemCollectionsGenericKeyValuePair2SystemUInt32CosmosHALNetworkDeviceget_IsSynchronized', ID = '3662'
Method 'SystemVoidSystemCollectionsHashHelperscctor', ID = '3663'
Method 'SystemStringSystemRuntimeTypeToString', ID = '3667'
Method 'SystemBooleanSystemRuntimeTypeEqualsSystemObject', ID = '3668'
Method 'SystemInt32SystemRuntimeTypeGetHashCode', ID = '3669'
Method 'SystemTypeSystemRuntimeTypeget_UnderlyingSystemType', ID = '3670'
Method 'SystemStringSystemRuntimeTypeget_AssemblyQualifiedName', ID = '3672'
Method 'SystemVoidSystemCollectionsGenericNonRandomizedStringEqualityComparerOrdinalComparerctorSystemCollectionsGenericIEqualityComparer1SystemString', ID = '3674'
Method 'SystemVoidSystemCollectionsGenericNonRandomizedStringEqualityComparerOrdinalIgnoreCaseComparerctorSystemCollectionsGenericIEqualityComparer1SystemString', ID = '3675'
Method 'SystemVoidSystemOrdinalCaseSensitiveComparercctor', ID = '3679'
Method 'SystemBooleanSystemOrdinalComparerEqualsSystemObject', ID = '3680'
Method 'SystemInt32SystemOrdinalComparerGetHashCode', ID = '3681'
Method 'SystemVoidSystemOrdinalIgnoreCaseComparercctor', ID = '3682'
Method 'SystemVoidSystemCollectionsGenericList1CosmosHALKeyboardBasecctor', ID = '3683'
Method 'SystemVoidSystemCollectionsGenericList1CosmosHALKeyboardBaseAddWithResizeCosmosHALKeyboardBase', ID = '3697'
Method 'SystemVoidSystemCollectionsGenericList1EnumeratorCosmosHALKeyboardBasectorSystemCollectionsGenericList1CosmosHALKeyboardBase', ID = '3698'
Method 'SystemBooleanCosmosSystemScanMapBaseScanCodeMatchesKeySystemByteCosmosSystemConsoleKeyEx', ID = '3700'
Method 'SystemBooleanCosmosSystemKeyboardManagerget_CapsLock', ID = '3701'
Method 'SystemVoidCosmosSystemKeyboardManagerUpdateLeds', ID = '3702'
Method 'SystemBooleanCosmosSystemKeyboardManagerget_NumLock', ID = '3703'
Method 'SystemBooleanCosmosSystemKeyboardManagerget_ScrollLock', ID = '3704'
Method 'SystemVoidCosmosSystemKeyboardManagerset_ControlPressedSystemBoolean', ID = '3705'
Method 'SystemVoidCosmosSystemKeyboardManagerset_ShiftPressedSystemBoolean', ID = '3706'
Method 'SystemVoidCosmosSystemKeyboardManagerset_AltPressedSystemBoolean', ID = '3707'
Method 'SystemBooleanCosmosSystemKeyboardManagerGetKeySystemByteCosmosSystemKeyEvent', ID = '3708'
Method 'SystemVoidCosmosSystemKeyboardManagerEnqueueCosmosSystemKeyEvent', ID = '3709'
Method 'SystemVoidSystemSZGenericArrayEnumerator1CosmosHALPCIDevicecctor', ID = '3710'
Method 'SystemVoidSystemSZGenericArrayEnumerator1CosmosHALPCIDeviceDispose', ID = '3711'
Method 'SystemBooleanSystemSZGenericArrayEnumerator1CosmosHALPCIDeviceMoveNext', ID = '3712'
Method 'SystemBooleanSystemRuntimeCompilerServicesRuntimeHelpersIsBitwiseEquatableCosmosHALPCIDevice', ID = '3713'
Method 'SystemInt32InternalRuntimeCompilerServicesUnsafeSizeOfCosmosHALPCIDevice', ID = '3714'
Method 'SystemByteInternalRuntimeCompilerServicesUnsafeAsCosmosHALPCIDeviceSystemByteCosmosHALPCIDevice', ID = '3715'
Method 'SystemCharInternalRuntimeCompilerServicesUnsafeAsCosmosHALPCIDeviceSystemCharCosmosHALPCIDevice', ID = '3716'
Method 'SystemInt32InternalRuntimeCompilerServicesUnsafeAsCosmosHALPCIDeviceSystemInt32CosmosHALPCIDevice', ID = '3717'
Method 'SystemInt64InternalRuntimeCompilerServicesUnsafeAsCosmosHALPCIDeviceSystemInt64CosmosHALPCIDevice', ID = '3718'
Method 'SystemCollectionsGenericEqualityComparer1CosmosHALPCIDeviceSystemCollectionsGenericEqualityComparer1CosmosHALPCIDeviceget_Default', ID = '3719'
Method 'SystemInt32SystemCollectionsGenericEqualityComparer1CosmosHALPCIDeviceIndexOfCosmosHALPCIDevicearrayCosmosHALPCIDeviceSystemInt32SystemInt32', ID = '3720'
Method 'SystemVoidCosmosIL2CPUSZArrayImpl1GetEnumeratord__0CosmosHALPCIDevicectorSystemInt32', ID = '3721'
Method 'SystemVoidCosmosCore_PlugsSystemBuffersArrayPoolImpl1CosmosArrayPoolSystemCharctor', ID = '3723'
Method 'SystemVoidCosmosCore_AsmRuntimeHelpersImplInitializeArraySystemArraySystemRuntimeFieldHandle', ID = '3725'
Method 'SystemBooleanSystemRuntimeTypeIsValueTypeImpl', ID = '3727'
Method 'SystemBooleanSystemTypeIsSubclassOfSystemType', ID = '3728'
Method 'SystemStringSystemPrivateCoreLibSystemSRget_Arg_ArrayTypeMismatchException', ID = '3730'
Method 'SystemStringSystemPrivateCoreLibSystemSRget_Argument_MinMaxValue', ID = '3731'
Method 'SystemStringSystemPrivateCoreLibSystemSRFormatSystemStringSystemObjectSystemObject', ID = '3732'
Method 'SystemCharpointerSystemNumberUInt32ToDecCharsSystemCharpointerSystemUInt32SystemInt32', ID = '3733'
Method 'SystemBooleanSystemNumberTryInt32ToHexStrSystemInt32SystemCharSystemInt32SystemSpan1SystemCharSystemInt32', ID = '3734'
Method 'SystemVoidSystemNumberInt32ToNumberSystemInt32SystemNumberNumberBuffer', ID = '3735'
Method 'SystemObjectSystemGlobalizationNumberFormatInfoGetFormatSystemType', ID = '3736'
Method 'SystemGlobalizationNumberFormatInfoSystemGlobalizationCultureInfoget_NumberFormat', ID = '3738'
Method 'SystemObjectSystemGlobalizationCultureInfoGetFormatSystemType', ID = '3739'
Method 'SystemVoidSystemThrowHelperThrowInvalidTypeWithPointersNotSupportedSystemType', ID = '3740'
Method 'SystemBooleanSystemDoubleIsFiniteSystemDouble', ID = '3742'
Method 'SystemStringSystemGlobalizationNumberFormatInfoget_NaNSymbol', ID = '3743'
Method 'SystemBooleanSystemDoubleIsNegativeSystemDouble', ID = '3744'
Method 'SystemStringSystemGlobalizationNumberFormatInfoget_PositiveInfinitySymbol', ID = '3745'
Method 'SystemStringSystemGlobalizationNumberFormatInfoget_NegativeInfinitySymbol', ID = '3746'
Method 'SystemInt32SystemNumberGetFloatingPointMaxDigitsAndPrecisionSystemCharSystemInt32SystemGlobalizationNumberFormatInfoSystemBoolean', ID = '3748'
Method 'SystemBooleanSystemNumberGrisu3TryRunDoubleSystemDoubleSystemInt32SystemNumberNumberBuffer', ID = '3749'
Method 'SystemVoidSystemNumberDragon4DoubleSystemDoubleSystemInt32SystemBooleanSystemNumberNumberBuffer', ID = '3750'
Method 'SystemBooleanSystemSpan1SystemCharTryCopyToSystemSpan1SystemChar', ID = '3751'
Method 'SystemVoidSystemTextValueStringBuilderDispose', ID = '3752'
Method 'SystemInt32SystemBuffersTextFormattingHelpersCountDigitsSystemUInt64', ID = '3753'
Method 'SystemUInt32SystemNumberInt64DivMod1E9SystemUInt64', ID = '3754'
Method 'SystemUInt32SystemNumberHigh32SystemUInt64', ID = '3755'
Method 'SystemUInt32SystemNumberLow32SystemUInt64', ID = '3756'
Method 'SystemBooleanSystemNumberTryInt64ToHexStrSystemInt64SystemCharSystemInt32SystemSpan1SystemCharSystemInt32', ID = '3757'
Method 'SystemVoidSystemNumberUInt64ToNumberSystemUInt64SystemNumberNumberBuffer', ID = '3758'
Method 'SystemVoidSystemNumberInt64ToNumberSystemInt64SystemNumberNumberBuffer', ID = '3759'
Method 'SystemBooleanSystemStringEqualsSystemString', ID = '3760'
Method 'SystemStringSystemNumberInt64ToHexStrSystemInt64SystemCharSystemInt32', ID = '3761'
Method 'SystemStringCosmosSystem_PlugsSystemInt16ImplToString', ID = '3762'
Method 'SystemStringCosmosSystem_PlugsSystemInt16ImplToStringSystemStringSystemIFormatProvider', ID = '3763'
Method 'SystemVoidCosmosCore_AsmIOPortImplWrite16SystemUInt16SystemUInt16', ID = '3764'
Method 'SystemVoidSystemValueTuple2SystemUInt32SystemUInt32ctorSystemUInt32SystemUInt32', ID = '3775'
Method 'SystemStringSystemValueTuple2SystemUInt32SystemUInt32ToString', ID = '3776'
Method 'SystemBooleanSystemValueTuple2SystemUInt32SystemUInt32EqualsSystemObject', ID = '3777'
Method 'SystemInt32SystemValueTuple2SystemUInt32SystemUInt32GetHashCode', ID = '3778'
Method 'SystemStringSystemPrivateCoreLibSystemSRget_Argument_BadFormatSpecifier', ID = '3783'
Method 'SystemVoidSystemFormatExceptionctorSystemString', ID = '3784'
Method 'SystemInt32SystemBuffersTextFormattingHelpersCountHexDigitsSystemUInt64', ID = '3785'
Method 'SystemCharpointerSystemNumberInt32ToHexCharsSystemCharpointerSystemUInt32SystemInt32SystemInt32', ID = '3786'
Method 'SystemVoidSystemSpan1SystemBytectorSystemVoidpointerSystemInt32', ID = '3788'
Method 'SystemByteSystemSpan1SystemByteget_ItemSystemInt32', ID = '3789'
Method 'SystemBytepointerSystemNumberNumberBufferGetDigitsPointer', ID = '3791'
Method 'SystemBytepointerSystemNumberUInt32ToDecCharsSystemBytepointerSystemUInt32SystemInt32', ID = '3792'
Method 'SystemInt32SystemGlobalizationNumberFormatInfoget_CurrencyDecimalDigits', ID = '3793'
Method 'SystemVoidSystemNumberRoundNumberSystemNumberNumberBufferSystemInt32SystemBoolean', ID = '3794'
Method 'SystemVoidSystemNumberFormatCurrencySystemTextValueStringBuilderSystemNumberNumberBufferSystemInt32SystemGlobalizationNumberFormatInfo', ID = '3795'
Method 'SystemInt32SystemGlobalizationNumberFormatInfoget_NumberDecimalDigits', ID = '3796'
Method 'SystemStringSystemGlobalizationNumberFormatInfoget_NumberDecimalSeparator', ID = '3797'
Method 'SystemVoidSystemNumberFormatFixedSystemTextValueStringBuilderSystemNumberNumberBufferSystemInt32SystemInt32arraySystemStringSystemString', ID = '3798'
Method 'SystemVoidSystemNumberFormatNumberSystemTextValueStringBuilderSystemNumberNumberBufferSystemInt32SystemGlobalizationNumberFormatInfo', ID = '3799'
Method 'SystemVoidSystemNumberFormatScientificSystemTextValueStringBuilderSystemNumberNumberBufferSystemInt32SystemGlobalizationNumberFormatInfoSystemChar', ID = '3800'
Method 'SystemVoidSystemNumberFormatGeneralSystemTextValueStringBuilderSystemNumberNumberBufferSystemInt32SystemGlobalizationNumberFormatInfoSystemCharSystemBoolean', ID = '3801'
Method 'SystemInt32SystemGlobalizationNumberFormatInfoget_PercentDecimalDigits', ID = '3802'
Method 'SystemVoidSystemNumberFormatPercentSystemTextValueStringBuilderSystemNumberNumberBufferSystemInt32SystemGlobalizationNumberFormatInfo', ID = '3803'
Method 'SystemInt32SystemNumberFindSectionSystemReadOnlySpan1SystemCharSystemInt32', ID = '3804'
Method 'SystemCharSystemRuntimeInteropServicesMemoryMarshalGetReferenceSystemCharSystemReadOnlySpan1SystemChar', ID = '3805'
Method 'SystemVoidSystemSpan1SystemInt32ctorSystemVoidpointerSystemInt32', ID = '3806'
Method 'SystemInt32SystemSpan1SystemInt32get_Length', ID = '3807'
Method 'SystemSpan1SystemInt32SystemSpan1SystemInt32op_ImplicitSystemInt32array', ID = '3808'
Method 'SystemVoidSystemSpan1SystemInt32CopyToSystemSpan1SystemInt32', ID = '3809'
Method 'SystemInt32SystemSpan1SystemInt32get_ItemSystemInt32', ID = '3810'
Method 'SystemStringSystemGlobalizationNumberFormatInfoget_PerMilleSymbol', ID = '3811'
Method 'SystemStringSystemGlobalizationNumberFormatInfoget_PercentSymbol', ID = '3812'
Method 'SystemVoidSystemNumberFormatExponentSystemTextValueStringBuilderSystemGlobalizationNumberFormatInfoSystemInt32SystemCharSystemInt32SystemBoolean', ID = '3813'
Method 'SystemInt32SystemTextValueStringBuilderget_Length', ID = '3814'
Method 'SystemVoidSystemTextValueStringBuilderInsertSystemInt32SystemString', ID = '3815'
Method 'SystemStringSystemTextValueStringBuilderToString', ID = '3816'
Method 'SystemCollectionsGenericIEnumerator1CosmosSystemNetworkConfigIPConfigSystemSZArrayHelperGetEnumeratorCosmosSystemNetworkConfigIPConfig', ID = '3817'
Method 'SystemVoidSystemSZArrayHelperCopyToCosmosSystemNetworkConfigIPConfigCosmosSystemNetworkConfigIPConfigarraySystemInt32', ID = '3818'
Method 'SystemInt32SystemSZArrayHelperget_CountCosmosSystemNetworkConfigIPConfig', ID = '3819'
Method 'CosmosSystemNetworkConfigIPConfigSystemSZArrayHelperget_ItemCosmosSystemNetworkConfigIPConfigSystemInt32', ID = '3820'
Method 'SystemVoidSystemSZArrayHelperset_ItemCosmosSystemNetworkConfigIPConfigSystemInt32CosmosSystemNetworkConfigIPConfig', ID = '3821'
Method 'SystemVoidSystemSZArrayHelperAddCosmosSystemNetworkConfigIPConfigCosmosSystemNetworkConfigIPConfig', ID = '3822'
Method 'SystemBooleanSystemSZArrayHelperContainsCosmosSystemNetworkConfigIPConfigCosmosSystemNetworkConfigIPConfig', ID = '3823'
Method 'SystemBooleanSystemSZArrayHelperget_IsReadOnlyCosmosSystemNetworkConfigIPConfig', ID = '3824'
Method 'SystemVoidSystemSZArrayHelperClearCosmosSystemNetworkConfigIPConfig', ID = '3825'
Method 'SystemInt32SystemSZArrayHelperIndexOfCosmosSystemNetworkConfigIPConfigCosmosSystemNetworkConfigIPConfig', ID = '3826'
Method 'SystemVoidSystemSZArrayHelperInsertCosmosSystemNetworkConfigIPConfigSystemInt32CosmosSystemNetworkConfigIPConfig', ID = '3827'
Method 'SystemBooleanSystemSZArrayHelperRemoveCosmosSystemNetworkConfigIPConfigCosmosSystemNetworkConfigIPConfig', ID = '3828'
Method 'SystemVoidSystemSZArrayHelperRemoveAtCosmosSystemNetworkConfigIPConfigSystemInt32', ID = '3829'
Method 'CosmosSystemNetworkConfigNetworkConfigarrayInternalRuntimeCompilerServicesUnsafeAsCosmosSystemNetworkConfigNetworkConfigarraySystemObject', ID = '3831'
Method 'SystemVoidSystemSZGenericArrayEnumerator1CosmosSystemNetworkConfigNetworkConfigctorCosmosSystemNetworkConfigNetworkConfigarray', ID = '3832'
Method 'SystemInt32SystemArrayIndexOfCosmosSystemNetworkConfigNetworkConfigCosmosSystemNetworkConfigNetworkConfigarrayCosmosSystemNetworkConfigNetworkConfigSystemInt32SystemInt32', ID = '3835'
Method 'SystemCollectionsGenericIEnumerator1CosmosSystemNetworkConfigNetworkConfigCosmosIL2CPUSZArrayImpl1CosmosSystemNetworkConfigNetworkConfigGetEnumerator', ID = '3836'
Method 'SystemVoidCosmosIL2CPUSZArrayImpl1CosmosSystemNetworkConfigNetworkConfigCopyToCosmosSystemNetworkConfigNetworkConfigarraySystemInt32', ID = '3837'
Method 'SystemInt32CosmosIL2CPUSZArrayImpl1CosmosSystemNetworkConfigNetworkConfigget_Count', ID = '3838'
Method 'CosmosSystemNetworkConfigNetworkConfigCosmosIL2CPUSZArrayImpl1CosmosSystemNetworkConfigNetworkConfigget_ItemSystemInt32', ID = '3839'
Method 'SystemVoidCosmosIL2CPUSZArrayImpl1CosmosSystemNetworkConfigNetworkConfigset_ItemSystemInt32CosmosSystemNetworkConfigNetworkConfig', ID = '3840'
Method 'SystemVoidCosmosIL2CPUSZArrayImpl1CosmosSystemNetworkConfigNetworkConfigAddCosmosSystemNetworkConfigNetworkConfig', ID = '3841'
Method 'SystemBooleanCosmosIL2CPUSZArrayImpl1CosmosSystemNetworkConfigNetworkConfigContainsCosmosSystemNetworkConfigNetworkConfig', ID = '3842'
Method 'SystemBooleanCosmosIL2CPUSZArrayImpl1CosmosSystemNetworkConfigNetworkConfigget_IsReadOnly', ID = '3843'
Method 'SystemVoidCosmosIL2CPUSZArrayImpl1CosmosSystemNetworkConfigNetworkConfigClear', ID = '3844'
Method 'SystemInt32CosmosIL2CPUSZArrayImpl1CosmosSystemNetworkConfigNetworkConfigIndexOfCosmosSystemNetworkConfigNetworkConfig', ID = '3845'
Method 'SystemVoidCosmosIL2CPUSZArrayImpl1CosmosSystemNetworkConfigNetworkConfigInsertSystemInt32CosmosSystemNetworkConfigNetworkConfig', ID = '3846'
Method 'SystemVoidCosmosIL2CPUSZArrayImpl1CosmosSystemNetworkConfigNetworkConfigRemoveAtSystemInt32', ID = '3847'
Method 'SystemBooleanCosmosIL2CPUSZArrayImpl1CosmosSystemNetworkConfigNetworkConfigget_IsFixedSize', ID = '3848'
Method 'SystemVoidCosmosIL2CPUSZArrayImpl1CosmosSystemNetworkConfigNetworkConfigRemoveCosmosSystemNetworkConfigNetworkConfig', ID = '3849'
Method 'SystemObjectCosmosIL2CPUSZArrayImpl1CosmosSystemNetworkConfigNetworkConfigget_SyncRoot', ID = '3850'
Method 'SystemBooleanCosmosIL2CPUSZArrayImpl1CosmosSystemNetworkConfigNetworkConfigget_IsSynchronized', ID = '3851'
Method 'SystemBooleanCosmosCoreVTablesImplIsValueTypeSystemUInt32', ID = '3852'
Method 'SystemVoidSystemCollectionsGenericList1CosmosSystemNetworkConfigNetworkConfigset_CapacitySystemInt32', ID = '3853'
Method 'SystemStringSystemPrivateCoreLibSystemSRget_Argument_AddingDuplicateWithKey', ID = '3854'
Method 'SystemCollectionsGenericRandomizedStringEqualityComparerSystemCollectionsGenericRandomizedStringEqualityComparerCreateSystemCollectionsGenericIEqualityComparer1SystemStringSystemBoolean', ID = '3856'
Method 'SystemVoidSystemCollectionsGenericList1CosmosSystemNetworkConfigIPConfigset_CapacitySystemInt32', ID = '3857'
Method 'SystemBooleanSystemCollectionsGenericDictionary2SystemUInt32CosmosHALNetworkMACAddressTryInsertSystemUInt32CosmosHALNetworkMACAddressSystemCollectionsGenericInsertionBehavior', ID = '3858'
Method 'SystemCollectionsGenericDictionary2EntrySystemUInt32CosmosHALNetworkDeviceInternalRuntimeCompilerServicesUnsafeNullRefSystemCollectionsGenericDictionary2EntrySystemUInt32CosmosHALNetworkDevice', ID = '3860'
Method 'CosmosHALNetworkDeviceInternalRuntimeCompilerServicesUnsafeNullRefCosmosHALNetworkDevice', ID = '3861'
Method 'SystemStringCosmosSystemNetworkARPARPReply_EthernetToString', ID = '3862'
Method 'SystemStringCosmosSystemNetworkIPv4ICMPPacketToString', ID = '3863'
Method 'SystemBooleanSystemCollectionsGenericDictionary2SystemUInt32CosmosSystemNetworkIPv4ICMPClientTryGetValueSystemUInt32CosmosSystemNetworkIPv4ICMPClient', ID = '3866'
Method 'SystemVoidSystemCollectionsGenericQueue1CosmosSystemNetworkIPv4ICMPPacketEnqueueCosmosSystemNetworkIPv4ICMPPacket', ID = '3867'
Method 'SystemUInt16CosmosSystemNetworkIPv4ICMPEchoRequestget_ICMPID', ID = '3870'
Method 'SystemUInt16CosmosSystemNetworkIPv4ICMPEchoRequestget_ICMPSequence', ID = '3871'
Method 'SystemUInt16CosmosSystemNetworkIPv4ICMPPacketget_ICMPDataLength', ID = '3872'
Method 'SystemVoidCosmosSystemNetworkIPv4ICMPPacketctorCosmosSystemNetworkIPv4AddressCosmosSystemNetworkIPv4AddressSystemByteSystemByteSystemUInt16SystemUInt16SystemUInt16', ID = '3873'
Method 'SystemUInt16CosmosSystemNetworkIPv4IPPacketget_DataOffset', ID = '3874'
Method 'SystemUInt16CosmosSystemNetworkIPv4ICMPPacketCalcICMPCRCSystemUInt16', ID = '3875'
Method 'CosmosHALNetworkDeviceCosmosSystemNetworkConfigIPConfigFindInterfaceCosmosSystemNetworkIPv4Address', ID = '3876'
Method 'SystemVoidCosmosSystemNetworkEthernetPacketset_SourceMACCosmosHALNetworkMACAddress', ID = '3877'
Method 'SystemVoidCosmosSystemNetworkIPv4OutgoingBufferBufferEntryctorCosmosHALNetworkDeviceCosmosSystemNetworkIPv4IPPacket', ID = '3878'
Method 'SystemVoidSystemCollectionsGenericList1CosmosSystemNetworkIPv4OutgoingBufferBufferEntryAddCosmosSystemNetworkIPv4OutgoingBufferBufferEntry', ID = '3879'
Method 'SystemStringCosmosSystemNetworkIPv4TCPTCPPacketToString', ID = '3881'
Method 'SystemCollectionsGenericList1EnumeratorCosmosSystemNetworkIPv4TCPTcpSystemCollectionsGenericList1CosmosSystemNetworkIPv4TCPTcpGetEnumerator', ID = '3884'
Method 'CosmosSystemNetworkIPv4TCPTcpSystemCollectionsGenericList1EnumeratorCosmosSystemNetworkIPv4TCPTcpget_Current', ID = '3885'
Method 'SystemBooleanCosmosSystemNetworkIPv4TCPTcpEqualsSystemUInt16SystemUInt16CosmosSystemNetworkIPv4AddressCosmosSystemNetworkIPv4Address', ID = '3886'
Method 'SystemBooleanSystemUInt16EqualsSystemUInt16', ID = '3888'
Method 'SystemBooleanSystemCollectionsGenericList1EnumeratorCosmosSystemNetworkIPv4TCPTcpMoveNext', ID = '3889'
Method 'SystemVoidCosmosSystemNetworkIPv4TCPTcpProcessListenCosmosSystemNetworkIPv4TCPTCPPacket', ID = '3892'
Method 'SystemVoidCosmosSystemNetworkIPv4TCPTcpProcessSynSentCosmosSystemNetworkIPv4TCPTCPPacket', ID = '3893'
Method 'CosmosSystemNetworkIPv4TCPTransmissionControlBlockCosmosSystemNetworkIPv4TCPTcpget_TCB', ID = '3894'
Method 'SystemUInt32CosmosSystemNetworkIPv4TCPTransmissionControlBlockget_RcvNxt', ID = '3895'
Method 'SystemUInt32CosmosSystemNetworkIPv4TCPTCPPacketget_SequenceNumber', ID = '3896'
Method 'SystemUInt16CosmosSystemNetworkIPv4TCPTCPPacketget_TCP_DataLength', ID = '3897'
Method 'SystemUInt32CosmosSystemNetworkIPv4TCPTransmissionControlBlockget_RcvWnd', ID = '3898'
Method 'SystemVoidCosmosSystemNetworkIPv4TCPTcpProcessSynReceivedCosmosSystemNetworkIPv4TCPTCPPacket', ID = '3899'
Method 'SystemVoidCosmosSystemNetworkIPv4TCPTcpProcessEstablishedCosmosSystemNetworkIPv4TCPTCPPacket', ID = '3900'
Method 'SystemVoidCosmosSystemNetworkIPv4TCPTcpProcessFinWait1CosmosSystemNetworkIPv4TCPTCPPacket', ID = '3901'
Method 'SystemVoidCosmosSystemNetworkIPv4TCPTcpProcessFinWait2CosmosSystemNetworkIPv4TCPTCPPacket', ID = '3902'
Method 'SystemVoidCosmosSystemNetworkIPv4TCPTcpProcessCloseWaitCosmosSystemNetworkIPv4TCPTCPPacket', ID = '3903'
Method 'SystemVoidCosmosSystemNetworkIPv4TCPTcpProcessClosingCosmosSystemNetworkIPv4TCPTCPPacket', ID = '3904'
Method 'SystemVoidCosmosSystemNetworkIPv4TCPTcpSendEmptyPacketCosmosSystemNetworkIPv4TCPFlags', ID = '3905'
Method 'SystemStringCosmosSystemNetworkIPv4UDPUDPPacketToString', ID = '3906'
Method 'SystemVoidCosmosSystemNetworkIPv4UDPDNSDNSPacketctorSystemBytearray', ID = '3908'
Method 'SystemBooleanSystemCollectionsGenericDictionary2SystemUInt32CosmosSystemNetworkIPv4UDPUdpClientTryGetValueSystemUInt32CosmosSystemNetworkIPv4UDPUdpClient', ID = '3912'
Method 'SystemVoidSystemCollectionsGenericQueue1CosmosSystemNetworkIPv4UDPUDPPacketEnqueueCosmosSystemNetworkIPv4UDPUDPPacket', ID = '3913'
Method 'CosmosHALPITPITTimerarrayInternalRuntimeCompilerServicesUnsafeAsCosmosHALPITPITTimerarraySystemObject', ID = '3916'
Method 'SystemVoidSystemSZGenericArrayEnumerator1CosmosHALPITPITTimerctorCosmosHALPITPITTimerarray', ID = '3917'
Method 'SystemInt32SystemArrayIndexOfCosmosHALPITPITTimerCosmosHALPITPITTimerarrayCosmosHALPITPITTimerSystemInt32SystemInt32', ID = '3920'
Method 'SystemCollectionsGenericIEnumerator1CosmosHALPITPITTimerCosmosIL2CPUSZArrayImpl1CosmosHALPITPITTimerGetEnumerator', ID = '3921'
Method 'SystemVoidCosmosIL2CPUSZArrayImpl1CosmosHALPITPITTimerCopyToCosmosHALPITPITTimerarraySystemInt32', ID = '3922'
Method 'SystemInt32CosmosIL2CPUSZArrayImpl1CosmosHALPITPITTimerget_Count', ID = '3923'
Method 'CosmosHALPITPITTimerCosmosIL2CPUSZArrayImpl1CosmosHALPITPITTimerget_ItemSystemInt32', ID = '3924'
Method 'SystemVoidCosmosIL2CPUSZArrayImpl1CosmosHALPITPITTimerset_ItemSystemInt32CosmosHALPITPITTimer', ID = '3925'
Method 'SystemVoidCosmosIL2CPUSZArrayImpl1CosmosHALPITPITTimerAddCosmosHALPITPITTimer', ID = '3926'
Method 'SystemBooleanCosmosIL2CPUSZArrayImpl1CosmosHALPITPITTimerContainsCosmosHALPITPITTimer', ID = '3927'
Method 'SystemBooleanCosmosIL2CPUSZArrayImpl1CosmosHALPITPITTimerget_IsReadOnly', ID = '3928'
Method 'SystemVoidCosmosIL2CPUSZArrayImpl1CosmosHALPITPITTimerClear', ID = '3929'
Method 'SystemInt32CosmosIL2CPUSZArrayImpl1CosmosHALPITPITTimerIndexOfCosmosHALPITPITTimer', ID = '3930'
Method 'SystemVoidCosmosIL2CPUSZArrayImpl1CosmosHALPITPITTimerInsertSystemInt32CosmosHALPITPITTimer', ID = '3931'
Method 'SystemVoidCosmosIL2CPUSZArrayImpl1CosmosHALPITPITTimerRemoveAtSystemInt32', ID = '3932'
Method 'SystemBooleanCosmosIL2CPUSZArrayImpl1CosmosHALPITPITTimerget_IsFixedSize', ID = '3933'
Method 'SystemVoidCosmosIL2CPUSZArrayImpl1CosmosHALPITPITTimerRemoveCosmosHALPITPITTimer', ID = '3934'
Method 'SystemObjectCosmosIL2CPUSZArrayImpl1CosmosHALPITPITTimerget_SyncRoot', ID = '3935'
Method 'SystemBooleanCosmosIL2CPUSZArrayImpl1CosmosHALPITPITTimerget_IsSynchronized', ID = '3936'
Method 'CosmosSystemNetworkIPv4OutgoingBufferBufferEntryarrayInternalRuntimeCompilerServicesUnsafeAsCosmosSystemNetworkIPv4OutgoingBufferBufferEntryarraySystemObject', ID = '3938'
Method 'SystemVoidSystemSZGenericArrayEnumerator1CosmosSystemNetworkIPv4OutgoingBufferBufferEntryctorCosmosSystemNetworkIPv4OutgoingBufferBufferEntryarray', ID = '3939'
Method 'SystemInt32SystemArrayIndexOfCosmosSystemNetworkIPv4OutgoingBufferBufferEntryCosmosSystemNetworkIPv4OutgoingBufferBufferEntryarrayCosmosSystemNetworkIPv4OutgoingBufferBufferEntrySystemInt32SystemInt32', ID = '3942'
Method 'SystemCollectionsGenericIEnumerator1CosmosSystemNetworkIPv4OutgoingBufferBufferEntryCosmosIL2CPUSZArrayImpl1CosmosSystemNetworkIPv4OutgoingBufferBufferEntryGetEnumerator', ID = '3943'
Method 'SystemVoidCosmosIL2CPUSZArrayImpl1CosmosSystemNetworkIPv4OutgoingBufferBufferEntryCopyToCosmosSystemNetworkIPv4OutgoingBufferBufferEntryarraySystemInt32', ID = '3944'
Method 'SystemInt32CosmosIL2CPUSZArrayImpl1CosmosSystemNetworkIPv4OutgoingBufferBufferEntryget_Count', ID = '3945'
Method 'CosmosSystemNetworkIPv4OutgoingBufferBufferEntryCosmosIL2CPUSZArrayImpl1CosmosSystemNetworkIPv4OutgoingBufferBufferEntryget_ItemSystemInt32', ID = '3946'
Method 'SystemVoidCosmosIL2CPUSZArrayImpl1CosmosSystemNetworkIPv4OutgoingBufferBufferEntryset_ItemSystemInt32CosmosSystemNetworkIPv4OutgoingBufferBufferEntry', ID = '3947'
Method 'SystemVoidCosmosIL2CPUSZArrayImpl1CosmosSystemNetworkIPv4OutgoingBufferBufferEntryAddCosmosSystemNetworkIPv4OutgoingBufferBufferEntry', ID = '3948'
Method 'SystemBooleanCosmosIL2CPUSZArrayImpl1CosmosSystemNetworkIPv4OutgoingBufferBufferEntryContainsCosmosSystemNetworkIPv4OutgoingBufferBufferEntry', ID = '3949'
Method 'SystemBooleanCosmosIL2CPUSZArrayImpl1CosmosSystemNetworkIPv4OutgoingBufferBufferEntryget_IsReadOnly', ID = '3950'
Method 'SystemVoidCosmosIL2CPUSZArrayImpl1CosmosSystemNetworkIPv4OutgoingBufferBufferEntryClear', ID = '3951'
Method 'SystemInt32CosmosIL2CPUSZArrayImpl1CosmosSystemNetworkIPv4OutgoingBufferBufferEntryIndexOfCosmosSystemNetworkIPv4OutgoingBufferBufferEntry', ID = '3952'
Method 'SystemVoidCosmosIL2CPUSZArrayImpl1CosmosSystemNetworkIPv4OutgoingBufferBufferEntryInsertSystemInt32CosmosSystemNetworkIPv4OutgoingBufferBufferEntry', ID = '3953'
Method 'SystemVoidCosmosIL2CPUSZArrayImpl1CosmosSystemNetworkIPv4OutgoingBufferBufferEntryRemoveAtSystemInt32', ID = '3954'
Method 'SystemBooleanCosmosIL2CPUSZArrayImpl1CosmosSystemNetworkIPv4OutgoingBufferBufferEntryget_IsFixedSize', ID = '3955'
Method 'SystemVoidCosmosIL2CPUSZArrayImpl1CosmosSystemNetworkIPv4OutgoingBufferBufferEntryRemoveCosmosSystemNetworkIPv4OutgoingBufferBufferEntry', ID = '3956'
Method 'SystemObjectCosmosIL2CPUSZArrayImpl1CosmosSystemNetworkIPv4OutgoingBufferBufferEntryget_SyncRoot', ID = '3957'
Method 'SystemBooleanCosmosIL2CPUSZArrayImpl1CosmosSystemNetworkIPv4OutgoingBufferBufferEntryget_IsSynchronized', ID = '3958'
Method 'SystemUInt16CosmosSystemNetworkIPv4IPPacketget_IPLength', ID = '3959'
Method 'SystemInt32SystemCollectionsGenericDictionary2SystemUInt32CosmosHALNetworkMACAddressInitializeSystemInt32', ID = '3960'
Method 'SystemCollectionsGenericIEnumerator1SystemCollectionsGenericDictionary2EntrySystemUInt32CosmosHALNetworkMACAddressSystemSZArrayHelperGetEnumeratorSystemCollectionsGenerF9DC2BD00376EC7A6B6D8E1131BD1784', ID = '3961'
Method 'SystemVoidSystemSZArrayHelperCopyToSystemCollectionsGenericDictionary2EntrySystemUInt32CosmosHALNetworkMACAddressSystemCollectionsGenericDictionary2EntrySystemUInt32Cos94B2DDECB82EC3837A75041432C6B7EB', ID = '3962'
Method 'SystemInt32SystemSZArrayHelperget_CountSystemCollectionsGenericDictionary2EntrySystemUInt32CosmosHALNetworkMACAddress', ID = '3963'
Method 'SystemCollectionsGenericDictionary2EntrySystemUInt32CosmosHALNetworkMACAddressSystemSZArrayHelperget_ItemSystemCollectionsGenericDictionary2EntrySystemUInt32CosmosHALNetworkMACAddressSystemInt32', ID = '3964'
Method 'SystemVoidSystemSZArrayHelperset_ItemSystemCollectionsGenericDictionary2EntrySystemUInt32CosmosHALNetworkMACAddressSystemInt32SystemCollectionsGenericDictionary2EntrySy4BFF62D6F6B2204BF4AEB552060C341C', ID = '3965'
Method 'SystemVoidSystemSZArrayHelperAddSystemCollectionsGenericDictionary2EntrySystemUInt32CosmosHALNetworkMACAddressSystemCollectionsGenericDictionary2EntrySystemUInt32CosmosHALNetworkMACAddress', ID = '3966'
Method 'SystemBooleanSystemSZArrayHelperContainsSystemCollectionsGenericDictionary2EntrySystemUInt32CosmosHALNetworkMACAddressSystemCollectionsGenericDictionary2EntrySystemUInt32CosmosHALNetworkMACAddress', ID = '3967'
Method 'SystemBooleanSystemSZArrayHelperget_IsReadOnlySystemCollectionsGenericDictionary2EntrySystemUInt32CosmosHALNetworkMACAddress', ID = '3968'
Method 'SystemVoidSystemSZArrayHelperClearSystemCollectionsGenericDictionary2EntrySystemUInt32CosmosHALNetworkMACAddress', ID = '3969'
Method 'SystemInt32SystemSZArrayHelperIndexOfSystemCollectionsGenericDictionary2EntrySystemUInt32CosmosHALNetworkMACAddressSystemCollectionsGenericDictionary2EntrySystemUInt32CosmosHALNetworkMACAddress', ID = '3970'
Method 'SystemVoidSystemSZArrayHelperInsertSystemCollectionsGenericDictionary2EntrySystemUInt32CosmosHALNetworkMACAddressSystemInt32SystemCollectionsGenericDictionary2EntrySystF8B2B384B7E8C8CF729299278BA547DF', ID = '3971'
Method 'SystemBooleanSystemSZArrayHelperRemoveSystemCollectionsGenericDictionary2EntrySystemUInt32CosmosHALNetworkMACAddressSystemCollectionsGenericDictionary2EntrySystemUInt32CosmosHALNetworkMACAddress', ID = '3972'
Method 'SystemVoidSystemSZArrayHelperRemoveAtSystemCollectionsGenericDictionary2EntrySystemUInt32CosmosHALNetworkMACAddressSystemInt32', ID = '3973'
Method 'SystemStringSystemPrivateCoreLibSystemSRget_Arg_KeyNotFoundWithKey', ID = '3986'
Method 'SystemVoidSystemCollectionsGenericKeyNotFoundExceptionctorSystemString', ID = '3987'
Method 'SystemVoidCosmosSystemNetworkIPv4ICMPEchoRequestInitFields', ID = '3988'
Method 'SystemVoidCosmosSystemNetworkIPv4ICMPEchoReplyInitFields', ID = '3989'
Method 'SystemVoidCosmosSystemNetworkIPv4TCPTCPPacketset_SourcePortSystemUInt16', ID = '3990'
Method 'SystemVoidCosmosSystemNetworkIPv4TCPTCPPacketset_DestinationPortSystemUInt16', ID = '3991'
Method 'SystemVoidCosmosSystemNetworkIPv4TCPTCPPacketset_SequenceNumberSystemUInt32', ID = '3992'
Method 'SystemVoidCosmosSystemNetworkIPv4TCPTCPPacketset_AckNumberSystemUInt32', ID = '3993'
Method 'SystemVoidCosmosSystemNetworkIPv4TCPTCPPacketset_TCPHeaderLengthSystemByte', ID = '3994'
Method 'SystemVoidCosmosSystemNetworkIPv4TCPTCPPacketset_TCPFlagsSystemByte', ID = '3995'
Method 'SystemVoidCosmosSystemNetworkIPv4TCPTCPPacketset_WindowSizeSystemUInt16', ID = '3996'
Method 'SystemVoidCosmosSystemNetworkIPv4TCPTCPPacketset_ChecksumSystemUInt16', ID = '3997'
Method 'SystemVoidCosmosSystemNetworkIPv4TCPTCPPacketset_UrgentPointerSystemUInt16', ID = '3998'
Method 'SystemByteCosmosSystemNetworkIPv4TCPTCPPacketget_TCPHeaderLength', ID = '3999'
Method 'SystemVoidSystemCollectionsGenericList1CosmosSystemNetworkIPv4TCPTCPOptionctor', ID = '4000'
Method 'SystemVoidCosmosSystemNetworkIPv4TCPTCPPacketset_OptionsSystemCollectionsGenericList1CosmosSystemNetworkIPv4TCPTCPOption', ID = '4001'
Method 'SystemVoidCosmosSystemNetworkIPv4TCPTCPOptionctor', ID = '4002'
Method 'SystemVoidCosmosSystemNetworkIPv4TCPTCPOptionset_KindSystemByte', ID = '4003'
Method 'SystemByteCosmosSystemNetworkIPv4TCPTCPOptionget_Kind', ID = '4004'
Method 'SystemVoidCosmosSystemNetworkIPv4TCPTCPOptionset_LengthSystemByte', ID = '4005'
Method 'SystemByteCosmosSystemNetworkIPv4TCPTCPOptionget_Length', ID = '4006'
Method 'SystemVoidCosmosSystemNetworkIPv4TCPTCPOptionset_DataSystemBytearray', ID = '4007'
Method 'SystemBytearrayCosmosSystemNetworkIPv4TCPTCPOptionget_Data', ID = '4008'
Method 'SystemCollectionsGenericList1CosmosSystemNetworkIPv4TCPTCPOptionCosmosSystemNetworkIPv4TCPTCPPacketget_Options', ID = '4009'
Method 'SystemVoidSystemCollectionsGenericList1CosmosSystemNetworkIPv4TCPTCPOptionAddCosmosSystemNetworkIPv4TCPTCPOption', ID = '4010'
Method 'SystemVoidCosmosSystemNetworkIPv4UDPDNSDNSPacketInitFields', ID = '4011'
Method 'SystemVoidCosmosSystemNetworkIPv4UDPUDPPacketset_SourcePortSystemUInt16', ID = '4012'
Method 'SystemVoidCosmosSystemNetworkIPv4UDPUDPPacketset_DestinationPortSystemUInt16', ID = '4013'
Method 'SystemVoidCosmosSystemNetworkIPv4UDPUDPPacketset_UDP_LengthSystemUInt16', ID = '4014'
Method 'SystemVoidCosmosSystemNetworkIPv4UDPDHCPDHCPPacketset_MessageTypeSystemByte', ID = '4015'
Method 'SystemVoidCosmosSystemNetworkIPv4UDPDHCPDHCPPacketset_ClientCosmosSystemNetworkIPv4Address', ID = '4016'
Method 'SystemVoidSystemCollectionsGenericList1CosmosSystemNetworkIPv4UDPDHCPDHCPOptionctor', ID = '4017'
Method 'SystemVoidCosmosSystemNetworkIPv4UDPDHCPDHCPPacketset_OptionsSystemCollectionsGenericList1CosmosSystemNetworkIPv4UDPDHCPDHCPOption', ID = '4018'
Method 'SystemVoidCosmosSystemNetworkIPv4UDPDHCPDHCPOptionctor', ID = '4019'
Method 'SystemVoidCosmosSystemNetworkIPv4UDPDHCPDHCPOptionset_TypeSystemByte', ID = '4020'
Method 'SystemVoidCosmosSystemNetworkIPv4UDPDHCPDHCPOptionset_LengthSystemByte', ID = '4021'
Method 'SystemByteCosmosSystemNetworkIPv4UDPDHCPDHCPOptionget_Length', ID = '4022'
Method 'SystemVoidCosmosSystemNetworkIPv4UDPDHCPDHCPOptionset_DataSystemBytearray', ID = '4023'
Method 'SystemBytearrayCosmosSystemNetworkIPv4UDPDHCPDHCPOptionget_Data', ID = '4024'
Method 'SystemCollectionsGenericList1CosmosSystemNetworkIPv4UDPDHCPDHCPOptionCosmosSystemNetworkIPv4UDPDHCPDHCPPacketget_Options', ID = '4025'
Method 'SystemVoidSystemCollectionsGenericList1CosmosSystemNetworkIPv4UDPDHCPDHCPOptionAddCosmosSystemNetworkIPv4UDPDHCPDHCPOption', ID = '4026'
Method 'SystemVoidCosmosHALDriversPCINetworkRTL8139set_TransmitAddress1RegisterSystemUInt32', ID = '4027'
Method 'SystemVoidCosmosHALDriversPCINetworkRTL8139set_TransmitDescriptor1RegisterSystemUInt32', ID = '4028'
Method 'SystemVoidCosmosHALDriversPCINetworkRTL8139set_TransmitAddress2RegisterSystemUInt32', ID = '4029'
Method 'SystemVoidCosmosHALDriversPCINetworkRTL8139set_TransmitDescriptor2RegisterSystemUInt32', ID = '4030'
Method 'SystemVoidCosmosHALDriversPCINetworkRTL8139set_TransmitAddress3RegisterSystemUInt32', ID = '4031'
Method 'SystemVoidCosmosHALDriversPCINetworkRTL8139set_TransmitDescriptor3RegisterSystemUInt32', ID = '4032'
Method 'SystemVoidCosmosHALDriversPCINetworkRTL8139set_TransmitAddress4RegisterSystemUInt32', ID = '4033'
Method 'SystemVoidCosmosHALDriversPCINetworkRTL8139set_TransmitDescriptor4RegisterSystemUInt32', ID = '4034'
Method 'SystemVoidSystemTextASCIIEncodingctor', ID = '4036'
Method 'SystemVoidCosmosCore_PlugsSystemBufferImplcctor', ID = '4037'
Method 'SystemVoidCosmosCore_PlugsMemoryOperationsMemoryOperationsImplCopyTinySystemBytepointerSystemBytepointerSystemInt32', ID = '4039'
Method 'SystemInt32SystemMathDivRemSystemInt32SystemInt32SystemInt32', ID = '4040'
Method 'SystemVoidCosmosCore_PlugsMemoryOperationsMemoryOperationsImplCopy128BlocksSystemBytepointerSystemBytepointerSystemInt32', ID = '4041'
Method 'SystemBooleanSystemTextUTF8EncodingEqualsSystemObject', ID = '4043'
Method 'SystemInt32SystemTextUTF8EncodingGetHashCode', ID = '4044'
Method 'SystemBytearraySystemTextUTF8EncodingUTF8EncodingSealedGetBytesSystemString', ID = '4045'
Method 'SystemInt32SystemTextUTF8EncodingGetByteCountSystemString', ID = '4046'
Method 'SystemInt32SystemTextUTF8EncodingGetBytesSystemStringSystemInt32SystemInt32SystemBytearraySystemInt32', ID = '4047'
Method 'SystemInt32SystemTextUTF8EncodingGetByteCountSystemChararraySystemInt32SystemInt32', ID = '4048'
Method 'SystemInt32SystemTextUTF8EncodingGetBytesSystemChararraySystemInt32SystemInt32SystemBytearraySystemInt32', ID = '4049'
Method 'SystemVoidSystemTextUTF8Encodingctor', ID = '4050'
Method 'SystemInt32SystemTextASCIIEncodingGetByteCountFastSystemCharpointerSystemInt32SystemTextEncoderFallbackSystemInt32', ID = '4051'
Method 'SystemInt32SystemTextUTF8EncodingGetByteCountFastSystemCharpointerSystemInt32SystemTextEncoderFallbackSystemInt32', ID = '4052'
Method 'SystemExceptionSystemNotImplementedget_ByDesign', ID = '4053'
Method 'SystemVoidSystemReadOnlySpan1SystemCharctorSystemVoidpointerSystemInt32', ID = '4054'
Method 'SystemReadOnlySpan1SystemCharSystemReadOnlySpan1SystemCharSliceSystemInt32', ID = '4055'
Method 'SystemInt32SystemTextEncodingGetByteCountWithFallbackSystemReadOnlySpan1SystemCharSystemInt32SystemTextEncoderNLS', ID = '4056'
Method 'SystemStringSystemPrivateCoreLibSystemSRget_Argument_ConversionOverflow', ID = '4057'
Method 'SystemInt32SystemTextASCIIEncodingGetBytesFastSystemCharpointerSystemInt32SystemBytepointerSystemInt32SystemInt32', ID = '4058'
Method 'SystemInt32SystemTextUTF8EncodingGetBytesFastSystemCharpointerSystemInt32SystemBytepointerSystemInt32SystemInt32', ID = '4059'
Method 'SystemSpan1SystemByteSystemSpan1SystemByteSliceSystemInt32', ID = '4060'
Method 'SystemInt32SystemTextEncodingGetBytesWithFallbackSystemReadOnlySpan1SystemCharSystemInt32SystemSpan1SystemByteSystemInt32SystemTextEncoderNLS', ID = '4061'
Method 'SystemVoidCosmosCoreMemoryOperationsFillSystemUInt16pointerSystemUInt16SystemInt32', ID = '4063'
Method 'SystemBooleanSystemGuidEqualsCoreSystemGuidSystemGuid', ID = '4064'
Method 'SystemInt32InternalRuntimeCompilerServicesUnsafeAsRefSystemInt32SystemInt32', ID = '4065'
Method 'SystemBooleanSystemGuidTryFormatSystemSpan1SystemCharSystemInt32SystemReadOnlySpan1SystemChar', ID = '4066'
Method 'SystemStringSystemPrivateCoreLibSystemSRget_Format_InvalidGuidFormatSpecification', ID = '4067'
Method 'SystemBooleanSystemReflectionModulecompilergeneratedccctorb__62_0SystemTypeSystemObject', ID = '4070'
Method 'SystemVoidCosmosCore_AsmDelegateImplCtorSystemObjectSystemIntPtr', ID = '1837'
Method 'SystemBooleanSystemReflectionModulecompilergeneratedccctorb__62_1SystemTypeSystemObject', ID = '4073'
Method 'SystemStringCosmosCore_PlugsSystemReflectionModuleImplToString', ID = '4075'
Method 'SystemVoidSystemCollectionsGenericDictionary2SystemStringSystemReflectionAssemblyctor', ID = '4076'
Method 'SystemVoidSystemCollectionsGenericList1SystemStringctor', ID = '4078'
Method 'SystemStringSystemReflectionAssemblyget_FullName', ID = '4080'
Method 'SystemInt32SystemRuntimeIntrinsicsVector1281SystemDoubleget_Count', ID = '4082'
Method 'SystemDoubleSystemRuntimeIntrinsicsVector128GetElementSystemDoubleSystemRuntimeIntrinsicsVector1281SystemDoubleSystemInt32', ID = '4083'
Method 'SystemBooleanSystemRuntimeIntrinsicsVector1281SystemDoubleEqualsSystemRuntimeIntrinsicsVector1281SystemDouble', ID = '4084'
Method 'SystemInt32SystemRuntimeIntrinsicsVector1281SystemInt64get_Count', ID = '4085'
Method 'SystemInt64SystemRuntimeIntrinsicsVector128GetElementSystemInt64SystemRuntimeIntrinsicsVector1281SystemInt64SystemInt32', ID = '4086'
Method 'SystemBooleanSystemRuntimeIntrinsicsVector1281SystemInt64EqualsSystemRuntimeIntrinsicsVector1281SystemInt64', ID = '4087'
Method 'SystemVoidSystemTextValueStringBuilderAppendSystemReadOnlySpan1SystemChar', ID = '4089'
Method 'SystemStringCosmosCore_PlugsSystemStringImplFormatHelperSystemIFormatProviderSystemStringSystemObjectarray', ID = '4090'
Method 'SystemVoidSystemTextValueStringBuilderGrowAndAppendSystemChar', ID = '4092'
Method 'SystemByteInternalRuntimeCompilerServicesUnsafeAsSystemRuntimeIntrinsicsVector1281SystemByteSystemByteSystemRuntimeIntrinsicsVector1281SystemByte', ID = '4093'
Method 'SystemVoidSystemTextValueStringBuilderAppendSlowSystemString', ID = '4094'
Method 'SystemBooleanSystemRuntimeIntrinsicsX86Sseget_IsSupported', ID = '4095'
Method 'SystemRuntimeIntrinsicsVector1281SystemSingleSystemRuntimeIntrinsicsVector128AsSingleSystemByteSystemRuntimeIntrinsicsVector1281SystemByte', ID = '4096'
Method 'SystemRuntimeIntrinsicsVector1281SystemSingleSystemRuntimeIntrinsicsX86SseCompareEqualSystemRuntimeIntrinsicsVector1281SystemSingleSystemRuntimeIntrinsicsVector1281SystemSingle', ID = '4097'
Method 'SystemInt32SystemRuntimeIntrinsicsX86SseMoveMaskSystemRuntimeIntrinsicsVector1281SystemSingle', ID = '4098'
Method 'SystemRuntimeIntrinsicsVector1281SystemDoubleSystemRuntimeIntrinsicsVector128AsDoubleSystemByteSystemRuntimeIntrinsicsVector1281SystemByte', ID = '4099'
Method 'SystemRuntimeIntrinsicsVector1281SystemDoubleSystemRuntimeIntrinsicsX86Sse2CompareEqualSystemRuntimeIntrinsicsVector1281SystemDoubleSystemRuntimeIntrinsicsVector1281SystemDouble', ID = '4100'
Method 'SystemInt32SystemRuntimeIntrinsicsX86Sse2MoveMaskSystemRuntimeIntrinsicsVector1281SystemDouble', ID = '4101'
Method 'SystemRuntimeIntrinsicsVector1281SystemByteSystemRuntimeIntrinsicsVector128AsByteSystemByteSystemRuntimeIntrinsicsVector1281SystemByte', ID = '4102'
Method 'SystemBooleanSystemRuntimeIntrinsicsVector1281SystemByteEqualsg__SoftwareFallbacksLine12_0SystemRuntimeIntrinsicsVector1281SystemByteSystemRuntimeIntrinsicsVector1281SystemByte', ID = '4103'
Method 'SystemVoidSystemHashCodecctor', ID = '4104'
Method 'SystemBooleanSystemHashCodeEqualsSystemObject', ID = '4105'
Method 'SystemInt32SystemHashCodeGetHashCode', ID = '4106'
Method 'SystemVoidSystemHashCodeAddSystemInt32', ID = '4107'
Method 'SystemUInt32SystemHashCodeMixStateSystemUInt32SystemUInt32SystemUInt32SystemUInt32', ID = '4108'
Method 'SystemUInt32SystemHashCodeMixEmptyState', ID = '4109'
Method 'SystemUInt32SystemHashCodeQueueRoundSystemUInt32SystemUInt32', ID = '4110'
Method 'SystemUInt32SystemHashCodeMixFinalSystemUInt32', ID = '4111'
Method 'SystemStringCosmosSystem_PlugsSystemSByteImplToString', ID = '4112'
Method 'SystemStringCosmosSystem_PlugsSystemSByteImplToStringSystemStringSystemIFormatProvider', ID = '4113'
Method 'SystemStringCosmosSystem_PlugsSystemSingleImplToString', ID = '4114'
Method 'SystemBooleanSystemSingleIsNaNSystemSingle', ID = '4115'
Method 'SystemSingleInternalRuntimeCompilerServicesUnsafeAsRefSystemSingleSystemSingle', ID = '4116'
Method 'SystemInt32InternalRuntimeCompilerServicesUnsafeAsSystemSingleSystemInt32SystemSingle', ID = '4117'
Method 'SystemBooleanSystemNumberTryFormatSingleSystemSingleSystemReadOnlySpan1SystemCharSystemGlobalizationNumberFormatInfoSystemSpan1SystemCharSystemInt32', ID = '4118'
Method 'SystemStringCosmosSystem_PlugsSystemSingleImplToStringSystemStringSystemIFormatProvider', ID = '4119'
Method 'SystemGlobalizationCultureInfoCosmosCore_PlugsSystemGlobalizationCultureInfoImplget_CurrentCulture', ID = '4120'
Method 'SystemTextStringBuilderSystemTextStringBuilderAppendSystemCharSystemInt32', ID = '4122'
Method 'SystemVoidSystemTextStringBuilderAppendHelperSystemString', ID = '4123'
Method 'SystemByteInternalRuntimeCompilerServicesUnsafeAsSystemRuntimeIntrinsicsVector2561SystemByteSystemByteSystemRuntimeIntrinsicsVector2561SystemByte', ID = '4125'
Method 'SystemRuntimeIntrinsicsVector2561SystemSingleSystemRuntimeIntrinsicsVector256AsSingleSystemByteSystemRuntimeIntrinsicsVector2561SystemByte', ID = '4126'
Method 'SystemRuntimeIntrinsicsVector2561SystemSingleSystemRuntimeIntrinsicsX86AvxCompareSystemRuntimeIntrinsicsVector2561SystemSingleSystemRuntimeIntrinsicsVector2561SystemSin194B7C9CFC0435A9CFC4A99C60700255', ID = '4127'
Method 'SystemInt32SystemRuntimeIntrinsicsX86AvxMoveMaskSystemRuntimeIntrinsicsVector2561SystemSingle', ID = '4128'
Method 'SystemRuntimeIntrinsicsVector2561SystemDoubleSystemRuntimeIntrinsicsVector256AsDoubleSystemByteSystemRuntimeIntrinsicsVector2561SystemByte', ID = '4129'
Method 'SystemRuntimeIntrinsicsVector2561SystemDoubleSystemRuntimeIntrinsicsX86AvxCompareSystemRuntimeIntrinsicsVector2561SystemDoubleSystemRuntimeIntrinsicsVector2561SystemDou3C1677C47297F50B2DF9627913CB49DE', ID = '4130'
Method 'SystemInt32SystemRuntimeIntrinsicsX86AvxMoveMaskSystemRuntimeIntrinsicsVector2561SystemDouble', ID = '4131'
Method 'SystemRuntimeIntrinsicsVector2561SystemByteSystemRuntimeIntrinsicsVector256AsByteSystemByteSystemRuntimeIntrinsicsVector2561SystemByte', ID = '4132'
Method 'SystemBooleanSystemRuntimeIntrinsicsVector2561SystemByteEqualsg__SoftwareFallbacksLine14_0SystemRuntimeIntrinsicsVector2561SystemByteSystemRuntimeIntrinsicsVector2561SystemByte', ID = '4133'
Method 'SystemStringSystemReadOnlySpan1SystemByteToString', ID = '4137'
Method 'SystemBooleanSystemReadOnlySpan1SystemByteEqualsSystemObject', ID = '4138'
Method 'SystemInt32SystemReadOnlySpan1SystemByteGetHashCode', ID = '4139'
Method 'SystemVoidSystemByReference1SystemBytectorSystemByte', ID = '4141'
Method 'SystemRuntimeIntrinsicsVector1281SystemInt32SystemRuntimeIntrinsicsVector128CreateScalarUnsafeSystemInt32', ID = '4142'
Method 'SystemRuntimeIntrinsicsVector1281SystemSingleSystemRuntimeIntrinsicsVector128AsSingleSystemInt32SystemRuntimeIntrinsicsVector1281SystemInt32', ID = '4143'
Method 'SystemSingleSystemRuntimeIntrinsicsVector128ToScalarSystemSingleSystemRuntimeIntrinsicsVector1281SystemSingle', ID = '4144'
Method 'SystemRuntimeIntrinsicsVector1281SystemInt64SystemRuntimeIntrinsicsVector128CreateScalarUnsafeSystemInt64', ID = '4145'
Method 'SystemRuntimeIntrinsicsVector1281SystemDoubleSystemRuntimeIntrinsicsVector128AsDoubleSystemInt64SystemRuntimeIntrinsicsVector1281SystemInt64', ID = '4146'
Method 'SystemDoubleSystemRuntimeIntrinsicsVector128ToScalarSystemDoubleSystemRuntimeIntrinsicsVector1281SystemDouble', ID = '4147'
Method 'SystemUIntPtrSystemUIntPtrop_ExplicitSystemUInt64', ID = '4148'
Method 'SystemBooleanSystemNumericsVector1SystemUInt64EqualsSystemNumericsVector1SystemUInt64', ID = '4149'
Method 'SystemVoidSystemHashCodeAddSystemUInt64SystemUInt64', ID = '4150'
Method 'SystemBooleanCosmosCore_PlugsRuntimeIntrinsicsX86X64X86BaseImplget_IsSupported', ID = '4153'
Method 'SystemUInt16InternalRuntimeCompilerServicesUnsafeAsSystemRuntimeIntrinsicsVector1281SystemUInt16SystemUInt16SystemRuntimeIntrinsicsVector1281SystemUInt16', ID = '4154'
Method 'SystemUInt16InternalRuntimeCompilerServicesUnsafeAddSystemUInt16SystemUInt16SystemInt32', ID = '4155'
Method 'SystemRuntimeIntrinsicsVector1281SystemSingleSystemRuntimeIntrinsicsVector128AsSingleSystemUInt16SystemRuntimeIntrinsicsVector1281SystemUInt16', ID = '4156'
Method 'SystemRuntimeIntrinsicsVector1281SystemDoubleSystemRuntimeIntrinsicsVector128AsDoubleSystemUInt16SystemRuntimeIntrinsicsVector1281SystemUInt16', ID = '4157'
Method 'SystemBooleanSystemRuntimeIntrinsicsVector1281SystemUInt16Equalsg__SoftwareFallbacksLine12_0SystemRuntimeIntrinsicsVector1281SystemUInt16SystemRuntimeIntrinsicsVector1281SystemUInt16', ID = '4158'
Method 'SystemUInt16InternalRuntimeCompilerServicesUnsafeAsSystemRuntimeIntrinsicsVector2561SystemUInt16SystemUInt16SystemRuntimeIntrinsicsVector2561SystemUInt16', ID = '4159'
Method 'SystemRuntimeIntrinsicsVector2561SystemSingleSystemRuntimeIntrinsicsVector256AsSingleSystemUInt16SystemRuntimeIntrinsicsVector2561SystemUInt16', ID = '4160'
Method 'SystemRuntimeIntrinsicsVector2561SystemDoubleSystemRuntimeIntrinsicsVector256AsDoubleSystemUInt16SystemRuntimeIntrinsicsVector2561SystemUInt16', ID = '4161'
Method 'SystemBooleanSystemRuntimeIntrinsicsVector2561SystemUInt16Equalsg__SoftwareFallbacksLine14_0SystemRuntimeIntrinsicsVector2561SystemUInt16SystemRuntimeIntrinsicsVector2561SystemUInt16', ID = '4162'
Method 'SystemVoidCosmosIL2CPUSZArrayImpl1GetEnumeratord__0SystemInt32SystemIDisposableDispose', ID = '4166'
Method 'SystemBooleanCosmosIL2CPUSZArrayImpl1GetEnumeratord__0SystemInt32MoveNext', ID = '4167'
Method 'SystemVoidCosmosIL2CPUSZArrayImpl1GetEnumeratord__0SystemInt64SystemIDisposableDispose', ID = '4171'
Method 'SystemBooleanCosmosIL2CPUSZArrayImpl1GetEnumeratord__0SystemInt64MoveNext', ID = '4172'
Method 'SystemVoidCosmosCore_PlugsSystemCollectionsGenericByteEqualityComparerctor', ID = '4174'
Method 'SystemVoidCosmosCore_PlugsSystemCollectionsGenericSByteEqualityComparerctor', ID = '4175'
Method 'SystemVoidCosmosCore_PlugsSystemCollectionsGenericStringEqualityComparerctor', ID = '4176'
Method 'SystemVoidCosmosCore_PlugsSystemCollectionsGenericInt32EqualityComparerctor', ID = '4177'
Method 'SystemVoidCosmosCore_PlugsSystemCollectionsGenericUInt32EqualityComparerctor', ID = '4178'
Method 'SystemVoidCosmosCore_PlugsSystemCollectionsGenericInt64EqualityComparerctor', ID = '4179'
Method 'SystemVoidCosmosCore_PlugsSystemCollectionsGenericUInt64EqualityComparerctor', ID = '4180'
Method 'SystemVoidCosmosCore_PlugsSystemCollectionsGenericCharEqualityComparerctor', ID = '4181'
Method 'SystemVoidCosmosCore_PlugsSystemCollectionsGenericInt16EqualityComparerctor', ID = '4182'
Method 'SystemVoidCosmosCore_PlugsSystemCollectionsGenericUInt16EqualityComparerctor', ID = '4183'
Method 'SystemVoidCosmosCore_PlugsSystemCollectionsGenericGuidEqualityComparerctor', ID = '4184'
Method 'SystemVoidCosmosCore_PlugsSystemCollectionsGenericObjectEqualityComparerctor', ID = '4185'
Method 'SystemUInt64CosmosCore_PlugsSystemMarvinImplGenerateSeed', ID = '4186'
Method 'SystemCollectionsGenericIEnumerator1SystemCollectionsGenericDictionary2EntrySystemStringSystemBooleanSystemSZArrayHelperGetEnumeratorSystemCollectionsGenericDictionary2EntrySystemStringSystemBoolean', ID = '4187'
Method 'SystemVoidSystemSZArrayHelperCopyToSystemCollectionsGenericDictionary2EntrySystemStringSystemBooleanSystemCollectionsGenericDictionary2EntrySystemStringSystemBooleanarraySystemInt32', ID = '4188'
Method 'SystemInt32SystemSZArrayHelperget_CountSystemCollectionsGenericDictionary2EntrySystemStringSystemBoolean', ID = '4189'
Method 'SystemCollectionsGenericDictionary2EntrySystemStringSystemBooleanSystemSZArrayHelperget_ItemSystemCollectionsGenericDictionary2EntrySystemStringSystemBooleanSystemInt32', ID = '4190'
Method 'SystemVoidSystemSZArrayHelperset_ItemSystemCollectionsGenericDictionary2EntrySystemStringSystemBooleanSystemInt32SystemCollectionsGenericDictionary2EntrySystemStringSystemBoolean', ID = '4191'
Method 'SystemVoidSystemSZArrayHelperAddSystemCollectionsGenericDictionary2EntrySystemStringSystemBooleanSystemCollectionsGenericDictionary2EntrySystemStringSystemBoolean', ID = '4192'
Method 'SystemBooleanSystemSZArrayHelperContainsSystemCollectionsGenericDictionary2EntrySystemStringSystemBooleanSystemCollectionsGenericDictionary2EntrySystemStringSystemBoolean', ID = '4193'
Method 'SystemBooleanSystemSZArrayHelperget_IsReadOnlySystemCollectionsGenericDictionary2EntrySystemStringSystemBoolean', ID = '4194'
Method 'SystemVoidSystemSZArrayHelperClearSystemCollectionsGenericDictionary2EntrySystemStringSystemBoolean', ID = '4195'
Method 'SystemInt32SystemSZArrayHelperIndexOfSystemCollectionsGenericDictionary2EntrySystemStringSystemBooleanSystemCollectionsGenericDictionary2EntrySystemStringSystemBoolean', ID = '4196'
Method 'SystemVoidSystemSZArrayHelperInsertSystemCollectionsGenericDictionary2EntrySystemStringSystemBooleanSystemInt32SystemCollectionsGenericDictionary2EntrySystemStringSystemBoolean', ID = '4197'
Method 'SystemBooleanSystemSZArrayHelperRemoveSystemCollectionsGenericDictionary2EntrySystemStringSystemBooleanSystemCollectionsGenericDictionary2EntrySystemStringSystemBoolean', ID = '4198'
Method 'SystemVoidSystemSZArrayHelperRemoveAtSystemCollectionsGenericDictionary2EntrySystemStringSystemBooleanSystemInt32', ID = '4199'
Method 'SystemInt32SystemCollectionsGenericNonRandomizedStringEqualityComparerGetHashCodeSystemString', ID = '4213'
Method 'SystemInt32SystemOrdinalCaseSensitiveComparerGetHashCodeSystemString', ID = '4215'
Method 'SystemInt32SystemOrdinalIgnoreCaseComparerGetHashCodeSystemString', ID = '4216'
Method 'SystemInt32SystemOrdinalComparerGetHashCodeSystemString', ID = '4217'
Method 'SystemBooleanSystemCollectionsGenericNonRandomizedStringEqualityComparerEqualsSystemStringSystemString', ID = '4219'
Method 'SystemBooleanSystemOrdinalCaseSensitiveComparerEqualsSystemStringSystemString', ID = '4221'
Method 'SystemBooleanSystemOrdinalIgnoreCaseComparerEqualsSystemStringSystemString', ID = '4222'
Method 'SystemBooleanSystemOrdinalComparerEqualsSystemStringSystemString', ID = '4223'
Method 'SystemCollectionsGenericDictionary2EntrySystemStringSystemObjectInternalRuntimeCompilerServicesUnsafeNullRefSystemCollectionsGenericDictionary2EntrySystemStringSystemObject', ID = '4232'
Method 'SystemInt32SystemCollectionsGenericDictionary2SystemStringSystemObjectGetBucketSystemUInt32', ID = '4233'
Method 'SystemObjectInternalRuntimeCompilerServicesUnsafeNullRefSystemObject', ID = '4235'
Method 'SystemBooleanSystemCharIsWhiteSpaceSystemChar', ID = '4236'
Method 'SystemReadOnlySpan1SystemCharSystemReadOnlySpan1SystemCharSliceSystemInt32SystemInt32', ID = '4237'
Method 'SystemVoidSystemCollectionsGenericEqualityComparer1CosmosHALPCIBaseAddressBarcctor', ID = '4238'
Method 'SystemVoidSystemCollectionsGenericList1CosmosHALPCIDeviceset_CapacitySystemInt32', ID = '4240'
Method 'SystemCollectionsGenericIEnumerator1SystemUInt16SystemSZArrayHelperGetEnumeratorSystemUInt16', ID = '4241'
Method 'SystemVoidSystemSZArrayHelperCopyToSystemUInt16SystemUInt16arraySystemInt32', ID = '4242'
Method 'SystemInt32SystemSZArrayHelperget_CountSystemUInt16', ID = '4243'
Method 'SystemUInt16SystemSZArrayHelperget_ItemSystemUInt16SystemInt32', ID = '4244'
Method 'SystemVoidSystemSZArrayHelperset_ItemSystemUInt16SystemInt32SystemUInt16', ID = '4245'
Method 'SystemVoidSystemSZArrayHelperAddSystemUInt16SystemUInt16', ID = '4246'
Method 'SystemBooleanSystemSZArrayHelperContainsSystemUInt16SystemUInt16', ID = '4247'
Method 'SystemBooleanSystemSZArrayHelperget_IsReadOnlySystemUInt16', ID = '4248'
Method 'SystemVoidSystemSZArrayHelperClearSystemUInt16', ID = '4249'
Method 'SystemInt32SystemSZArrayHelperIndexOfSystemUInt16SystemUInt16', ID = '4250'
Method 'SystemVoidSystemSZArrayHelperInsertSystemUInt16SystemInt32SystemUInt16', ID = '4251'
Method 'SystemBooleanSystemSZArrayHelperRemoveSystemUInt16SystemUInt16', ID = '4252'
Method 'SystemVoidSystemSZArrayHelperRemoveAtSystemUInt16SystemInt32', ID = '4253'
Method 'SystemUInt16CosmosCore_AsmIOPortImplRead16SystemUInt16', ID = '4260'
Method 'SystemUInt16InternalRuntimeCompilerServicesUnsafeAsSystemByteSystemUInt16SystemByte', ID = '4261'
Method 'SystemStringSystemTextUTF8EncodingUTF8EncodingSealedGetStringSystemBytearray', ID = '4262'
Method 'SystemStringSystemTextEncodingGetStringSystemBytearraySystemInt32SystemInt32', ID = '4263'
Method 'SystemVoidSystemThrowHelperThrowArgumentExceptionSystemExceptionResourceSystemExceptionArgument', ID = '4264'
Method 'SystemInt64InternalRuntimeCompilerServicesUnsafeReadUnalignedSystemInt64SystemByte', ID = '4265'
Method 'SystemVoidSystemReadOnlySpan1SystemBytectorSystemBytearray', ID = '4266'
Method 'SystemVoidSystemGuidctorSystemReadOnlySpan1SystemByte', ID = '4267'
Method 'SystemVoidSystemCollectionsGenericList1CosmosHALBlockDeviceGPTGPartInfoAddWithResizeCosmosHALBlockDeviceGPTGPartInfo', ID = '4268'
Method 'SystemCollectionsGenericIEnumerator1CosmosHALBlockDeviceGPTGPartInfoSystemSZArrayHelperGetEnumeratorCosmosHALBlockDeviceGPTGPartInfo', ID = '4269'
Method 'SystemVoidSystemSZArrayHelperCopyToCosmosHALBlockDeviceGPTGPartInfoCosmosHALBlockDeviceGPTGPartInfoarraySystemInt32', ID = '4270'
Method 'SystemInt32SystemSZArrayHelperget_CountCosmosHALBlockDeviceGPTGPartInfo', ID = '4271'
Method 'CosmosHALBlockDeviceGPTGPartInfoSystemSZArrayHelperget_ItemCosmosHALBlockDeviceGPTGPartInfoSystemInt32', ID = '4272'
Method 'SystemVoidSystemSZArrayHelperset_ItemCosmosHALBlockDeviceGPTGPartInfoSystemInt32CosmosHALBlockDeviceGPTGPartInfo', ID = '4273'
Method 'SystemVoidSystemSZArrayHelperAddCosmosHALBlockDeviceGPTGPartInfoCosmosHALBlockDeviceGPTGPartInfo', ID = '4274'
Method 'SystemBooleanSystemSZArrayHelperContainsCosmosHALBlockDeviceGPTGPartInfoCosmosHALBlockDeviceGPTGPartInfo', ID = '4275'
Method 'SystemBooleanSystemSZArrayHelperget_IsReadOnlyCosmosHALBlockDeviceGPTGPartInfo', ID = '4276'
Method 'SystemVoidSystemSZArrayHelperClearCosmosHALBlockDeviceGPTGPartInfo', ID = '4277'
Method 'SystemInt32SystemSZArrayHelperIndexOfCosmosHALBlockDeviceGPTGPartInfoCosmosHALBlockDeviceGPTGPartInfo', ID = '4278'
Method 'SystemVoidSystemSZArrayHelperInsertCosmosHALBlockDeviceGPTGPartInfoSystemInt32CosmosHALBlockDeviceGPTGPartInfo', ID = '4279'
Method 'SystemBooleanSystemSZArrayHelperRemoveCosmosHALBlockDeviceGPTGPartInfoCosmosHALBlockDeviceGPTGPartInfo', ID = '4280'
Method 'SystemVoidSystemSZArrayHelperRemoveAtCosmosHALBlockDeviceGPTGPartInfoSystemInt32', ID = '4281'
Method 'SystemVoidSystemCollectionsGenericList1CosmosHALBlockDeviceMBRPartInfoAddWithResizeCosmosHALBlockDeviceMBRPartInfo', ID = '4283'
Method 'SystemCollectionsGenericIEnumerator1CosmosHALBlockDeviceMBRPartInfoSystemSZArrayHelperGetEnumeratorCosmosHALBlockDeviceMBRPartInfo', ID = '4284'
Method 'SystemVoidSystemSZArrayHelperCopyToCosmosHALBlockDeviceMBRPartInfoCosmosHALBlockDeviceMBRPartInfoarraySystemInt32', ID = '4285'
Method 'SystemInt32SystemSZArrayHelperget_CountCosmosHALBlockDeviceMBRPartInfo', ID = '4286'
Method 'CosmosHALBlockDeviceMBRPartInfoSystemSZArrayHelperget_ItemCosmosHALBlockDeviceMBRPartInfoSystemInt32', ID = '4287'
Method 'SystemVoidSystemSZArrayHelperset_ItemCosmosHALBlockDeviceMBRPartInfoSystemInt32CosmosHALBlockDeviceMBRPartInfo', ID = '4288'
Method 'SystemVoidSystemSZArrayHelperAddCosmosHALBlockDeviceMBRPartInfoCosmosHALBlockDeviceMBRPartInfo', ID = '4289'
Method 'SystemBooleanSystemSZArrayHelperContainsCosmosHALBlockDeviceMBRPartInfoCosmosHALBlockDeviceMBRPartInfo', ID = '4290'
Method 'SystemBooleanSystemSZArrayHelperget_IsReadOnlyCosmosHALBlockDeviceMBRPartInfo', ID = '4291'
Method 'SystemVoidSystemSZArrayHelperClearCosmosHALBlockDeviceMBRPartInfo', ID = '4292'
Method 'SystemInt32SystemSZArrayHelperIndexOfCosmosHALBlockDeviceMBRPartInfoCosmosHALBlockDeviceMBRPartInfo', ID = '4293'
Method 'SystemVoidSystemSZArrayHelperInsertCosmosHALBlockDeviceMBRPartInfoSystemInt32CosmosHALBlockDeviceMBRPartInfo', ID = '4294'
Method 'SystemBooleanSystemSZArrayHelperRemoveCosmosHALBlockDeviceMBRPartInfoCosmosHALBlockDeviceMBRPartInfo', ID = '4295'
Method 'SystemVoidSystemSZArrayHelperRemoveAtCosmosHALBlockDeviceMBRPartInfoSystemInt32', ID = '4296'
Method 'SystemUInt16SystemBitConverterToUInt16SystemBytearraySystemInt32', ID = '4299'
Method 'SystemVoidSystemCollectionsGenericList1CosmosHALBlockDeviceEBRPartInfoAddWithResizeCosmosHALBlockDeviceEBRPartInfo', ID = '4301'
Method 'SystemCollectionsGenericIEnumerator1CosmosHALBlockDeviceEBRPartInfoSystemSZArrayHelperGetEnumeratorCosmosHALBlockDeviceEBRPartInfo', ID = '4302'
Method 'SystemVoidSystemSZArrayHelperCopyToCosmosHALBlockDeviceEBRPartInfoCosmosHALBlockDeviceEBRPartInfoarraySystemInt32', ID = '4303'
Method 'SystemInt32SystemSZArrayHelperget_CountCosmosHALBlockDeviceEBRPartInfo', ID = '4304'
Method 'CosmosHALBlockDeviceEBRPartInfoSystemSZArrayHelperget_ItemCosmosHALBlockDeviceEBRPartInfoSystemInt32', ID = '4305'
Method 'SystemVoidSystemSZArrayHelperset_ItemCosmosHALBlockDeviceEBRPartInfoSystemInt32CosmosHALBlockDeviceEBRPartInfo', ID = '4306'
Method 'SystemVoidSystemSZArrayHelperAddCosmosHALBlockDeviceEBRPartInfoCosmosHALBlockDeviceEBRPartInfo', ID = '4307'
Method 'SystemBooleanSystemSZArrayHelperContainsCosmosHALBlockDeviceEBRPartInfoCosmosHALBlockDeviceEBRPartInfo', ID = '4308'
Method 'SystemBooleanSystemSZArrayHelperget_IsReadOnlyCosmosHALBlockDeviceEBRPartInfo', ID = '4309'
Method 'SystemVoidSystemSZArrayHelperClearCosmosHALBlockDeviceEBRPartInfo', ID = '4310'
Method 'SystemInt32SystemSZArrayHelperIndexOfCosmosHALBlockDeviceEBRPartInfoCosmosHALBlockDeviceEBRPartInfo', ID = '4311'
Method 'SystemVoidSystemSZArrayHelperInsertCosmosHALBlockDeviceEBRPartInfoSystemInt32CosmosHALBlockDeviceEBRPartInfo', ID = '4312'
Method 'SystemBooleanSystemSZArrayHelperRemoveCosmosHALBlockDeviceEBRPartInfoCosmosHALBlockDeviceEBRPartInfo', ID = '4313'
Method 'SystemVoidSystemSZArrayHelperRemoveAtCosmosHALBlockDeviceEBRPartInfoSystemInt32', ID = '4314'
Method 'SystemVoidSystemSZGenericArrayEnumerator1CosmosHALBlockDeviceBlockDevicecctor', ID = '4316'
Method 'SystemVoidSystemSZGenericArrayEnumerator1CosmosHALBlockDeviceBlockDeviceDispose', ID = '4317'
Method 'SystemBooleanSystemSZGenericArrayEnumerator1CosmosHALBlockDeviceBlockDeviceMoveNext', ID = '4318'
Method 'SystemBooleanSystemRuntimeCompilerServicesRuntimeHelpersIsBitwiseEquatableCosmosHALBlockDeviceBlockDevice', ID = '4319'
Method 'SystemInt32InternalRuntimeCompilerServicesUnsafeSizeOfCosmosHALBlockDeviceBlockDevice', ID = '4320'
Method 'SystemByteInternalRuntimeCompilerServicesUnsafeAsCosmosHALBlockDeviceBlockDeviceSystemByteCosmosHALBlockDeviceBlockDevice', ID = '4321'
Method 'SystemCharInternalRuntimeCompilerServicesUnsafeAsCosmosHALBlockDeviceBlockDeviceSystemCharCosmosHALBlockDeviceBlockDevice', ID = '4322'
Method 'SystemInt32InternalRuntimeCompilerServicesUnsafeAsCosmosHALBlockDeviceBlockDeviceSystemInt32CosmosHALBlockDeviceBlockDevice', ID = '4323'
Method 'SystemInt64InternalRuntimeCompilerServicesUnsafeAsCosmosHALBlockDeviceBlockDeviceSystemInt64CosmosHALBlockDeviceBlockDevice', ID = '4324'
Method 'SystemCollectionsGenericEqualityComparer1CosmosHALBlockDeviceBlockDeviceSystemCollectionsGenericEqualityComparer1CosmosHALBlockDeviceBlockDeviceget_Default', ID = '4325'
Method 'SystemInt32SystemCollectionsGenericEqualityComparer1CosmosHALBlockDeviceBlockDeviceIndexOfCosmosHALBlockDeviceBlockDevicearrayCosmosHALBlockDeviceBlockDeviceSystemInt32SystemInt32', ID = '4326'
Method 'SystemVoidCosmosIL2CPUSZArrayImpl1GetEnumeratord__0CosmosHALBlockDeviceBlockDevicectorSystemInt32', ID = '4327'
Method 'SystemVoidSystemSZGenericArrayEnumerator1CosmosHALBlockDevicePartitioncctor', ID = '4329'
Method 'SystemVoidSystemSZGenericArrayEnumerator1CosmosHALBlockDevicePartitionDispose', ID = '4330'
Method 'SystemBooleanSystemSZGenericArrayEnumerator1CosmosHALBlockDevicePartitionMoveNext', ID = '4331'
Method 'SystemBooleanSystemRuntimeCompilerServicesRuntimeHelpersIsBitwiseEquatableCosmosHALBlockDevicePartition', ID = '4332'
Method 'SystemInt32InternalRuntimeCompilerServicesUnsafeSizeOfCosmosHALBlockDevicePartition', ID = '4333'
Method 'SystemByteInternalRuntimeCompilerServicesUnsafeAsCosmosHALBlockDevicePartitionSystemByteCosmosHALBlockDevicePartition', ID = '4334'
Method 'SystemCharInternalRuntimeCompilerServicesUnsafeAsCosmosHALBlockDevicePartitionSystemCharCosmosHALBlockDevicePartition', ID = '4335'
Method 'SystemInt32InternalRuntimeCompilerServicesUnsafeAsCosmosHALBlockDevicePartitionSystemInt32CosmosHALBlockDevicePartition', ID = '4336'
Method 'SystemInt64InternalRuntimeCompilerServicesUnsafeAsCosmosHALBlockDevicePartitionSystemInt64CosmosHALBlockDevicePartition', ID = '4337'
Method 'SystemCollectionsGenericEqualityComparer1CosmosHALBlockDevicePartitionSystemCollectionsGenericEqualityComparer1CosmosHALBlockDevicePartitionget_Default', ID = '4338'
Method 'SystemInt32SystemCollectionsGenericEqualityComparer1CosmosHALBlockDevicePartitionIndexOfCosmosHALBlockDevicePartitionarrayCosmosHALBlockDevicePartitionSystemInt32SystemInt32', ID = '4339'
Method 'SystemVoidCosmosIL2CPUSZArrayImpl1GetEnumeratord__0CosmosHALBlockDevicePartitionctorSystemInt32', ID = '4340'
Method 'CosmosHALBlockDevicePortsStoragePortarrayInternalRuntimeCompilerServicesUnsafeAsCosmosHALBlockDevicePortsStoragePortarraySystemObject', ID = '4342'
Method 'SystemVoidSystemSZGenericArrayEnumerator1CosmosHALBlockDevicePortsStoragePortctorCosmosHALBlockDevicePortsStoragePortarray', ID = '4343'
Method 'SystemInt32SystemArrayIndexOfCosmosHALBlockDevicePortsStoragePortCosmosHALBlockDevicePortsStoragePortarrayCosmosHALBlockDevicePortsStoragePortSystemInt32SystemInt32', ID = '4346'
Method 'SystemCollectionsGenericIEnumerator1CosmosHALBlockDevicePortsStoragePortCosmosIL2CPUSZArrayImpl1CosmosHALBlockDevicePortsStoragePortGetEnumerator', ID = '4347'
Method 'SystemVoidCosmosIL2CPUSZArrayImpl1CosmosHALBlockDevicePortsStoragePortCopyToCosmosHALBlockDevicePortsStoragePortarraySystemInt32', ID = '4348'
Method 'SystemInt32CosmosIL2CPUSZArrayImpl1CosmosHALBlockDevicePortsStoragePortget_Count', ID = '4349'
Method 'CosmosHALBlockDevicePortsStoragePortCosmosIL2CPUSZArrayImpl1CosmosHALBlockDevicePortsStoragePortget_ItemSystemInt32', ID = '4350'
Method 'SystemVoidCosmosIL2CPUSZArrayImpl1CosmosHALBlockDevicePortsStoragePortset_ItemSystemInt32CosmosHALBlockDevicePortsStoragePort', ID = '4351'
Method 'SystemVoidCosmosIL2CPUSZArrayImpl1CosmosHALBlockDevicePortsStoragePortAddCosmosHALBlockDevicePortsStoragePort', ID = '4352'
Method 'SystemBooleanCosmosIL2CPUSZArrayImpl1CosmosHALBlockDevicePortsStoragePortContainsCosmosHALBlockDevicePortsStoragePort', ID = '4353'
Method 'SystemBooleanCosmosIL2CPUSZArrayImpl1CosmosHALBlockDevicePortsStoragePortget_IsReadOnly', ID = '4354'
Method 'SystemVoidCosmosIL2CPUSZArrayImpl1CosmosHALBlockDevicePortsStoragePortClear', ID = '4355'
Method 'SystemInt32CosmosIL2CPUSZArrayImpl1CosmosHALBlockDevicePortsStoragePortIndexOfCosmosHALBlockDevicePortsStoragePort', ID = '4356'
Method 'SystemVoidCosmosIL2CPUSZArrayImpl1CosmosHALBlockDevicePortsStoragePortInsertSystemInt32CosmosHALBlockDevicePortsStoragePort', ID = '4357'
Method 'SystemVoidCosmosIL2CPUSZArrayImpl1CosmosHALBlockDevicePortsStoragePortRemoveAtSystemInt32', ID = '4358'
Method 'SystemBooleanCosmosIL2CPUSZArrayImpl1CosmosHALBlockDevicePortsStoragePortget_IsFixedSize', ID = '4359'
Method 'SystemVoidCosmosIL2CPUSZArrayImpl1CosmosHALBlockDevicePortsStoragePortRemoveCosmosHALBlockDevicePortsStoragePort', ID = '4360'
Method 'SystemObjectCosmosIL2CPUSZArrayImpl1CosmosHALBlockDevicePortsStoragePortget_SyncRoot', ID = '4361'
Method 'SystemBooleanCosmosIL2CPUSZArrayImpl1CosmosHALBlockDevicePortsStoragePortget_IsSynchronized', ID = '4362'
Method 'SystemRuntimeCompilerServicesRawDataInternalRuntimeCompilerServicesUnsafeAsSystemRuntimeCompilerServicesRawDataSystemObject', ID = '4363'
Method 'SystemBooleanSystemNumericsBitOperationsIsPow2SystemInt32', ID = '4365'
Method 'SystemUInt16InternalRuntimeCompilerServicesUnsafeAsSystemCharSystemUInt16SystemChar', ID = '4366'
Method 'SystemNumericsVector1SystemByteSystemNumericsVector1SystemUInt16op_ExplicitSystemNumericsVector1SystemUInt16', ID = '4367'
Method 'SystemUInt32InternalRuntimeCompilerServicesUnsafeAsSystemCharSystemUInt32SystemChar', ID = '4368'
Method 'SystemVoidSystemNumericsVector1SystemUInt32ctorSystemUInt32', ID = '4369'
Method 'SystemNumericsVector1SystemByteSystemNumericsVector1SystemUInt32op_ExplicitSystemNumericsVector1SystemUInt32', ID = '4370'
Method 'SystemVoidSystemNumericsVector1SystemSinglectorSystemSingle', ID = '4371'
Method 'SystemNumericsVector1SystemByteSystemNumericsVector1SystemSingleop_ExplicitSystemNumericsVector1SystemSingle', ID = '4372'
Method 'SystemUInt64InternalRuntimeCompilerServicesUnsafeAsSystemCharSystemUInt64SystemChar', ID = '4373'
Method 'SystemVoidSystemNumericsVector1SystemUInt64ctorSystemUInt64', ID = '4374'
Method 'SystemNumericsVector1SystemByteSystemNumericsVector1SystemUInt64op_ExplicitSystemNumericsVector1SystemUInt64', ID = '4375'
Method 'SystemVoidSystemNumericsVector1SystemDoublectorSystemDouble', ID = '4376'
Method 'SystemNumericsVector1SystemByteSystemNumericsVector1SystemDoubleop_ExplicitSystemNumericsVector1SystemDouble', ID = '4377'
Method 'SystemRuntimeIntrinsicsVector1281SystemByteInternalRuntimeCompilerServicesUnsafeAsSystemCharSystemRuntimeIntrinsicsVector1281SystemByteSystemChar', ID = '4378'
Method 'SystemNumericsVector1SystemByteSystemRuntimeIntrinsicsVector128AsVectorSystemByteSystemRuntimeIntrinsicsVector1281SystemByte', ID = '4379'
Method 'SystemRuntimeIntrinsicsVector2561SystemByteSystemRuntimeIntrinsicsVector256CreateSystemRuntimeIntrinsicsVector1281SystemByteSystemRuntimeIntrinsicsVector1281SystemByte', ID = '4380'
Method 'SystemNumericsVector1SystemByteSystemRuntimeIntrinsicsVector256AsVectorSystemByteSystemRuntimeIntrinsicsVector2561SystemByte', ID = '4381'
Method 'SystemRuntimeIntrinsicsVector2561SystemByteInternalRuntimeCompilerServicesUnsafeAsSystemCharSystemRuntimeIntrinsicsVector2561SystemByteSystemChar', ID = '4382'
Method 'SystemVoidInternalRuntimeCompilerServicesUnsafeWriteUnalignedSystemNumericsVector1SystemByteSystemByteSystemNumericsVector1SystemByte', ID = '4383'
Method 'SystemVoidCosmosCoreMemoryOperationsFillSystemBytepointerSystemByteSystemInt32', ID = '4384'
Method 'SystemCollectionsGenericIEnumerator1CosmosHALBlockDeviceRegistersHBACommandHeaderSystemSZArrayHelperGetEnumeratorCosmosHALBlockDeviceRegistersHBACommandHeader', ID = '4385'
Method 'SystemVoidSystemSZArrayHelperCopyToCosmosHALBlockDeviceRegistersHBACommandHeaderCosmosHALBlockDeviceRegistersHBACommandHeaderarraySystemInt32', ID = '4386'
Method 'SystemInt32SystemSZArrayHelperget_CountCosmosHALBlockDeviceRegistersHBACommandHeader', ID = '4387'
Method 'CosmosHALBlockDeviceRegistersHBACommandHeaderSystemSZArrayHelperget_ItemCosmosHALBlockDeviceRegistersHBACommandHeaderSystemInt32', ID = '4388'
Method 'SystemVoidSystemSZArrayHelperset_ItemCosmosHALBlockDeviceRegistersHBACommandHeaderSystemInt32CosmosHALBlockDeviceRegistersHBACommandHeader', ID = '4389'
Method 'SystemVoidSystemSZArrayHelperAddCosmosHALBlockDeviceRegistersHBACommandHeaderCosmosHALBlockDeviceRegistersHBACommandHeader', ID = '4390'
Method 'SystemBooleanSystemSZArrayHelperContainsCosmosHALBlockDeviceRegistersHBACommandHeaderCosmosHALBlockDeviceRegistersHBACommandHeader', ID = '4391'
Method 'SystemBooleanSystemSZArrayHelperget_IsReadOnlyCosmosHALBlockDeviceRegistersHBACommandHeader', ID = '4392'
Method 'SystemVoidSystemSZArrayHelperClearCosmosHALBlockDeviceRegistersHBACommandHeader', ID = '4393'
Method 'SystemInt32SystemSZArrayHelperIndexOfCosmosHALBlockDeviceRegistersHBACommandHeaderCosmosHALBlockDeviceRegistersHBACommandHeader', ID = '4394'
Method 'SystemVoidSystemSZArrayHelperInsertCosmosHALBlockDeviceRegistersHBACommandHeaderSystemInt32CosmosHALBlockDeviceRegistersHBACommandHeader', ID = '4395'
Method 'SystemBooleanSystemSZArrayHelperRemoveCosmosHALBlockDeviceRegistersHBACommandHeaderCosmosHALBlockDeviceRegistersHBACommandHeader', ID = '4396'
Method 'SystemVoidSystemSZArrayHelperRemoveAtCosmosHALBlockDeviceRegistersHBACommandHeaderSystemInt32', ID = '4397'
Method 'SystemVoidCosmosHALBlockDevicePortsSATASendSATA48CommandCosmosHALBlockDeviceRegistersATACommandsSystemUInt64SystemUInt32', ID = '4404'
Method 'SystemVoidCosmosCoreMemoryBlockRead8SystemBytearray', ID = '4405'
Method 'SystemUInt32CosmosHALBlockDeviceRegistersPortRegistersget_SACT', ID = '4406'
Method 'SystemVoidCosmosHALBlockDeviceRegistersHBAPRDTEntryctorSystemUInt32SystemUInt32', ID = '4408'
Method 'SystemVoidCosmosIL2CPUSZArrayImpl1GetEnumeratord__0SystemStringSystemIDisposableDispose', ID = '4411'
Method 'SystemBooleanCosmosIL2CPUSZArrayImpl1GetEnumeratord__0SystemStringMoveNext', ID = '4412'
Method 'SystemBytearrayarrayInternalRuntimeCompilerServicesUnsafeAsSystemBytearrayarraySystemObject', ID = '4414'
Method 'SystemVoidSystemSZGenericArrayEnumerator1SystemBytearrayctorSystemBytearrayarray', ID = '4415'
Method 'SystemInt32SystemArrayIndexOfSystemBytearraySystemBytearrayarraySystemBytearraySystemInt32SystemInt32', ID = '4418'
Method 'SystemCollectionsGenericIEnumerator1SystemBytearrayCosmosIL2CPUSZArrayImpl1SystemBytearrayGetEnumerator', ID = '4419'
Method 'SystemVoidCosmosIL2CPUSZArrayImpl1SystemBytearrayCopyToSystemBytearrayarraySystemInt32', ID = '4420'
Method 'SystemInt32CosmosIL2CPUSZArrayImpl1SystemBytearrayget_Count', ID = '4421'
Method 'SystemBytearrayCosmosIL2CPUSZArrayImpl1SystemBytearrayget_ItemSystemInt32', ID = '4422'
Method 'SystemVoidCosmosIL2CPUSZArrayImpl1SystemBytearrayset_ItemSystemInt32SystemBytearray', ID = '4423'
Method 'SystemVoidCosmosIL2CPUSZArrayImpl1SystemBytearrayAddSystemBytearray', ID = '4424'
Method 'SystemBooleanCosmosIL2CPUSZArrayImpl1SystemBytearrayContainsSystemBytearray', ID = '4425'
Method 'SystemBooleanCosmosIL2CPUSZArrayImpl1SystemBytearrayget_IsReadOnly', ID = '4426'
Method 'SystemVoidCosmosIL2CPUSZArrayImpl1SystemBytearrayClear', ID = '4427'
Method 'SystemInt32CosmosIL2CPUSZArrayImpl1SystemBytearrayIndexOfSystemBytearray', ID = '4428'
Method 'SystemVoidCosmosIL2CPUSZArrayImpl1SystemBytearrayInsertSystemInt32SystemBytearray', ID = '4429'
Method 'SystemVoidCosmosIL2CPUSZArrayImpl1SystemBytearrayRemoveAtSystemInt32', ID = '4430'
Method 'SystemBooleanCosmosIL2CPUSZArrayImpl1SystemBytearrayget_IsFixedSize', ID = '4431'
Method 'SystemVoidCosmosIL2CPUSZArrayImpl1SystemBytearrayRemoveSystemBytearray', ID = '4432'
Method 'SystemObjectCosmosIL2CPUSZArrayImpl1SystemBytearrayget_SyncRoot', ID = '4433'
Method 'SystemBooleanCosmosIL2CPUSZArrayImpl1SystemBytearrayget_IsSynchronized', ID = '4434'
Method 'SystemVoidSystemCollectionsGenericQueue1SystemBytearraySetCapacitySystemInt32', ID = '4435'
Method 'SystemByteCosmosHALDriversPCINetworkRTL8139get_Config1Register', ID = '4436'
Method 'SystemVoidSystemSZGenericArrayEnumerator1CosmosHALNetworkDevicecctor', ID = '4437'
Method 'SystemVoidSystemSZGenericArrayEnumerator1CosmosHALNetworkDeviceDispose', ID = '4438'
Method 'SystemBooleanSystemSZGenericArrayEnumerator1CosmosHALNetworkDeviceMoveNext', ID = '4439'
Method 'SystemBooleanSystemRuntimeCompilerServicesRuntimeHelpersIsBitwiseEquatableCosmosHALNetworkDevice', ID = '4440'
Method 'SystemInt32InternalRuntimeCompilerServicesUnsafeSizeOfCosmosHALNetworkDevice', ID = '4441'
Method 'SystemByteInternalRuntimeCompilerServicesUnsafeAsCosmosHALNetworkDeviceSystemByteCosmosHALNetworkDevice', ID = '4442'
Method 'SystemCharInternalRuntimeCompilerServicesUnsafeAsCosmosHALNetworkDeviceSystemCharCosmosHALNetworkDevice', ID = '4443'
Method 'SystemInt32InternalRuntimeCompilerServicesUnsafeAsCosmosHALNetworkDeviceSystemInt32CosmosHALNetworkDevice', ID = '4444'
Method 'SystemInt64InternalRuntimeCompilerServicesUnsafeAsCosmosHALNetworkDeviceSystemInt64CosmosHALNetworkDevice', ID = '4445'
Method 'SystemCollectionsGenericEqualityComparer1CosmosHALNetworkDeviceSystemCollectionsGenericEqualityComparer1CosmosHALNetworkDeviceget_Default', ID = '4446'
Method 'SystemInt32SystemCollectionsGenericEqualityComparer1CosmosHALNetworkDeviceIndexOfCosmosHALNetworkDevicearrayCosmosHALNetworkDeviceSystemInt32SystemInt32', ID = '4447'
Method 'SystemVoidCosmosIL2CPUSZArrayImpl1GetEnumeratord__0CosmosHALNetworkDevicectorSystemInt32', ID = '4448'
Method 'SystemVoidCosmosIL2CPUSZArrayImpl1GetEnumeratord__0SystemCollectionsGenericDictionary2EntrySystemUInt32CosmosHALNetworkDeviceSystemIDisposableDispose', ID = '4454'
Method 'SystemBooleanCosmosIL2CPUSZArrayImpl1GetEnumeratord__0SystemCollectionsGenericDictionary2EntrySystemUInt32CosmosHALNetworkDeviceMoveNext', ID = '4455'
Method 'SystemVoidSystemSZGenericArrayEnumerator1SystemCollectionsGenericKeyValuePair2SystemUInt32CosmosHALNetworkDevicecctor', ID = '4456'
Method 'SystemVoidSystemSZGenericArrayEnumerator1SystemCollectionsGenericKeyValuePair2SystemUInt32CosmosHALNetworkDeviceDispose', ID = '4457'
Method 'SystemBooleanSystemSZGenericArrayEnumerator1SystemCollectionsGenericKeyValuePair2SystemUInt32CosmosHALNetworkDeviceMoveNext', ID = '4458'
Method 'SystemStringSystemCollectionsGenericKeyValuePair2SystemUInt32CosmosHALNetworkDeviceToString', ID = '4459'
Method 'SystemBooleanSystemRuntimeCompilerServicesRuntimeHelpersIsBitwiseEquatableSystemCollectionsGenericKeyValuePair2SystemUInt32CosmosHALNetworkDevice', ID = '4460'
Method 'SystemInt32InternalRuntimeCompilerServicesUnsafeSizeOfSystemCollectionsGenericKeyValuePair2SystemUInt32CosmosHALNetworkDevice', ID = '4461'
Method 'SystemByteInternalRuntimeCompilerServicesUnsafeAsSystemCollectionsGenericKeyValuePair2SystemUInt32CosmosHALNetworkDeviceSystemByteSystemCollectionsGenericKeyValuePair2SA1DF097FC1C175168C28CAAC542F126F', ID = '4462'
Method 'SystemCharInternalRuntimeCompilerServicesUnsafeAsSystemCollectionsGenericKeyValuePair2SystemUInt32CosmosHALNetworkDeviceSystemCharSystemCollectionsGenericKeyValuePair2S760DCC5F3F01B3DCDE6D993C5B0EE7EE', ID = '4463'
Method 'SystemInt32InternalRuntimeCompilerServicesUnsafeAsSystemCollectionsGenericKeyValuePair2SystemUInt32CosmosHALNetworkDeviceSystemInt32SystemCollectionsGenericKeyValuePair198AAED7B8853634CFE2D16EBFE82D0B', ID = '4464'
Method 'SystemInt64InternalRuntimeCompilerServicesUnsafeAsSystemCollectionsGenericKeyValuePair2SystemUInt32CosmosHALNetworkDeviceSystemInt64SystemCollectionsGenericKeyValuePair91B9753D1D6F83B8CDD6A75D31C934F8', ID = '4465'
Method 'SystemCollectionsGenericEqualityComparer1SystemCollectionsGenericKeyValuePair2SystemUInt32CosmosHALNetworkDeviceSystemCollectionsGenericEqualityComparer1SystemCollectio5120DE966ED42F4859301EF16A9C0D65', ID = '4466'
Method 'SystemInt32SystemCollectionsGenericEqualityComparer1SystemCollectionsGenericKeyValuePair2SystemUInt32CosmosHALNetworkDeviceIndexOfSystemCollectionsGenericKeyValuePair2S828045C2AFF7B809CA07003AF5F02F33', ID = '4467'
Method 'SystemVoidCosmosIL2CPUSZArrayImpl1GetEnumeratord__0SystemCollectionsGenericKeyValuePair2SystemUInt32CosmosHALNetworkDevicectorSystemInt32', ID = '4468'
Method 'SystemDoubleCosmosSystem_PlugsSystemMathImplSqrtSystemDouble', ID = '4471'
Method 'SystemVoidCosmosCore_PlugsSystemRuntimeTypeImplCCtor', ID = '4472'
Method 'SystemStringSystemRuntimeTypeGetCachedNameSystemTypeNameKind', ID = '4473'
Method 'SystemStringCosmosCore_PlugsSystemRuntimeTypeImplget_Name', ID = '4474'
Method 'SystemStringSystemReflectionAssemblyCreateQualifiedNameSystemStringSystemString', ID = '4477'
Method 'SystemVoidSystemCollectionsGenericNonRandomizedStringEqualityComparerctorSystemCollectionsGenericIEqualityComparer1SystemString', ID = '4479'
Method 'SystemVoidSystemOrdinalCaseSensitiveComparerctor', ID = '4481'
Method 'SystemVoidSystemOrdinalIgnoreCaseComparerctor', ID = '4482'
Method 'SystemCollectionsGenericIEnumerator1CosmosHALKeyboardBaseSystemSZArrayHelperGetEnumeratorCosmosHALKeyboardBase', ID = '4483'
Method 'SystemVoidSystemSZArrayHelperCopyToCosmosHALKeyboardBaseCosmosHALKeyboardBasearraySystemInt32', ID = '4484'
Method 'SystemInt32SystemSZArrayHelperget_CountCosmosHALKeyboardBase', ID = '4485'
Method 'CosmosHALKeyboardBaseSystemSZArrayHelperget_ItemCosmosHALKeyboardBaseSystemInt32', ID = '4486'
Method 'SystemVoidSystemSZArrayHelperset_ItemCosmosHALKeyboardBaseSystemInt32CosmosHALKeyboardBase', ID = '4487'
Method 'SystemVoidSystemSZArrayHelperAddCosmosHALKeyboardBaseCosmosHALKeyboardBase', ID = '4488'
Method 'SystemBooleanSystemSZArrayHelperContainsCosmosHALKeyboardBaseCosmosHALKeyboardBase', ID = '4489'
Method 'SystemBooleanSystemSZArrayHelperget_IsReadOnlyCosmosHALKeyboardBase', ID = '4490'
Method 'SystemVoidSystemSZArrayHelperClearCosmosHALKeyboardBase', ID = '4491'
Method 'SystemInt32SystemSZArrayHelperIndexOfCosmosHALKeyboardBaseCosmosHALKeyboardBase', ID = '4492'
Method 'SystemVoidSystemSZArrayHelperInsertCosmosHALKeyboardBaseSystemInt32CosmosHALKeyboardBase', ID = '4493'
Method 'SystemBooleanSystemSZArrayHelperRemoveCosmosHALKeyboardBaseCosmosHALKeyboardBase', ID = '4494'
Method 'SystemVoidSystemSZArrayHelperRemoveAtCosmosHALKeyboardBaseSystemInt32', ID = '4495'
Method 'SystemVoidSystemCollectionsGenericList1CosmosSystemKeyMappingcctor', ID = '4497'
Method 'SystemVoidCosmosSystemScanMapsUS_StandardInitKeys', ID = '4504'
Method 'SystemCollectionsGenericIEnumerator1CosmosSystemKeyEventSystemSZArrayHelperGetEnumeratorCosmosSystemKeyEvent', ID = '4505'
Method 'SystemVoidSystemSZArrayHelperCopyToCosmosSystemKeyEventCosmosSystemKeyEventarraySystemInt32', ID = '4506'
Method 'SystemInt32SystemSZArrayHelperget_CountCosmosSystemKeyEvent', ID = '4507'
Method 'CosmosSystemKeyEventSystemSZArrayHelperget_ItemCosmosSystemKeyEventSystemInt32', ID = '4508'
Method 'SystemVoidSystemSZArrayHelperset_ItemCosmosSystemKeyEventSystemInt32CosmosSystemKeyEvent', ID = '4509'
Method 'SystemVoidSystemSZArrayHelperAddCosmosSystemKeyEventCosmosSystemKeyEvent', ID = '4510'
Method 'SystemBooleanSystemSZArrayHelperContainsCosmosSystemKeyEventCosmosSystemKeyEvent', ID = '4511'
Method 'SystemBooleanSystemSZArrayHelperget_IsReadOnlyCosmosSystemKeyEvent', ID = '4512'
Method 'SystemVoidSystemSZArrayHelperClearCosmosSystemKeyEvent', ID = '4513'
Method 'SystemInt32SystemSZArrayHelperIndexOfCosmosSystemKeyEventCosmosSystemKeyEvent', ID = '4514'
Method 'SystemVoidSystemSZArrayHelperInsertCosmosSystemKeyEventSystemInt32CosmosSystemKeyEvent', ID = '4515'
Method 'SystemBooleanSystemSZArrayHelperRemoveCosmosSystemKeyEventCosmosSystemKeyEvent', ID = '4516'
Method 'SystemVoidSystemSZArrayHelperRemoveAtCosmosSystemKeyEventSystemInt32', ID = '4517'
Method 'SystemVoidSystemArrayEmptyArray1CosmosSystemKeyEventcctor', ID = '4522'
Method 'SystemVoidSystemCollectionsGenericList1CosmosHALKeyboardBaseGrowSystemInt32', ID = '4523'
Method 'SystemVoidSystemCollectionsGenericList1EnumeratorCosmosHALKeyboardBaseDispose', ID = '4524'
Method 'CosmosHALKeyboardBaseSystemCollectionsGenericList1EnumeratorCosmosHALKeyboardBaseget_Current', ID = '4525'
Method 'SystemBooleanSystemCollectionsGenericList1EnumeratorCosmosHALKeyboardBaseMoveNext', ID = '4526'
Method 'CosmosSystemKeyMappingSystemCollectionsGenericList1CosmosSystemKeyMappingget_ItemSystemInt32', ID = '4528'
Method 'SystemInt32SystemCollectionsGenericList1CosmosSystemKeyMappingget_Count', ID = '4530'
Method 'SystemCollectionsGenericList1EnumeratorCosmosHALKeyboardBaseSystemCollectionsGenericList1CosmosHALKeyboardBaseGetEnumerator', ID = '4531'
Method 'SystemBooleanCosmosSystemKeyboardManagerget_ControlPressed', ID = '4536'
Method 'SystemBooleanCosmosSystemKeyboardManagerget_ShiftPressed', ID = '4537'
Method 'SystemBooleanCosmosSystemKeyboardManagerget_AltPressed', ID = '4538'
Method 'CosmosSystemKeyEventCosmosSystemScanMapBaseConvertScanCodeSystemByteSystemBooleanSystemBooleanSystemBooleanSystemBooleanSystemBooleanSystemBoolean', ID = '4539'
Method 'SystemVoidSystemCollectionsGenericQueue1CosmosSystemKeyEventEnqueueCosmosSystemKeyEvent', ID = '4541'
Method 'SystemVoidCosmosIL2CPUSZArrayImpl1GetEnumeratord__0CosmosHALPCIDeviceSystemIDisposableDispose', ID = '4546'
Method 'SystemBooleanCosmosIL2CPUSZArrayImpl1GetEnumeratord__0CosmosHALPCIDeviceMoveNext', ID = '4547'
Method 'SystemVoidSystemBuffersArrayPool1SystemCharctor', ID = '4549'
Method 'SystemBooleanSystemRuntimeTypeIsSubclassOfSystemType', ID = '4552'
Method 'SystemVoidSystemGlobalizationCultureInfocctor', ID = '4555'
Method 'SystemStringSystemGlobalizationCultureInfoToString', ID = '4561'
Method 'SystemVoidSystemGlobalizationNumberFormatInfoctorSystemGlobalizationCultureData', ID = '4564'
Method 'SystemGlobalizationNumberFormatInfoSystemThreadingInterlockedCompareExchangeSystemGlobalizationNumberFormatInfoSystemGlobalizationNumberFormatInfoSystemGlobalizationNum1AC155408BC98221EC1517F620BD543E', ID = '4565'
Method 'SystemGlobalizationDateTimeFormatInfoSystemGlobalizationCultureInfoget_DateTimeFormat', ID = '4566'
Method 'SystemStringSystemPrivateCoreLibSystemSRget_Argument_InvalidTypeWithPointersNotSupported', ID = '4567'
Method 'SystemStringSystemNumberNumberBufferToString', ID = '4569'
Method 'SystemNumberDiyFpSystemNumberDiyFpCreateAndGetBoundariesSystemDoubleSystemNumberDiyFpSystemNumberDiyFp', ID = '4571'
Method 'SystemNumberDiyFpSystemNumberDiyFpNormalize', ID = '4572'
Method 'SystemBooleanSystemNumberGrisu3TryRunShortestSystemNumberDiyFpSystemNumberDiyFpSystemNumberDiyFpSystemSpan1SystemByteSystemInt32SystemInt32', ID = '4573'
Method 'SystemVoidSystemNumberDiyFpctorSystemDouble', ID = '4574'
Method 'SystemBooleanSystemNumberGrisu3TryRunCountedSystemNumberDiyFpSystemInt32SystemSpan1SystemByteSystemInt32SystemInt32', ID = '4575'
Method 'SystemUInt64SystemNumberExtractFractionAndBiasedExponentSystemDoubleSystemInt32', ID = '4576'
Method 'SystemInt32SystemNumericsBitOperationsLog2SystemUInt64', ID = '4577'
Method 'SystemUInt32SystemNumberDragon4SystemUInt64SystemInt32SystemUInt32SystemBooleanSystemInt32SystemBooleanSystemSpan1SystemByteSystemInt32', ID = '4578'
Method 'SystemBooleanSystemValueTuple2SystemUInt32SystemUInt32EqualsSystemValueTuple2SystemUInt32SystemUInt32', ID = '4581'
Method 'SystemInt32SystemHashCodeCombineSystemInt32SystemInt32SystemInt32SystemInt32', ID = '4582'
Method 'SystemBooleanSystemNumberRoundNumberg__ShouldRoundUpsLine80_0SystemBytepointerSystemInt32SystemNumberNumberBufferKindSystemBoolean', ID = '4584'
Method 'SystemInt32SystemGlobalizationNumberFormatInfoget_CurrencyPositivePattern', ID = '4585'
Method 'SystemInt32SystemGlobalizationNumberFormatInfoget_CurrencyNegativePattern', ID = '4586'
Method 'SystemStringSystemGlobalizationNumberFormatInfoget_CurrencyDecimalSeparator', ID = '4587'
Method 'SystemStringSystemGlobalizationNumberFormatInfoget_CurrencyGroupSeparator', ID = '4588'
Method 'SystemStringSystemGlobalizationNumberFormatInfoget_CurrencySymbol', ID = '4589'
Method 'SystemSpan1SystemCharSystemTextValueStringBuilderAppendSpanSystemInt32', ID = '4590'
Method 'SystemInt32SystemMathMinSystemInt32SystemInt32', ID = '4591'
Method 'SystemVoidSystemTextValueStringBuilderAppendSystemCharSystemInt32', ID = '4592'
Method 'SystemInt32SystemGlobalizationNumberFormatInfoget_NumberNegativePattern', ID = '4593'
Method 'SystemInt32SystemGlobalizationNumberFormatInfoget_PercentPositivePattern', ID = '4594'
Method 'SystemInt32SystemGlobalizationNumberFormatInfoget_PercentNegativePattern', ID = '4595'
Method 'SystemStringSystemGlobalizationNumberFormatInfoget_PercentDecimalSeparator', ID = '4596'
Method 'SystemStringSystemGlobalizationNumberFormatInfoget_PercentGroupSeparator', ID = '4597'
Method 'SystemVoidSystemByReference1SystemInt32ctorSystemInt32', ID = '4600'
Method 'SystemVoidSystemSpan1SystemInt32ctorSystemInt32array', ID = '4601'
Method 'SystemInt32SystemByReference1SystemInt32get_Value', ID = '4602'
Method 'SystemVoidSystemBufferMemmoveSystemInt32SystemInt32SystemInt32SystemUIntPtr', ID = '4603'
Method 'SystemStringSystemGlobalizationNumberFormatInfoget_PositiveSign', ID = '4604'
Method 'SystemVoidSystemTextValueStringBuilderAppendSystemCharpointerSystemInt32', ID = '4605'
Method 'SystemVoidSystemTextValueStringBuilderGrowSystemInt32', ID = '4606'
Method 'CosmosSystemNetworkConfigIPConfigarrayInternalRuntimeCompilerServicesUnsafeAsCosmosSystemNetworkConfigIPConfigarraySystemObject', ID = '4607'
Method 'SystemVoidSystemSZGenericArrayEnumerator1CosmosSystemNetworkConfigIPConfigctorCosmosSystemNetworkConfigIPConfigarray', ID = '4608'
Method 'SystemInt32SystemArrayIndexOfCosmosSystemNetworkConfigIPConfigCosmosSystemNetworkConfigIPConfigarrayCosmosSystemNetworkConfigIPConfigSystemInt32SystemInt32', ID = '4611'
Method 'SystemCollectionsGenericIEnumerator1CosmosSystemNetworkConfigIPConfigCosmosIL2CPUSZArrayImpl1CosmosSystemNetworkConfigIPConfigGetEnumerator', ID = '4612'
Method 'SystemVoidCosmosIL2CPUSZArrayImpl1CosmosSystemNetworkConfigIPConfigCopyToCosmosSystemNetworkConfigIPConfigarraySystemInt32', ID = '4613'
Method 'SystemInt32CosmosIL2CPUSZArrayImpl1CosmosSystemNetworkConfigIPConfigget_Count', ID = '4614'
Method 'CosmosSystemNetworkConfigIPConfigCosmosIL2CPUSZArrayImpl1CosmosSystemNetworkConfigIPConfigget_ItemSystemInt32', ID = '4615'
Method 'SystemVoidCosmosIL2CPUSZArrayImpl1CosmosSystemNetworkConfigIPConfigset_ItemSystemInt32CosmosSystemNetworkConfigIPConfig', ID = '4616'
Method 'SystemVoidCosmosIL2CPUSZArrayImpl1CosmosSystemNetworkConfigIPConfigAddCosmosSystemNetworkConfigIPConfig', ID = '4617'
Method 'SystemBooleanCosmosIL2CPUSZArrayImpl1CosmosSystemNetworkConfigIPConfigContainsCosmosSystemNetworkConfigIPConfig', ID = '4618'
Method 'SystemBooleanCosmosIL2CPUSZArrayImpl1CosmosSystemNetworkConfigIPConfigget_IsReadOnly', ID = '4619'
Method 'SystemVoidCosmosIL2CPUSZArrayImpl1CosmosSystemNetworkConfigIPConfigClear', ID = '4620'
Method 'SystemInt32CosmosIL2CPUSZArrayImpl1CosmosSystemNetworkConfigIPConfigIndexOfCosmosSystemNetworkConfigIPConfig', ID = '4621'
Method 'SystemVoidCosmosIL2CPUSZArrayImpl1CosmosSystemNetworkConfigIPConfigInsertSystemInt32CosmosSystemNetworkConfigIPConfig', ID = '4622'
Method 'SystemVoidCosmosIL2CPUSZArrayImpl1CosmosSystemNetworkConfigIPConfigRemoveAtSystemInt32', ID = '4623'
Method 'SystemBooleanCosmosIL2CPUSZArrayImpl1CosmosSystemNetworkConfigIPConfigget_IsFixedSize', ID = '4624'
Method 'SystemVoidCosmosIL2CPUSZArrayImpl1CosmosSystemNetworkConfigIPConfigRemoveCosmosSystemNetworkConfigIPConfig', ID = '4625'
Method 'SystemObjectCosmosIL2CPUSZArrayImpl1CosmosSystemNetworkConfigIPConfigget_SyncRoot', ID = '4626'
Method 'SystemBooleanCosmosIL2CPUSZArrayImpl1CosmosSystemNetworkConfigIPConfigget_IsSynchronized', ID = '4627'
Method 'SystemVoidSystemSZGenericArrayEnumerator1CosmosSystemNetworkConfigNetworkConfigcctor', ID = '4628'
Method 'SystemVoidSystemSZGenericArrayEnumerator1CosmosSystemNetworkConfigNetworkConfigDispose', ID = '4629'
Method 'SystemBooleanSystemSZGenericArrayEnumerator1CosmosSystemNetworkConfigNetworkConfigMoveNext', ID = '4630'
Method 'SystemBooleanSystemRuntimeCompilerServicesRuntimeHelpersIsBitwiseEquatableCosmosSystemNetworkConfigNetworkConfig', ID = '4631'
Method 'SystemInt32InternalRuntimeCompilerServicesUnsafeSizeOfCosmosSystemNetworkConfigNetworkConfig', ID = '4632'
Method 'SystemByteInternalRuntimeCompilerServicesUnsafeAsCosmosSystemNetworkConfigNetworkConfigSystemByteCosmosSystemNetworkConfigNetworkConfig', ID = '4633'
Method 'SystemCharInternalRuntimeCompilerServicesUnsafeAsCosmosSystemNetworkConfigNetworkConfigSystemCharCosmosSystemNetworkConfigNetworkConfig', ID = '4634'
Method 'SystemInt32InternalRuntimeCompilerServicesUnsafeAsCosmosSystemNetworkConfigNetworkConfigSystemInt32CosmosSystemNetworkConfigNetworkConfig', ID = '4635'
Method 'SystemInt64InternalRuntimeCompilerServicesUnsafeAsCosmosSystemNetworkConfigNetworkConfigSystemInt64CosmosSystemNetworkConfigNetworkConfig', ID = '4636'
Method 'SystemCollectionsGenericEqualityComparer1CosmosSystemNetworkConfigNetworkConfigSystemCollectionsGenericEqualityComparer1CosmosSystemNetworkConfigNetworkConfigget_Default', ID = '4637'
Method 'SystemInt32SystemCollectionsGenericEqualityComparer1CosmosSystemNetworkConfigNetworkConfigIndexOfCosmosSystemNetworkConfigNetworkConfigarrayCosmosSystemNetworkConfigNetworkConfigSystemInt32SystemInt32', ID = '4638'
Method 'SystemVoidCosmosIL2CPUSZArrayImpl1GetEnumeratord__0CosmosSystemNetworkConfigNetworkConfigctorSystemInt32', ID = '4639'
Method 'SystemVoidSystemCollectionsGenericRandomizedStringEqualityComparerOrdinalComparerctorSystemCollectionsGenericIEqualityComparer1SystemString', ID = '4642'
Method 'SystemVoidSystemCollectionsGenericRandomizedStringEqualityComparerOrdinalIgnoreCaseComparerctorSystemCollectionsGenericIEqualityComparer1SystemString', ID = '4643'
Method 'SystemVoidSystemCollectionsGenericDictionary2SystemUInt32CosmosHALNetworkMACAddressResize', ID = '4644'
Method 'SystemVoidSystemCollectionsGenericDictionary2SystemUInt32CosmosHALNetworkMACAddressResizeSystemInt32SystemBoolean', ID = '4645'
Method 'SystemVoidCosmosSystemNetworkIPv4ICMPClientcctor', ID = '4646'
Method 'SystemVoidCosmosSystemNetworkIPv4ICMPClientDispose', ID = '4648'
Method 'CosmosSystemNetworkIPv4ICMPClientSystemCollectionsGenericDictionary2SystemUInt32CosmosSystemNetworkIPv4ICMPClientFindValueSystemUInt32', ID = '4651'
Method 'SystemBooleanInternalRuntimeCompilerServicesUnsafeIsNullRefCosmosSystemNetworkIPv4ICMPClientCosmosSystemNetworkIPv4ICMPClient', ID = '4652'
Method 'SystemVoidSystemCollectionsGenericQueue1CosmosSystemNetworkIPv4ICMPPacketGrowSystemInt32', ID = '4653'
Method 'SystemVoidSystemCollectionsGenericQueue1CosmosSystemNetworkIPv4ICMPPacketMoveNextSystemInt32', ID = '4654'
Method 'SystemStringCosmosSystemNetworkIPv4ICMPEchoRequestToString', ID = '4655'
Method 'SystemStringCosmosSystemNetworkIPv4ICMPEchoReplyToString', ID = '4656'
Method 'SystemVoidCosmosSystemNetworkIPv4IPPacketctorSystemUInt16SystemByteCosmosSystemNetworkIPv4AddressCosmosSystemNetworkIPv4AddressSystemByte', ID = '4657'
Method 'SystemUInt16CosmosSystemNetworkIPv4IPPacketCalcOcCRCSystemUInt16SystemUInt16', ID = '4658'
Method 'SystemBooleanCosmosSystemNetworkIPv4AddressIsBroadcastAddress', ID = '4659'
Method 'SystemVoidSystemCollectionsGenericList1CosmosSystemNetworkIPv4OutgoingBufferBufferEntryAddWithResizeCosmosSystemNetworkIPv4OutgoingBufferBufferEntry', ID = '4660'
Method 'SystemVoidSystemCollectionsGenericList1CosmosSystemNetworkIPv4TCPTCPOptioncctor', ID = '4661'
Method 'SystemVoidSystemRuntimeCompilerServicesDefaultInterpolatedStringHandlerAppendFormattedCosmosSystemNetworkIPv4AddressCosmosSystemNetworkIPv4Address', ID = '4668'
Method 'SystemVoidSystemRuntimeCompilerServicesDefaultInterpolatedStringHandlerAppendFormattedSystemUInt16SystemUInt16', ID = '4669'
Method 'SystemStringCosmosSystemNetworkIPv4TCPTCPPacketgetFlags', ID = '4670'
Method 'SystemUInt32CosmosSystemNetworkIPv4TCPTCPPacketget_AckNumber', ID = '4671'
Method 'SystemVoidCosmosSystemNetworkIPv4TCPTcpcctor', ID = '4672'
Method 'SystemVoidSystemCollectionsGenericList1EnumeratorCosmosSystemNetworkIPv4TCPTcpctorSystemCollectionsGenericList1CosmosSystemNetworkIPv4TCPTcp', ID = '4677'
Method 'SystemBooleanSystemUInt32EqualsSystemUInt32', ID = '4678'
Method 'SystemStringCosmosSystemNetworkIPv4EndPointToString', ID = '4679'
Method 'SystemBooleanSystemCollectionsGenericList1EnumeratorCosmosSystemNetworkIPv4TCPTcpMoveNextRare', ID = '4680'
Method 'SystemVoidSystemCollectionsGenericList1EnumeratorCosmosSystemNetworkIPv4TCPTcpDispose', ID = '4681'
Method 'SystemVoidCosmosSystemNetworkIPv4TCPTransmissionControlBlockset_RcvNxtSystemUInt32', ID = '4683'
Method 'SystemVoidCosmosSystemNetworkIPv4TCPTransmissionControlBlockset_SndNxtSystemUInt32', ID = '4684'
Method 'CosmosSystemNetworkIPv4AddressCosmosSystemNetworkConfigIPConfigFindNetworkCosmosSystemNetworkIPv4Address', ID = '4685'
Method 'SystemVoidCosmosSystemNetworkIPv4TCPTransmissionControlBlockset_SndUnaSystemUInt32', ID = '4688'
Method 'SystemVoidCosmosSystemNetworkIPv4TCPTransmissionControlBlockset_SndWndSystemUInt16', ID = '4689'
Method 'SystemVoidCosmosSystemNetworkIPv4TCPTransmissionControlBlockset_SndUpSystemUInt32', ID = '4690'
Method 'SystemVoidCosmosSystemNetworkIPv4TCPTransmissionControlBlockset_SndWl1SystemUInt32', ID = '4691'
Method 'SystemVoidCosmosSystemNetworkIPv4TCPTransmissionControlBlockset_SndWl2SystemUInt32', ID = '4692'
Method 'SystemVoidCosmosSystemNetworkIPv4TCPTransmissionControlBlockset_ISSSystemUInt32', ID = '4693'
Method 'SystemVoidCosmosSystemNetworkIPv4TCPTransmissionControlBlockset_RcvWndSystemUInt32', ID = '4694'
Method 'SystemVoidCosmosSystemNetworkIPv4TCPTransmissionControlBlockset_RcvUpSystemUInt32', ID = '4695'
Method 'SystemVoidCosmosSystemNetworkIPv4TCPTransmissionControlBlockset_IRSSystemUInt32', ID = '4696'
Method 'SystemUInt16CosmosSystemNetworkIPv4TCPTCPPacketget_WindowSize', ID = '4697'
Method 'SystemByteCosmosSystemNetworkIPv4TCPTCPPacketget_TCPFlags', ID = '4698'
Method 'SystemUInt32CosmosSystemNetworkIPv4TCPTransmissionControlBlockget_ISS', ID = '4699'
Method 'SystemUInt32CosmosSystemNetworkIPv4TCPTransmissionControlBlockget_SndNxt', ID = '4700'
Method 'SystemVoidCosmosSystemNetworkIPv4TCPTcpSendEmptyPacketCosmosSystemNetworkIPv4TCPFlagsSystemUInt32', ID = '4701'
Method 'SystemUInt32CosmosSystemNetworkIPv4TCPTransmissionControlBlockget_SndUna', ID = '4702'
Method 'SystemUInt32CosmosSystemNetworkIPv4TCPTransmissionControlBlockget_SndWl1', ID = '4703'
Method 'SystemUInt32CosmosSystemNetworkIPv4TCPTransmissionControlBlockget_SndWl2', ID = '4704'
Method 'SystemBytearrayCosmosSystemNetworkIPv4TCPTcpget_Data', ID = '4705'
Method 'SystemBytearrayCosmosSystemNetworkIPv4TCPTCPPacketget_TCP_Data', ID = '4706'
Method 'SystemBytearrayCosmosSystemHelpersArrayHelperConcatSystemBytearraySystemBytearray', ID = '4707'
Method 'SystemVoidCosmosSystemNetworkIPv4TCPTcpset_DataSystemBytearray', ID = '4708'
Method 'SystemVoidSystemCollectionsGenericQueue1CosmosSystemNetworkIPv4TCPTCPPacketEnqueueCosmosSystemNetworkIPv4TCPTCPPacket', ID = '4709'
Method 'SystemVoidCosmosSystemNetworkIPv4TCPTcpWaitAndClose', ID = '4710'
Method 'SystemVoidCosmosHALPITWaitSystemUInt32', ID = '4711'
Method 'SystemUInt16CosmosSystemNetworkIPv4TCPTransmissionControlBlockget_SndWnd', ID = '4713'
Method 'SystemVoidCosmosSystemNetworkIPv4TCPTCPPacketctorCosmosSystemNetworkIPv4AddressCosmosSystemNetworkIPv4AddressSystemUInt16SystemUInt16SystemUInt64SystemUInt64SystemUInt1F1B5C65B8E6054C59EDAD3798FC4C012', ID = '4714'
Method 'SystemVoidCosmosSystemNetworkIPv4TCPTcpSendPacketCosmosSystemNetworkIPv4TCPTCPPacket', ID = '4715'
Method 'SystemUInt16CosmosSystemNetworkIPv4UDPUDPPacketget_UDP_DataLength', ID = '4716'
Method 'SystemStringCosmosSystemNetworkIPv4UDPDNSDNSPacketToString', ID = '4719'
Method 'SystemVoidCosmosSystemNetworkIPv4UDPUdpClientDispose', ID = '4721'
Method 'SystemVoidCosmosSystemNetworkIPv4UDPUdpClientcctor', ID = '4722'
Method 'CosmosSystemNetworkIPv4UDPUdpClientSystemCollectionsGenericDictionary2SystemUInt32CosmosSystemNetworkIPv4UDPUdpClientFindValueSystemUInt32', ID = '4725'
Method 'SystemBooleanInternalRuntimeCompilerServicesUnsafeIsNullRefCosmosSystemNetworkIPv4UDPUdpClientCosmosSystemNetworkIPv4UDPUdpClient', ID = '4726'
Method 'SystemVoidSystemCollectionsGenericQueue1CosmosSystemNetworkIPv4UDPUDPPacketGrowSystemInt32', ID = '4727'
Method 'SystemVoidSystemCollectionsGenericQueue1CosmosSystemNetworkIPv4UDPUDPPacketMoveNextSystemInt32', ID = '4728'
Method 'SystemVoidSystemCollectionsGenericList1CosmosSystemNetworkIPv4UDPDHCPDHCPOptioncctor', ID = '4729'
Method 'SystemVoidSystemSZGenericArrayEnumerator1CosmosHALPITPITTimercctor', ID = '4736'
Method 'SystemVoidSystemSZGenericArrayEnumerator1CosmosHALPITPITTimerDispose', ID = '4737'
Method 'SystemBooleanSystemSZGenericArrayEnumerator1CosmosHALPITPITTimerMoveNext', ID = '4738'
Method 'SystemBooleanSystemRuntimeCompilerServicesRuntimeHelpersIsBitwiseEquatableCosmosHALPITPITTimer', ID = '4739'
Method 'SystemInt32InternalRuntimeCompilerServicesUnsafeSizeOfCosmosHALPITPITTimer', ID = '4740'
Method 'SystemByteInternalRuntimeCompilerServicesUnsafeAsCosmosHALPITPITTimerSystemByteCosmosHALPITPITTimer', ID = '4741'
Method 'SystemCharInternalRuntimeCompilerServicesUnsafeAsCosmosHALPITPITTimerSystemCharCosmosHALPITPITTimer', ID = '4742'
Method 'SystemInt32InternalRuntimeCompilerServicesUnsafeAsCosmosHALPITPITTimerSystemInt32CosmosHALPITPITTimer', ID = '4743'
Method 'SystemInt64InternalRuntimeCompilerServicesUnsafeAsCosmosHALPITPITTimerSystemInt64CosmosHALPITPITTimer', ID = '4744'
Method 'SystemCollectionsGenericEqualityComparer1CosmosHALPITPITTimerSystemCollectionsGenericEqualityComparer1CosmosHALPITPITTimerget_Default', ID = '4745'
Method 'SystemInt32SystemCollectionsGenericEqualityComparer1CosmosHALPITPITTimerIndexOfCosmosHALPITPITTimerarrayCosmosHALPITPITTimerSystemInt32SystemInt32', ID = '4746'
Method 'SystemVoidCosmosIL2CPUSZArrayImpl1GetEnumeratord__0CosmosHALPITPITTimerctorSystemInt32', ID = '4747'
Method 'SystemVoidSystemSZGenericArrayEnumerator1CosmosSystemNetworkIPv4OutgoingBufferBufferEntrycctor', ID = '4749'
Method 'SystemVoidSystemSZGenericArrayEnumerator1CosmosSystemNetworkIPv4OutgoingBufferBufferEntryDispose', ID = '4750'
Method 'SystemBooleanSystemSZGenericArrayEnumerator1CosmosSystemNetworkIPv4OutgoingBufferBufferEntryMoveNext', ID = '4751'
Method 'SystemBooleanSystemRuntimeCompilerServicesRuntimeHelpersIsBitwiseEquatableCosmosSystemNetworkIPv4OutgoingBufferBufferEntry', ID = '4752'
Method 'SystemInt32InternalRuntimeCompilerServicesUnsafeSizeOfCosmosSystemNetworkIPv4OutgoingBufferBufferEntry', ID = '4753'
Method 'SystemByteInternalRuntimeCompilerServicesUnsafeAsCosmosSystemNetworkIPv4OutgoingBufferBufferEntrySystemByteCosmosSystemNetworkIPv4OutgoingBufferBufferEntry', ID = '4754'
Method 'SystemCharInternalRuntimeCompilerServicesUnsafeAsCosmosSystemNetworkIPv4OutgoingBufferBufferEntrySystemCharCosmosSystemNetworkIPv4OutgoingBufferBufferEntry', ID = '4755'
Method 'SystemInt32InternalRuntimeCompilerServicesUnsafeAsCosmosSystemNetworkIPv4OutgoingBufferBufferEntrySystemInt32CosmosSystemNetworkIPv4OutgoingBufferBufferEntry', ID = '4756'
Method 'SystemInt64InternalRuntimeCompilerServicesUnsafeAsCosmosSystemNetworkIPv4OutgoingBufferBufferEntrySystemInt64CosmosSystemNetworkIPv4OutgoingBufferBufferEntry', ID = '4757'
Method 'SystemCollectionsGenericEqualityComparer1CosmosSystemNetworkIPv4OutgoingBufferBufferEntrySystemCollectionsGenericEqualityComparer1CosmosSystemNetworkIPv4OutgoingBufferBufferEntryget_Default', ID = '4758'
Method 'SystemInt32SystemCollectionsGenericEqualityComparer1CosmosSystemNetworkIPv4OutgoingBufferBufferEntryIndexOfCosmosSystemNetworkIPv4OutgoingBufferBufferEntryarrayCosmosSyDD107FDC86BB240B30073E074ED16403', ID = '4759'
Method 'SystemVoidCosmosIL2CPUSZArrayImpl1GetEnumeratord__0CosmosSystemNetworkIPv4OutgoingBufferBufferEntryctorSystemInt32', ID = '4760'
Method 'SystemCollectionsGenericDictionary2EntrySystemUInt32CosmosHALNetworkMACAddressarrayInternalRuntimeCompilerServicesUnsafeAsSystemCollectionsGenericDictionary2EntrySystemBD270216A5BAC051F89622634E63DAF4', ID = '4763'
Method 'SystemVoidSystemSZGenericArrayEnumerator1SystemCollectionsGenericDictionary2EntrySystemUInt32CosmosHALNetworkMACAddressctorSystemCollectionsGenericDictionary2EntrySysteD63172C264B22B044F464C327548C109', ID = '4764'
Method 'SystemInt32SystemArrayIndexOfSystemCollectionsGenericDictionary2EntrySystemUInt32CosmosHALNetworkMACAddressSystemCollectionsGenericDictionary2EntrySystemUInt32CosmosHAL783681F182675CDB0BB28B4B253AA5A8', ID = '4767'
Method 'SystemCollectionsGenericIEnumerator1SystemCollectionsGenericDictionary2EntrySystemUInt32CosmosHALNetworkMACAddressCosmosIL2CPUSZArrayImpl1SystemCollectionsGenericDictio7FD0A56258A16C34EDF0E6AD9B53D1D8', ID = '4768'
Method 'SystemVoidCosmosIL2CPUSZArrayImpl1SystemCollectionsGenericDictionary2EntrySystemUInt32CosmosHALNetworkMACAddressCopyToSystemCollectionsGenericDictionary2EntrySystemUInt038AA2B9DD967D0993239DC5083A61A3', ID = '4769'
Method 'SystemInt32CosmosIL2CPUSZArrayImpl1SystemCollectionsGenericDictionary2EntrySystemUInt32CosmosHALNetworkMACAddressget_Count', ID = '4770'
Method 'SystemCollectionsGenericDictionary2EntrySystemUInt32CosmosHALNetworkMACAddressCosmosIL2CPUSZArrayImpl1SystemCollectionsGenericDictionary2EntrySystemUInt32CosmosHALNetworkMACAddressget_ItemSystemInt32', ID = '4771'
Method 'SystemVoidCosmosIL2CPUSZArrayImpl1SystemCollectionsGenericDictionary2EntrySystemUInt32CosmosHALNetworkMACAddressset_ItemSystemInt32SystemCollectionsGenericDictionary2En3C629A0673044F741150203EF2B32B8A', ID = '4772'
Method 'SystemVoidCosmosIL2CPUSZArrayImpl1SystemCollectionsGenericDictionary2EntrySystemUInt32CosmosHALNetworkMACAddressAddSystemCollectionsGenericDictionary2EntrySystemUInt32CosmosHALNetworkMACAddress', ID = '4773'
Method 'SystemBooleanCosmosIL2CPUSZArrayImpl1SystemCollectionsGenericDictionary2EntrySystemUInt32CosmosHALNetworkMACAddressContainsSystemCollectionsGenericDictionary2EntrySyste698685274B4383BC4C3A7B1A714FB331', ID = '4774'
Method 'SystemBooleanCosmosIL2CPUSZArrayImpl1SystemCollectionsGenericDictionary2EntrySystemUInt32CosmosHALNetworkMACAddressget_IsReadOnly', ID = '4775'
Method 'SystemVoidCosmosIL2CPUSZArrayImpl1SystemCollectionsGenericDictionary2EntrySystemUInt32CosmosHALNetworkMACAddressClear', ID = '4776'
Method 'SystemInt32CosmosIL2CPUSZArrayImpl1SystemCollectionsGenericDictionary2EntrySystemUInt32CosmosHALNetworkMACAddressIndexOfSystemCollectionsGenericDictionary2EntrySystemUInt32CosmosHALNetworkMACAddress', ID = '4777'
Method 'SystemVoidCosmosIL2CPUSZArrayImpl1SystemCollectionsGenericDictionary2EntrySystemUInt32CosmosHALNetworkMACAddressInsertSystemInt32SystemCollectionsGenericDictionary2Entr9B4E7A994D18478E47353A66887B4F2F', ID = '4778'
Method 'SystemVoidCosmosIL2CPUSZArrayImpl1SystemCollectionsGenericDictionary2EntrySystemUInt32CosmosHALNetworkMACAddressRemoveAtSystemInt32', ID = '4779'
Method 'SystemBooleanCosmosIL2CPUSZArrayImpl1SystemCollectionsGenericDictionary2EntrySystemUInt32CosmosHALNetworkMACAddressget_IsFixedSize', ID = '4780'
Method 'SystemVoidCosmosIL2CPUSZArrayImpl1SystemCollectionsGenericDictionary2EntrySystemUInt32CosmosHALNetworkMACAddressRemoveSystemCollectionsGenericDictionary2EntrySystemUInt32CosmosHALNetworkMACAddress', ID = '4781'
Method 'SystemObjectCosmosIL2CPUSZArrayImpl1SystemCollectionsGenericDictionary2EntrySystemUInt32CosmosHALNetworkMACAddressget_SyncRoot', ID = '4782'
Method 'SystemBooleanCosmosIL2CPUSZArrayImpl1SystemCollectionsGenericDictionary2EntrySystemUInt32CosmosHALNetworkMACAddressget_IsSynchronized', ID = '4783'
Method 'SystemCollectionsGenericIEnumerator1SystemCollectionsGenericKeyValuePair2SystemUInt32CosmosHALNetworkMACAddressSystemSZArrayHelperGetEnumeratorSystemCollectionsGenericKD9AB7D7EAC59536C609B8692A599002B', ID = '4785'
Method 'SystemVoidSystemSZArrayHelperCopyToSystemCollectionsGenericKeyValuePair2SystemUInt32CosmosHALNetworkMACAddressSystemCollectionsGenericKeyValuePair2SystemUInt32CosmosHALC2588BDEC9CBE52301AFB6ECBB37F518', ID = '4786'
Method 'SystemInt32SystemSZArrayHelperget_CountSystemCollectionsGenericKeyValuePair2SystemUInt32CosmosHALNetworkMACAddress', ID = '4787'
Method 'SystemCollectionsGenericKeyValuePair2SystemUInt32CosmosHALNetworkMACAddressSystemSZArrayHelperget_ItemSystemCollectionsGenericKeyValuePair2SystemUInt32CosmosHALNetworkMACAddressSystemInt32', ID = '4788'
Method 'SystemVoidSystemSZArrayHelperset_ItemSystemCollectionsGenericKeyValuePair2SystemUInt32CosmosHALNetworkMACAddressSystemInt32SystemCollectionsGenericKeyValuePair2SystemUInt32CosmosHALNetworkMACAddress', ID = '4789'
Method 'SystemVoidSystemSZArrayHelperAddSystemCollectionsGenericKeyValuePair2SystemUInt32CosmosHALNetworkMACAddressSystemCollectionsGenericKeyValuePair2SystemUInt32CosmosHALNetworkMACAddress', ID = '4790'
Method 'SystemBooleanSystemSZArrayHelperContainsSystemCollectionsGenericKeyValuePair2SystemUInt32CosmosHALNetworkMACAddressSystemCollectionsGenericKeyValuePair2SystemUInt32CosmosHALNetworkMACAddress', ID = '4791'
Method 'SystemBooleanSystemSZArrayHelperget_IsReadOnlySystemCollectionsGenericKeyValuePair2SystemUInt32CosmosHALNetworkMACAddress', ID = '4792'
Method 'SystemVoidSystemSZArrayHelperClearSystemCollectionsGenericKeyValuePair2SystemUInt32CosmosHALNetworkMACAddress', ID = '4793'
Method 'SystemInt32SystemSZArrayHelperIndexOfSystemCollectionsGenericKeyValuePair2SystemUInt32CosmosHALNetworkMACAddressSystemCollectionsGenericKeyValuePair2SystemUInt32CosmosHALNetworkMACAddress', ID = '4794'
Method 'SystemVoidSystemSZArrayHelperInsertSystemCollectionsGenericKeyValuePair2SystemUInt32CosmosHALNetworkMACAddressSystemInt32SystemCollectionsGenericKeyValuePair2SystemUInt32CosmosHALNetworkMACAddress', ID = '4795'
Method 'SystemBooleanSystemSZArrayHelperRemoveSystemCollectionsGenericKeyValuePair2SystemUInt32CosmosHALNetworkMACAddressSystemCollectionsGenericKeyValuePair2SystemUInt32CosmosHALNetworkMACAddress', ID = '4796'
Method 'SystemVoidSystemSZArrayHelperRemoveAtSystemCollectionsGenericKeyValuePair2SystemUInt32CosmosHALNetworkMACAddressSystemInt32', ID = '4797'
Method 'SystemVoidSystemCollectionsGenericList1CosmosSystemNetworkIPv4TCPTCPOptionAddWithResizeCosmosSystemNetworkIPv4TCPTCPOption', ID = '4803'
Method 'SystemVoidCosmosSystemNetworkIPv4UDPDNSDNSPacketset_TransactionIDSystemUInt16', ID = '4804'
Method 'SystemVoidCosmosSystemNetworkIPv4UDPDNSDNSPacketset_DNSFlagsSystemUInt16', ID = '4805'
Method 'SystemVoidCosmosSystemNetworkIPv4UDPDNSDNSPacketset_QuestionsSystemUInt16', ID = '4806'
Method 'SystemVoidCosmosSystemNetworkIPv4UDPDNSDNSPacketset_AnswerRRsSystemUInt16', ID = '4807'
Method 'SystemVoidCosmosSystemNetworkIPv4UDPDNSDNSPacketset_AuthorityRRsSystemUInt16', ID = '4808'
Method 'SystemVoidCosmosSystemNetworkIPv4UDPDNSDNSPacketset_AdditionalRRsSystemUInt16', ID = '4809'
Method 'SystemVoidSystemCollectionsGenericList1CosmosSystemNetworkIPv4UDPDHCPDHCPOptionAddWithResizeCosmosSystemNetworkIPv4UDPDHCPDHCPOption', ID = '4812'
Method 'SystemVoidSystemTextEncodingctorSystemInt32', ID = '4813'
Method 'SystemVoidCosmosCore_PlugsMemoryOperationsMemoryOperationsImplCopy64BytesSystemBytepointerSystemBytepointer', ID = '4815'
Method 'SystemVoidCosmosCore_PlugsMemoryOperationsMemoryOperationsImplCopy16BytesSystemBytepointerSystemBytepointer', ID = '4816'
Method 'SystemVoidCosmosCore_PlugsMemoryOperationsMemoryOperationsImplCopy32BytesSystemBytepointerSystemBytepointer', ID = '4817'
Method 'SystemVoidCosmosCore_PlugsMemoryOperationsMemoryOperationsImplCopy128BytesSystemBytepointerSystemBytepointer', ID = '4818'
Method 'SystemVoidSystemTextUTF8Encodingcctor', ID = '4819'
Method 'SystemBytearraySystemTextUTF8EncodingUTF8EncodingSealedGetBytesForSmallInputSystemString', ID = '4820'
Method 'SystemInt32SystemTextUTF8EncodingGetByteCountCommonSystemCharpointerSystemInt32', ID = '4821'
Method 'SystemInt32SystemTextUTF8EncodingGetBytesCommonSystemCharpointerSystemInt32SystemBytepointerSystemInt32', ID = '4822'
Method 'SystemStringSystemTextEncoderReplacementFallbackget_DefaultString', ID = '4825'
Method 'SystemUIntPtrSystemTextASCIIUtilityGetIndexOfFirstNonAsciiCharSystemCharpointerSystemUIntPtr', ID = '4826'
Method 'SystemCharpointerSystemTextUnicodeUtf16UtilityGetPointerToFirstInvalidCharSystemCharpointerSystemInt32SystemInt64SystemInt32', ID = '4827'
Method 'SystemTextEncoderFallbackBufferSystemTextEncoderFallbackBufferCreateAndInitializeSystemTextEncodingSystemTextEncoderNLSSystemInt32', ID = '4830'
Method 'SystemBuffersOperationStatusSystemTextRuneDecodeFromUtf16SystemReadOnlySpan1SystemCharSystemTextRuneSystemInt32', ID = '4831'
Method 'SystemBooleanSystemTextEncoderNLSget_MustFlush', ID = '4832'
Method 'SystemInt32SystemTextEncoderFallbackBufferInternalFallbackGetByteCountSystemReadOnlySpan1SystemCharSystemInt32', ID = '4833'
Method 'SystemBooleanSystemReadOnlySpan1SystemCharget_IsEmpty', ID = '4834'
Method 'SystemUIntPtrSystemTextASCIIUtilityNarrowUtf16ToAsciiSystemCharpointerSystemBytepointerSystemUIntPtr', ID = '4835'
Method 'SystemBuffersOperationStatusSystemTextUnicodeUtf8UtilityTranscodeToUtf8SystemCharpointerSystemInt32SystemBytepointerSystemInt32SystemCharpointerSystemBytepointer', ID = '4836'
Method 'SystemVoidSystemSpan1SystemBytectorSystemByteSystemInt32', ID = '4837'
Method 'SystemInt32SystemTextASCIIEncodingGetBytesWithFallbackSystemReadOnlySpan1SystemCharSystemInt32SystemSpan1SystemByteSystemInt32SystemTextEncoderNLS', ID = '4838'
Method 'SystemByteSystemRuntimeInteropServicesMemoryMarshalGetReferenceSystemByteSystemSpan1SystemByte', ID = '4839'
Method 'SystemReadOnlySpan1SystemCharSystemReadOnlySpan1SystemCharget_Empty', ID = '4840'
Method 'SystemBuffersOperationStatusSystemTextEncodingEncodeRuneSystemTextRuneSystemSpan1SystemByteSystemInt32', ID = '4841'
Method 'SystemBooleanSystemTextEncoderFallbackBufferTryInternalFallbackGetBytesSystemReadOnlySpan1SystemCharSystemSpan1SystemByteSystemInt32SystemInt32', ID = '4842'
Method 'SystemInt32SystemSpan1SystemByteget_Length', ID = '4843'
Method 'SystemVoidSystemTextEncodingThrowBytesOverflowSystemTextEncoderNLSSystemBoolean', ID = '4845'
Method 'SystemInt32SystemGuidHexsToCharsSystemCharpointerSystemInt32SystemInt32', ID = '4849'
Method 'SystemInt32SystemGuidHexsToCharsHexOutputSystemCharpointerSystemInt32SystemInt32', ID = '4850'
Method 'SystemVoidSystemReflectionModulecompilergeneratedccctor', ID = '4851'
Method 'SystemBooleanSystemReflectionModuleFilterTypeNameImplSystemTypeSystemObjectSystemStringComparison', ID = '4852'
Method 'SystemVoidSystemCollectionsGenericDictionary2SystemStringSystemReflectionAssemblyctorSystemInt32SystemCollectionsGenericIEqualityComparer1SystemString', ID = '4856'
Method 'SystemInt32InternalRuntimeCompilerServicesUnsafeSizeOfSystemDouble', ID = '4859'
Method 'SystemDoubleInternalRuntimeCompilerServicesUnsafeAsSystemRuntimeIntrinsicsVector1281SystemDoubleSystemDoubleSystemRuntimeIntrinsicsVector1281SystemDouble', ID = '4860'
Method 'SystemDoubleInternalRuntimeCompilerServicesUnsafeAddSystemDoubleSystemDoubleSystemInt32', ID = '4861'
Method 'SystemRuntimeIntrinsicsVector1281SystemSingleSystemRuntimeIntrinsicsVector128AsSingleSystemDoubleSystemRuntimeIntrinsicsVector1281SystemDouble', ID = '4862'
Method 'SystemRuntimeIntrinsicsVector1281SystemDoubleSystemRuntimeIntrinsicsVector128AsDoubleSystemDoubleSystemRuntimeIntrinsicsVector1281SystemDouble', ID = '4863'
Method 'SystemRuntimeIntrinsicsVector1281SystemByteSystemRuntimeIntrinsicsVector128AsByteSystemDoubleSystemRuntimeIntrinsicsVector1281SystemDouble', ID = '4864'
Method 'SystemBooleanSystemRuntimeIntrinsicsVector1281SystemDoubleEqualsg__SoftwareFallbacksLine12_0SystemRuntimeIntrinsicsVector1281SystemDoubleSystemRuntimeIntrinsicsVector1281SystemDouble', ID = '4865'
Method 'SystemInt64InternalRuntimeCompilerServicesUnsafeAsSystemRuntimeIntrinsicsVector1281SystemInt64SystemInt64SystemRuntimeIntrinsicsVector1281SystemInt64', ID = '4866'
Method 'SystemRuntimeIntrinsicsVector1281SystemSingleSystemRuntimeIntrinsicsVector128AsSingleSystemInt64SystemRuntimeIntrinsicsVector1281SystemInt64', ID = '4867'
Method 'SystemRuntimeIntrinsicsVector1281SystemByteSystemRuntimeIntrinsicsVector128AsByteSystemInt64SystemRuntimeIntrinsicsVector1281SystemInt64', ID = '4868'
Method 'SystemBooleanSystemRuntimeIntrinsicsVector1281SystemInt64Equalsg__SoftwareFallbacksLine12_0SystemRuntimeIntrinsicsVector1281SystemInt64SystemRuntimeIntrinsicsVector1281SystemInt64', ID = '4869'
Method 'SystemVoidSystemReadOnlySpan1SystemCharCopyToSystemSpan1SystemChar', ID = '4870'
Method 'SystemInt32CosmosCommonStringHelperGetStringToNumberSystemString', ID = '4871'
Method 'SystemBooleanSystemCharIsDigitSystemChar', ID = '4872'
Method 'SystemRuntimeIntrinsicsVector1281SystemSingleSystemRuntimeIntrinsicsVector128AsSystemByteSystemSingleSystemRuntimeIntrinsicsVector1281SystemByte', ID = '4874'
Method 'SystemRuntimeIntrinsicsVector1281SystemDoubleSystemRuntimeIntrinsicsVector128AsSystemByteSystemDoubleSystemRuntimeIntrinsicsVector1281SystemByte', ID = '4875'
Method 'SystemRuntimeIntrinsicsVector1281SystemByteSystemRuntimeIntrinsicsVector128AsSystemByteSystemByteSystemRuntimeIntrinsicsVector1281SystemByte', ID = '4876'
Method 'SystemStringSystemPrivateCoreLibSystemSRget_HashCode_EqualityNotSupported', ID = '4880'
Method 'SystemStringSystemPrivateCoreLibSystemSRget_HashCode_HashCodeNotSupported', ID = '4881'
Method 'SystemVoidSystemHashCodeInitializeSystemUInt32SystemUInt32SystemUInt32SystemUInt32', ID = '4882'
Method 'SystemUInt32SystemHashCodeRoundSystemUInt32SystemUInt32', ID = '4883'
Method 'SystemStringCosmosCommonStringHelperGetNumberStringSystemSingle', ID = '4888'
Method 'SystemStringSystemNumberFormatSingleSystemTextValueStringBuilderSystemSingleSystemReadOnlySpan1SystemCharSystemGlobalizationNumberFormatInfo', ID = '4889'
Method 'SystemStringSystemTextStringBuilderToString', ID = '4891'
Method 'SystemStringSystemPrivateCoreLibSystemSRget_ArgumentOutOfRange_NegativeCount', ID = '4892'
Method 'SystemInt32SystemTextStringBuilderget_Length', ID = '4893'
Method 'SystemStringSystemPrivateCoreLibSystemSRget_ArgumentOutOfRange_LengthGreaterThanCapacity', ID = '4894'
Method 'SystemVoidSystemTextStringBuilderExpandByABlockSystemInt32', ID = '4895'
Method 'SystemTextStringBuilderSystemTextStringBuilderAppendSystemCharpointerSystemInt32', ID = '4896'
Method 'SystemRuntimeIntrinsicsVector2561SystemSingleSystemRuntimeIntrinsicsVector256AsSystemByteSystemSingleSystemRuntimeIntrinsicsVector2561SystemByte', ID = '4899'
Method 'SystemRuntimeIntrinsicsVector2561SystemDoubleSystemRuntimeIntrinsicsVector256AsSystemByteSystemDoubleSystemRuntimeIntrinsicsVector2561SystemByte', ID = '4902'
Method 'SystemRuntimeIntrinsicsVector2561SystemByteSystemRuntimeIntrinsicsVector256AsSystemByteSystemByteSystemRuntimeIntrinsicsVector2561SystemByte', ID = '4903'
Method 'SystemBooleanCosmosCore_PlugsSystemRuntimeCompilerServicesRuntimeHelpersImplIsReferenceOrContainsReferencesSystemByte', ID = '4904'
Method 'SystemRuntimeIntrinsicsVector1281SystemInt32InternalRuntimeCompilerServicesUnsafeAsRefSystemRuntimeIntrinsicsVector1281SystemInt32SystemVoidpointer', ID = '4906'
Method 'SystemRuntimeIntrinsicsVector1281SystemSingleSystemRuntimeIntrinsicsVector128AsSystemInt32SystemSingleSystemRuntimeIntrinsicsVector1281SystemInt32', ID = '4907'
Method 'SystemVoidSystemThrowHelperThrowForUnsupportedIntrinsicsVectorBaseTypeSystemSingle', ID = '4908'
Method 'SystemSingleInternalRuntimeCompilerServicesUnsafeAsSystemRuntimeIntrinsicsVector1281SystemSingleSystemSingleSystemRuntimeIntrinsicsVector1281SystemSingle', ID = '4909'
Method 'SystemRuntimeIntrinsicsVector1281SystemInt64InternalRuntimeCompilerServicesUnsafeAsRefSystemRuntimeIntrinsicsVector1281SystemInt64SystemVoidpointer', ID = '4910'
Method 'SystemRuntimeIntrinsicsVector1281SystemDoubleSystemRuntimeIntrinsicsVector128AsSystemInt64SystemDoubleSystemRuntimeIntrinsicsVector1281SystemInt64', ID = '4911'
Method 'SystemVoidSystemUIntPtrctorSystemUInt64', ID = '4912'
Method 'SystemBooleanSystemNumericsVector1SystemUInt64op_EqualitySystemNumericsVector1SystemUInt64SystemNumericsVector1SystemUInt64', ID = '4913'
Method 'SystemRuntimeIntrinsicsVector1281SystemSingleSystemRuntimeIntrinsicsVector128AsSystemUInt16SystemSingleSystemRuntimeIntrinsicsVector1281SystemUInt16', ID = '4915'
Method 'SystemRuntimeIntrinsicsVector1281SystemDoubleSystemRuntimeIntrinsicsVector128AsSystemUInt16SystemDoubleSystemRuntimeIntrinsicsVector1281SystemUInt16', ID = '4916'
Method 'SystemRuntimeIntrinsicsVector2561SystemSingleSystemRuntimeIntrinsicsVector256AsSystemUInt16SystemSingleSystemRuntimeIntrinsicsVector2561SystemUInt16', ID = '4918'
Method 'SystemRuntimeIntrinsicsVector2561SystemDoubleSystemRuntimeIntrinsicsVector256AsSystemUInt16SystemDoubleSystemRuntimeIntrinsicsVector2561SystemUInt16', ID = '4919'
Method 'SystemVoidSystemCollectionsGenericEqualityComparer1SystemInt32cctor', ID = '4920'
Method 'SystemVoidSystemCollectionsGenericEqualityComparer1SystemInt64cctor', ID = '4922'
Method 'SystemVoidCosmosCore_PlugsSystemCollectionsGenericComparerHelpersImplcctor', ID = '4924'
Method 'SystemVoidSystemCollectionsGenericEqualityComparer1SystemBytector', ID = '4926'
Method 'SystemVoidSystemCollectionsGenericEqualityComparer1SystemSBytector', ID = '4928'
Method 'SystemVoidSystemCollectionsGenericEqualityComparer1SystemStringctor', ID = '4930'
Method 'SystemVoidSystemCollectionsGenericEqualityComparer1SystemInt32ctor', ID = '4932'
Method 'SystemVoidSystemCollectionsGenericEqualityComparer1SystemUInt32ctor', ID = '4934'
Method 'SystemVoidSystemCollectionsGenericEqualityComparer1SystemInt64ctor', ID = '4936'
Method 'SystemVoidSystemCollectionsGenericEqualityComparer1SystemUInt64ctor', ID = '4938'
Method 'SystemVoidSystemCollectionsGenericEqualityComparer1SystemCharctor', ID = '4940'
Method 'SystemVoidSystemCollectionsGenericEqualityComparer1SystemInt16ctor', ID = '4942'
Method 'SystemVoidSystemCollectionsGenericEqualityComparer1SystemUInt16ctor', ID = '4944'
Method 'SystemVoidSystemCollectionsGenericEqualityComparer1SystemGuidctor', ID = '4946'
Method 'SystemVoidSystemCollectionsGenericEqualityComparer1SystemObjectctor', ID = '4948'
Method 'SystemCollectionsGenericDictionary2EntrySystemStringSystemBooleanarrayInternalRuntimeCompilerServicesUnsafeAsSystemCollectionsGenericDictionary2EntrySystemStringSystemBooleanarraySystemObject', ID = '4952'
Method 'SystemVoidSystemSZGenericArrayEnumerator1SystemCollectionsGenericDictionary2EntrySystemStringSystemBooleanctorSystemCollectionsGenericDictionary2EntrySystemStringSystemBooleanarray', ID = '4953'
Method 'SystemInt32SystemArrayIndexOfSystemCollectionsGenericDictionary2EntrySystemStringSystemBooleanSystemCollectionsGenericDictionary2EntrySystemStringSystemBooleanarraySyst850112951AD1070441071376ABAB1405', ID = '4956'
Method 'SystemCollectionsGenericIEnumerator1SystemCollectionsGenericDictionary2EntrySystemStringSystemBooleanCosmosIL2CPUSZArrayImpl1SystemCollectionsGenericDictionary2EntrySysC2555DEBCCDC6ACE8B17011CBA8DF165', ID = '4957'
Method 'SystemVoidCosmosIL2CPUSZArrayImpl1SystemCollectionsGenericDictionary2EntrySystemStringSystemBooleanCopyToSystemCollectionsGenericDictionary2EntrySystemStringSystemBooleanarraySystemInt32', ID = '4958'
Method 'SystemInt32CosmosIL2CPUSZArrayImpl1SystemCollectionsGenericDictionary2EntrySystemStringSystemBooleanget_Count', ID = '4959'
Method 'SystemCollectionsGenericDictionary2EntrySystemStringSystemBooleanCosmosIL2CPUSZArrayImpl1SystemCollectionsGenericDictionary2EntrySystemStringSystemBooleanget_ItemSystemInt32', ID = '4960'
Method 'SystemVoidCosmosIL2CPUSZArrayImpl1SystemCollectionsGenericDictionary2EntrySystemStringSystemBooleanset_ItemSystemInt32SystemCollectionsGenericDictionary2EntrySystemStringSystemBoolean', ID = '4961'
Method 'SystemVoidCosmosIL2CPUSZArrayImpl1SystemCollectionsGenericDictionary2EntrySystemStringSystemBooleanAddSystemCollectionsGenericDictionary2EntrySystemStringSystemBoolean', ID = '4962'
Method 'SystemBooleanCosmosIL2CPUSZArrayImpl1SystemCollectionsGenericDictionary2EntrySystemStringSystemBooleanContainsSystemCollectionsGenericDictionary2EntrySystemStringSystemBoolean', ID = '4963'
Method 'SystemBooleanCosmosIL2CPUSZArrayImpl1SystemCollectionsGenericDictionary2EntrySystemStringSystemBooleanget_IsReadOnly', ID = '4964'
Method 'SystemVoidCosmosIL2CPUSZArrayImpl1SystemCollectionsGenericDictionary2EntrySystemStringSystemBooleanClear', ID = '4965'
Method 'SystemInt32CosmosIL2CPUSZArrayImpl1SystemCollectionsGenericDictionary2EntrySystemStringSystemBooleanIndexOfSystemCollectionsGenericDictionary2EntrySystemStringSystemBoolean', ID = '4966'
Method 'SystemVoidCosmosIL2CPUSZArrayImpl1SystemCollectionsGenericDictionary2EntrySystemStringSystemBooleanInsertSystemInt32SystemCollectionsGenericDictionary2EntrySystemStringSystemBoolean', ID = '4967'
Method 'SystemVoidCosmosIL2CPUSZArrayImpl1SystemCollectionsGenericDictionary2EntrySystemStringSystemBooleanRemoveAtSystemInt32', ID = '4968'
Method 'SystemBooleanCosmosIL2CPUSZArrayImpl1SystemCollectionsGenericDictionary2EntrySystemStringSystemBooleanget_IsFixedSize', ID = '4969'
Method 'SystemVoidCosmosIL2CPUSZArrayImpl1SystemCollectionsGenericDictionary2EntrySystemStringSystemBooleanRemoveSystemCollectionsGenericDictionary2EntrySystemStringSystemBoolean', ID = '4970'
Method 'SystemObjectCosmosIL2CPUSZArrayImpl1SystemCollectionsGenericDictionary2EntrySystemStringSystemBooleanget_SyncRoot', ID = '4971'
Method 'SystemBooleanCosmosIL2CPUSZArrayImpl1SystemCollectionsGenericDictionary2EntrySystemStringSystemBooleanget_IsSynchronized', ID = '4972'
Method 'SystemCollectionsGenericIEnumerator1SystemCollectionsGenericKeyValuePair2SystemStringSystemBooleanSystemSZArrayHelperGetEnumeratorSystemCollectionsGenericKeyValuePair2SystemStringSystemBoolean', ID = '4974'
Method 'SystemVoidSystemSZArrayHelperCopyToSystemCollectionsGenericKeyValuePair2SystemStringSystemBooleanSystemCollectionsGenericKeyValuePair2SystemStringSystemBooleanarraySystemInt32', ID = '4975'
Method 'SystemInt32SystemSZArrayHelperget_CountSystemCollectionsGenericKeyValuePair2SystemStringSystemBoolean', ID = '4976'
Method 'SystemCollectionsGenericKeyValuePair2SystemStringSystemBooleanSystemSZArrayHelperget_ItemSystemCollectionsGenericKeyValuePair2SystemStringSystemBooleanSystemInt32', ID = '4977'
Method 'SystemVoidSystemSZArrayHelperset_ItemSystemCollectionsGenericKeyValuePair2SystemStringSystemBooleanSystemInt32SystemCollectionsGenericKeyValuePair2SystemStringSystemBoolean', ID = '4978'
Method 'SystemVoidSystemSZArrayHelperAddSystemCollectionsGenericKeyValuePair2SystemStringSystemBooleanSystemCollectionsGenericKeyValuePair2SystemStringSystemBoolean', ID = '4979'
Method 'SystemBooleanSystemSZArrayHelperContainsSystemCollectionsGenericKeyValuePair2SystemStringSystemBooleanSystemCollectionsGenericKeyValuePair2SystemStringSystemBoolean', ID = '4980'
Method 'SystemBooleanSystemSZArrayHelperget_IsReadOnlySystemCollectionsGenericKeyValuePair2SystemStringSystemBoolean', ID = '4981'
Method 'SystemVoidSystemSZArrayHelperClearSystemCollectionsGenericKeyValuePair2SystemStringSystemBoolean', ID = '4982'
Method 'SystemInt32SystemSZArrayHelperIndexOfSystemCollectionsGenericKeyValuePair2SystemStringSystemBooleanSystemCollectionsGenericKeyValuePair2SystemStringSystemBoolean', ID = '4983'
Method 'SystemVoidSystemSZArrayHelperInsertSystemCollectionsGenericKeyValuePair2SystemStringSystemBooleanSystemInt32SystemCollectionsGenericKeyValuePair2SystemStringSystemBoolean', ID = '4984'
Method 'SystemBooleanSystemSZArrayHelperRemoveSystemCollectionsGenericKeyValuePair2SystemStringSystemBooleanSystemCollectionsGenericKeyValuePair2SystemStringSystemBoolean', ID = '4985'
Method 'SystemVoidSystemSZArrayHelperRemoveAtSystemCollectionsGenericKeyValuePair2SystemStringSystemBooleanSystemInt32', ID = '4986'
Method 'SystemVoidSystemCollectionsGenericEqualityComparer1SystemStringcctor', ID = '4990'
Method 'SystemInt32SystemCollectionsGenericNonRandomizedStringEqualityComparerOrdinalComparerGetHashCodeSystemString', ID = '4991'
Method 'SystemInt32SystemCollectionsGenericNonRandomizedStringEqualityComparerOrdinalIgnoreCaseComparerGetHashCodeSystemString', ID = '4992'
Method 'SystemInt32SystemStringGetHashCodeOrdinalIgnoreCase', ID = '4994'
Method 'SystemInt32CosmosCore_PlugsSystemCollectionsGenericStringEqualityComparerGetHashCodeSystemString', ID = '4995'
Method 'SystemBooleanSystemCollectionsGenericNonRandomizedStringEqualityComparerOrdinalComparerEqualsSystemStringSystemString', ID = '4996'
Method 'SystemBooleanSystemCollectionsGenericNonRandomizedStringEqualityComparerOrdinalIgnoreCaseComparerEqualsSystemStringSystemString', ID = '4997'
Method 'SystemBooleanSystemGlobalizationOrdinalEqualsIgnoreCaseSystemCharSystemCharSystemInt32', ID = '4998'
Method 'SystemCollectionsGenericIEnumerator1SystemCollectionsGenericDictionary2EntrySystemStringSystemObjectSystemSZArrayHelperGetEnumeratorSystemCollectionsGenericDictionary2EntrySystemStringSystemObject', ID = '4999'
Method 'SystemVoidSystemSZArrayHelperCopyToSystemCollectionsGenericDictionary2EntrySystemStringSystemObjectSystemCollectionsGenericDictionary2EntrySystemStringSystemObjectarraySystemInt32', ID = '5000'
Method 'SystemInt32SystemSZArrayHelperget_CountSystemCollectionsGenericDictionary2EntrySystemStringSystemObject', ID = '5001'
Method 'SystemCollectionsGenericDictionary2EntrySystemStringSystemObjectSystemSZArrayHelperget_ItemSystemCollectionsGenericDictionary2EntrySystemStringSystemObjectSystemInt32', ID = '5002'
Method 'SystemVoidSystemSZArrayHelperset_ItemSystemCollectionsGenericDictionary2EntrySystemStringSystemObjectSystemInt32SystemCollectionsGenericDictionary2EntrySystemStringSystemObject', ID = '5003'
Method 'SystemVoidSystemSZArrayHelperAddSystemCollectionsGenericDictionary2EntrySystemStringSystemObjectSystemCollectionsGenericDictionary2EntrySystemStringSystemObject', ID = '5004'
Method 'SystemBooleanSystemSZArrayHelperContainsSystemCollectionsGenericDictionary2EntrySystemStringSystemObjectSystemCollectionsGenericDictionary2EntrySystemStringSystemObject', ID = '5005'
Method 'SystemBooleanSystemSZArrayHelperget_IsReadOnlySystemCollectionsGenericDictionary2EntrySystemStringSystemObject', ID = '5006'
Method 'SystemVoidSystemSZArrayHelperClearSystemCollectionsGenericDictionary2EntrySystemStringSystemObject', ID = '5007'
Method 'SystemInt32SystemSZArrayHelperIndexOfSystemCollectionsGenericDictionary2EntrySystemStringSystemObjectSystemCollectionsGenericDictionary2EntrySystemStringSystemObject', ID = '5008'
Method 'SystemVoidSystemSZArrayHelperInsertSystemCollectionsGenericDictionary2EntrySystemStringSystemObjectSystemInt32SystemCollectionsGenericDictionary2EntrySystemStringSystemObject', ID = '5009'
Method 'SystemBooleanSystemSZArrayHelperRemoveSystemCollectionsGenericDictionary2EntrySystemStringSystemObjectSystemCollectionsGenericDictionary2EntrySystemStringSystemObject', ID = '5010'
Method 'SystemVoidSystemSZArrayHelperRemoveAtSystemCollectionsGenericDictionary2EntrySystemStringSystemObjectSystemInt32', ID = '5011'
Method 'SystemBooleanSystemCharIsLatin1SystemChar', ID = '5020'
Method 'SystemBooleanSystemCharIsWhiteSpaceLatin1SystemChar', ID = '5021'
Method 'SystemBooleanSystemGlobalizationCharUnicodeInfoGetIsWhiteSpaceSystemChar', ID = '5022'
Method 'SystemUInt16arrayInternalRuntimeCompilerServicesUnsafeAsSystemUInt16arraySystemObject', ID = '5024'
Method 'SystemVoidSystemSZGenericArrayEnumerator1SystemUInt16ctorSystemUInt16array', ID = '5025'
Method 'SystemInt32SystemArrayIndexOfSystemUInt16SystemUInt16arraySystemUInt16SystemInt32SystemInt32', ID = '5028'
Method 'SystemCollectionsGenericIEnumerator1SystemUInt16CosmosIL2CPUSZArrayImpl1SystemUInt16GetEnumerator', ID = '5029'
Method 'SystemVoidCosmosIL2CPUSZArrayImpl1SystemUInt16CopyToSystemUInt16arraySystemInt32', ID = '5030'
Method 'SystemInt32CosmosIL2CPUSZArrayImpl1SystemUInt16get_Count', ID = '5031'
Method 'SystemUInt16CosmosIL2CPUSZArrayImpl1SystemUInt16get_ItemSystemInt32', ID = '5032'
Method 'SystemVoidCosmosIL2CPUSZArrayImpl1SystemUInt16set_ItemSystemInt32SystemUInt16', ID = '5033'
Method 'SystemVoidCosmosIL2CPUSZArrayImpl1SystemUInt16AddSystemUInt16', ID = '5034'
Method 'SystemBooleanCosmosIL2CPUSZArrayImpl1SystemUInt16ContainsSystemUInt16', ID = '5035'
Method 'SystemBooleanCosmosIL2CPUSZArrayImpl1SystemUInt16get_IsReadOnly', ID = '5036'
Method 'SystemVoidCosmosIL2CPUSZArrayImpl1SystemUInt16Clear', ID = '5037'
Method 'SystemInt32CosmosIL2CPUSZArrayImpl1SystemUInt16IndexOfSystemUInt16', ID = '5038'
Method 'SystemVoidCosmosIL2CPUSZArrayImpl1SystemUInt16InsertSystemInt32SystemUInt16', ID = '5039'
Method 'SystemVoidCosmosIL2CPUSZArrayImpl1SystemUInt16RemoveAtSystemInt32', ID = '5040'
Method 'SystemBooleanCosmosIL2CPUSZArrayImpl1SystemUInt16get_IsFixedSize', ID = '5041'
Method 'SystemVoidCosmosIL2CPUSZArrayImpl1SystemUInt16RemoveSystemUInt16', ID = '5042'
Method 'SystemObjectCosmosIL2CPUSZArrayImpl1SystemUInt16get_SyncRoot', ID = '5043'
Method 'SystemBooleanCosmosIL2CPUSZArrayImpl1SystemUInt16get_IsSynchronized', ID = '5044'
Method 'SystemStringSystemTextUTF8EncodingUTF8EncodingSealedGetStringForSmallInputSystemBytearray', ID = '5045'
Method 'SystemStringSystemTextASCIIEncodingGetStringSystemBytearraySystemInt32SystemInt32', ID = '5046'
Method 'SystemStringSystemTextUTF8EncodingGetStringSystemBytearraySystemInt32SystemInt32', ID = '5047'
Method 'SystemChararraySystemTextEncodingGetCharsSystemBytearraySystemInt32SystemInt32', ID = '5048'
Method 'SystemArgumentExceptionSystemThrowHelperGetArgumentExceptionSystemExceptionResourceSystemExceptionArgument', ID = '5049'
Method 'SystemInt32SystemReadOnlySpan1SystemByteget_Length', ID = '5050'
Method 'SystemStringSystemPrivateCoreLibSystemSRget_Arg_GuidArrayCtor', ID = '5051'
Method 'SystemGuidSystemRuntimeInteropServicesMemoryMarshalReadSystemGuidSystemReadOnlySpan1SystemByte', ID = '5052'
Method 'SystemVoidSystemCollectionsGenericList1CosmosHALBlockDeviceGPTGPartInfoGrowSystemInt32', ID = '5053'
Method 'CosmosHALBlockDeviceGPTGPartInfoarrayInternalRuntimeCompilerServicesUnsafeAsCosmosHALBlockDeviceGPTGPartInfoarraySystemObject', ID = '5054'
Method 'SystemVoidSystemSZGenericArrayEnumerator1CosmosHALBlockDeviceGPTGPartInfoctorCosmosHALBlockDeviceGPTGPartInfoarray', ID = '5055'
Method 'SystemInt32SystemArrayIndexOfCosmosHALBlockDeviceGPTGPartInfoCosmosHALBlockDeviceGPTGPartInfoarrayCosmosHALBlockDeviceGPTGPartInfoSystemInt32SystemInt32', ID = '5058'
Method 'SystemCollectionsGenericIEnumerator1CosmosHALBlockDeviceGPTGPartInfoCosmosIL2CPUSZArrayImpl1CosmosHALBlockDeviceGPTGPartInfoGetEnumerator', ID = '5059'
Method 'SystemVoidCosmosIL2CPUSZArrayImpl1CosmosHALBlockDeviceGPTGPartInfoCopyToCosmosHALBlockDeviceGPTGPartInfoarraySystemInt32', ID = '5060'
Method 'SystemInt32CosmosIL2CPUSZArrayImpl1CosmosHALBlockDeviceGPTGPartInfoget_Count', ID = '5061'
Method 'CosmosHALBlockDeviceGPTGPartInfoCosmosIL2CPUSZArrayImpl1CosmosHALBlockDeviceGPTGPartInfoget_ItemSystemInt32', ID = '5062'
Method 'SystemVoidCosmosIL2CPUSZArrayImpl1CosmosHALBlockDeviceGPTGPartInfoset_ItemSystemInt32CosmosHALBlockDeviceGPTGPartInfo', ID = '5063'
Method 'SystemVoidCosmosIL2CPUSZArrayImpl1CosmosHALBlockDeviceGPTGPartInfoAddCosmosHALBlockDeviceGPTGPartInfo', ID = '5064'
Method 'SystemBooleanCosmosIL2CPUSZArrayImpl1CosmosHALBlockDeviceGPTGPartInfoContainsCosmosHALBlockDeviceGPTGPartInfo', ID = '5065'
Method 'SystemBooleanCosmosIL2CPUSZArrayImpl1CosmosHALBlockDeviceGPTGPartInfoget_IsReadOnly', ID = '5066'
Method 'SystemVoidCosmosIL2CPUSZArrayImpl1CosmosHALBlockDeviceGPTGPartInfoClear', ID = '5067'
Method 'SystemInt32CosmosIL2CPUSZArrayImpl1CosmosHALBlockDeviceGPTGPartInfoIndexOfCosmosHALBlockDeviceGPTGPartInfo', ID = '5068'
Method 'SystemVoidCosmosIL2CPUSZArrayImpl1CosmosHALBlockDeviceGPTGPartInfoInsertSystemInt32CosmosHALBlockDeviceGPTGPartInfo', ID = '5069'
Method 'SystemVoidCosmosIL2CPUSZArrayImpl1CosmosHALBlockDeviceGPTGPartInfoRemoveAtSystemInt32', ID = '5070'
Method 'SystemBooleanCosmosIL2CPUSZArrayImpl1CosmosHALBlockDeviceGPTGPartInfoget_IsFixedSize', ID = '5071'
Method 'SystemVoidCosmosIL2CPUSZArrayImpl1CosmosHALBlockDeviceGPTGPartInfoRemoveCosmosHALBlockDeviceGPTGPartInfo', ID = '5072'
Method 'SystemObjectCosmosIL2CPUSZArrayImpl1CosmosHALBlockDeviceGPTGPartInfoget_SyncRoot', ID = '5073'
Method 'SystemBooleanCosmosIL2CPUSZArrayImpl1CosmosHALBlockDeviceGPTGPartInfoget_IsSynchronized', ID = '5074'
Method 'SystemVoidSystemCollectionsGenericList1CosmosHALBlockDeviceMBRPartInfoGrowSystemInt32', ID = '5075'
Method 'CosmosHALBlockDeviceMBRPartInfoarrayInternalRuntimeCompilerServicesUnsafeAsCosmosHALBlockDeviceMBRPartInfoarraySystemObject', ID = '5076'
Method 'SystemVoidSystemSZGenericArrayEnumerator1CosmosHALBlockDeviceMBRPartInfoctorCosmosHALBlockDeviceMBRPartInfoarray', ID = '5077'
Method 'SystemInt32SystemArrayIndexOfCosmosHALBlockDeviceMBRPartInfoCosmosHALBlockDeviceMBRPartInfoarrayCosmosHALBlockDeviceMBRPartInfoSystemInt32SystemInt32', ID = '5080'
Method 'SystemCollectionsGenericIEnumerator1CosmosHALBlockDeviceMBRPartInfoCosmosIL2CPUSZArrayImpl1CosmosHALBlockDeviceMBRPartInfoGetEnumerator', ID = '5081'
Method 'SystemVoidCosmosIL2CPUSZArrayImpl1CosmosHALBlockDeviceMBRPartInfoCopyToCosmosHALBlockDeviceMBRPartInfoarraySystemInt32', ID = '5082'
Method 'SystemInt32CosmosIL2CPUSZArrayImpl1CosmosHALBlockDeviceMBRPartInfoget_Count', ID = '5083'
Method 'CosmosHALBlockDeviceMBRPartInfoCosmosIL2CPUSZArrayImpl1CosmosHALBlockDeviceMBRPartInfoget_ItemSystemInt32', ID = '5084'
Method 'SystemVoidCosmosIL2CPUSZArrayImpl1CosmosHALBlockDeviceMBRPartInfoset_ItemSystemInt32CosmosHALBlockDeviceMBRPartInfo', ID = '5085'
Method 'SystemVoidCosmosIL2CPUSZArrayImpl1CosmosHALBlockDeviceMBRPartInfoAddCosmosHALBlockDeviceMBRPartInfo', ID = '5086'
Method 'SystemBooleanCosmosIL2CPUSZArrayImpl1CosmosHALBlockDeviceMBRPartInfoContainsCosmosHALBlockDeviceMBRPartInfo', ID = '5087'
Method 'SystemBooleanCosmosIL2CPUSZArrayImpl1CosmosHALBlockDeviceMBRPartInfoget_IsReadOnly', ID = '5088'
Method 'SystemVoidCosmosIL2CPUSZArrayImpl1CosmosHALBlockDeviceMBRPartInfoClear', ID = '5089'
Method 'SystemInt32CosmosIL2CPUSZArrayImpl1CosmosHALBlockDeviceMBRPartInfoIndexOfCosmosHALBlockDeviceMBRPartInfo', ID = '5090'
Method 'SystemVoidCosmosIL2CPUSZArrayImpl1CosmosHALBlockDeviceMBRPartInfoInsertSystemInt32CosmosHALBlockDeviceMBRPartInfo', ID = '5091'
Method 'SystemVoidCosmosIL2CPUSZArrayImpl1CosmosHALBlockDeviceMBRPartInfoRemoveAtSystemInt32', ID = '5092'
Method 'SystemBooleanCosmosIL2CPUSZArrayImpl1CosmosHALBlockDeviceMBRPartInfoget_IsFixedSize', ID = '5093'
Method 'SystemVoidCosmosIL2CPUSZArrayImpl1CosmosHALBlockDeviceMBRPartInfoRemoveCosmosHALBlockDeviceMBRPartInfo', ID = '5094'
Method 'SystemObjectCosmosIL2CPUSZArrayImpl1CosmosHALBlockDeviceMBRPartInfoget_SyncRoot', ID = '5095'
Method 'SystemBooleanCosmosIL2CPUSZArrayImpl1CosmosHALBlockDeviceMBRPartInfoget_IsSynchronized', ID = '5096'
Method 'SystemInt16SystemBitConverterToInt16SystemBytearraySystemInt32', ID = '5097'
Method 'SystemVoidSystemCollectionsGenericList1CosmosHALBlockDeviceEBRPartInfoGrowSystemInt32', ID = '5098'
Method 'CosmosHALBlockDeviceEBRPartInfoarrayInternalRuntimeCompilerServicesUnsafeAsCosmosHALBlockDeviceEBRPartInfoarraySystemObject', ID = '5100'
Method 'SystemVoidSystemSZGenericArrayEnumerator1CosmosHALBlockDeviceEBRPartInfoctorCosmosHALBlockDeviceEBRPartInfoarray', ID = '5101'
Method 'SystemInt32SystemArrayIndexOfCosmosHALBlockDeviceEBRPartInfoCosmosHALBlockDeviceEBRPartInfoarrayCosmosHALBlockDeviceEBRPartInfoSystemInt32SystemInt32', ID = '5104'
Method 'SystemCollectionsGenericIEnumerator1CosmosHALBlockDeviceEBRPartInfoCosmosIL2CPUSZArrayImpl1CosmosHALBlockDeviceEBRPartInfoGetEnumerator', ID = '5105'
Method 'SystemVoidCosmosIL2CPUSZArrayImpl1CosmosHALBlockDeviceEBRPartInfoCopyToCosmosHALBlockDeviceEBRPartInfoarraySystemInt32', ID = '5106'
Method 'SystemInt32CosmosIL2CPUSZArrayImpl1CosmosHALBlockDeviceEBRPartInfoget_Count', ID = '5107'
Method 'CosmosHALBlockDeviceEBRPartInfoCosmosIL2CPUSZArrayImpl1CosmosHALBlockDeviceEBRPartInfoget_ItemSystemInt32', ID = '5108'
Method 'SystemVoidCosmosIL2CPUSZArrayImpl1CosmosHALBlockDeviceEBRPartInfoset_ItemSystemInt32CosmosHALBlockDeviceEBRPartInfo', ID = '5109'
Method 'SystemVoidCosmosIL2CPUSZArrayImpl1CosmosHALBlockDeviceEBRPartInfoAddCosmosHALBlockDeviceEBRPartInfo', ID = '5110'
Method 'SystemBooleanCosmosIL2CPUSZArrayImpl1CosmosHALBlockDeviceEBRPartInfoContainsCosmosHALBlockDeviceEBRPartInfo', ID = '5111'
Method 'SystemBooleanCosmosIL2CPUSZArrayImpl1CosmosHALBlockDeviceEBRPartInfoget_IsReadOnly', ID = '5112'
Method 'SystemVoidCosmosIL2CPUSZArrayImpl1CosmosHALBlockDeviceEBRPartInfoClear', ID = '5113'
Method 'SystemInt32CosmosIL2CPUSZArrayImpl1CosmosHALBlockDeviceEBRPartInfoIndexOfCosmosHALBlockDeviceEBRPartInfo', ID = '5114'
Method 'SystemVoidCosmosIL2CPUSZArrayImpl1CosmosHALBlockDeviceEBRPartInfoInsertSystemInt32CosmosHALBlockDeviceEBRPartInfo', ID = '5115'
Method 'SystemVoidCosmosIL2CPUSZArrayImpl1CosmosHALBlockDeviceEBRPartInfoRemoveAtSystemInt32', ID = '5116'
Method 'SystemBooleanCosmosIL2CPUSZArrayImpl1CosmosHALBlockDeviceEBRPartInfoget_IsFixedSize', ID = '5117'
Method 'SystemVoidCosmosIL2CPUSZArrayImpl1CosmosHALBlockDeviceEBRPartInfoRemoveCosmosHALBlockDeviceEBRPartInfo', ID = '5118'
Method 'SystemObjectCosmosIL2CPUSZArrayImpl1CosmosHALBlockDeviceEBRPartInfoget_SyncRoot', ID = '5119'
Method 'SystemBooleanCosmosIL2CPUSZArrayImpl1CosmosHALBlockDeviceEBRPartInfoget_IsSynchronized', ID = '5120'
Method 'SystemVoidCosmosIL2CPUSZArrayImpl1GetEnumeratord__0CosmosHALBlockDeviceBlockDeviceSystemIDisposableDispose', ID = '5125'
Method 'SystemBooleanCosmosIL2CPUSZArrayImpl1GetEnumeratord__0CosmosHALBlockDeviceBlockDeviceMoveNext', ID = '5126'
Method 'SystemVoidCosmosIL2CPUSZArrayImpl1GetEnumeratord__0CosmosHALBlockDevicePartitionSystemIDisposableDispose', ID = '5131'
Method 'SystemBooleanCosmosIL2CPUSZArrayImpl1GetEnumeratord__0CosmosHALBlockDevicePartitionMoveNext', ID = '5132'
Method 'SystemVoidSystemSZGenericArrayEnumerator1CosmosHALBlockDevicePortsStoragePortcctor', ID = '5133'
Method 'SystemVoidSystemSZGenericArrayEnumerator1CosmosHALBlockDevicePortsStoragePortDispose', ID = '5134'
Method 'SystemBooleanSystemSZGenericArrayEnumerator1CosmosHALBlockDevicePortsStoragePortMoveNext', ID = '5135'
Method 'SystemBooleanSystemRuntimeCompilerServicesRuntimeHelpersIsBitwiseEquatableCosmosHALBlockDevicePortsStoragePort', ID = '5136'
Method 'SystemInt32InternalRuntimeCompilerServicesUnsafeSizeOfCosmosHALBlockDevicePortsStoragePort', ID = '5137'
Method 'SystemByteInternalRuntimeCompilerServicesUnsafeAsCosmosHALBlockDevicePortsStoragePortSystemByteCosmosHALBlockDevicePortsStoragePort', ID = '5138'
Method 'SystemCharInternalRuntimeCompilerServicesUnsafeAsCosmosHALBlockDevicePortsStoragePortSystemCharCosmosHALBlockDevicePortsStoragePort', ID = '5139'
Method 'SystemInt32InternalRuntimeCompilerServicesUnsafeAsCosmosHALBlockDevicePortsStoragePortSystemInt32CosmosHALBlockDevicePortsStoragePort', ID = '5140'
Method 'SystemInt64InternalRuntimeCompilerServicesUnsafeAsCosmosHALBlockDevicePortsStoragePortSystemInt64CosmosHALBlockDevicePortsStoragePort', ID = '5141'
Method 'SystemCollectionsGenericEqualityComparer1CosmosHALBlockDevicePortsStoragePortSystemCollectionsGenericEqualityComparer1CosmosHALBlockDevicePortsStoragePortget_Default', ID = '5142'
Method 'SystemInt32SystemCollectionsGenericEqualityComparer1CosmosHALBlockDevicePortsStoragePortIndexOfCosmosHALBlockDevicePortsStoragePortarrayCosmosHALBlockDevicePortsStoragePortSystemInt32SystemInt32', ID = '5143'
Method 'SystemVoidCosmosIL2CPUSZArrayImpl1GetEnumeratord__0CosmosHALBlockDevicePortsStoragePortctorSystemInt32', ID = '5144'
Method 'SystemNumericsVector1SystemByteInternalRuntimeCompilerServicesUnsafeAsSystemNumericsVector1SystemUInt16SystemNumericsVector1SystemByteSystemNumericsVector1SystemUInt16', ID = '5146'
Method 'SystemVoidSystemThrowHelperThrowForUnsupportedNumericsVectorBaseTypeSystemUInt32', ID = '5148'
Method 'SystemVoidInternalRuntimeCompilerServicesUnsafeSkipInitSystemNumericsVector1SystemUInt32SystemNumericsVector1SystemUInt32', ID = '5149'
Method 'SystemVoidSystemNumericsVector1SystemUInt32SetElementSystemIntPtrSystemUInt32', ID = '5150'
Method 'SystemInt32SystemNumericsVector1SystemUInt32get_Count', ID = '5151'
Method 'SystemNumericsVector1SystemByteInternalRuntimeCompilerServicesUnsafeAsSystemNumericsVector1SystemUInt32SystemNumericsVector1SystemByteSystemNumericsVector1SystemUInt32', ID = '5152'
Method 'SystemVoidSystemThrowHelperThrowForUnsupportedNumericsVectorBaseTypeSystemSingle', ID = '5154'
Method 'SystemVoidInternalRuntimeCompilerServicesUnsafeSkipInitSystemNumericsVector1SystemSingleSystemNumericsVector1SystemSingle', ID = '5155'
Method 'SystemVoidSystemNumericsVector1SystemSingleSetElementSystemIntPtrSystemSingle', ID = '5156'
Method 'SystemInt32SystemNumericsVector1SystemSingleget_Count', ID = '5157'
Method 'SystemNumericsVector1SystemByteInternalRuntimeCompilerServicesUnsafeAsSystemNumericsVector1SystemSingleSystemNumericsVector1SystemByteSystemNumericsVector1SystemSingle', ID = '5158'
Method 'SystemVoidInternalRuntimeCompilerServicesUnsafeSkipInitSystemNumericsVector1SystemUInt64SystemNumericsVector1SystemUInt64', ID = '5159'
Method 'SystemVoidSystemNumericsVector1SystemUInt64SetElementSystemIntPtrSystemUInt64', ID = '5160'
Method 'SystemNumericsVector1SystemByteInternalRuntimeCompilerServicesUnsafeAsSystemNumericsVector1SystemUInt64SystemNumericsVector1SystemByteSystemNumericsVector1SystemUInt64', ID = '5161'
Method 'SystemVoidSystemThrowHelperThrowForUnsupportedNumericsVectorBaseTypeSystemDouble', ID = '5163'
Method 'SystemVoidInternalRuntimeCompilerServicesUnsafeSkipInitSystemNumericsVector1SystemDoubleSystemNumericsVector1SystemDouble', ID = '5164'
Method 'SystemVoidSystemNumericsVector1SystemDoubleSetElementSystemIntPtrSystemDouble', ID = '5165'
Method 'SystemInt32SystemNumericsVector1SystemDoubleget_Count', ID = '5166'
Method 'SystemNumericsVector1SystemByteInternalRuntimeCompilerServicesUnsafeAsSystemNumericsVector1SystemDoubleSystemNumericsVector1SystemByteSystemNumericsVector1SystemDouble', ID = '5167'
Method 'SystemVoidInternalRuntimeCompilerServicesUnsafeWriteUnalignedSystemRuntimeIntrinsicsVector1281SystemByteSystemByteSystemRuntimeIntrinsicsVector1281SystemByte', ID = '5168'
Method 'SystemRuntimeIntrinsicsVector2561SystemByteSystemRuntimeIntrinsicsVector128ToVector256UnsafeSystemByteSystemRuntimeIntrinsicsVector1281SystemByte', ID = '5169'
Method 'SystemRuntimeIntrinsicsVector2561SystemByteSystemRuntimeIntrinsicsVector256WithUpperSystemByteSystemRuntimeIntrinsicsVector2561SystemByteSystemRuntimeIntrinsicsVector1281SystemByte', ID = '5170'
Method 'SystemRuntimeIntrinsicsVector2561SystemByteSystemRuntimeIntrinsicsVector256Createg__SoftwareFallbacksLine34_0SystemRuntimeIntrinsicsVector1281SystemByteSystemRuntimeIntrinsicsVector1281SystemByte', ID = '5171'
Method 'SystemNumericsVector1SystemByteInternalRuntimeCompilerServicesUnsafeAsSystemRuntimeIntrinsicsVector2561SystemByteSystemNumericsVector1SystemByteSystemRuntimeIntrinsicsVector2561SystemByte', ID = '5172'
Method 'CosmosHALBlockDeviceRegistersHBACommandHeaderarrayInternalRuntimeCompilerServicesUnsafeAsCosmosHALBlockDeviceRegistersHBACommandHeaderarraySystemObject', ID = '5174'
Method 'SystemVoidSystemSZGenericArrayEnumerator1CosmosHALBlockDeviceRegistersHBACommandHeaderctorCosmosHALBlockDeviceRegistersHBACommandHeaderarray', ID = '5175'
Method 'SystemInt32SystemArrayIndexOfCosmosHALBlockDeviceRegistersHBACommandHeaderCosmosHALBlockDeviceRegistersHBACommandHeaderarrayCosmosHALBlockDeviceRegistersHBACommandHeaderSystemInt32SystemInt32', ID = '5178'
Method 'SystemCollectionsGenericIEnumerator1CosmosHALBlockDeviceRegistersHBACommandHeaderCosmosIL2CPUSZArrayImpl1CosmosHALBlockDeviceRegistersHBACommandHeaderGetEnumerator', ID = '5179'
Method 'SystemVoidCosmosIL2CPUSZArrayImpl1CosmosHALBlockDeviceRegistersHBACommandHeaderCopyToCosmosHALBlockDeviceRegistersHBACommandHeaderarraySystemInt32', ID = '5180'
Method 'SystemInt32CosmosIL2CPUSZArrayImpl1CosmosHALBlockDeviceRegistersHBACommandHeaderget_Count', ID = '5181'
Method 'CosmosHALBlockDeviceRegistersHBACommandHeaderCosmosIL2CPUSZArrayImpl1CosmosHALBlockDeviceRegistersHBACommandHeaderget_ItemSystemInt32', ID = '5182'
Method 'SystemVoidCosmosIL2CPUSZArrayImpl1CosmosHALBlockDeviceRegistersHBACommandHeaderset_ItemSystemInt32CosmosHALBlockDeviceRegistersHBACommandHeader', ID = '5183'
Method 'SystemVoidCosmosIL2CPUSZArrayImpl1CosmosHALBlockDeviceRegistersHBACommandHeaderAddCosmosHALBlockDeviceRegistersHBACommandHeader', ID = '5184'
Method 'SystemBooleanCosmosIL2CPUSZArrayImpl1CosmosHALBlockDeviceRegistersHBACommandHeaderContainsCosmosHALBlockDeviceRegistersHBACommandHeader', ID = '5185'
Method 'SystemBooleanCosmosIL2CPUSZArrayImpl1CosmosHALBlockDeviceRegistersHBACommandHeaderget_IsReadOnly', ID = '5186'
Method 'SystemVoidCosmosIL2CPUSZArrayImpl1CosmosHALBlockDeviceRegistersHBACommandHeaderClear', ID = '5187'
Method 'SystemInt32CosmosIL2CPUSZArrayImpl1CosmosHALBlockDeviceRegistersHBACommandHeaderIndexOfCosmosHALBlockDeviceRegistersHBACommandHeader', ID = '5188'
Method 'SystemVoidCosmosIL2CPUSZArrayImpl1CosmosHALBlockDeviceRegistersHBACommandHeaderInsertSystemInt32CosmosHALBlockDeviceRegistersHBACommandHeader', ID = '5189'
Method 'SystemVoidCosmosIL2CPUSZArrayImpl1CosmosHALBlockDeviceRegistersHBACommandHeaderRemoveAtSystemInt32', ID = '5190'
Method 'SystemBooleanCosmosIL2CPUSZArrayImpl1CosmosHALBlockDeviceRegistersHBACommandHeaderget_IsFixedSize', ID = '5191'
Method 'SystemVoidCosmosIL2CPUSZArrayImpl1CosmosHALBlockDeviceRegistersHBACommandHeaderRemoveCosmosHALBlockDeviceRegistersHBACommandHeader', ID = '5192'
Method 'SystemObjectCosmosIL2CPUSZArrayImpl1CosmosHALBlockDeviceRegistersHBACommandHeaderget_SyncRoot', ID = '5193'
Method 'SystemBooleanCosmosIL2CPUSZArrayImpl1CosmosHALBlockDeviceRegistersHBACommandHeaderget_IsSynchronized', ID = '5194'
Method 'SystemVoidCosmosHALBlockDeviceRegistersFISRegisterH2Dset_LBA3SystemByte', ID = '5195'
Method 'SystemVoidCosmosHALBlockDeviceRegistersFISRegisterH2Dset_LBA4SystemByte', ID = '5196'
Method 'SystemVoidCosmosHALBlockDeviceRegistersFISRegisterH2Dset_LBA5SystemByte', ID = '5197'
Method 'SystemVoidCosmosHALBlockDeviceRegistersFISRegisterH2Dset_CountHSystemByte', ID = '5198'
Method 'SystemCollectionsGenericIEnumerator1CosmosHALBlockDeviceRegistersHBAPRDTEntrySystemSZArrayHelperGetEnumeratorCosmosHALBlockDeviceRegistersHBAPRDTEntry', ID = '5199'
Method 'SystemVoidSystemSZArrayHelperCopyToCosmosHALBlockDeviceRegistersHBAPRDTEntryCosmosHALBlockDeviceRegistersHBAPRDTEntryarraySystemInt32', ID = '5200'
Method 'SystemInt32SystemSZArrayHelperget_CountCosmosHALBlockDeviceRegistersHBAPRDTEntry', ID = '5201'
Method 'CosmosHALBlockDeviceRegistersHBAPRDTEntrySystemSZArrayHelperget_ItemCosmosHALBlockDeviceRegistersHBAPRDTEntrySystemInt32', ID = '5202'
Method 'SystemVoidSystemSZArrayHelperset_ItemCosmosHALBlockDeviceRegistersHBAPRDTEntrySystemInt32CosmosHALBlockDeviceRegistersHBAPRDTEntry', ID = '5203'
Method 'SystemVoidSystemSZArrayHelperAddCosmosHALBlockDeviceRegistersHBAPRDTEntryCosmosHALBlockDeviceRegistersHBAPRDTEntry', ID = '5204'
Method 'SystemBooleanSystemSZArrayHelperContainsCosmosHALBlockDeviceRegistersHBAPRDTEntryCosmosHALBlockDeviceRegistersHBAPRDTEntry', ID = '5205'
Method 'SystemBooleanSystemSZArrayHelperget_IsReadOnlyCosmosHALBlockDeviceRegistersHBAPRDTEntry', ID = '5206'
Method 'SystemVoidSystemSZArrayHelperClearCosmosHALBlockDeviceRegistersHBAPRDTEntry', ID = '5207'
Method 'SystemInt32SystemSZArrayHelperIndexOfCosmosHALBlockDeviceRegistersHBAPRDTEntryCosmosHALBlockDeviceRegistersHBAPRDTEntry', ID = '5208'
Method 'SystemVoidSystemSZArrayHelperInsertCosmosHALBlockDeviceRegistersHBAPRDTEntrySystemInt32CosmosHALBlockDeviceRegistersHBAPRDTEntry', ID = '5209'
Method 'SystemBooleanSystemSZArrayHelperRemoveCosmosHALBlockDeviceRegistersHBAPRDTEntryCosmosHALBlockDeviceRegistersHBAPRDTEntry', ID = '5210'
Method 'SystemVoidSystemSZArrayHelperRemoveAtCosmosHALBlockDeviceRegistersHBAPRDTEntrySystemInt32', ID = '5211'
Method 'SystemVoidSystemSZGenericArrayEnumerator1SystemBytearraycctor', ID = '5218'
Method 'SystemVoidSystemSZGenericArrayEnumerator1SystemBytearrayDispose', ID = '5219'
Method 'SystemBooleanSystemSZGenericArrayEnumerator1SystemBytearrayMoveNext', ID = '5220'
Method 'SystemBooleanSystemRuntimeCompilerServicesRuntimeHelpersIsBitwiseEquatableSystemBytearray', ID = '5221'
Method 'SystemInt32InternalRuntimeCompilerServicesUnsafeSizeOfSystemBytearray', ID = '5222'
Method 'SystemByteInternalRuntimeCompilerServicesUnsafeAsSystemBytearraySystemByteSystemBytearray', ID = '5223'
Method 'SystemCharInternalRuntimeCompilerServicesUnsafeAsSystemBytearraySystemCharSystemBytearray', ID = '5224'
Method 'SystemInt32InternalRuntimeCompilerServicesUnsafeAsSystemBytearraySystemInt32SystemBytearray', ID = '5225'
Method 'SystemInt64InternalRuntimeCompilerServicesUnsafeAsSystemBytearraySystemInt64SystemBytearray', ID = '5226'
Method 'SystemCollectionsGenericEqualityComparer1SystemBytearraySystemCollectionsGenericEqualityComparer1SystemBytearrayget_Default', ID = '5227'
Method 'SystemInt32SystemCollectionsGenericEqualityComparer1SystemBytearrayIndexOfSystemBytearrayarraySystemBytearraySystemInt32SystemInt32', ID = '5228'
Method 'SystemVoidCosmosIL2CPUSZArrayImpl1GetEnumeratord__0SystemBytearrayctorSystemInt32', ID = '5229'
Method 'SystemVoidCosmosIL2CPUSZArrayImpl1GetEnumeratord__0CosmosHALNetworkDeviceSystemIDisposableDispose', ID = '5234'
Method 'SystemBooleanCosmosIL2CPUSZArrayImpl1GetEnumeratord__0CosmosHALNetworkDeviceMoveNext', ID = '5235'
Method 'SystemVoidSystemCollectionsGenericEqualityComparer1SystemCollectionsGenericDictionary2EntrySystemUInt32CosmosHALNetworkDevicecctor', ID = '5236'
Method 'SystemUInt32SystemCollectionsGenericKeyValuePair2SystemUInt32CosmosHALNetworkDeviceget_Key', ID = '5238'
Method 'CosmosHALNetworkDeviceSystemCollectionsGenericKeyValuePair2SystemUInt32CosmosHALNetworkDeviceget_Value', ID = '5239'
Method 'SystemStringSystemCollectionsGenericKeyValuePairPairToStringSystemObjectSystemObject', ID = '5240'
Method 'SystemVoidCosmosIL2CPUSZArrayImpl1GetEnumeratord__0SystemCollectionsGenericKeyValuePair2SystemUInt32CosmosHALNetworkDeviceSystemIDisposableDispose', ID = '5245'
Method 'SystemBooleanCosmosIL2CPUSZArrayImpl1GetEnumeratord__0SystemCollectionsGenericKeyValuePair2SystemUInt32CosmosHALNetworkDeviceMoveNext', ID = '5246'
Method 'SystemInt32CosmosSystem_PlugsSystemMathImplHighWordSystemDouble', ID = '5248'
Method 'SystemInt32CosmosSystem_PlugsSystemMathImplLowWordSystemDouble', ID = '5249'
Method 'SystemBytearraySystemBitConverterGetBytesSystemInt64', ID = '5250'
Method 'SystemBytearraySystemBitConverterGetBytesSystemInt32', ID = '5251'
Method 'SystemBytearraySystemBitConverterGetBytesSystemUInt32', ID = '5252'
Method 'SystemDoubleSystemBitConverterToDoubleSystemBytearraySystemInt32', ID = '5253'
Method 'SystemStringSystemRuntimeTypeRuntimeTypeCacheGetNameSystemTypeNameKind', ID = '5257'
Method 'SystemStringCosmosCoreCosmosRuntimeTypeget_FullName', ID = '5258'
Method 'SystemStringSystemRuntimeTypeget_FullName', ID = '5259'
Method 'SystemReflectionAssemblyCosmosCoreCosmosRuntimeTypeget_Assembly', ID = '5260'
Method 'SystemReflectionAssemblySystemRuntimeTypeget_Assembly', ID = '5261'
Method 'SystemCollectionsGenericRandomizedStringEqualityComparerSystemCollectionsGenericNonRandomizedStringEqualityComparerOrdinalIgnoreCaseComparerGetRandomizedEqualityComparer', ID = '5262'
Method 'SystemVoidSystemOrdinalComparerctorSystemBoolean', ID = '5263'
Method 'CosmosHALKeyboardBasearrayInternalRuntimeCompilerServicesUnsafeAsCosmosHALKeyboardBasearraySystemObject', ID = '5264'
Method 'SystemVoidSystemSZGenericArrayEnumerator1CosmosHALKeyboardBasectorCosmosHALKeyboardBasearray', ID = '5265'
Method 'SystemInt32SystemArrayIndexOfCosmosHALKeyboardBaseCosmosHALKeyboardBasearrayCosmosHALKeyboardBaseSystemInt32SystemInt32', ID = '5268'
Method 'SystemCollectionsGenericIEnumerator1CosmosHALKeyboardBaseCosmosIL2CPUSZArrayImpl1CosmosHALKeyboardBaseGetEnumerator', ID = '5269'
Method 'SystemVoidCosmosIL2CPUSZArrayImpl1CosmosHALKeyboardBaseCopyToCosmosHALKeyboardBasearraySystemInt32', ID = '5270'
Method 'SystemInt32CosmosIL2CPUSZArrayImpl1CosmosHALKeyboardBaseget_Count', ID = '5271'
Method 'CosmosHALKeyboardBaseCosmosIL2CPUSZArrayImpl1CosmosHALKeyboardBaseget_ItemSystemInt32', ID = '5272'
Method 'SystemVoidCosmosIL2CPUSZArrayImpl1CosmosHALKeyboardBaseset_ItemSystemInt32CosmosHALKeyboardBase', ID = '5273'
Method 'SystemVoidCosmosIL2CPUSZArrayImpl1CosmosHALKeyboardBaseAddCosmosHALKeyboardBase', ID = '5274'
Method 'SystemBooleanCosmosIL2CPUSZArrayImpl1CosmosHALKeyboardBaseContainsCosmosHALKeyboardBase', ID = '5275'
Method 'SystemBooleanCosmosIL2CPUSZArrayImpl1CosmosHALKeyboardBaseget_IsReadOnly', ID = '5276'
Method 'SystemVoidCosmosIL2CPUSZArrayImpl1CosmosHALKeyboardBaseClear', ID = '5277'
Method 'SystemInt32CosmosIL2CPUSZArrayImpl1CosmosHALKeyboardBaseIndexOfCosmosHALKeyboardBase', ID = '5278'
Method 'SystemVoidCosmosIL2CPUSZArrayImpl1CosmosHALKeyboardBaseInsertSystemInt32CosmosHALKeyboardBase', ID = '5279'
Method 'SystemVoidCosmosIL2CPUSZArrayImpl1CosmosHALKeyboardBaseRemoveAtSystemInt32', ID = '5280'
Method 'SystemBooleanCosmosIL2CPUSZArrayImpl1CosmosHALKeyboardBaseget_IsFixedSize', ID = '5281'
Method 'SystemVoidCosmosIL2CPUSZArrayImpl1CosmosHALKeyboardBaseRemoveCosmosHALKeyboardBase', ID = '5282'
Method 'SystemObjectCosmosIL2CPUSZArrayImpl1CosmosHALKeyboardBaseget_SyncRoot', ID = '5283'
Method 'SystemBooleanCosmosIL2CPUSZArrayImpl1CosmosHALKeyboardBaseget_IsSynchronized', ID = '5284'
Method 'SystemCollectionsGenericIEnumerator1CosmosSystemKeyMappingSystemSZArrayHelperGetEnumeratorCosmosSystemKeyMapping', ID = '5286'
Method 'SystemVoidSystemSZArrayHelperCopyToCosmosSystemKeyMappingCosmosSystemKeyMappingarraySystemInt32', ID = '5287'
Method 'SystemInt32SystemSZArrayHelperget_CountCosmosSystemKeyMapping', ID = '5288'
Method 'CosmosSystemKeyMappingSystemSZArrayHelperget_ItemCosmosSystemKeyMappingSystemInt32', ID = '5289'
Method 'SystemVoidSystemSZArrayHelperset_ItemCosmosSystemKeyMappingSystemInt32CosmosSystemKeyMapping', ID = '5290'
Method 'SystemVoidSystemSZArrayHelperAddCosmosSystemKeyMappingCosmosSystemKeyMapping', ID = '5291'
Method 'SystemBooleanSystemSZArrayHelperContainsCosmosSystemKeyMappingCosmosSystemKeyMapping', ID = '5292'
Method 'SystemBooleanSystemSZArrayHelperget_IsReadOnlyCosmosSystemKeyMapping', ID = '5293'
Method 'SystemVoidSystemSZArrayHelperClearCosmosSystemKeyMapping', ID = '5294'
Method 'SystemInt32SystemSZArrayHelperIndexOfCosmosSystemKeyMappingCosmosSystemKeyMapping', ID = '5295'
Method 'SystemVoidSystemSZArrayHelperInsertCosmosSystemKeyMappingSystemInt32CosmosSystemKeyMapping', ID = '5296'
Method 'SystemBooleanSystemSZArrayHelperRemoveCosmosSystemKeyMappingCosmosSystemKeyMapping', ID = '5297'
Method 'SystemVoidSystemSZArrayHelperRemoveAtCosmosSystemKeyMappingSystemInt32', ID = '5298'
Method 'SystemVoidSystemCollectionsGenericList1CosmosSystemKeyMappingctorSystemInt32', ID = '5300'
Method 'SystemVoidCosmosSystemKeyMappingctorSystemByteCosmosSystemConsoleKeyEx', ID = '5301'
Method 'SystemVoidSystemCollectionsGenericList1CosmosSystemKeyMappingAddCosmosSystemKeyMapping', ID = '5302'
Method 'SystemVoidCosmosSystemKeyMappingctorSystemByteSystemCharSystemCharSystemCharSystemCharSystemCharSystemCharCosmosSystemConsoleKeyEx', ID = '5303'
Method 'SystemVoidCosmosSystemKeyMappingctorSystemByteSystemCharCosmosSystemConsoleKeyEx', ID = '5304'
Method 'SystemVoidCosmosSystemKeyMappingctorSystemByteSystemCharSystemCharSystemCharSystemCharSystemCharSystemCharCosmosSystemConsoleKeyExCosmosSystemConsoleKeyEx', ID = '5305'
Method 'CosmosSystemKeyEventarrayInternalRuntimeCompilerServicesUnsafeAsCosmosSystemKeyEventarraySystemObject', ID = '5307'
Method 'SystemVoidSystemSZGenericArrayEnumerator1CosmosSystemKeyEventctorCosmosSystemKeyEventarray', ID = '5308'
Method 'SystemInt32SystemArrayIndexOfCosmosSystemKeyEventCosmosSystemKeyEventarrayCosmosSystemKeyEventSystemInt32SystemInt32', ID = '5311'
Method 'SystemCollectionsGenericIEnumerator1CosmosSystemKeyEventCosmosIL2CPUSZArrayImpl1CosmosSystemKeyEventGetEnumerator', ID = '5312'
Method 'SystemVoidCosmosIL2CPUSZArrayImpl1CosmosSystemKeyEventCopyToCosmosSystemKeyEventarraySystemInt32', ID = '5313'
Method 'SystemInt32CosmosIL2CPUSZArrayImpl1CosmosSystemKeyEventget_Count', ID = '5314'
Method 'CosmosSystemKeyEventCosmosIL2CPUSZArrayImpl1CosmosSystemKeyEventget_ItemSystemInt32', ID = '5315'
Method 'SystemVoidCosmosIL2CPUSZArrayImpl1CosmosSystemKeyEventset_ItemSystemInt32CosmosSystemKeyEvent', ID = '5316'
Method 'SystemVoidCosmosIL2CPUSZArrayImpl1CosmosSystemKeyEventAddCosmosSystemKeyEvent', ID = '5317'
Method 'SystemBooleanCosmosIL2CPUSZArrayImpl1CosmosSystemKeyEventContainsCosmosSystemKeyEvent', ID = '5318'
Method 'SystemBooleanCosmosIL2CPUSZArrayImpl1CosmosSystemKeyEventget_IsReadOnly', ID = '5319'
Method 'SystemVoidCosmosIL2CPUSZArrayImpl1CosmosSystemKeyEventClear', ID = '5320'
Method 'SystemInt32CosmosIL2CPUSZArrayImpl1CosmosSystemKeyEventIndexOfCosmosSystemKeyEvent', ID = '5321'
Method 'SystemVoidCosmosIL2CPUSZArrayImpl1CosmosSystemKeyEventInsertSystemInt32CosmosSystemKeyEvent', ID = '5322'
Method 'SystemVoidCosmosIL2CPUSZArrayImpl1CosmosSystemKeyEventRemoveAtSystemInt32', ID = '5323'
Method 'SystemBooleanCosmosIL2CPUSZArrayImpl1CosmosSystemKeyEventget_IsFixedSize', ID = '5324'
Method 'SystemVoidCosmosIL2CPUSZArrayImpl1CosmosSystemKeyEventRemoveCosmosSystemKeyEvent', ID = '5325'
Method 'SystemObjectCosmosIL2CPUSZArrayImpl1CosmosSystemKeyEventget_SyncRoot', ID = '5326'
Method 'SystemBooleanCosmosIL2CPUSZArrayImpl1CosmosSystemKeyEventget_IsSynchronized', ID = '5327'
Method 'SystemVoidSystemCollectionsGenericList1CosmosHALKeyboardBaseset_CapacitySystemInt32', ID = '5328'
Method 'SystemBooleanSystemCollectionsGenericList1EnumeratorCosmosHALKeyboardBaseMoveNextRare', ID = '5329'
Method 'SystemVoidCosmosSystemKeyEventctor', ID = '5330'
Method 'SystemConsoleModifiersCosmosSystemKeyEventget_Modifiers', ID = '5331'
Method 'SystemVoidCosmosSystemKeyEventset_ModifiersSystemConsoleModifiers', ID = '5332'
Method 'SystemVoidCosmosSystemKeyEventset_TypeCosmosSystemKeyEventKeyEventType', ID = '5333'
Method 'SystemVoidCosmosSystemKeyEventset_KeyCharSystemChar', ID = '5334'
Method 'SystemVoidCosmosSystemKeyEventset_KeyCosmosSystemConsoleKeyEx', ID = '5335'
Method 'SystemVoidSystemCollectionsGenericQueue1CosmosSystemKeyEventGrowSystemInt32', ID = '5338'
Method 'SystemVoidSystemCollectionsGenericQueue1CosmosSystemKeyEventMoveNextSystemInt32', ID = '5339'
Method 'SystemVoidSystemCollectionsGenericEqualityComparer1CosmosHALPCIDevicecctor', ID = '5340'
Method 'SystemChararrayCosmosCore_PlugsSystemBuffersArrayPoolImpl1CosmosArrayPoolSystemCharRentSystemInt32', ID = '5342'
Method 'SystemVoidCosmosCore_PlugsSystemBuffersArrayPoolImpl1CosmosArrayPoolSystemCharReturnSystemChararraySystemBoolean', ID = '5343'
Method 'SystemBooleanSystemRuntimeFieldHandleEqualsSystemObject', ID = '5345'
Method 'SystemInt32SystemRuntimeFieldHandleGetHashCode', ID = '5346'
Method 'SystemRuntimeTypeSystemRuntimeTypeGetBaseType', ID = '5348'
Method 'SystemTypeCosmosCoreCosmosRuntimeTypeget_BaseType', ID = '5350'
Method 'SystemTypeSystemRuntimeTypeget_BaseType', ID = '5351'
Method 'SystemTypeCosmosCore_PlugsSystemTypeImplget_BaseType', ID = '5352'
Method 'SystemStringCosmosCore_PlugsSystemStringImplFormatSystemStringSystemObjectSystemObject', ID = '5353'
Method 'SystemGlobalizationCultureDataSystemGlobalizationCultureDataget_Invariant', ID = '5354'
Method 'SystemVoidSystemGlobalizationCultureInfoctorSystemGlobalizationCultureDataSystemBoolean', ID = '5355'
Method 'SystemVoidSystemGlobalizationCompareInfocctor', ID = '5358'
Method 'SystemStringSystemGlobalizationCompareInfoToString', ID = '5360'
Method 'SystemBooleanSystemGlobalizationCompareInfoEqualsSystemObject', ID = '5361'
Method 'SystemInt32SystemGlobalizationCompareInfoGetHashCode', ID = '5362'
Method 'SystemVoidSystemGlobalizationTextInfocctor', ID = '5363'
Method 'SystemStringSystemGlobalizationTextInfoToString', ID = '5365'
Method 'SystemBooleanSystemGlobalizationTextInfoEqualsSystemObject', ID = '5366'
Method 'SystemInt32SystemGlobalizationTextInfoGetHashCode', ID = '5367'
Method 'SystemObjectSystemGlobalizationDateTimeFormatInfoGetFormatSystemType', ID = '5371'
Method 'SystemVoidSystemGlobalizationCultureDatacctor', ID = '5372'
Method 'SystemBooleanCosmosCore_PlugsSystemGlobalizationCultureInfoImplEqualsSystemObject', ID = '5374'
Method 'SystemInt32CosmosCore_PlugsSystemGlobalizationCultureInfoImplGetHashCode', ID = '5375'
Method 'SystemVoidSystemGlobalizationCultureDataGetNFIValuesSystemGlobalizationNumberFormatInfo', ID = '5376'
Method 'SystemVoidSystemGlobalizationNumberFormatInfoInitializeInvariantAndNegativeSignFlags', ID = '5377'
Method 'SystemObjectInternalRuntimeCompilerServicesUnsafeAsSystemGlobalizationNumberFormatInfoSystemObjectSystemGlobalizationNumberFormatInfo', ID = '5380'
Method 'SystemGlobalizationNumberFormatInfoInternalRuntimeCompilerServicesUnsafeAsSystemGlobalizationNumberFormatInfoSystemObject', ID = '5382'
Method 'SystemGlobalizationCalendarSystemGlobalizationCultureInfoget_Calendar', ID = '5383'
Method 'SystemVoidSystemGlobalizationDateTimeFormatInfoctorSystemGlobalizationCultureDataSystemGlobalizationCalendar', ID = '5384'
Method 'SystemGlobalizationDateTimeFormatInfoSystemThreadingInterlockedCompareExchangeSystemGlobalizationDateTimeFormatInfoSystemGlobalizationDateTimeFormatInfoSystemGlobalizat2A0070DF4D0D73AAFB5E4F62CE02272D', ID = '5385'
Method 'SystemStringSystemSpan1SystemByteToString', ID = '5386'
Method 'SystemBooleanSystemSpan1SystemByteEqualsSystemObject', ID = '5387'
Method 'SystemInt32SystemSpan1SystemByteGetHashCode', ID = '5388'
Method 'SystemTextStringBuilderSystemTextStringBuilderAppendSystemInt32', ID = '5389'
Method 'SystemTextStringBuilderSystemTextStringBuilderAppendSystemBoolean', ID = '5390'
Method 'SystemTextStringBuilderSystemTextStringBuilderAppendSystemObject', ID = '5391'
Method 'SystemVoidSystemNumberGrisu3cctor', ID = '5392'
Method 'SystemVoidSystemNumberDiyFpGetBoundariesSystemInt32SystemNumberDiyFpSystemNumberDiyFp', ID = '5395'
Method 'SystemInt32SystemNumericsBitOperationsLeadingZeroCountSystemUInt64', ID = '5396'
Method 'SystemVoidSystemNumberDiyFpctorSystemUInt64SystemInt32', ID = '5397'
Method 'SystemNumberDiyFpSystemNumberGrisu3GetCachedPowerForBinaryExponentRangeSystemInt32SystemInt32SystemInt32', ID = '5398'
Method 'SystemNumberDiyFpSystemNumberDiyFpMultiplySystemNumberDiyFp', ID = '5399'
Method 'SystemBooleanSystemNumberGrisu3TryDigitGenShortestSystemNumberDiyFpSystemNumberDiyFpSystemNumberDiyFpSystemSpan1SystemByteSystemInt32SystemInt32', ID = '5400'
Method 'SystemBooleanSystemNumberGrisu3TryDigitGenCountedSystemNumberDiyFpSystemInt32SystemSpan1SystemByteSystemInt32SystemInt32', ID = '5401'
Method 'SystemUInt64SystemBitConverterDoubleToUInt64BitsSystemDouble', ID = '5402'
Method 'SystemUInt64SystemRuntimeIntrinsicsX86LzcntX64LeadingZeroCountSystemUInt64', ID = '5404'
Method 'SystemUInt64SystemRuntimeIntrinsicsX86X86BaseX64BitScanReverseSystemUInt64', ID = '5405'
Method 'SystemInt32SystemNumericsBitOperationsLog2SystemUInt32', ID = '5406'
Method 'SystemVoidSystemNumberBigIntegerSetUInt64SystemNumberBigIntegerSystemUInt64', ID = '5407'
Method 'SystemVoidSystemNumberBigIntegerShiftLeftSystemUInt32', ID = '5408'
Method 'SystemVoidSystemNumberBigIntegerSetUInt32SystemNumberBigIntegerSystemUInt32', ID = '5409'
Method 'SystemVoidSystemNumberBigIntegerPow2SystemUInt32SystemNumberBigInteger', ID = '5410'
Method 'SystemVoidSystemNumberBigIntegerMultiplyPow10SystemUInt32', ID = '5412'
Method 'SystemVoidSystemNumberBigIntegerPow10SystemUInt32SystemNumberBigInteger', ID = '5413'
Method 'SystemVoidSystemNumberBigIntegerMultiplySystemNumberBigInteger', ID = '5414'
Method 'SystemVoidSystemNumberBigIntegerMultiplySystemNumberBigIntegerSystemUInt32SystemNumberBigInteger', ID = '5415'
Method 'SystemVoidSystemNumberBigIntegerAddSystemNumberBigIntegerSystemNumberBigIntegerSystemNumberBigInteger', ID = '5416'
Method 'SystemInt32SystemNumberBigIntegerCompareSystemNumberBigIntegerSystemNumberBigInteger', ID = '5417'
Method 'SystemVoidSystemNumberBigIntegerMultiply10', ID = '5418'
Method 'SystemInt32SystemNumberBigIntegerGetLength', ID = '5419'
Method 'SystemUInt32SystemNumberBigIntegerGetBlockSystemUInt32', ID = '5420'
Method 'SystemUInt32SystemNumberBigIntegerHeuristicDivideSystemNumberBigIntegerSystemNumberBigInteger', ID = '5421'
Method 'SystemBooleanSystemNumberBigIntegerIsZero', ID = '5422'
Method 'SystemStringSystemSpan1SystemInt32ToString', ID = '5424'
Method 'SystemBooleanSystemSpan1SystemInt32EqualsSystemObject', ID = '5425'
Method 'SystemInt32SystemSpan1SystemInt32GetHashCode', ID = '5426'
Method 'SystemBooleanCosmosCore_PlugsSystemRuntimeCompilerServicesRuntimeHelpersImplIsReferenceOrContainsReferencesSystemInt32', ID = '5427'
Method 'SystemVoidSystemSZGenericArrayEnumerator1CosmosSystemNetworkConfigIPConfigcctor', ID = '5428'
Method 'SystemVoidSystemSZGenericArrayEnumerator1CosmosSystemNetworkConfigIPConfigDispose', ID = '5429'
Method 'SystemBooleanSystemSZGenericArrayEnumerator1CosmosSystemNetworkConfigIPConfigMoveNext', ID = '5430'
Method 'SystemBooleanSystemRuntimeCompilerServicesRuntimeHelpersIsBitwiseEquatableCosmosSystemNetworkConfigIPConfig', ID = '5431'
Method 'SystemInt32InternalRuntimeCompilerServicesUnsafeSizeOfCosmosSystemNetworkConfigIPConfig', ID = '5432'
Method 'SystemByteInternalRuntimeCompilerServicesUnsafeAsCosmosSystemNetworkConfigIPConfigSystemByteCosmosSystemNetworkConfigIPConfig', ID = '5433'
Method 'SystemCharInternalRuntimeCompilerServicesUnsafeAsCosmosSystemNetworkConfigIPConfigSystemCharCosmosSystemNetworkConfigIPConfig', ID = '5434'
Method 'SystemInt32InternalRuntimeCompilerServicesUnsafeAsCosmosSystemNetworkConfigIPConfigSystemInt32CosmosSystemNetworkConfigIPConfig', ID = '5435'
Method 'SystemInt64InternalRuntimeCompilerServicesUnsafeAsCosmosSystemNetworkConfigIPConfigSystemInt64CosmosSystemNetworkConfigIPConfig', ID = '5436'
Method 'SystemCollectionsGenericEqualityComparer1CosmosSystemNetworkConfigIPConfigSystemCollectionsGenericEqualityComparer1CosmosSystemNetworkConfigIPConfigget_Default', ID = '5437'
Method 'SystemInt32SystemCollectionsGenericEqualityComparer1CosmosSystemNetworkConfigIPConfigIndexOfCosmosSystemNetworkConfigIPConfigarrayCosmosSystemNetworkConfigIPConfigSystemInt32SystemInt32', ID = '5438'
Method 'SystemVoidCosmosIL2CPUSZArrayImpl1GetEnumeratord__0CosmosSystemNetworkConfigIPConfigctorSystemInt32', ID = '5439'
Method 'SystemVoidCosmosIL2CPUSZArrayImpl1GetEnumeratord__0CosmosSystemNetworkConfigNetworkConfigSystemIDisposableDispose', ID = '5445'
Method 'SystemBooleanCosmosIL2CPUSZArrayImpl1GetEnumeratord__0CosmosSystemNetworkConfigNetworkConfigMoveNext', ID = '5446'
Method 'SystemVoidSystemCollectionsGenericDictionary2SystemUInt32CosmosSystemNetworkIPv4ICMPClientctor', ID = '5450'
Method 'SystemVoidCosmosSystemNetworkIPv4ICMPClientClose', ID = '5454'
Method 'SystemCollectionsGenericDictionary2EntrySystemUInt32CosmosSystemNetworkIPv4ICMPClientInternalRuntimeCompilerServicesUnsafeNullRefSystemCollectionsGenericDictionary2EntrAA1BA6C6CE0C69E64C202788A6BDDAAC', ID = '5463'
Method 'SystemInt32SystemCollectionsGenericDictionary2SystemUInt32CosmosSystemNetworkIPv4ICMPClientGetBucketSystemUInt32', ID = '5464'
Method 'CosmosSystemNetworkIPv4ICMPClientInternalRuntimeCompilerServicesUnsafeNullRefCosmosSystemNetworkIPv4ICMPClient', ID = '5466'
Method 'SystemVoidSystemCollectionsGenericQueue1CosmosSystemNetworkIPv4ICMPPacketSetCapacitySystemInt32', ID = '5467'
Method 'SystemVoidCosmosSystemNetworkIPv4IPPacketctorCosmosHALNetworkMACAddressCosmosHALNetworkMACAddressSystemUInt16SystemByteCosmosSystemNetworkIPv4AddressCosmosSystemNetworkIPv4AddressSystemByte', ID = '5468'
Method 'SystemUInt16CosmosSystemNetworkIPv4IPPacketCalcOcCRCSystemBytearraySystemUInt16SystemInt32', ID = '5469'
Method 'SystemVoidSystemCollectionsGenericList1CosmosSystemNetworkIPv4OutgoingBufferBufferEntryGrowSystemInt32', ID = '5470'
Method 'SystemCollectionsGenericIEnumerator1CosmosSystemNetworkIPv4TCPTCPOptionSystemSZArrayHelperGetEnumeratorCosmosSystemNetworkIPv4TCPTCPOption', ID = '5471'
Method 'SystemVoidSystemSZArrayHelperCopyToCosmosSystemNetworkIPv4TCPTCPOptionCosmosSystemNetworkIPv4TCPTCPOptionarraySystemInt32', ID = '5472'
Method 'SystemInt32SystemSZArrayHelperget_CountCosmosSystemNetworkIPv4TCPTCPOption', ID = '5473'
Method 'CosmosSystemNetworkIPv4TCPTCPOptionSystemSZArrayHelperget_ItemCosmosSystemNetworkIPv4TCPTCPOptionSystemInt32', ID = '5474'
Method 'SystemVoidSystemSZArrayHelperset_ItemCosmosSystemNetworkIPv4TCPTCPOptionSystemInt32CosmosSystemNetworkIPv4TCPTCPOption', ID = '5475'
Method 'SystemVoidSystemSZArrayHelperAddCosmosSystemNetworkIPv4TCPTCPOptionCosmosSystemNetworkIPv4TCPTCPOption', ID = '5476'
Method 'SystemBooleanSystemSZArrayHelperContainsCosmosSystemNetworkIPv4TCPTCPOptionCosmosSystemNetworkIPv4TCPTCPOption', ID = '5477'
Method 'SystemBooleanSystemSZArrayHelperget_IsReadOnlyCosmosSystemNetworkIPv4TCPTCPOption', ID = '5478'
Method 'SystemVoidSystemSZArrayHelperClearCosmosSystemNetworkIPv4TCPTCPOption', ID = '5479'
Method 'SystemInt32SystemSZArrayHelperIndexOfCosmosSystemNetworkIPv4TCPTCPOptionCosmosSystemNetworkIPv4TCPTCPOption', ID = '5480'
Method 'SystemVoidSystemSZArrayHelperInsertCosmosSystemNetworkIPv4TCPTCPOptionSystemInt32CosmosSystemNetworkIPv4TCPTCPOption', ID = '5481'
Method 'SystemBooleanSystemSZArrayHelperRemoveCosmosSystemNetworkIPv4TCPTCPOptionCosmosSystemNetworkIPv4TCPTCPOption', ID = '5482'
Method 'SystemVoidSystemSZArrayHelperRemoveAtCosmosSystemNetworkIPv4TCPTCPOptionSystemInt32', ID = '5483'
Method 'SystemVoidSystemRuntimeCompilerServicesDefaultInterpolatedStringHandlerAppendCustomFormatterCosmosSystemNetworkIPv4AddressCosmosSystemNetworkIPv4AddressSystemString', ID = '5485'
Method 'SystemVoidSystemRuntimeCompilerServicesDefaultInterpolatedStringHandlerAppendCustomFormatterSystemUInt16SystemUInt16SystemString', ID = '5486'
Method 'SystemStringSystemStringRemoveSystemInt32', ID = '5487'
Method 'SystemVoidSystemCollectionsGenericList1CosmosSystemNetworkIPv4TCPTcpctor', ID = '5488'
Method 'SystemVoidSystemCollectionsGenericList1CosmosSystemNetworkIPv4TCPTcpcctor', ID = '5492'
Method 'SystemVoidCosmosSystem_PlugsSystemRandomImplCtor', ID = '5500'
Method 'SystemInt32CosmosSystem_PlugsSystemRandomImplNextSystemInt32SystemInt32', ID = '5501'
Method 'SystemVoidSystemCollectionsGenericQueue1CosmosSystemNetworkIPv4TCPTCPPacketGrowSystemInt32', ID = '5503'
Method 'SystemVoidSystemCollectionsGenericQueue1CosmosSystemNetworkIPv4TCPTCPPacketMoveNextSystemInt32', ID = '5504'
Method 'SystemVoidCosmosHALPITSignalWaitCosmosCoreINTsIRQContext', ID = '5505'
Method 'SystemVoidCosmosCore_AsmDelegateImplCtorSystemObjectSystemIntPtr', ID = '1837'
Method 'SystemVoidCosmosHALPITPITTimerctorCosmosHALPITPITTimerOnTriggerSystemUInt64SystemBoolean', ID = '5507'
Method 'SystemInt32CosmosHALPITRegisterTimerCosmosHALPITPITTimer', ID = '5508'
Method 'SystemVoidCosmosSystemNetworkIPv4TCPTCPPacketMakePacketCosmosSystemNetworkIPv4AddressCosmosSystemNetworkIPv4AddressSystemUInt16SystemUInt16SystemUInt64SystemUInt64SysteBD1CEC6EA17A7199BC7B33B95B6E8D15', ID = '5510'
Method 'SystemUInt16CosmosSystemNetworkIPv4UDPUDPPacketget_UDP_Length', ID = '5511'
Method 'SystemVoidSystemCollectionsGenericList1CosmosSystemNetworkIPv4UDPDNSDNSQuerycctor', ID = '5512'
Method 'SystemVoidSystemCollectionsGenericList1CosmosSystemNetworkIPv4UDPDNSDNSAnswercctor', ID = '5519'
Method 'SystemVoidCosmosSystemNetworkIPv4UDPUdpClientClose', ID = '5529'
Method 'SystemVoidSystemCollectionsGenericDictionary2SystemUInt32CosmosSystemNetworkIPv4UDPUdpClientctor', ID = '5530'
Method 'SystemCollectionsGenericDictionary2EntrySystemUInt32CosmosSystemNetworkIPv4UDPUdpClientInternalRuntimeCompilerServicesUnsafeNullRefSystemCollectionsGenericDictionary2En24D32E106FD2ABAA96E852EA9174030A', ID = '5539'
Method 'SystemInt32SystemCollectionsGenericDictionary2SystemUInt32CosmosSystemNetworkIPv4UDPUdpClientGetBucketSystemUInt32', ID = '5540'
Method 'CosmosSystemNetworkIPv4UDPUdpClientInternalRuntimeCompilerServicesUnsafeNullRefCosmosSystemNetworkIPv4UDPUdpClient', ID = '5542'
Method 'SystemVoidSystemCollectionsGenericQueue1CosmosSystemNetworkIPv4UDPUDPPacketSetCapacitySystemInt32', ID = '5543'
Method 'SystemCollectionsGenericIEnumerator1CosmosSystemNetworkIPv4UDPDHCPDHCPOptionSystemSZArrayHelperGetEnumeratorCosmosSystemNetworkIPv4UDPDHCPDHCPOption', ID = '5544'
Method 'SystemVoidSystemSZArrayHelperCopyToCosmosSystemNetworkIPv4UDPDHCPDHCPOptionCosmosSystemNetworkIPv4UDPDHCPDHCPOptionarraySystemInt32', ID = '5545'
Method 'SystemInt32SystemSZArrayHelperget_CountCosmosSystemNetworkIPv4UDPDHCPDHCPOption', ID = '5546'
Method 'CosmosSystemNetworkIPv4UDPDHCPDHCPOptionSystemSZArrayHelperget_ItemCosmosSystemNetworkIPv4UDPDHCPDHCPOptionSystemInt32', ID = '5547'
Method 'SystemVoidSystemSZArrayHelperset_ItemCosmosSystemNetworkIPv4UDPDHCPDHCPOptionSystemInt32CosmosSystemNetworkIPv4UDPDHCPDHCPOption', ID = '5548'
Method 'SystemVoidSystemSZArrayHelperAddCosmosSystemNetworkIPv4UDPDHCPDHCPOptionCosmosSystemNetworkIPv4UDPDHCPDHCPOption', ID = '5549'
Method 'SystemBooleanSystemSZArrayHelperContainsCosmosSystemNetworkIPv4UDPDHCPDHCPOptionCosmosSystemNetworkIPv4UDPDHCPDHCPOption', ID = '5550'
Method 'SystemBooleanSystemSZArrayHelperget_IsReadOnlyCosmosSystemNetworkIPv4UDPDHCPDHCPOption', ID = '5551'
Method 'SystemVoidSystemSZArrayHelperClearCosmosSystemNetworkIPv4UDPDHCPDHCPOption', ID = '5552'
Method 'SystemInt32SystemSZArrayHelperIndexOfCosmosSystemNetworkIPv4UDPDHCPDHCPOptionCosmosSystemNetworkIPv4UDPDHCPDHCPOption', ID = '5553'
Method 'SystemVoidSystemSZArrayHelperInsertCosmosSystemNetworkIPv4UDPDHCPDHCPOptionSystemInt32CosmosSystemNetworkIPv4UDPDHCPDHCPOption', ID = '5554'
Method 'SystemBooleanSystemSZArrayHelperRemoveCosmosSystemNetworkIPv4UDPDHCPDHCPOptionCosmosSystemNetworkIPv4UDPDHCPDHCPOption', ID = '5555'
Method 'SystemVoidSystemSZArrayHelperRemoveAtCosmosSystemNetworkIPv4UDPDHCPDHCPOptionSystemInt32', ID = '5556'
Method 'SystemVoidCosmosIL2CPUSZArrayImpl1GetEnumeratord__0CosmosHALPITPITTimerSystemIDisposableDispose', ID = '5562'
Method 'SystemBooleanCosmosIL2CPUSZArrayImpl1GetEnumeratord__0CosmosHALPITPITTimerMoveNext', ID = '5563'
Method 'SystemVoidCosmosIL2CPUSZArrayImpl1GetEnumeratord__0CosmosSystemNetworkIPv4OutgoingBufferBufferEntrySystemIDisposableDispose', ID = '5568'
Method 'SystemBooleanCosmosIL2CPUSZArrayImpl1GetEnumeratord__0CosmosSystemNetworkIPv4OutgoingBufferBufferEntryMoveNext', ID = '5569'
Method 'SystemVoidSystemSZGenericArrayEnumerator1SystemCollectionsGenericDictionary2EntrySystemUInt32CosmosHALNetworkMACAddresscctor', ID = '5570'
Method 'SystemVoidSystemSZGenericArrayEnumerator1SystemCollectionsGenericDictionary2EntrySystemUInt32CosmosHALNetworkMACAddressDispose', ID = '5571'
Method 'SystemBooleanSystemSZGenericArrayEnumerator1SystemCollectionsGenericDictionary2EntrySystemUInt32CosmosHALNetworkMACAddressMoveNext', ID = '5572'
Method 'SystemBooleanSystemRuntimeCompilerServicesRuntimeHelpersIsBitwiseEquatableSystemCollectionsGenericDictionary2EntrySystemUInt32CosmosHALNetworkMACAddress', ID = '5573'
Method 'SystemInt32InternalRuntimeCompilerServicesUnsafeSizeOfSystemCollectionsGenericDictionary2EntrySystemUInt32CosmosHALNetworkMACAddress', ID = '5574'
Method 'SystemByteInternalRuntimeCompilerServicesUnsafeAsSystemCollectionsGenericDictionary2EntrySystemUInt32CosmosHALNetworkMACAddressSystemByteSystemCollectionsGenericDiction9712399C8F96CA461DFFB1D4B0D91004', ID = '5575'
Method 'SystemCharInternalRuntimeCompilerServicesUnsafeAsSystemCollectionsGenericDictionary2EntrySystemUInt32CosmosHALNetworkMACAddressSystemCharSystemCollectionsGenericDiction7A3DD425939FE2702A71FACCB97CD990', ID = '5576'
Method 'SystemInt32InternalRuntimeCompilerServicesUnsafeAsSystemCollectionsGenericDictionary2EntrySystemUInt32CosmosHALNetworkMACAddressSystemInt32SystemCollectionsGenericDictiA18035AE94690FA57356D746EE61F0D6', ID = '5577'
Method 'SystemInt64InternalRuntimeCompilerServicesUnsafeAsSystemCollectionsGenericDictionary2EntrySystemUInt32CosmosHALNetworkMACAddressSystemInt64SystemCollectionsGenericDictiE94AA2B57E0E27A3A54080AB4AF06B4A', ID = '5578'
Method 'SystemCollectionsGenericEqualityComparer1SystemCollectionsGenericDictionary2EntrySystemUInt32CosmosHALNetworkMACAddressSystemCollectionsGenericEqualityComparer1SystemCo42008018D07CAD0B2B825D991928B592', ID = '5579'
Method 'SystemInt32SystemCollectionsGenericEqualityComparer1SystemCollectionsGenericDictionary2EntrySystemUInt32CosmosHALNetworkMACAddressIndexOfSystemCollectionsGenericDiction3BA5938B12F43AAF8D70DA839919B396', ID = '5580'
Method 'SystemVoidCosmosIL2CPUSZArrayImpl1GetEnumeratord__0SystemCollectionsGenericDictionary2EntrySystemUInt32CosmosHALNetworkMACAddressctorSystemInt32', ID = '5581'
Method 'SystemCollectionsGenericIEnumerator1CosmosHALNetworkMACAddressSystemSZArrayHelperGetEnumeratorCosmosHALNetworkMACAddress', ID = '5583'
Method 'SystemVoidSystemSZArrayHelperCopyToCosmosHALNetworkMACAddressCosmosHALNetworkMACAddressarraySystemInt32', ID = '5584'
Method 'SystemInt32SystemSZArrayHelperget_CountCosmosHALNetworkMACAddress', ID = '5585'
Method 'CosmosHALNetworkMACAddressSystemSZArrayHelperget_ItemCosmosHALNetworkMACAddressSystemInt32', ID = '5586'
Method 'SystemVoidSystemSZArrayHelperset_ItemCosmosHALNetworkMACAddressSystemInt32CosmosHALNetworkMACAddress', ID = '5587'
Method 'SystemVoidSystemSZArrayHelperAddCosmosHALNetworkMACAddressCosmosHALNetworkMACAddress', ID = '5588'
Method 'SystemBooleanSystemSZArrayHelperContainsCosmosHALNetworkMACAddressCosmosHALNetworkMACAddress', ID = '5589'
Method 'SystemBooleanSystemSZArrayHelperget_IsReadOnlyCosmosHALNetworkMACAddress', ID = '5590'
Method 'SystemVoidSystemSZArrayHelperClearCosmosHALNetworkMACAddress', ID = '5591'
Method 'SystemInt32SystemSZArrayHelperIndexOfCosmosHALNetworkMACAddressCosmosHALNetworkMACAddress', ID = '5592'
Method 'SystemVoidSystemSZArrayHelperInsertCosmosHALNetworkMACAddressSystemInt32CosmosHALNetworkMACAddress', ID = '5593'
Method 'SystemBooleanSystemSZArrayHelperRemoveCosmosHALNetworkMACAddressCosmosHALNetworkMACAddress', ID = '5594'
Method 'SystemVoidSystemSZArrayHelperRemoveAtCosmosHALNetworkMACAddressSystemInt32', ID = '5595'
Method 'SystemCollectionsGenericKeyValuePair2SystemUInt32CosmosHALNetworkMACAddressarrayInternalRuntimeCompilerServicesUnsafeAsSystemCollectionsGenericKeyValuePair2SystemUInt3295866A6FE270B858D2DA0D19D996C87A', ID = '5600'
Method 'SystemVoidSystemSZGenericArrayEnumerator1SystemCollectionsGenericKeyValuePair2SystemUInt32CosmosHALNetworkMACAddressctorSystemCollectionsGenericKeyValuePair2SystemUInt32CosmosHALNetworkMACAddressarray', ID = '5601'
Method 'SystemInt32SystemArrayIndexOfSystemCollectionsGenericKeyValuePair2SystemUInt32CosmosHALNetworkMACAddressSystemCollectionsGenericKeyValuePair2SystemUInt32CosmosHALNetworD84C8D479D38E4AA42399B2A6A80839D', ID = '5605'
Method 'SystemCollectionsGenericIEnumerator1SystemCollectionsGenericKeyValuePair2SystemUInt32CosmosHALNetworkMACAddressCosmosIL2CPUSZArrayImpl1SystemCollectionsGenericKeyValuePE6BC371FBD3CBF40121154D846ECF6E3', ID = '5606'
Method 'SystemVoidCosmosIL2CPUSZArrayImpl1SystemCollectionsGenericKeyValuePair2SystemUInt32CosmosHALNetworkMACAddressCopyToSystemCollectionsGenericKeyValuePair2SystemUInt32Cosm8AD9B0BE8FB9BF421E7E50681B34FF83', ID = '5607'
Method 'SystemInt32CosmosIL2CPUSZArrayImpl1SystemCollectionsGenericKeyValuePair2SystemUInt32CosmosHALNetworkMACAddressget_Count', ID = '5608'
Method 'SystemCollectionsGenericKeyValuePair2SystemUInt32CosmosHALNetworkMACAddressCosmosIL2CPUSZArrayImpl1SystemCollectionsGenericKeyValuePair2SystemUInt32CosmosHALNetworkMACAddressget_ItemSystemInt32', ID = '5609'
Method 'SystemVoidCosmosIL2CPUSZArrayImpl1SystemCollectionsGenericKeyValuePair2SystemUInt32CosmosHALNetworkMACAddressset_ItemSystemInt32SystemCollectionsGenericKeyValuePair2Sys848B844B2752637C4282D49C6663475D', ID = '5610'
Method 'SystemVoidCosmosIL2CPUSZArrayImpl1SystemCollectionsGenericKeyValuePair2SystemUInt32CosmosHALNetworkMACAddressAddSystemCollectionsGenericKeyValuePair2SystemUInt32CosmosHALNetworkMACAddress', ID = '5611'
Method 'SystemBooleanCosmosIL2CPUSZArrayImpl1SystemCollectionsGenericKeyValuePair2SystemUInt32CosmosHALNetworkMACAddressContainsSystemCollectionsGenericKeyValuePair2SystemUInt32CosmosHALNetworkMACAddress', ID = '5612'
Method 'SystemBooleanCosmosIL2CPUSZArrayImpl1SystemCollectionsGenericKeyValuePair2SystemUInt32CosmosHALNetworkMACAddressget_IsReadOnly', ID = '5613'
Method 'SystemVoidCosmosIL2CPUSZArrayImpl1SystemCollectionsGenericKeyValuePair2SystemUInt32CosmosHALNetworkMACAddressClear', ID = '5614'
Method 'SystemInt32CosmosIL2CPUSZArrayImpl1SystemCollectionsGenericKeyValuePair2SystemUInt32CosmosHALNetworkMACAddressIndexOfSystemCollectionsGenericKeyValuePair2SystemUInt32CosmosHALNetworkMACAddress', ID = '5615'
Method 'SystemVoidCosmosIL2CPUSZArrayImpl1SystemCollectionsGenericKeyValuePair2SystemUInt32CosmosHALNetworkMACAddressInsertSystemInt32SystemCollectionsGenericKeyValuePair2Syste5DEC8F103EF7FD365CEA4B06FCFD811A', ID = '5616'
Method 'SystemVoidCosmosIL2CPUSZArrayImpl1SystemCollectionsGenericKeyValuePair2SystemUInt32CosmosHALNetworkMACAddressRemoveAtSystemInt32', ID = '5617'
Method 'SystemBooleanCosmosIL2CPUSZArrayImpl1SystemCollectionsGenericKeyValuePair2SystemUInt32CosmosHALNetworkMACAddressget_IsFixedSize', ID = '5618'
Method 'SystemVoidCosmosIL2CPUSZArrayImpl1SystemCollectionsGenericKeyValuePair2SystemUInt32CosmosHALNetworkMACAddressRemoveSystemCollectionsGenericKeyValuePair2SystemUInt32CosmosHALNetworkMACAddress', ID = '5619'
Method 'SystemObjectCosmosIL2CPUSZArrayImpl1SystemCollectionsGenericKeyValuePair2SystemUInt32CosmosHALNetworkMACAddressget_SyncRoot', ID = '5620'
Method 'SystemBooleanCosmosIL2CPUSZArrayImpl1SystemCollectionsGenericKeyValuePair2SystemUInt32CosmosHALNetworkMACAddressget_IsSynchronized', ID = '5621'
Method 'SystemVoidSystemCollectionsGenericList1CosmosSystemNetworkIPv4TCPTCPOptionGrowSystemInt32', ID = '5622'
Method 'SystemVoidSystemCollectionsGenericList1CosmosSystemNetworkIPv4UDPDHCPDHCPOptionGrowSystemInt32', ID = '5623'
Method 'SystemVoidSystemTextEncodingSetDefaultFallbacks', ID = '5624'
Method 'SystemBytearraySystemSpan1SystemByteToArray', ID = '5626'
Method 'SystemVoidSystemTextEncoderReplacementFallbackcctor', ID = '5627'
Method 'SystemBooleanSystemTextEncoderReplacementFallbackEqualsSystemObject', ID = '5628'
Method 'SystemInt32SystemTextEncoderReplacementFallbackGetHashCode', ID = '5629'
Method 'SystemInt32SystemTextEncoderReplacementFallbackget_MaxCharCount', ID = '5630'
Method 'SystemUIntPtrSystemTextASCIIUtilityGetIndexOfFirstNonAsciiChar_DefaultSystemCharpointerSystemUIntPtr', ID = '5632'
Method 'SystemUIntPtrSystemTextASCIIUtilityGetIndexOfFirstNonAsciiChar_Sse2SystemCharpointerSystemUIntPtr', ID = '5633'
Method 'SystemRuntimeIntrinsicsVector1281SystemUInt64SystemRuntimeIntrinsicsVector128CreateSystemUInt64', ID = '5636'
Method 'SystemRuntimeIntrinsicsVector1281SystemByteSystemRuntimeIntrinsicsVector128AsByteSystemUInt64SystemRuntimeIntrinsicsVector1281SystemUInt64', ID = '5637'
Method 'SystemRuntimeIntrinsicsVector1281SystemUInt16SystemRuntimeIntrinsicsX86Sse2LoadVector128SystemUInt16pointer', ID = '5638'
Method 'SystemRuntimeIntrinsicsVector1281SystemUInt16SystemRuntimeIntrinsicsX86Sse41MinSystemRuntimeIntrinsicsVector1281SystemUInt16SystemRuntimeIntrinsicsVector1281SystemUInt16', ID = '5639'
Method 'SystemRuntimeIntrinsicsVector1281SystemUInt16SystemRuntimeIntrinsicsX86Sse2AddSaturateSystemRuntimeIntrinsicsVector1281SystemUInt16SystemRuntimeIntrinsicsVector1281SystemUInt16', ID = '5640'
Method 'SystemRuntimeIntrinsicsVector1281SystemUInt16SystemRuntimeIntrinsicsX86Sse2OrSystemRuntimeIntrinsicsVector1281SystemUInt16SystemRuntimeIntrinsicsVector1281SystemUInt16', ID = '5641'
Method 'SystemInt32SystemNumericsBitOperationsPopCountSystemUInt32', ID = '5642'
Method 'SystemRuntimeIntrinsicsVector1281SystemUInt16SystemRuntimeIntrinsicsX86Sse2AddSystemRuntimeIntrinsicsVector1281SystemUInt16SystemRuntimeIntrinsicsVector1281SystemUInt16', ID = '5643'
Method 'SystemRuntimeIntrinsicsVector1281SystemInt16SystemRuntimeIntrinsicsVector128AsInt16SystemUInt16SystemRuntimeIntrinsicsVector1281SystemUInt16', ID = '5644'
Method 'SystemRuntimeIntrinsicsVector1281SystemInt16SystemRuntimeIntrinsicsX86Sse2CompareLessThanSystemRuntimeIntrinsicsVector1281SystemInt16SystemRuntimeIntrinsicsVector1281SystemInt16', ID = '5645'
Method 'SystemRuntimeIntrinsicsVector1281SystemByteSystemRuntimeIntrinsicsVector128AsByteSystemInt16SystemRuntimeIntrinsicsVector1281SystemInt16', ID = '5646'
Method 'SystemRuntimeIntrinsicsVector1281SystemUInt16SystemRuntimeIntrinsicsX86Sse2ShiftRightLogicalSystemRuntimeIntrinsicsVector1281SystemUInt16SystemByte', ID = '5647'
Method 'SystemInt32SystemIntPtrget_Size', ID = '5648'
Method 'SystemNumericsVector1SystemUInt16InternalRuntimeCompilerServicesUnsafeReadUnalignedSystemNumericsVector1SystemUInt16SystemVoidpointer', ID = '5649'
Method 'SystemNumericsVector1SystemUInt16SystemNumericsVectorGreaterThanOrEqualSystemUInt16SystemNumericsVector1SystemUInt16SystemNumericsVector1SystemUInt16', ID = '5650'
Method 'SystemNumericsVector1SystemUInt16SystemNumericsVector1SystemUInt16op_SubtractionSystemNumericsVector1SystemUInt16SystemNumericsVector1SystemUInt16', ID = '5651'
Method 'SystemNumericsVector1SystemUIntPtrSystemNumericsVector1SystemUInt16op_ExplicitSystemNumericsVector1SystemUInt16', ID = '5652'
Method 'SystemUIntPtrSystemNumericsVector1SystemUIntPtrget_ItemSystemInt32', ID = '5653'
Method 'SystemInt32SystemNumericsVector1SystemUIntPtrget_Count', ID = '5654'
Method 'SystemNumericsVector1SystemUInt16SystemNumericsVectorLessThanSystemUInt16SystemNumericsVector1SystemUInt16SystemNumericsVector1SystemUInt16', ID = '5655'
Method 'SystemBooleanSystemNumericsVector1SystemUInt16op_InequalitySystemNumericsVector1SystemUInt16SystemNumericsVector1SystemUInt16', ID = '5656'
Method 'SystemNumericsVector1SystemUInt16SystemNumericsVectorAndNotSystemUInt16SystemNumericsVector1SystemUInt16SystemNumericsVector1SystemUInt16', ID = '5657'
Method 'SystemUInt16SystemNumericsVector1SystemUInt16get_ItemSystemInt32', ID = '5658'
Method 'SystemBooleanSystemTextUnicodeUtilityIsSurrogateCodePointSystemUInt32', ID = '5659'
Method 'SystemUInt32InternalRuntimeCompilerServicesUnsafeReadUnalignedSystemUInt32SystemVoidpointer', ID = '5660'
Method 'SystemTextEncoderFallbackBufferSystemTextEncoderget_FallbackBuffer', ID = '5663'
Method 'SystemBooleanSystemTextRuneTryCreateSystemCharSystemTextRune', ID = '5668'
Method 'SystemBooleanSystemTextRuneTryCreateSystemCharSystemCharSystemTextRune', ID = '5669'
Method 'SystemBooleanSystemCharIsHighSurrogateSystemChar', ID = '5670'
Method 'SystemTextRuneSystemTextRuneget_ReplacementChar', ID = '5671'
Method 'SystemBooleanSystemTextEncoderFallbackBufferInternalFallbackSystemReadOnlySpan1SystemCharSystemInt32', ID = '5672'
Method 'SystemInt32SystemTextEncoderFallbackBufferDrainRemainingDataForGetByteCount', ID = '5673'
Method 'SystemInt32InternalRuntimeCompilerServicesUnsafeSizeOfSystemRuntimeIntrinsicsVector1281SystemByte', ID = '5674'
Method 'SystemUInt64InternalRuntimeCompilerServicesUnsafeReadUnalignedSystemUInt64SystemVoidpointer', ID = '5675'
Method 'SystemBooleanSystemTextASCIIUtilityAllCharsInUInt64AreAsciiSystemUInt64', ID = '5676'
Method 'SystemUIntPtrSystemTextASCIIUtilityNarrowUtf16ToAscii_Sse2SystemCharpointerSystemBytepointerSystemUIntPtr', ID = '5677'
Method 'SystemNumericsVector1SystemUInt16SystemNumericsVectorBitwiseOrSystemUInt16SystemNumericsVector1SystemUInt16SystemNumericsVector1SystemUInt16', ID = '5678'
Method 'SystemBooleanSystemNumericsVectorGreaterThanAnySystemUInt16SystemNumericsVector1SystemUInt16SystemNumericsVector1SystemUInt16', ID = '5679'
Method 'SystemNumericsVector1SystemByteSystemNumericsVectorNarrowSystemNumericsVector1SystemUInt16SystemNumericsVector1SystemUInt16', ID = '5680'
Method 'SystemVoidInternalRuntimeCompilerServicesUnsafeWriteUnalignedSystemNumericsVector1SystemByteSystemVoidpointerSystemNumericsVector1SystemByte', ID = '5681'
Method 'SystemVoidSystemTextASCIIUtilityNarrowFourUtf16CharsToAsciiAndWriteToBufferSystemByteSystemUInt64', ID = '5682'
Method 'SystemBooleanSystemTextASCIIUtilityAllCharsInUInt32AreAsciiSystemUInt32', ID = '5683'
Method 'SystemVoidSystemTextASCIIUtilityNarrowTwoUtf16CharsToAsciiAndWriteToBufferSystemByteSystemUInt32', ID = '5684'
Method 'SystemBooleanSystemTextASCIIUtilityFirstCharInUInt32IsAsciiSystemUInt32', ID = '5685'
Method 'SystemRuntimeIntrinsicsVector1281SystemInt16SystemRuntimeIntrinsicsVector128CreateSystemInt16', ID = '5690'
Method 'SystemBooleanSystemTextUnicodeUtf16UtilityAllCharsInUInt32AreAsciiSystemUInt32', ID = '5691'
Method 'SystemVoidInternalRuntimeCompilerServicesUnsafeWriteUnalignedSystemUInt16SystemVoidpointerSystemUInt16', ID = '5692'
Method 'SystemInt64SystemMathMinSystemInt64SystemInt64', ID = '5693'
Method 'SystemVoidInternalRuntimeCompilerServicesUnsafeSkipInitSystemRuntimeIntrinsicsVector1281SystemInt16SystemRuntimeIntrinsicsVector1281SystemInt16', ID = '5694'
Method 'SystemRuntimeIntrinsicsVector1281SystemInt16InternalRuntimeCompilerServicesUnsafeReadUnalignedSystemRuntimeIntrinsicsVector1281SystemInt16SystemVoidpointer', ID = '5695'
Method 'SystemBooleanSystemRuntimeIntrinsicsX86Sse41TestZSystemRuntimeIntrinsicsVector1281SystemInt16SystemRuntimeIntrinsicsVector1281SystemInt16', ID = '5696'
Method 'SystemRuntimeIntrinsicsVector1281SystemByteSystemRuntimeIntrinsicsX86Sse2PackUnsignedSaturateSystemRuntimeIntrinsicsVector1281SystemInt16SystemRuntimeIntrinsicsVector1281SystemInt16', ID = '5697'
Method 'SystemRuntimeIntrinsicsVector1281SystemUInt64SystemRuntimeIntrinsicsVector128AsUInt64SystemByteSystemRuntimeIntrinsicsVector1281SystemByte', ID = '5698'
Method 'SystemVoidSystemRuntimeIntrinsicsX86Sse2StoreScalarSystemUInt64pointerSystemRuntimeIntrinsicsVector1281SystemUInt64', ID = '5699'
Method 'SystemBooleanSystemTextUnicodeUtf16UtilityAllCharsInUInt64AreAsciiSystemUInt64', ID = '5700'
Method 'SystemRuntimeIntrinsicsVector1281SystemUInt64SystemRuntimeIntrinsicsVector128CreateScalarUnsafeSystemUInt64', ID = '5701'
Method 'SystemRuntimeIntrinsicsVector1281SystemInt16SystemRuntimeIntrinsicsVector128AsInt16SystemUInt64SystemRuntimeIntrinsicsVector1281SystemUInt64', ID = '5702'
Method 'SystemRuntimeIntrinsicsVector1281SystemUInt32SystemRuntimeIntrinsicsVector128AsUInt32SystemByteSystemRuntimeIntrinsicsVector1281SystemByte', ID = '5703'
Method 'SystemUInt32SystemRuntimeIntrinsicsX86Sse2ConvertToUInt32SystemRuntimeIntrinsicsVector1281SystemUInt32', ID = '5704'
Method 'SystemVoidInternalRuntimeCompilerServicesUnsafeWriteUnalignedSystemUInt32SystemVoidpointerSystemUInt32', ID = '5705'
Method 'SystemRuntimeIntrinsicsVector1281SystemUInt64SystemRuntimeIntrinsicsVector128AsUInt64SystemInt16SystemRuntimeIntrinsicsVector1281SystemInt16', ID = '5706'
Method 'SystemUInt64SystemRuntimeIntrinsicsX86Sse2X64ConvertToUInt64SystemRuntimeIntrinsicsVector1281SystemUInt64', ID = '5707'
Method 'SystemUInt64SystemRuntimeIntrinsicsVector128ToScalarSystemUInt64SystemRuntimeIntrinsicsVector1281SystemUInt64', ID = '5708'
Method 'SystemUInt64SystemRuntimeIntrinsicsVector128GetElementSystemUInt64SystemRuntimeIntrinsicsVector1281SystemUInt64SystemInt32', ID = '5709'
Method 'SystemBooleanSystemTextUnicodeUtf8UtilityIsFirstCharAsciiSystemUInt32', ID = '5710'
Method 'SystemBooleanSystemTextUnicodeUtf8UtilityIsFirstCharAtLeastThreeUtf8BytesSystemUInt32', ID = '5711'
Method 'SystemBooleanSystemTextUnicodeUtf8UtilityIsSecondCharTwoUtf8BytesSystemUInt32', ID = '5712'
Method 'SystemUInt32SystemTextUnicodeUtf8UtilityExtractTwoUtf8TwoByteSequencesFromTwoPackedUtf16CharsSystemUInt32', ID = '5713'
Method 'SystemBooleanSystemTextUnicodeUtf8UtilityIsFirstCharTwoUtf8BytesSystemUInt32', ID = '5714'
Method 'SystemUInt32SystemTextUnicodeUtf8UtilityExtractUtf8TwoByteSequenceFromFirstUtf16CharSystemUInt32', ID = '5715'
Method 'SystemBooleanSystemTextUnicodeUtf8UtilityIsSecondCharAsciiSystemUInt32', ID = '5716'
Method 'SystemBooleanSystemTextUnicodeUtf8UtilityIsFirstCharSurrogateSystemUInt32', ID = '5717'
Method 'SystemBooleanSystemTextUnicodeUtf8UtilityIsSecondCharAtLeastThreeUtf8BytesSystemUInt32', ID = '5718'
Method 'SystemBooleanSystemTextUnicodeUtf8UtilityIsSecondCharSurrogateSystemUInt32', ID = '5719'
Method 'SystemVoidSystemTextUnicodeUtf8UtilityWriteTwoUtf16CharsAsTwoUtf8ThreeByteSequencesSystemByteSystemUInt32', ID = '5720'
Method 'SystemVoidSystemTextUnicodeUtf8UtilityWriteFirstUtf16CharAsUtf8ThreeByteSequenceSystemByteSystemUInt32', ID = '5721'
Method 'SystemBooleanSystemTextUnicodeUtf8UtilityIsWellFormedUtf16SurrogatePairSystemUInt32', ID = '5722'
Method 'SystemUInt32SystemTextUnicodeUtf8UtilityExtractFourUtf8BytesFromSurrogatePairSystemUInt32', ID = '5723'
Method 'SystemTextEncoderFallbackSystemTextEncoderget_Fallback', ID = '5724'
Method 'SystemBuffersOperationStatusSystemTextASCIIEncodingEncodeRuneSystemTextRuneSystemSpan1SystemByteSystemInt32', ID = '5725'
Method 'SystemBuffersOperationStatusSystemTextUTF8EncodingEncodeRuneSystemTextRuneSystemSpan1SystemByteSystemInt32', ID = '5726'
Method 'SystemBooleanSystemTextEncoderFallbackBufferTryDrainRemainingDataForGetBytesSystemSpan1SystemByteSystemInt32', ID = '5727'
Method 'SystemBooleanSystemTextEncoderget_InternalHasFallbackBuffer', ID = '5728'
Method 'SystemVoidSystemTextEncoderFallbackBufferInternalReset', ID = '5729'
Method 'SystemVoidSystemTextEncodingThrowBytesOverflow', ID = '5730'
Method 'SystemVoidSystemTextEncoderNLSClearMustFlush', ID = '5731'
Method 'SystemVoidCosmosCore_PlugsMemoryOperationsMemoryOperationsImplFillSystemBytepointerSystemInt32SystemInt32', ID = '5732'
Method 'SystemCharSystemHexConverterToCharLowerSystemInt32', ID = '5733'
Method 'SystemVoidSystemReflectionModulecompilergeneratedcctor', ID = '5734'
Method 'SystemStringSystemPrivateCoreLibSystemSRget_InvalidFilterCriteriaException_CritString', ID = '5736'
Method 'SystemVoidSystemReflectionInvalidFilterCriteriaExceptionctorSystemString', ID = '5737'
Method 'SystemReadOnlySpan1SystemCharSystemMemoryExtensionsAsSpanSystemStringSystemInt32SystemInt32', ID = '5738'
Method 'SystemBooleanSystemMemoryExtensionsStartsWithSystemReadOnlySpan1SystemCharSystemReadOnlySpan1SystemCharSystemStringComparison', ID = '5739'
Method 'SystemInt32SystemCollectionsGenericDictionary2SystemStringSystemReflectionAssemblyInitializeSystemInt32', ID = '5749'
Method 'SystemVoidSystemCollectionsGenericList1SystemStringcctor', ID = '5750'
Method 'SystemRuntimeIntrinsicsVector1281SystemSingleSystemRuntimeIntrinsicsVector128AsSystemDoubleSystemSingleSystemRuntimeIntrinsicsVector1281SystemDouble', ID = '5751'
Method 'SystemRuntimeIntrinsicsVector1281SystemDoubleSystemRuntimeIntrinsicsVector128AsSystemDoubleSystemDoubleSystemRuntimeIntrinsicsVector1281SystemDouble', ID = '5752'
Method 'SystemRuntimeIntrinsicsVector1281SystemByteSystemRuntimeIntrinsicsVector128AsSystemDoubleSystemByteSystemRuntimeIntrinsicsVector1281SystemDouble', ID = '5753'
Method 'SystemRuntimeIntrinsicsVector1281SystemSingleSystemRuntimeIntrinsicsVector128AsSystemInt64SystemSingleSystemRuntimeIntrinsicsVector1281SystemInt64', ID = '5755'
Method 'SystemRuntimeIntrinsicsVector1281SystemByteSystemRuntimeIntrinsicsVector128AsSystemInt64SystemByteSystemRuntimeIntrinsicsVector1281SystemInt64', ID = '5756'
Method 'SystemBooleanSystemStringIsNullOrWhiteSpaceSystemString', ID = '5757'
Method 'SystemBooleanSystemCharIsInRangeSystemCharSystemCharSystemChar', ID = '5758'
Method 'SystemGlobalizationUnicodeCategorySystemGlobalizationCharUnicodeInfoGetUnicodeCategorySystemChar', ID = '5759'
Method 'SystemStringSystemRuntimeIntrinsicsVector1281SystemSingleToString', ID = '5760'
Method 'SystemBooleanSystemRuntimeIntrinsicsVector1281SystemSingleEqualsSystemObject', ID = '5761'
Method 'SystemInt32SystemRuntimeIntrinsicsVector1281SystemSingleGetHashCode', ID = '5762'
Method 'SystemRuntimeIntrinsicsVector1281SystemSingleInternalRuntimeCompilerServicesUnsafeAsSystemRuntimeIntrinsicsVector1281SystemByteSystemRuntimeIntrinsicsVector1281SystemSi7D212046DA353B1A6AC5B0E9F6800F2F', ID = '5764'
Method 'SystemRuntimeIntrinsicsVector1281SystemDoubleInternalRuntimeCompilerServicesUnsafeAsSystemRuntimeIntrinsicsVector1281SystemByteSystemRuntimeIntrinsicsVector1281SystemDoA9162C7CE3D402BE5D8EB04587AF3727', ID = '5765'
Method 'SystemRuntimeIntrinsicsVector1281SystemByteInternalRuntimeCompilerServicesUnsafeAsSystemRuntimeIntrinsicsVector1281SystemByteSystemRuntimeIntrinsicsVector1281SystemByte8431AA14E55FC526DB112631AEA31BB0', ID = '5766'
Method 'SystemBooleanSystemByteEqualsSystemByte', ID = '5767'
Method 'SystemUInt32CosmosSystem_PlugsSystemHashCodeImplGenerateGlobalSeed', ID = '5768'
Method 'SystemBytearraySystemBitConverterGetBytesSystemSingle', ID = '5769'
Method 'SystemBooleanSystemSingleIsFiniteSystemSingle', ID = '5770'
Method 'SystemBooleanSystemSingleIsNegativeSystemSingle', ID = '5771'
Method 'SystemBooleanSystemNumberGrisu3TryRunSingleSystemSingleSystemInt32SystemNumberNumberBuffer', ID = '5772'
Method 'SystemVoidSystemNumberDragon4SingleSystemSingleSystemInt32SystemBooleanSystemNumberNumberBuffer', ID = '5773'
Method 'SystemChararraySystemGCAllocateUninitializedArraySystemCharSystemInt32SystemBoolean', ID = '5774'
Method 'SystemVoidSystemTextStringBuilderctorSystemTextStringBuilder', ID = '5775'
Method 'SystemSpan1SystemCharSystemMemoryExtensionsAsSpanSystemCharSystemChararraySystemInt32', ID = '5776'
Method 'SystemStringSystemRuntimeIntrinsicsVector2561SystemSingleToString', ID = '5778'
Method 'SystemBooleanSystemRuntimeIntrinsicsVector2561SystemSingleEqualsSystemObject', ID = '5779'
Method 'SystemInt32SystemRuntimeIntrinsicsVector2561SystemSingleGetHashCode', ID = '5780'
Method 'SystemRuntimeIntrinsicsVector2561SystemSingleInternalRuntimeCompilerServicesUnsafeAsSystemRuntimeIntrinsicsVector2561SystemByteSystemRuntimeIntrinsicsVector2561SystemSi11A9754D1FA2FB9323DB97EEBA820948', ID = '5782'
Method 'SystemStringSystemRuntimeIntrinsicsVector2561SystemDoubleToString', ID = '5783'
Method 'SystemBooleanSystemRuntimeIntrinsicsVector2561SystemDoubleEqualsSystemObject', ID = '5784'
Method 'SystemInt32SystemRuntimeIntrinsicsVector2561SystemDoubleGetHashCode', ID = '5785'
Method 'SystemRuntimeIntrinsicsVector2561SystemDoubleInternalRuntimeCompilerServicesUnsafeAsSystemRuntimeIntrinsicsVector2561SystemByteSystemRuntimeIntrinsicsVector2561SystemDoC1A03CFF887D3D94394DAF4502C56351', ID = '5787'
Method 'SystemRuntimeIntrinsicsVector2561SystemByteInternalRuntimeCompilerServicesUnsafeAsSystemRuntimeIntrinsicsVector2561SystemByteSystemRuntimeIntrinsicsVector2561SystemByteCA31E564568C3F83710BA368BA5038C5', ID = '5788'
Method 'SystemStringSystemRuntimeIntrinsicsVector1281SystemInt32ToString', ID = '5789'
Method 'SystemBooleanSystemRuntimeIntrinsicsVector1281SystemInt32EqualsSystemObject', ID = '5790'
Method 'SystemInt32SystemRuntimeIntrinsicsVector1281SystemInt32GetHashCode', ID = '5791'
Method 'SystemVoidSystemThrowHelperThrowForUnsupportedIntrinsicsVectorBaseTypeSystemInt32', ID = '5794'
Method 'SystemRuntimeIntrinsicsVector1281SystemSingleInternalRuntimeCompilerServicesUnsafeAsSystemRuntimeIntrinsicsVector1281SystemInt32SystemRuntimeIntrinsicsVector1281SystemSD28CE8C0725AA59CB6A8979FA942B5E1', ID = '5795'
Method 'SystemRuntimeIntrinsicsVector1281SystemDoubleInternalRuntimeCompilerServicesUnsafeAsSystemRuntimeIntrinsicsVector1281SystemInt64SystemRuntimeIntrinsicsVector1281SystemD80E58D45EB50F1C81487C01334A55A91', ID = '5797'
Method 'SystemBooleanSystemNumericsVector1SystemUInt64ScalarEqualsSystemUInt64SystemUInt64', ID = '5798'
Method 'SystemRuntimeIntrinsicsVector1281SystemSingleInternalRuntimeCompilerServicesUnsafeAsSystemRuntimeIntrinsicsVector1281SystemUInt16SystemRuntimeIntrinsicsVector1281System97B30D61D9DB759228A0CB7C05D376C0', ID = '5799'
Method 'SystemRuntimeIntrinsicsVector1281SystemDoubleInternalRuntimeCompilerServicesUnsafeAsSystemRuntimeIntrinsicsVector1281SystemUInt16SystemRuntimeIntrinsicsVector1281System914916F8B6C986B79BE0B9856B577658', ID = '5800'
Method 'SystemRuntimeIntrinsicsVector2561SystemSingleInternalRuntimeCompilerServicesUnsafeAsSystemRuntimeIntrinsicsVector2561SystemUInt16SystemRuntimeIntrinsicsVector2561System036A3E575C56D7A82340A13E403E7A3C', ID = '5801'
Method 'SystemRuntimeIntrinsicsVector2561SystemDoubleInternalRuntimeCompilerServicesUnsafeAsSystemRuntimeIntrinsicsVector2561SystemUInt16SystemRuntimeIntrinsicsVector2561SystemA920F7A2245CC1C4E48EBA7CCAAD3EC6', ID = '5802'
Method 'SystemBooleanCosmosCore_PlugsSystemCollectionsGenericByteEqualityComparerEqualsSystemByteSystemByte', ID = '5804'
Method 'SystemBooleanCosmosCore_PlugsSystemCollectionsGenericStringEqualityComparerEqualsSystemStringSystemString', ID = '5807'
Method 'SystemBooleanCosmosCore_PlugsSystemCollectionsGenericInt32EqualityComparerEqualsSystemInt32SystemInt32', ID = '5808'
Method 'SystemBooleanCosmosCore_PlugsSystemCollectionsGenericUInt32EqualityComparerEqualsSystemUInt32SystemUInt32', ID = '5809'
Method 'SystemInt32CosmosCore_PlugsSystemCollectionsGenericUInt32EqualityComparerGetHashCodeSystemUInt32', ID = '5810'
Method 'SystemBooleanCosmosCore_PlugsSystemCollectionsGenericInt64EqualityComparerEqualsSystemInt64SystemInt64', ID = '5811'
Method 'SystemBooleanCosmosCore_PlugsSystemCollectionsGenericCharEqualityComparerEqualsSystemCharSystemChar', ID = '5814'
Method 'SystemBooleanCosmosCore_PlugsSystemCollectionsGenericObjectEqualityComparerEqualsSystemObjectSystemObject', ID = '5821'
Method 'SystemVoidCosmosSystem_PlugsSystemRandomImplNextBytesSystemBytearray', ID = '5822'
Method 'SystemVoidSystemSZGenericArrayEnumerator1SystemCollectionsGenericDictionary2EntrySystemStringSystemBooleancctor', ID = '5823'
Method 'SystemVoidSystemSZGenericArrayEnumerator1SystemCollectionsGenericDictionary2EntrySystemStringSystemBooleanDispose', ID = '5824'
Method 'SystemBooleanSystemSZGenericArrayEnumerator1SystemCollectionsGenericDictionary2EntrySystemStringSystemBooleanMoveNext', ID = '5825'
Method 'SystemBooleanSystemRuntimeCompilerServicesRuntimeHelpersIsBitwiseEquatableSystemCollectionsGenericDictionary2EntrySystemStringSystemBoolean', ID = '5826'
Method 'SystemInt32InternalRuntimeCompilerServicesUnsafeSizeOfSystemCollectionsGenericDictionary2EntrySystemStringSystemBoolean', ID = '5827'
Method 'SystemByteInternalRuntimeCompilerServicesUnsafeAsSystemCollectionsGenericDictionary2EntrySystemStringSystemBooleanSystemByteSystemCollectionsGenericDictionary2EntrySystemStringSystemBoolean', ID = '5828'
Method 'SystemCharInternalRuntimeCompilerServicesUnsafeAsSystemCollectionsGenericDictionary2EntrySystemStringSystemBooleanSystemCharSystemCollectionsGenericDictionary2EntrySystemStringSystemBoolean', ID = '5829'
Method 'SystemInt32InternalRuntimeCompilerServicesUnsafeAsSystemCollectionsGenericDictionary2EntrySystemStringSystemBooleanSystemInt32SystemCollectionsGenericDictionary2EntrySystemStringSystemBoolean', ID = '5830'
Method 'SystemInt64InternalRuntimeCompilerServicesUnsafeAsSystemCollectionsGenericDictionary2EntrySystemStringSystemBooleanSystemInt64SystemCollectionsGenericDictionary2EntrySystemStringSystemBoolean', ID = '5831'
Method 'SystemCollectionsGenericEqualityComparer1SystemCollectionsGenericDictionary2EntrySystemStringSystemBooleanSystemCollectionsGenericEqualityComparer1SystemCollectionsGene3FB0F743647C85836CC008F33C1DDF17', ID = '5832'
Method 'SystemInt32SystemCollectionsGenericEqualityComparer1SystemCollectionsGenericDictionary2EntrySystemStringSystemBooleanIndexOfSystemCollectionsGenericDictionary2EntrySystD27CE2B4BAE6C44C86E7F1C7C98D373E', ID = '5833'
Method 'SystemVoidCosmosIL2CPUSZArrayImpl1GetEnumeratord__0SystemCollectionsGenericDictionary2EntrySystemStringSystemBooleanctorSystemInt32', ID = '5834'
Method 'SystemCollectionsGenericIEnumerator1SystemBooleanSystemSZArrayHelperGetEnumeratorSystemBoolean', ID = '5836'
Method 'SystemVoidSystemSZArrayHelperCopyToSystemBooleanSystemBooleanarraySystemInt32', ID = '5837'
Method 'SystemInt32SystemSZArrayHelperget_CountSystemBoolean', ID = '5838'
Method 'SystemBooleanSystemSZArrayHelperget_ItemSystemBooleanSystemInt32', ID = '5839'
Method 'SystemVoidSystemSZArrayHelperset_ItemSystemBooleanSystemInt32SystemBoolean', ID = '5840'
Method 'SystemVoidSystemSZArrayHelperAddSystemBooleanSystemBoolean', ID = '5841'
Method 'SystemBooleanSystemSZArrayHelperContainsSystemBooleanSystemBoolean', ID = '5842'
Method 'SystemBooleanSystemSZArrayHelperget_IsReadOnlySystemBoolean', ID = '5843'
Method 'SystemVoidSystemSZArrayHelperClearSystemBoolean', ID = '5844'
Method 'SystemInt32SystemSZArrayHelperIndexOfSystemBooleanSystemBoolean', ID = '5845'
Method 'SystemVoidSystemSZArrayHelperInsertSystemBooleanSystemInt32SystemBoolean', ID = '5846'
Method 'SystemBooleanSystemSZArrayHelperRemoveSystemBooleanSystemBoolean', ID = '5847'
Method 'SystemVoidSystemSZArrayHelperRemoveAtSystemBooleanSystemInt32', ID = '5848'
Method 'SystemCollectionsGenericKeyValuePair2SystemStringSystemBooleanarrayInternalRuntimeCompilerServicesUnsafeAsSystemCollectionsGenericKeyValuePair2SystemStringSystemBooleanarraySystemObject', ID = '5853'
Method 'SystemVoidSystemSZGenericArrayEnumerator1SystemCollectionsGenericKeyValuePair2SystemStringSystemBooleanctorSystemCollectionsGenericKeyValuePair2SystemStringSystemBooleanarray', ID = '5854'
Method 'SystemInt32SystemArrayIndexOfSystemCollectionsGenericKeyValuePair2SystemStringSystemBooleanSystemCollectionsGenericKeyValuePair2SystemStringSystemBooleanarraySystemCollA4C18F4980E73687329531B154222179', ID = '5858'
Method 'SystemCollectionsGenericIEnumerator1SystemCollectionsGenericKeyValuePair2SystemStringSystemBooleanCosmosIL2CPUSZArrayImpl1SystemCollectionsGenericKeyValuePair2SystemStringSystemBooleanGetEnumerator', ID = '5859'
Method 'SystemVoidCosmosIL2CPUSZArrayImpl1SystemCollectionsGenericKeyValuePair2SystemStringSystemBooleanCopyToSystemCollectionsGenericKeyValuePair2SystemStringSystemBooleanarraySystemInt32', ID = '5860'
Method 'SystemInt32CosmosIL2CPUSZArrayImpl1SystemCollectionsGenericKeyValuePair2SystemStringSystemBooleanget_Count', ID = '5861'
Method 'SystemCollectionsGenericKeyValuePair2SystemStringSystemBooleanCosmosIL2CPUSZArrayImpl1SystemCollectionsGenericKeyValuePair2SystemStringSystemBooleanget_ItemSystemInt32', ID = '5862'
Method 'SystemVoidCosmosIL2CPUSZArrayImpl1SystemCollectionsGenericKeyValuePair2SystemStringSystemBooleanset_ItemSystemInt32SystemCollectionsGenericKeyValuePair2SystemStringSystemBoolean', ID = '5863'
Method 'SystemVoidCosmosIL2CPUSZArrayImpl1SystemCollectionsGenericKeyValuePair2SystemStringSystemBooleanAddSystemCollectionsGenericKeyValuePair2SystemStringSystemBoolean', ID = '5864'
Method 'SystemBooleanCosmosIL2CPUSZArrayImpl1SystemCollectionsGenericKeyValuePair2SystemStringSystemBooleanContainsSystemCollectionsGenericKeyValuePair2SystemStringSystemBoolean', ID = '5865'
Method 'SystemBooleanCosmosIL2CPUSZArrayImpl1SystemCollectionsGenericKeyValuePair2SystemStringSystemBooleanget_IsReadOnly', ID = '5866'
Method 'SystemVoidCosmosIL2CPUSZArrayImpl1SystemCollectionsGenericKeyValuePair2SystemStringSystemBooleanClear', ID = '5867'
Method 'SystemInt32CosmosIL2CPUSZArrayImpl1SystemCollectionsGenericKeyValuePair2SystemStringSystemBooleanIndexOfSystemCollectionsGenericKeyValuePair2SystemStringSystemBoolean', ID = '5868'
Method 'SystemVoidCosmosIL2CPUSZArrayImpl1SystemCollectionsGenericKeyValuePair2SystemStringSystemBooleanInsertSystemInt32SystemCollectionsGenericKeyValuePair2SystemStringSystemBoolean', ID = '5869'
Method 'SystemVoidCosmosIL2CPUSZArrayImpl1SystemCollectionsGenericKeyValuePair2SystemStringSystemBooleanRemoveAtSystemInt32', ID = '5870'
Method 'SystemBooleanCosmosIL2CPUSZArrayImpl1SystemCollectionsGenericKeyValuePair2SystemStringSystemBooleanget_IsFixedSize', ID = '5871'
Method 'SystemVoidCosmosIL2CPUSZArrayImpl1SystemCollectionsGenericKeyValuePair2SystemStringSystemBooleanRemoveSystemCollectionsGenericKeyValuePair2SystemStringSystemBoolean', ID = '5872'
Method 'SystemObjectCosmosIL2CPUSZArrayImpl1SystemCollectionsGenericKeyValuePair2SystemStringSystemBooleanget_SyncRoot', ID = '5873'
Method 'SystemBooleanCosmosIL2CPUSZArrayImpl1SystemCollectionsGenericKeyValuePair2SystemStringSystemBooleanget_IsSynchronized', ID = '5874'
Method 'SystemInt32SystemStringGetNonRandomizedHashCodeOrdinalIgnoreCase', ID = '5875'
Method 'SystemInt32CosmosCore_PlugsSystemStringImplGetNonRandomizedHashCodeSystemString', ID = '5876'
Method 'SystemInt32SystemMarvinComputeHash32OrdinalIgnoreCaseSystemCharSystemInt32SystemUInt32SystemUInt32', ID = '5877'
Method 'SystemBooleanSystemStringEqualsOrdinalIgnoreCaseSystemStringSystemString', ID = '5878'
Method 'SystemCharInternalRuntimeCompilerServicesUnsafeAddByteOffsetSystemCharSystemCharSystemIntPtr', ID = '5880'
Method 'SystemUInt64InternalRuntimeCompilerServicesUnsafeReadUnalignedSystemUInt64SystemByte', ID = '5881'
Method 'SystemBooleanSystemTextUnicodeUtf16UtilityUInt64OrdinalIgnoreCaseAsciiSystemUInt64SystemUInt64', ID = '5882'
Method 'SystemBooleanSystemTextUnicodeUtf16UtilityUInt32OrdinalIgnoreCaseAsciiSystemUInt32SystemUInt32', ID = '5883'
Method 'SystemInt32SystemGlobalizationOrdinalCompareStringIgnoreCaseSystemCharSystemInt32SystemCharSystemInt32', ID = '5884'
Method 'SystemCollectionsGenericDictionary2EntrySystemStringSystemObjectarrayInternalRuntimeCompilerServicesUnsafeAsSystemCollectionsGenericDictionary2EntrySystemStringSystemObjectarraySystemObject', ID = '5886'
Method 'SystemVoidSystemSZGenericArrayEnumerator1SystemCollectionsGenericDictionary2EntrySystemStringSystemObjectctorSystemCollectionsGenericDictionary2EntrySystemStringSystemObjectarray', ID = '5887'
Method 'SystemInt32SystemArrayIndexOfSystemCollectionsGenericDictionary2EntrySystemStringSystemObjectSystemCollectionsGenericDictionary2EntrySystemStringSystemObjectarraySystem8FE9EC443DBB2018D1227379FAC326DD', ID = '5890'
Method 'SystemCollectionsGenericIEnumerator1SystemCollectionsGenericDictionary2EntrySystemStringSystemObjectCosmosIL2CPUSZArrayImpl1SystemCollectionsGenericDictionary2EntrySyst80EC785D03B0FA0EB69B33E7427EB9A8', ID = '5891'
Method 'SystemVoidCosmosIL2CPUSZArrayImpl1SystemCollectionsGenericDictionary2EntrySystemStringSystemObjectCopyToSystemCollectionsGenericDictionary2EntrySystemStringSystemObjectarraySystemInt32', ID = '5892'
Method 'SystemInt32CosmosIL2CPUSZArrayImpl1SystemCollectionsGenericDictionary2EntrySystemStringSystemObjectget_Count', ID = '5893'
Method 'SystemCollectionsGenericDictionary2EntrySystemStringSystemObjectCosmosIL2CPUSZArrayImpl1SystemCollectionsGenericDictionary2EntrySystemStringSystemObjectget_ItemSystemInt32', ID = '5894'
Method 'SystemVoidCosmosIL2CPUSZArrayImpl1SystemCollectionsGenericDictionary2EntrySystemStringSystemObjectset_ItemSystemInt32SystemCollectionsGenericDictionary2EntrySystemStringSystemObject', ID = '5895'
Method 'SystemVoidCosmosIL2CPUSZArrayImpl1SystemCollectionsGenericDictionary2EntrySystemStringSystemObjectAddSystemCollectionsGenericDictionary2EntrySystemStringSystemObject', ID = '5896'
Method 'SystemBooleanCosmosIL2CPUSZArrayImpl1SystemCollectionsGenericDictionary2EntrySystemStringSystemObjectContainsSystemCollectionsGenericDictionary2EntrySystemStringSystemObject', ID = '5897'
Method 'SystemBooleanCosmosIL2CPUSZArrayImpl1SystemCollectionsGenericDictionary2EntrySystemStringSystemObjectget_IsReadOnly', ID = '5898'
Method 'SystemVoidCosmosIL2CPUSZArrayImpl1SystemCollectionsGenericDictionary2EntrySystemStringSystemObjectClear', ID = '5899'
Method 'SystemInt32CosmosIL2CPUSZArrayImpl1SystemCollectionsGenericDictionary2EntrySystemStringSystemObjectIndexOfSystemCollectionsGenericDictionary2EntrySystemStringSystemObject', ID = '5900'
Method 'SystemVoidCosmosIL2CPUSZArrayImpl1SystemCollectionsGenericDictionary2EntrySystemStringSystemObjectInsertSystemInt32SystemCollectionsGenericDictionary2EntrySystemStringSystemObject', ID = '5901'
Method 'SystemVoidCosmosIL2CPUSZArrayImpl1SystemCollectionsGenericDictionary2EntrySystemStringSystemObjectRemoveAtSystemInt32', ID = '5902'
Method 'SystemBooleanCosmosIL2CPUSZArrayImpl1SystemCollectionsGenericDictionary2EntrySystemStringSystemObjectget_IsFixedSize', ID = '5903'
Method 'SystemVoidCosmosIL2CPUSZArrayImpl1SystemCollectionsGenericDictionary2EntrySystemStringSystemObjectRemoveSystemCollectionsGenericDictionary2EntrySystemStringSystemObject', ID = '5904'
Method 'SystemObjectCosmosIL2CPUSZArrayImpl1SystemCollectionsGenericDictionary2EntrySystemStringSystemObjectget_SyncRoot', ID = '5905'
Method 'SystemBooleanCosmosIL2CPUSZArrayImpl1SystemCollectionsGenericDictionary2EntrySystemStringSystemObjectget_IsSynchronized', ID = '5906'
Method 'SystemCollectionsGenericIEnumerator1SystemCollectionsGenericKeyValuePair2SystemStringSystemObjectSystemSZArrayHelperGetEnumeratorSystemCollectionsGenericKeyValuePair2SystemStringSystemObject', ID = '5907'
Method 'SystemVoidSystemSZArrayHelperCopyToSystemCollectionsGenericKeyValuePair2SystemStringSystemObjectSystemCollectionsGenericKeyValuePair2SystemStringSystemObjectarraySystemInt32', ID = '5908'
Method 'SystemInt32SystemSZArrayHelperget_CountSystemCollectionsGenericKeyValuePair2SystemStringSystemObject', ID = '5909'
Method 'SystemCollectionsGenericKeyValuePair2SystemStringSystemObjectSystemSZArrayHelperget_ItemSystemCollectionsGenericKeyValuePair2SystemStringSystemObjectSystemInt32', ID = '5910'
Method 'SystemVoidSystemSZArrayHelperset_ItemSystemCollectionsGenericKeyValuePair2SystemStringSystemObjectSystemInt32SystemCollectionsGenericKeyValuePair2SystemStringSystemObject', ID = '5911'
Method 'SystemVoidSystemSZArrayHelperAddSystemCollectionsGenericKeyValuePair2SystemStringSystemObjectSystemCollectionsGenericKeyValuePair2SystemStringSystemObject', ID = '5912'
Method 'SystemBooleanSystemSZArrayHelperContainsSystemCollectionsGenericKeyValuePair2SystemStringSystemObjectSystemCollectionsGenericKeyValuePair2SystemStringSystemObject', ID = '5913'
Method 'SystemBooleanSystemSZArrayHelperget_IsReadOnlySystemCollectionsGenericKeyValuePair2SystemStringSystemObject', ID = '5914'
Method 'SystemVoidSystemSZArrayHelperClearSystemCollectionsGenericKeyValuePair2SystemStringSystemObject', ID = '5915'
Method 'SystemInt32SystemSZArrayHelperIndexOfSystemCollectionsGenericKeyValuePair2SystemStringSystemObjectSystemCollectionsGenericKeyValuePair2SystemStringSystemObject', ID = '5916'
Method 'SystemVoidSystemSZArrayHelperInsertSystemCollectionsGenericKeyValuePair2SystemStringSystemObjectSystemInt32SystemCollectionsGenericKeyValuePair2SystemStringSystemObject', ID = '5917'
Method 'SystemBooleanSystemSZArrayHelperRemoveSystemCollectionsGenericKeyValuePair2SystemStringSystemObjectSystemCollectionsGenericKeyValuePair2SystemStringSystemObject', ID = '5918'
Method 'SystemVoidSystemSZArrayHelperRemoveAtSystemCollectionsGenericKeyValuePair2SystemStringSystemObjectSystemInt32', ID = '5919'
Method 'SystemReadOnlySpan1SystemByteSystemCharget_Latin1CharInfo', ID = '5923'
Method 'SystemByteSystemReadOnlySpan1SystemByteget_ItemSystemInt32', ID = '5924'
Method 'SystemUIntPtrSystemGlobalizationCharUnicodeInfoGetCategoryCasingTableOffsetNoBoundsChecksSystemUInt32', ID = '5926'
Method 'SystemReadOnlySpan1SystemByteSystemGlobalizationCharUnicodeInfoget_CategoriesValues', ID = '5927'
Method 'SystemVoidSystemSZGenericArrayEnumerator1SystemUInt16cctor', ID = '5928'
Method 'SystemVoidSystemSZGenericArrayEnumerator1SystemUInt16Dispose', ID = '5929'
Method 'SystemBooleanSystemSZGenericArrayEnumerator1SystemUInt16MoveNext', ID = '5930'
Method 'SystemBooleanSystemRuntimeCompilerServicesRuntimeHelpersIsBitwiseEquatableSystemUInt16', ID = '5931'
Method 'SystemByteInternalRuntimeCompilerServicesUnsafeAsSystemUInt16SystemByteSystemUInt16', ID = '5932'
Method 'SystemCharInternalRuntimeCompilerServicesUnsafeAsSystemUInt16SystemCharSystemUInt16', ID = '5933'
Method 'SystemInt32InternalRuntimeCompilerServicesUnsafeAsSystemUInt16SystemInt32SystemUInt16', ID = '5934'
Method 'SystemInt64InternalRuntimeCompilerServicesUnsafeAsSystemUInt16SystemInt64SystemUInt16', ID = '5935'
Method 'SystemCollectionsGenericEqualityComparer1SystemUInt16SystemCollectionsGenericEqualityComparer1SystemUInt16get_Default', ID = '5936'
Method 'SystemInt32SystemCollectionsGenericEqualityComparer1SystemUInt16IndexOfSystemUInt16arraySystemUInt16SystemInt32SystemInt32', ID = '5937'
Method 'SystemVoidCosmosIL2CPUSZArrayImpl1GetEnumeratord__0SystemUInt16ctorSystemInt32', ID = '5938'
Method 'SystemInt32SystemTextUTF8EncodingGetCharsCommonSystemBytepointerSystemInt32SystemCharpointerSystemInt32', ID = '5940'
Method 'SystemStringSystemStringCreateStringFromEncodingSystemBytepointerSystemInt32SystemTextEncoding', ID = '5941'
Method 'SystemInt32InternalRuntimeCompilerServicesUnsafeSizeOfSystemGuid', ID = '5945'
Method 'SystemGuidInternalRuntimeCompilerServicesUnsafeReadUnalignedSystemGuidSystemByte', ID = '5946'
Method 'SystemVoidSystemCollectionsGenericList1CosmosHALBlockDeviceGPTGPartInfoset_CapacitySystemInt32', ID = '5947'
Method 'SystemVoidSystemSZGenericArrayEnumerator1CosmosHALBlockDeviceGPTGPartInfocctor', ID = '5948'
Method 'SystemVoidSystemSZGenericArrayEnumerator1CosmosHALBlockDeviceGPTGPartInfoDispose', ID = '5949'
Method 'SystemBooleanSystemSZGenericArrayEnumerator1CosmosHALBlockDeviceGPTGPartInfoMoveNext', ID = '5950'
Method 'SystemBooleanSystemRuntimeCompilerServicesRuntimeHelpersIsBitwiseEquatableCosmosHALBlockDeviceGPTGPartInfo', ID = '5951'
Method 'SystemInt32InternalRuntimeCompilerServicesUnsafeSizeOfCosmosHALBlockDeviceGPTGPartInfo', ID = '5952'
Method 'SystemByteInternalRuntimeCompilerServicesUnsafeAsCosmosHALBlockDeviceGPTGPartInfoSystemByteCosmosHALBlockDeviceGPTGPartInfo', ID = '5953'
Method 'SystemCharInternalRuntimeCompilerServicesUnsafeAsCosmosHALBlockDeviceGPTGPartInfoSystemCharCosmosHALBlockDeviceGPTGPartInfo', ID = '5954'
Method 'SystemInt32InternalRuntimeCompilerServicesUnsafeAsCosmosHALBlockDeviceGPTGPartInfoSystemInt32CosmosHALBlockDeviceGPTGPartInfo', ID = '5955'
Method 'SystemInt64InternalRuntimeCompilerServicesUnsafeAsCosmosHALBlockDeviceGPTGPartInfoSystemInt64CosmosHALBlockDeviceGPTGPartInfo', ID = '5956'
Method 'SystemCollectionsGenericEqualityComparer1CosmosHALBlockDeviceGPTGPartInfoSystemCollectionsGenericEqualityComparer1CosmosHALBlockDeviceGPTGPartInfoget_Default', ID = '5957'
Method 'SystemInt32SystemCollectionsGenericEqualityComparer1CosmosHALBlockDeviceGPTGPartInfoIndexOfCosmosHALBlockDeviceGPTGPartInfoarrayCosmosHALBlockDeviceGPTGPartInfoSystemInt32SystemInt32', ID = '5958'
Method 'SystemVoidCosmosIL2CPUSZArrayImpl1GetEnumeratord__0CosmosHALBlockDeviceGPTGPartInfoctorSystemInt32', ID = '5959'
Method 'SystemVoidSystemCollectionsGenericList1CosmosHALBlockDeviceMBRPartInfoset_CapacitySystemInt32', ID = '5961'
Method 'SystemVoidSystemSZGenericArrayEnumerator1CosmosHALBlockDeviceMBRPartInfocctor', ID = '5962'
Method 'SystemVoidSystemSZGenericArrayEnumerator1CosmosHALBlockDeviceMBRPartInfoDispose', ID = '5963'
Method 'SystemBooleanSystemSZGenericArrayEnumerator1CosmosHALBlockDeviceMBRPartInfoMoveNext', ID = '5964'
Method 'SystemBooleanSystemRuntimeCompilerServicesRuntimeHelpersIsBitwiseEquatableCosmosHALBlockDeviceMBRPartInfo', ID = '5965'
Method 'SystemInt32InternalRuntimeCompilerServicesUnsafeSizeOfCosmosHALBlockDeviceMBRPartInfo', ID = '5966'
Method 'SystemByteInternalRuntimeCompilerServicesUnsafeAsCosmosHALBlockDeviceMBRPartInfoSystemByteCosmosHALBlockDeviceMBRPartInfo', ID = '5967'
Method 'SystemCharInternalRuntimeCompilerServicesUnsafeAsCosmosHALBlockDeviceMBRPartInfoSystemCharCosmosHALBlockDeviceMBRPartInfo', ID = '5968'
Method 'SystemInt32InternalRuntimeCompilerServicesUnsafeAsCosmosHALBlockDeviceMBRPartInfoSystemInt32CosmosHALBlockDeviceMBRPartInfo', ID = '5969'
Method 'SystemInt64InternalRuntimeCompilerServicesUnsafeAsCosmosHALBlockDeviceMBRPartInfoSystemInt64CosmosHALBlockDeviceMBRPartInfo', ID = '5970'
Method 'SystemCollectionsGenericEqualityComparer1CosmosHALBlockDeviceMBRPartInfoSystemCollectionsGenericEqualityComparer1CosmosHALBlockDeviceMBRPartInfoget_Default', ID = '5971'
Method 'SystemInt32SystemCollectionsGenericEqualityComparer1CosmosHALBlockDeviceMBRPartInfoIndexOfCosmosHALBlockDeviceMBRPartInfoarrayCosmosHALBlockDeviceMBRPartInfoSystemInt32SystemInt32', ID = '5972'
Method 'SystemVoidCosmosIL2CPUSZArrayImpl1GetEnumeratord__0CosmosHALBlockDeviceMBRPartInfoctorSystemInt32', ID = '5973'
Method 'SystemInt16InternalRuntimeCompilerServicesUnsafeReadUnalignedSystemInt16SystemByte', ID = '5975'
Method 'SystemVoidSystemCollectionsGenericList1CosmosHALBlockDeviceEBRPartInfoset_CapacitySystemInt32', ID = '5976'
Method 'SystemVoidSystemSZGenericArrayEnumerator1CosmosHALBlockDeviceEBRPartInfocctor', ID = '5977'
Method 'SystemVoidSystemSZGenericArrayEnumerator1CosmosHALBlockDeviceEBRPartInfoDispose', ID = '5978'
Method 'SystemBooleanSystemSZGenericArrayEnumerator1CosmosHALBlockDeviceEBRPartInfoMoveNext', ID = '5979'
Method 'SystemBooleanSystemRuntimeCompilerServicesRuntimeHelpersIsBitwiseEquatableCosmosHALBlockDeviceEBRPartInfo', ID = '5980'
Method 'SystemInt32InternalRuntimeCompilerServicesUnsafeSizeOfCosmosHALBlockDeviceEBRPartInfo', ID = '5981'
Method 'SystemByteInternalRuntimeCompilerServicesUnsafeAsCosmosHALBlockDeviceEBRPartInfoSystemByteCosmosHALBlockDeviceEBRPartInfo', ID = '5982'
Method 'SystemCharInternalRuntimeCompilerServicesUnsafeAsCosmosHALBlockDeviceEBRPartInfoSystemCharCosmosHALBlockDeviceEBRPartInfo', ID = '5983'
Method 'SystemInt32InternalRuntimeCompilerServicesUnsafeAsCosmosHALBlockDeviceEBRPartInfoSystemInt32CosmosHALBlockDeviceEBRPartInfo', ID = '5984'
Method 'SystemInt64InternalRuntimeCompilerServicesUnsafeAsCosmosHALBlockDeviceEBRPartInfoSystemInt64CosmosHALBlockDeviceEBRPartInfo', ID = '5985'
Method 'SystemCollectionsGenericEqualityComparer1CosmosHALBlockDeviceEBRPartInfoSystemCollectionsGenericEqualityComparer1CosmosHALBlockDeviceEBRPartInfoget_Default', ID = '5986'
Method 'SystemInt32SystemCollectionsGenericEqualityComparer1CosmosHALBlockDeviceEBRPartInfoIndexOfCosmosHALBlockDeviceEBRPartInfoarrayCosmosHALBlockDeviceEBRPartInfoSystemInt32SystemInt32', ID = '5987'
Method 'SystemVoidCosmosIL2CPUSZArrayImpl1GetEnumeratord__0CosmosHALBlockDeviceEBRPartInfoctorSystemInt32', ID = '5988'
Method 'SystemVoidSystemCollectionsGenericEqualityComparer1CosmosHALBlockDeviceBlockDevicecctor', ID = '5990'
Method 'SystemVoidSystemCollectionsGenericEqualityComparer1CosmosHALBlockDevicePartitioncctor', ID = '5992'
Method 'SystemVoidCosmosIL2CPUSZArrayImpl1GetEnumeratord__0CosmosHALBlockDevicePortsStoragePortSystemIDisposableDispose', ID = '5998'
Method 'SystemBooleanCosmosIL2CPUSZArrayImpl1GetEnumeratord__0CosmosHALBlockDevicePortsStoragePortMoveNext', ID = '5999'
Method 'SystemStringSystemNumericsVector1SystemUInt32ToString', ID = '6000'
Method 'SystemBooleanSystemNumericsVector1SystemUInt32EqualsSystemObject', ID = '6001'
Method 'SystemInt32SystemNumericsVector1SystemUInt32GetHashCode', ID = '6002'
Method 'SystemStringSystemNumericsVector1SystemUInt32ToStringSystemStringSystemIFormatProvider', ID = '6003'
Method 'SystemNumericsVector1SystemUInt32InternalRuntimeCompilerServicesUnsafeAsRefSystemNumericsVector1SystemUInt32SystemNumericsVector1SystemUInt32', ID = '6006'
Method 'SystemUInt32InternalRuntimeCompilerServicesUnsafeAsSystemNumericsVector1SystemUInt32SystemUInt32SystemNumericsVector1SystemUInt32', ID = '6007'
Method 'SystemUInt32InternalRuntimeCompilerServicesUnsafeAddSystemUInt32SystemUInt32SystemIntPtr', ID = '6008'
Method 'SystemInt32InternalRuntimeCompilerServicesUnsafeSizeOfSystemNumericsVector1SystemUInt32', ID = '6009'
Method 'SystemStringSystemNumericsVector1SystemSingleToString', ID = '6010'
Method 'SystemBooleanSystemNumericsVector1SystemSingleEqualsSystemObject', ID = '6011'
Method 'SystemInt32SystemNumericsVector1SystemSingleGetHashCode', ID = '6012'
Method 'SystemStringSystemNumericsVector1SystemSingleToStringSystemStringSystemIFormatProvider', ID = '6013'
Method 'SystemNumericsVector1SystemSingleInternalRuntimeCompilerServicesUnsafeAsRefSystemNumericsVector1SystemSingleSystemNumericsVector1SystemSingle', ID = '6016'
Method 'SystemSingleInternalRuntimeCompilerServicesUnsafeAsSystemNumericsVector1SystemSingleSystemSingleSystemNumericsVector1SystemSingle', ID = '6017'
Method 'SystemSingleInternalRuntimeCompilerServicesUnsafeAddSystemSingleSystemSingleSystemIntPtr', ID = '6018'
Method 'SystemInt32InternalRuntimeCompilerServicesUnsafeSizeOfSystemNumericsVector1SystemSingle', ID = '6019'
Method 'SystemInt32InternalRuntimeCompilerServicesUnsafeSizeOfSystemSingle', ID = '6020'
Method 'SystemStringSystemNumericsVector1SystemDoubleToString', ID = '6021'
Method 'SystemBooleanSystemNumericsVector1SystemDoubleEqualsSystemObject', ID = '6022'
Method 'SystemInt32SystemNumericsVector1SystemDoubleGetHashCode', ID = '6023'
Method 'SystemStringSystemNumericsVector1SystemDoubleToStringSystemStringSystemIFormatProvider', ID = '6024'
Method 'SystemNumericsVector1SystemDoubleInternalRuntimeCompilerServicesUnsafeAsRefSystemNumericsVector1SystemDoubleSystemNumericsVector1SystemDouble', ID = '6027'
Method 'SystemDoubleInternalRuntimeCompilerServicesUnsafeAsSystemNumericsVector1SystemDoubleSystemDoubleSystemNumericsVector1SystemDouble', ID = '6028'
Method 'SystemDoubleInternalRuntimeCompilerServicesUnsafeAddSystemDoubleSystemDoubleSystemIntPtr', ID = '6029'
Method 'SystemInt32InternalRuntimeCompilerServicesUnsafeSizeOfSystemNumericsVector1SystemDouble', ID = '6030'
Method 'SystemRuntimeIntrinsicsVector2561SystemByteSystemRuntimeIntrinsicsX86Avx2InsertVector128SystemRuntimeIntrinsicsVector2561SystemByteSystemRuntimeIntrinsicsVector1281SystemByteSystemByte', ID = '6031'
Method 'SystemRuntimeIntrinsicsVector2561SystemSingleSystemRuntimeIntrinsicsX86AvxInsertVector128SystemRuntimeIntrinsicsVector2561SystemSingleSystemRuntimeIntrinsicsVector1281SystemSingleSystemByte', ID = '6032'
Method 'SystemRuntimeIntrinsicsVector2561SystemByteSystemRuntimeIntrinsicsVector256AsSystemSingleSystemByteSystemRuntimeIntrinsicsVector2561SystemSingle', ID = '6033'
Method 'SystemRuntimeIntrinsicsVector2561SystemByteSystemRuntimeIntrinsicsVector256WithUpperg__SoftwareFallbacksLine69_0SystemByteSystemRuntimeIntrinsicsVector2561SystemByteSysB2F2EE5EE470C70888B92A3B47D1A7CF', ID = '6034'
Method 'SystemRuntimeIntrinsicsVector2561SystemByteSystemRuntimeIntrinsicsVector2561SystemByteget_Zero', ID = '6035'
Method 'SystemRuntimeIntrinsicsVector1281SystemByteInternalRuntimeCompilerServicesUnsafeAsSystemRuntimeIntrinsicsVector2561SystemByteSystemRuntimeIntrinsicsVector1281SystemByteEEA653FC6993868A7B01AEEEA04A531F', ID = '6036'
Method 'SystemRuntimeIntrinsicsVector1281SystemByteInternalRuntimeCompilerServicesUnsafeAddSystemRuntimeIntrinsicsVector1281SystemByteSystemRuntimeIntrinsicsVector1281SystemByteSystemInt32', ID = '6037'
Method 'SystemVoidSystemSZGenericArrayEnumerator1CosmosHALBlockDeviceRegistersHBACommandHeadercctor', ID = '6038'
Method 'SystemVoidSystemSZGenericArrayEnumerator1CosmosHALBlockDeviceRegistersHBACommandHeaderDispose', ID = '6039'
Method 'SystemBooleanSystemSZGenericArrayEnumerator1CosmosHALBlockDeviceRegistersHBACommandHeaderMoveNext', ID = '6040'
Method 'SystemBooleanSystemRuntimeCompilerServicesRuntimeHelpersIsBitwiseEquatableCosmosHALBlockDeviceRegistersHBACommandHeader', ID = '6041'
Method 'SystemInt32InternalRuntimeCompilerServicesUnsafeSizeOfCosmosHALBlockDeviceRegistersHBACommandHeader', ID = '6042'
Method 'SystemByteInternalRuntimeCompilerServicesUnsafeAsCosmosHALBlockDeviceRegistersHBACommandHeaderSystemByteCosmosHALBlockDeviceRegistersHBACommandHeader', ID = '6043'
Method 'SystemCharInternalRuntimeCompilerServicesUnsafeAsCosmosHALBlockDeviceRegistersHBACommandHeaderSystemCharCosmosHALBlockDeviceRegistersHBACommandHeader', ID = '6044'
Method 'SystemInt32InternalRuntimeCompilerServicesUnsafeAsCosmosHALBlockDeviceRegistersHBACommandHeaderSystemInt32CosmosHALBlockDeviceRegistersHBACommandHeader', ID = '6045'
Method 'SystemInt64InternalRuntimeCompilerServicesUnsafeAsCosmosHALBlockDeviceRegistersHBACommandHeaderSystemInt64CosmosHALBlockDeviceRegistersHBACommandHeader', ID = '6046'
Method 'SystemCollectionsGenericEqualityComparer1CosmosHALBlockDeviceRegistersHBACommandHeaderSystemCollectionsGenericEqualityComparer1CosmosHALBlockDeviceRegistersHBACommandHeaderget_Default', ID = '6047'
Method 'SystemInt32SystemCollectionsGenericEqualityComparer1CosmosHALBlockDeviceRegistersHBACommandHeaderIndexOfCosmosHALBlockDeviceRegistersHBACommandHeaderarrayCosmosHALBlockEAE43D4E2EBB321ABCA4D9D541CE6156', ID = '6048'
Method 'SystemVoidCosmosIL2CPUSZArrayImpl1GetEnumeratord__0CosmosHALBlockDeviceRegistersHBACommandHeaderctorSystemInt32', ID = '6049'
Method 'CosmosHALBlockDeviceRegistersHBAPRDTEntryarrayInternalRuntimeCompilerServicesUnsafeAsCosmosHALBlockDeviceRegistersHBAPRDTEntryarraySystemObject', ID = '6052'
Method 'SystemVoidSystemSZGenericArrayEnumerator1CosmosHALBlockDeviceRegistersHBAPRDTEntryctorCosmosHALBlockDeviceRegistersHBAPRDTEntryarray', ID = '6053'
Method 'SystemInt32SystemArrayIndexOfCosmosHALBlockDeviceRegistersHBAPRDTEntryCosmosHALBlockDeviceRegistersHBAPRDTEntryarrayCosmosHALBlockDeviceRegistersHBAPRDTEntrySystemInt32SystemInt32', ID = '6056'
Method 'SystemCollectionsGenericIEnumerator1CosmosHALBlockDeviceRegistersHBAPRDTEntryCosmosIL2CPUSZArrayImpl1CosmosHALBlockDeviceRegistersHBAPRDTEntryGetEnumerator', ID = '6057'
Method 'SystemVoidCosmosIL2CPUSZArrayImpl1CosmosHALBlockDeviceRegistersHBAPRDTEntryCopyToCosmosHALBlockDeviceRegistersHBAPRDTEntryarraySystemInt32', ID = '6058'
Method 'SystemInt32CosmosIL2CPUSZArrayImpl1CosmosHALBlockDeviceRegistersHBAPRDTEntryget_Count', ID = '6059'
Method 'CosmosHALBlockDeviceRegistersHBAPRDTEntryCosmosIL2CPUSZArrayImpl1CosmosHALBlockDeviceRegistersHBAPRDTEntryget_ItemSystemInt32', ID = '6060'
Method 'SystemVoidCosmosIL2CPUSZArrayImpl1CosmosHALBlockDeviceRegistersHBAPRDTEntryset_ItemSystemInt32CosmosHALBlockDeviceRegistersHBAPRDTEntry', ID = '6061'
Method 'SystemVoidCosmosIL2CPUSZArrayImpl1CosmosHALBlockDeviceRegistersHBAPRDTEntryAddCosmosHALBlockDeviceRegistersHBAPRDTEntry', ID = '6062'
Method 'SystemBooleanCosmosIL2CPUSZArrayImpl1CosmosHALBlockDeviceRegistersHBAPRDTEntryContainsCosmosHALBlockDeviceRegistersHBAPRDTEntry', ID = '6063'
Method 'SystemBooleanCosmosIL2CPUSZArrayImpl1CosmosHALBlockDeviceRegistersHBAPRDTEntryget_IsReadOnly', ID = '6064'
Method 'SystemVoidCosmosIL2CPUSZArrayImpl1CosmosHALBlockDeviceRegistersHBAPRDTEntryClear', ID = '6065'
Method 'SystemInt32CosmosIL2CPUSZArrayImpl1CosmosHALBlockDeviceRegistersHBAPRDTEntryIndexOfCosmosHALBlockDeviceRegistersHBAPRDTEntry', ID = '6066'
Method 'SystemVoidCosmosIL2CPUSZArrayImpl1CosmosHALBlockDeviceRegistersHBAPRDTEntryInsertSystemInt32CosmosHALBlockDeviceRegistersHBAPRDTEntry', ID = '6067'
Method 'SystemVoidCosmosIL2CPUSZArrayImpl1CosmosHALBlockDeviceRegistersHBAPRDTEntryRemoveAtSystemInt32', ID = '6068'
Method 'SystemBooleanCosmosIL2CPUSZArrayImpl1CosmosHALBlockDeviceRegistersHBAPRDTEntryget_IsFixedSize', ID = '6069'
Method 'SystemVoidCosmosIL2CPUSZArrayImpl1CosmosHALBlockDeviceRegistersHBAPRDTEntryRemoveCosmosHALBlockDeviceRegistersHBAPRDTEntry', ID = '6070'
Method 'SystemObjectCosmosIL2CPUSZArrayImpl1CosmosHALBlockDeviceRegistersHBAPRDTEntryget_SyncRoot', ID = '6071'
Method 'SystemBooleanCosmosIL2CPUSZArrayImpl1CosmosHALBlockDeviceRegistersHBAPRDTEntryget_IsSynchronized', ID = '6072'
Method 'SystemVoidCosmosIL2CPUSZArrayImpl1GetEnumeratord__0SystemBytearraySystemIDisposableDispose', ID = '6076'
Method 'SystemBooleanCosmosIL2CPUSZArrayImpl1GetEnumeratord__0SystemBytearrayMoveNext', ID = '6077'
Method 'SystemVoidSystemCollectionsGenericEqualityComparer1CosmosHALNetworkDevicecctor', ID = '6078'
Method 'SystemVoidSystemRuntimeCompilerServicesDefaultInterpolatedStringHandlerctorSystemInt32SystemInt32SystemIFormatProviderSystemSpan1SystemChar', ID = '6081'
Method 'SystemVoidSystemRuntimeCompilerServicesDefaultInterpolatedStringHandlerAppendFormattedSystemObjectSystemObject', ID = '6082'
Method 'SystemStringSystemStringCreateSystemIFormatProviderSystemSpan1SystemCharSystemRuntimeCompilerServicesDefaultInterpolatedStringHandler', ID = '6083'
Method 'SystemVoidSystemCollectionsGenericEqualityComparer1SystemCollectionsGenericKeyValuePair2SystemUInt32CosmosHALNetworkDevicecctor', ID = '6084'
Method 'SystemVoidCosmosSystem_PlugsSystemMathImplcctor', ID = '6086'
Method 'SystemUInt32InternalRuntimeCompilerServicesUnsafeAsSystemByteSystemUInt32SystemByte', ID = '6087'
Method 'SystemIntPtrCosmosCore_PlugsSystemRuntimeTypeImplget_Cache', ID = '6089'
Method 'SystemStringSystemRuntimeTypeRuntimeTypeCacheConstructNameSystemStringSystemTypeNameFormatFlags', ID = '6090'
Method 'SystemTypeSystemTypeGetRootElementType', ID = '6091'
Method 'SystemBooleanSystemTypeget_IsGenericTypeDefinition', ID = '6092'
Method 'SystemBooleanSystemTypeget_ContainsGenericParameters', ID = '6093'
Method 'SystemVoidSystemInvalidOperationExceptionctor', ID = '6094'
Method 'SystemVoidSystemStringComparerctor', ID = '6096'
Method 'SystemVoidSystemSZGenericArrayEnumerator1CosmosHALKeyboardBasecctor', ID = '6097'
Method 'SystemVoidSystemSZGenericArrayEnumerator1CosmosHALKeyboardBaseDispose', ID = '6098'
Method 'CosmosHALKeyboardBaseSystemSZGenericArrayEnumerator1CosmosHALKeyboardBaseget_Current', ID = '6099'
Method 'SystemBooleanSystemSZGenericArrayEnumerator1CosmosHALKeyboardBaseMoveNext', ID = '6100'
Method 'SystemBooleanSystemRuntimeCompilerServicesRuntimeHelpersIsBitwiseEquatableCosmosHALKeyboardBase', ID = '6101'
Method 'SystemInt32InternalRuntimeCompilerServicesUnsafeSizeOfCosmosHALKeyboardBase', ID = '6102'
Method 'SystemByteInternalRuntimeCompilerServicesUnsafeAsCosmosHALKeyboardBaseSystemByteCosmosHALKeyboardBase', ID = '6103'
Method 'SystemCharInternalRuntimeCompilerServicesUnsafeAsCosmosHALKeyboardBaseSystemCharCosmosHALKeyboardBase', ID = '6104'
Method 'SystemInt32InternalRuntimeCompilerServicesUnsafeAsCosmosHALKeyboardBaseSystemInt32CosmosHALKeyboardBase', ID = '6105'
Method 'SystemInt64InternalRuntimeCompilerServicesUnsafeAsCosmosHALKeyboardBaseSystemInt64CosmosHALKeyboardBase', ID = '6106'
Method 'SystemCollectionsGenericEqualityComparer1CosmosHALKeyboardBaseSystemCollectionsGenericEqualityComparer1CosmosHALKeyboardBaseget_Default', ID = '6107'
Method 'SystemInt32SystemCollectionsGenericEqualityComparer1CosmosHALKeyboardBaseIndexOfCosmosHALKeyboardBasearrayCosmosHALKeyboardBaseSystemInt32SystemInt32', ID = '6108'
Method 'SystemVoidCosmosIL2CPUSZArrayImpl1GetEnumeratord__0CosmosHALKeyboardBasectorSystemInt32', ID = '6109'
Method 'CosmosSystemKeyMappingarrayInternalRuntimeCompilerServicesUnsafeAsCosmosSystemKeyMappingarraySystemObject', ID = '6112'
Method 'SystemVoidSystemSZGenericArrayEnumerator1CosmosSystemKeyMappingctorCosmosSystemKeyMappingarray', ID = '6113'
Method 'SystemInt32SystemArrayIndexOfCosmosSystemKeyMappingCosmosSystemKeyMappingarrayCosmosSystemKeyMappingSystemInt32SystemInt32', ID = '6116'
Method 'SystemCollectionsGenericIEnumerator1CosmosSystemKeyMappingCosmosIL2CPUSZArrayImpl1CosmosSystemKeyMappingGetEnumerator', ID = '6117'
Method 'SystemVoidCosmosIL2CPUSZArrayImpl1CosmosSystemKeyMappingCopyToCosmosSystemKeyMappingarraySystemInt32', ID = '6118'
Method 'SystemInt32CosmosIL2CPUSZArrayImpl1CosmosSystemKeyMappingget_Count', ID = '6119'
Method 'CosmosSystemKeyMappingCosmosIL2CPUSZArrayImpl1CosmosSystemKeyMappingget_ItemSystemInt32', ID = '6120'
Method 'SystemVoidCosmosIL2CPUSZArrayImpl1CosmosSystemKeyMappingset_ItemSystemInt32CosmosSystemKeyMapping', ID = '6121'
Method 'SystemVoidCosmosIL2CPUSZArrayImpl1CosmosSystemKeyMappingAddCosmosSystemKeyMapping', ID = '6122'
Method 'SystemBooleanCosmosIL2CPUSZArrayImpl1CosmosSystemKeyMappingContainsCosmosSystemKeyMapping', ID = '6123'
Method 'SystemBooleanCosmosIL2CPUSZArrayImpl1CosmosSystemKeyMappingget_IsReadOnly', ID = '6124'
Method 'SystemVoidCosmosIL2CPUSZArrayImpl1CosmosSystemKeyMappingClear', ID = '6125'
Method 'SystemInt32CosmosIL2CPUSZArrayImpl1CosmosSystemKeyMappingIndexOfCosmosSystemKeyMapping', ID = '6126'
Method 'SystemVoidCosmosIL2CPUSZArrayImpl1CosmosSystemKeyMappingInsertSystemInt32CosmosSystemKeyMapping', ID = '6127'
Method 'SystemVoidCosmosIL2CPUSZArrayImpl1CosmosSystemKeyMappingRemoveAtSystemInt32', ID = '6128'
Method 'SystemBooleanCosmosIL2CPUSZArrayImpl1CosmosSystemKeyMappingget_IsFixedSize', ID = '6129'
Method 'SystemVoidCosmosIL2CPUSZArrayImpl1CosmosSystemKeyMappingRemoveCosmosSystemKeyMapping', ID = '6130'
Method 'SystemObjectCosmosIL2CPUSZArrayImpl1CosmosSystemKeyMappingget_SyncRoot', ID = '6131'
Method 'SystemBooleanCosmosIL2CPUSZArrayImpl1CosmosSystemKeyMappingget_IsSynchronized', ID = '6132'
Method 'SystemVoidSystemCollectionsGenericList1CosmosSystemKeyMappingAddWithResizeCosmosSystemKeyMapping', ID = '6133'
Method 'SystemVoidCosmosSystemKeyMappingctorSystemByteSystemCharSystemCharSystemCharSystemCharSystemCharSystemCharSystemCharSystemCharSystemCharSystemCharCosmosSystemConsoleKeyEx', ID = '6134'
Method 'SystemVoidCosmosSystemKeyMappingctorSystemByteSystemCharSystemCharSystemCharSystemCharSystemCharSystemCharSystemCharCosmosSystemConsoleKeyExCosmosSystemConsoleKeyEx', ID = '6135'
Method 'SystemVoidSystemSZGenericArrayEnumerator1CosmosSystemKeyEventcctor', ID = '6136'
Method 'SystemVoidSystemSZGenericArrayEnumerator1CosmosSystemKeyEventDispose', ID = '6137'
Method 'SystemBooleanSystemSZGenericArrayEnumerator1CosmosSystemKeyEventMoveNext', ID = '6138'
Method 'SystemBooleanSystemRuntimeCompilerServicesRuntimeHelpersIsBitwiseEquatableCosmosSystemKeyEvent', ID = '6139'
Method 'SystemInt32InternalRuntimeCompilerServicesUnsafeSizeOfCosmosSystemKeyEvent', ID = '6140'
Method 'SystemByteInternalRuntimeCompilerServicesUnsafeAsCosmosSystemKeyEventSystemByteCosmosSystemKeyEvent', ID = '6141'
Method 'SystemCharInternalRuntimeCompilerServicesUnsafeAsCosmosSystemKeyEventSystemCharCosmosSystemKeyEvent', ID = '6142'
Method 'SystemInt32InternalRuntimeCompilerServicesUnsafeAsCosmosSystemKeyEventSystemInt32CosmosSystemKeyEvent', ID = '6143'
Method 'SystemInt64InternalRuntimeCompilerServicesUnsafeAsCosmosSystemKeyEventSystemInt64CosmosSystemKeyEvent', ID = '6144'
Method 'SystemCollectionsGenericEqualityComparer1CosmosSystemKeyEventSystemCollectionsGenericEqualityComparer1CosmosSystemKeyEventget_Default', ID = '6145'
Method 'SystemInt32SystemCollectionsGenericEqualityComparer1CosmosSystemKeyEventIndexOfCosmosSystemKeyEventarrayCosmosSystemKeyEventSystemInt32SystemInt32', ID = '6146'
Method 'SystemVoidCosmosIL2CPUSZArrayImpl1GetEnumeratord__0CosmosSystemKeyEventctorSystemInt32', ID = '6147'
Method 'SystemVoidSystemCollectionsGenericQueue1CosmosSystemKeyEventSetCapacitySystemInt32', ID = '6149'
Method 'SystemIntPtrSystemRuntimeFieldHandleget_Value', ID = '6150'
Method 'SystemBooleanSystemTypeget_IsInterface', ID = '6151'
Method 'SystemTypearraySystemTypeGetGenericParameterConstraints', ID = '6153'
Method 'SystemBooleanSystemTypeget_IsGenericParameter', ID = '6154'
Method 'SystemReflectionGenericParameterAttributesSystemTypeget_GenericParameterAttributes', ID = '6155'
Method 'SystemUInt32CosmosCoreVTablesImplGetBaseTypeSystemUInt32', ID = '6158'
Method 'SystemGlobalizationCultureDataSystemGlobalizationCultureDataCreateCultureWithInvariantData', ID = '6160'
Method 'SystemStringSystemGlobalizationCultureDataget_CultureName', ID = '6161'
Method 'SystemStringCosmosCore_PlugsSystemGlobalizationCultureInfoImplGetUserDefaultLocaleName', ID = '6162'
Method 'SystemGlobalizationCompareInfoSystemGlobalizationCultureInfoget_CompareInfo', ID = '6163'
Method 'SystemBooleanSystemGlobalizationSortVersionEqualsSystemObject', ID = '6165'
Method 'SystemInt32SystemGlobalizationSortVersionGetHashCode', ID = '6166'
Method 'SystemStringSystemGlobalizationCompareInfoget_Name', ID = '6168'
Method 'SystemVoidSystemGlobalizationTextInfoctorSystemGlobalizationCultureDataSystemBoolean', ID = '6169'
Method 'SystemStringSystemGlobalizationTextInfoget_CultureName', ID = '6171'
Method 'SystemCollectionsGenericIEnumerator1SystemGlobalizationCalendarIdSystemSZArrayHelperGetEnumeratorSystemGlobalizationCalendarId', ID = '6172'
Method 'SystemVoidSystemSZArrayHelperCopyToSystemGlobalizationCalendarIdSystemGlobalizationCalendarIdarraySystemInt32', ID = '6173'
Method 'SystemInt32SystemSZArrayHelperget_CountSystemGlobalizationCalendarId', ID = '6174'
Method 'SystemGlobalizationCalendarIdSystemSZArrayHelperget_ItemSystemGlobalizationCalendarIdSystemInt32', ID = '6175'
Method 'SystemVoidSystemSZArrayHelperset_ItemSystemGlobalizationCalendarIdSystemInt32SystemGlobalizationCalendarId', ID = '6176'
Method 'SystemVoidSystemSZArrayHelperAddSystemGlobalizationCalendarIdSystemGlobalizationCalendarId', ID = '6177'
Method 'SystemBooleanSystemSZArrayHelperContainsSystemGlobalizationCalendarIdSystemGlobalizationCalendarId', ID = '6178'
Method 'SystemBooleanSystemSZArrayHelperget_IsReadOnlySystemGlobalizationCalendarId', ID = '6179'
Method 'SystemVoidSystemSZArrayHelperClearSystemGlobalizationCalendarId', ID = '6180'
Method 'SystemInt32SystemSZArrayHelperIndexOfSystemGlobalizationCalendarIdSystemGlobalizationCalendarId', ID = '6181'
Method 'SystemVoidSystemSZArrayHelperInsertSystemGlobalizationCalendarIdSystemInt32SystemGlobalizationCalendarId', ID = '6182'
Method 'SystemBooleanSystemSZArrayHelperRemoveSystemGlobalizationCalendarIdSystemGlobalizationCalendarId', ID = '6183'
Method 'SystemVoidSystemSZArrayHelperRemoveAtSystemGlobalizationCalendarIdSystemInt32', ID = '6184'
Method 'SystemCollectionsGenericIEnumerator1SystemGlobalizationDateTimeFormatInfoTokenHashValueSystemSZArrayHelperGetEnumeratorSystemGlobalizationDateTimeFormatInfoTokenHashValue', ID = '6191'
Method 'SystemVoidSystemSZArrayHelperCopyToSystemGlobalizationDateTimeFormatInfoTokenHashValueSystemGlobalizationDateTimeFormatInfoTokenHashValuearraySystemInt32', ID = '6192'
Method 'SystemInt32SystemSZArrayHelperget_CountSystemGlobalizationDateTimeFormatInfoTokenHashValue', ID = '6193'
Method 'SystemGlobalizationDateTimeFormatInfoTokenHashValueSystemSZArrayHelperget_ItemSystemGlobalizationDateTimeFormatInfoTokenHashValueSystemInt32', ID = '6194'
Method 'SystemVoidSystemSZArrayHelperset_ItemSystemGlobalizationDateTimeFormatInfoTokenHashValueSystemInt32SystemGlobalizationDateTimeFormatInfoTokenHashValue', ID = '6195'
Method 'SystemVoidSystemSZArrayHelperAddSystemGlobalizationDateTimeFormatInfoTokenHashValueSystemGlobalizationDateTimeFormatInfoTokenHashValue', ID = '6196'
Method 'SystemBooleanSystemSZArrayHelperContainsSystemGlobalizationDateTimeFormatInfoTokenHashValueSystemGlobalizationDateTimeFormatInfoTokenHashValue', ID = '6197'
Method 'SystemBooleanSystemSZArrayHelperget_IsReadOnlySystemGlobalizationDateTimeFormatInfoTokenHashValue', ID = '6198'
Method 'SystemVoidSystemSZArrayHelperClearSystemGlobalizationDateTimeFormatInfoTokenHashValue', ID = '6199'
Method 'SystemInt32SystemSZArrayHelperIndexOfSystemGlobalizationDateTimeFormatInfoTokenHashValueSystemGlobalizationDateTimeFormatInfoTokenHashValue', ID = '6200'
Method 'SystemVoidSystemSZArrayHelperInsertSystemGlobalizationDateTimeFormatInfoTokenHashValueSystemInt32SystemGlobalizationDateTimeFormatInfoTokenHashValue', ID = '6201'
Method 'SystemBooleanSystemSZArrayHelperRemoveSystemGlobalizationDateTimeFormatInfoTokenHashValueSystemGlobalizationDateTimeFormatInfoTokenHashValue', ID = '6202'
Method 'SystemVoidSystemSZArrayHelperRemoveAtSystemGlobalizationDateTimeFormatInfoTokenHashValueSystemInt32', ID = '6203'
Method 'SystemCollectionsGenericIEnumerator1SystemGlobalizationCalendarDataSystemSZArrayHelperGetEnumeratorSystemGlobalizationCalendarData', ID = '6211'
Method 'SystemVoidSystemSZArrayHelperCopyToSystemGlobalizationCalendarDataSystemGlobalizationCalendarDataarraySystemInt32', ID = '6212'
Method 'SystemInt32SystemSZArrayHelperget_CountSystemGlobalizationCalendarData', ID = '6213'
Method 'SystemGlobalizationCalendarDataSystemSZArrayHelperget_ItemSystemGlobalizationCalendarDataSystemInt32', ID = '6214'
Method 'SystemVoidSystemSZArrayHelperset_ItemSystemGlobalizationCalendarDataSystemInt32SystemGlobalizationCalendarData', ID = '6215'
Method 'SystemVoidSystemSZArrayHelperAddSystemGlobalizationCalendarDataSystemGlobalizationCalendarData', ID = '6216'
Method 'SystemBooleanSystemSZArrayHelperContainsSystemGlobalizationCalendarDataSystemGlobalizationCalendarData', ID = '6217'
Method 'SystemBooleanSystemSZArrayHelperget_IsReadOnlySystemGlobalizationCalendarData', ID = '6218'
Method 'SystemVoidSystemSZArrayHelperClearSystemGlobalizationCalendarData', ID = '6219'
Method 'SystemInt32SystemSZArrayHelperIndexOfSystemGlobalizationCalendarDataSystemGlobalizationCalendarData', ID = '6220'
Method 'SystemVoidSystemSZArrayHelperInsertSystemGlobalizationCalendarDataSystemInt32SystemGlobalizationCalendarData', ID = '6221'
Method 'SystemBooleanSystemSZArrayHelperRemoveSystemGlobalizationCalendarDataSystemGlobalizationCalendarData', ID = '6222'
Method 'SystemVoidSystemSZArrayHelperRemoveAtSystemGlobalizationCalendarDataSystemInt32', ID = '6223'
Method 'SystemBooleanSystemGlobalizationGlobalizationModeget_Invariant', ID = '6230'
Method 'SystemBooleanSystemGlobalizationCultureDataget_IsInvariantCulture', ID = '6231'
Method 'SystemInt32SystemGlobalizationCultureDataGetLocaleInfoCoreUserOverrideSystemGlobalizationCultureDataLocaleNumberData', ID = '6233'
Method 'SystemBooleanSystemGlobalizationCultureDataget_ShouldUseUserOverrideNlsData', ID = '6234'
Method 'SystemInt32SystemGlobalizationCultureDataIcuGetDigitSubstitutionSystemString', ID = '6235'
Method 'SystemInt32SystemGlobalizationCultureDataNlsGetLocaleInfoSystemGlobalizationCultureDataLocaleNumberData', ID = '6236'
Method 'SystemInt32SystemGlobalizationCultureDataget_PercentNegativePattern', ID = '6239'
Method 'SystemInt32SystemGlobalizationCultureDataget_PercentPositivePattern', ID = '6240'
Method 'SystemObjectCosmosCore_PlugsSystemThreadingInterlockedImplCompareExchangeSystemObjectSystemObjectSystemObject', ID = '6246'
Method 'SystemVoidSystemGlobalizationCalendarSetReadOnlyStateSystemBoolean', ID = '6249'
Method 'SystemGlobalizationCalendarIdSystemGlobalizationCalendarget_ID', ID = '6250'
Method 'SystemVoidSystemGlobalizationDateTimeFormatInfoInitializeOverridablePropertiesSystemGlobalizationCultureDataSystemGlobalizationCalendarId', ID = '6251'
Method 'SystemObjectInternalRuntimeCompilerServicesUnsafeAsSystemGlobalizationDateTimeFormatInfoSystemObjectSystemGlobalizationDateTimeFormatInfo', ID = '6253'
Method 'SystemGlobalizationDateTimeFormatInfoInternalRuntimeCompilerServicesUnsafeAsSystemGlobalizationDateTimeFormatInfoSystemObject', ID = '6254'
Method 'SystemTextStringBuilderSystemTextStringBuilderAppendSpanFormattableSystemInt32SystemInt32', ID = '6255'
Method 'SystemInt32SystemNumericsBitOperationsLeadingZeroCountSystemUInt32', ID = '6264'
Method 'SystemNumberDiyFpSystemNumberDiyFpSubtractSystemNumberDiyFp', ID = '6265'
Method 'SystemUInt32SystemNumberGrisu3BiggestPowerTenSystemUInt32SystemInt32SystemInt32', ID = '6266'
Method 'SystemBooleanSystemNumberGrisu3TryRoundWeedShortestSystemSpan1SystemByteSystemInt32SystemUInt64SystemUInt64SystemUInt64SystemUInt64SystemUInt64', ID = '6267'
Method 'SystemBooleanSystemNumberGrisu3TryRoundWeedCountedSystemSpan1SystemByteSystemInt32SystemUInt64SystemUInt64SystemUInt64SystemInt32', ID = '6268'
Method 'SystemBooleanCosmosCore_PlugsRuntimeIntrinsicsX86X64LzcntImplget_IsSupported', ID = '6270'
Method 'SystemUInt32SystemRuntimeIntrinsicsX86LzcntLeadingZeroCountSystemUInt32', ID = '6272'
Method 'SystemUInt32SystemRuntimeIntrinsicsX86X86BaseBitScanReverseSystemUInt32', ID = '6273'
Method 'SystemInt32SystemNumericsBitOperationsLog2SoftwareFallbackSystemUInt32', ID = '6274'
Method 'SystemUInt32SystemNumberBigIntegerDivRem32SystemUInt32SystemUInt32', ID = '6278'
Method 'SystemVoidSystemNumberBigIntegerSetZeroSystemNumberBigInteger', ID = '6279'
Method 'SystemVoidSystemNumberBigIntegerClearSystemUInt32', ID = '6280'
Method 'SystemDoubleCosmosSystem_PlugsSystemMathImplCeilingSystemDouble', ID = '6281'
Method 'SystemVoidSystemNumberBigIntegerMultiplySystemUInt32', ID = '6283'
Method 'SystemVoidSystemNumberBigIntegerMultiplySystemNumberBigIntegerSystemNumberBigIntegerSystemNumberBigInteger', ID = '6286'
Method 'SystemVoidSystemNumberBigIntegerSetValueSystemNumberBigIntegerSystemNumberBigInteger', ID = '6287'
Method 'SystemUInt32SystemNumberBigIntegerToUInt32', ID = '6288'
Method 'SystemVoidCosmosIL2CPUSZArrayImpl1GetEnumeratord__0CosmosSystemNetworkConfigIPConfigSystemIDisposableDispose', ID = '6293'
Method 'SystemBooleanCosmosIL2CPUSZArrayImpl1GetEnumeratord__0CosmosSystemNetworkConfigIPConfigMoveNext', ID = '6294'
Method 'SystemVoidSystemCollectionsGenericEqualityComparer1CosmosSystemNetworkConfigNetworkConfigcctor', ID = '6295'
Method 'SystemBooleanSystemCollectionsGenericRandomizedStringEqualityComparerOrdinalComparerEqualsSystemStringSystemString', ID = '6297'
Method 'SystemInt32SystemCollectionsGenericRandomizedStringEqualityComparerOrdinalComparerGetHashCodeSystemString', ID = '6298'
Method 'SystemVoidCosmosSystem_PlugsSystemCollectionsGenericRandomizedStringEqualityComparerImplctorSystemCollectionsGenericIEqualityComparer1SystemString', ID = '6299'
Method 'SystemBooleanSystemCollectionsGenericRandomizedStringEqualityComparerOrdinalIgnoreCaseComparerEqualsSystemStringSystemString', ID = '6300'
Method 'SystemInt32SystemCollectionsGenericRandomizedStringEqualityComparerOrdinalIgnoreCaseComparerGetHashCodeSystemString', ID = '6301'
Method 'SystemVoidSystemCollectionsGenericDictionary2SystemUInt32CosmosSystemNetworkIPv4ICMPClientctorSystemInt32SystemCollectionsGenericIEqualityComparer1SystemUInt32', ID = '6302'
Method 'SystemCollectionsGenericIEnumerator1CosmosSystemNetworkIPv4ICMPPacketSystemSZArrayHelperGetEnumeratorCosmosSystemNetworkIPv4ICMPPacket', ID = '6303'
Method 'SystemVoidSystemSZArrayHelperCopyToCosmosSystemNetworkIPv4ICMPPacketCosmosSystemNetworkIPv4ICMPPacketarraySystemInt32', ID = '6304'
Method 'SystemInt32SystemSZArrayHelperget_CountCosmosSystemNetworkIPv4ICMPPacket', ID = '6305'
Method 'CosmosSystemNetworkIPv4ICMPPacketSystemSZArrayHelperget_ItemCosmosSystemNetworkIPv4ICMPPacketSystemInt32', ID = '6306'
Method 'SystemVoidSystemSZArrayHelperset_ItemCosmosSystemNetworkIPv4ICMPPacketSystemInt32CosmosSystemNetworkIPv4ICMPPacket', ID = '6307'
Method 'SystemVoidSystemSZArrayHelperAddCosmosSystemNetworkIPv4ICMPPacketCosmosSystemNetworkIPv4ICMPPacket', ID = '6308'
Method 'SystemBooleanSystemSZArrayHelperContainsCosmosSystemNetworkIPv4ICMPPacketCosmosSystemNetworkIPv4ICMPPacket', ID = '6309'
Method 'SystemBooleanSystemSZArrayHelperget_IsReadOnlyCosmosSystemNetworkIPv4ICMPPacket', ID = '6310'
Method 'SystemVoidSystemSZArrayHelperClearCosmosSystemNetworkIPv4ICMPPacket', ID = '6311'
Method 'SystemInt32SystemSZArrayHelperIndexOfCosmosSystemNetworkIPv4ICMPPacketCosmosSystemNetworkIPv4ICMPPacket', ID = '6312'
Method 'SystemVoidSystemSZArrayHelperInsertCosmosSystemNetworkIPv4ICMPPacketSystemInt32CosmosSystemNetworkIPv4ICMPPacket', ID = '6313'
Method 'SystemBooleanSystemSZArrayHelperRemoveCosmosSystemNetworkIPv4ICMPPacketCosmosSystemNetworkIPv4ICMPPacket', ID = '6314'
Method 'SystemVoidSystemSZArrayHelperRemoveAtCosmosSystemNetworkIPv4ICMPPacketSystemInt32', ID = '6315'
Method 'SystemBooleanSystemCollectionsGenericDictionary2SystemUInt32CosmosSystemNetworkIPv4ICMPClientContainsKeySystemUInt32', ID = '6320'
Method 'SystemBooleanSystemCollectionsGenericDictionary2SystemUInt32CosmosSystemNetworkIPv4ICMPClientRemoveSystemUInt32', ID = '6321'
Method 'SystemCollectionsGenericIEnumerator1SystemCollectionsGenericDictionary2EntrySystemUInt32CosmosSystemNetworkIPv4ICMPClientSystemSZArrayHelperGetEnumeratorSystemCollectioDEE568C893B12B2C7F374BFB8940EE55', ID = '6322'
Method 'SystemVoidSystemSZArrayHelperCopyToSystemCollectionsGenericDictionary2EntrySystemUInt32CosmosSystemNetworkIPv4ICMPClientSystemCollectionsGenericDictionary2EntrySystemUID2A7E38D4B05F8CE9CBA48503D63D110', ID = '6323'
Method 'SystemInt32SystemSZArrayHelperget_CountSystemCollectionsGenericDictionary2EntrySystemUInt32CosmosSystemNetworkIPv4ICMPClient', ID = '6324'
Method 'SystemCollectionsGenericDictionary2EntrySystemUInt32CosmosSystemNetworkIPv4ICMPClientSystemSZArrayHelperget_ItemSystemCollectionsGenericDictionary2EntrySystemUInt32Cosm567147250E9404EF6B834366E3D3EDF5', ID = '6325'
Method 'SystemVoidSystemSZArrayHelperset_ItemSystemCollectionsGenericDictionary2EntrySystemUInt32CosmosSystemNetworkIPv4ICMPClientSystemInt32SystemCollectionsGenericDictionary23D602E1C0472ADBAB1165126986C7C75', ID = '6326'
Method 'SystemVoidSystemSZArrayHelperAddSystemCollectionsGenericDictionary2EntrySystemUInt32CosmosSystemNetworkIPv4ICMPClientSystemCollectionsGenericDictionary2EntrySystemUInt3BE8897D6370580F6AA5D5C57827F8857', ID = '6327'
Method 'SystemBooleanSystemSZArrayHelperContainsSystemCollectionsGenericDictionary2EntrySystemUInt32CosmosSystemNetworkIPv4ICMPClientSystemCollectionsGenericDictionary2EntrySysF6A65FE2744AD1466F0F637306123C1A', ID = '6328'
Method 'SystemBooleanSystemSZArrayHelperget_IsReadOnlySystemCollectionsGenericDictionary2EntrySystemUInt32CosmosSystemNetworkIPv4ICMPClient', ID = '6329'
Method 'SystemVoidSystemSZArrayHelperClearSystemCollectionsGenericDictionary2EntrySystemUInt32CosmosSystemNetworkIPv4ICMPClient', ID = '6330'
Method 'SystemInt32SystemSZArrayHelperIndexOfSystemCollectionsGenericDictionary2EntrySystemUInt32CosmosSystemNetworkIPv4ICMPClientSystemCollectionsGenericDictionary2EntrySystemD80AEAF08904C7E98CDAFC0D27430F2B', ID = '6331'
Method 'SystemVoidSystemSZArrayHelperInsertSystemCollectionsGenericDictionary2EntrySystemUInt32CosmosSystemNetworkIPv4ICMPClientSystemInt32SystemCollectionsGenericDictionary2En8FD2661563B8F41C3E16C27436A86E24', ID = '6332'
Method 'SystemBooleanSystemSZArrayHelperRemoveSystemCollectionsGenericDictionary2EntrySystemUInt32CosmosSystemNetworkIPv4ICMPClientSystemCollectionsGenericDictionary2EntrySysteE0B7A5E9EC8623B84F39F949E4437025', ID = '6333'
Method 'SystemVoidSystemSZArrayHelperRemoveAtSystemCollectionsGenericDictionary2EntrySystemUInt32CosmosSystemNetworkIPv4ICMPClientSystemInt32', ID = '6334'
Method 'SystemUInt16CosmosSystemNetworkIPv4IPPacketget_NextIPFragmentID', ID = '6346'
Method 'SystemUInt16CosmosSystemNetworkIPv4IPPacketget_FragmentID', ID = '6347'
Method 'SystemUInt16CosmosSystemNetworkIPv4IPPacketCalcIPCRCSystemUInt16', ID = '6348'
Method 'SystemUInt16CosmosSystemNetworkIPv4IPPacketget_IPCRC', ID = '6349'
Method 'SystemUInt16CosmosSystemNetworkIPv4IPPacketSumShortValuesSystemBytearraySystemInt32SystemInt32', ID = '6350'
Method 'SystemVoidSystemCollectionsGenericList1CosmosSystemNetworkIPv4OutgoingBufferBufferEntryset_CapacitySystemInt32', ID = '6351'
Method 'CosmosSystemNetworkIPv4TCPTCPOptionarrayInternalRuntimeCompilerServicesUnsafeAsCosmosSystemNetworkIPv4TCPTCPOptionarraySystemObject', ID = '6353'
Method 'SystemVoidSystemSZGenericArrayEnumerator1CosmosSystemNetworkIPv4TCPTCPOptionctorCosmosSystemNetworkIPv4TCPTCPOptionarray', ID = '6354'
Method 'SystemInt32SystemArrayIndexOfCosmosSystemNetworkIPv4TCPTCPOptionCosmosSystemNetworkIPv4TCPTCPOptionarrayCosmosSystemNetworkIPv4TCPTCPOptionSystemInt32SystemInt32', ID = '6357'
Method 'SystemCollectionsGenericIEnumerator1CosmosSystemNetworkIPv4TCPTCPOptionCosmosIL2CPUSZArrayImpl1CosmosSystemNetworkIPv4TCPTCPOptionGetEnumerator', ID = '6358'
Method 'SystemVoidCosmosIL2CPUSZArrayImpl1CosmosSystemNetworkIPv4TCPTCPOptionCopyToCosmosSystemNetworkIPv4TCPTCPOptionarraySystemInt32', ID = '6359'
Method 'SystemInt32CosmosIL2CPUSZArrayImpl1CosmosSystemNetworkIPv4TCPTCPOptionget_Count', ID = '6360'
Method 'CosmosSystemNetworkIPv4TCPTCPOptionCosmosIL2CPUSZArrayImpl1CosmosSystemNetworkIPv4TCPTCPOptionget_ItemSystemInt32', ID = '6361'
Method 'SystemVoidCosmosIL2CPUSZArrayImpl1CosmosSystemNetworkIPv4TCPTCPOptionset_ItemSystemInt32CosmosSystemNetworkIPv4TCPTCPOption', ID = '6362'
Method 'SystemVoidCosmosIL2CPUSZArrayImpl1CosmosSystemNetworkIPv4TCPTCPOptionAddCosmosSystemNetworkIPv4TCPTCPOption', ID = '6363'
Method 'SystemBooleanCosmosIL2CPUSZArrayImpl1CosmosSystemNetworkIPv4TCPTCPOptionContainsCosmosSystemNetworkIPv4TCPTCPOption', ID = '6364'
Method 'SystemBooleanCosmosIL2CPUSZArrayImpl1CosmosSystemNetworkIPv4TCPTCPOptionget_IsReadOnly', ID = '6365'
Method 'SystemVoidCosmosIL2CPUSZArrayImpl1CosmosSystemNetworkIPv4TCPTCPOptionClear', ID = '6366'
Method 'SystemInt32CosmosIL2CPUSZArrayImpl1CosmosSystemNetworkIPv4TCPTCPOptionIndexOfCosmosSystemNetworkIPv4TCPTCPOption', ID = '6367'
Method 'SystemVoidCosmosIL2CPUSZArrayImpl1CosmosSystemNetworkIPv4TCPTCPOptionInsertSystemInt32CosmosSystemNetworkIPv4TCPTCPOption', ID = '6368'
Method 'SystemVoidCosmosIL2CPUSZArrayImpl1CosmosSystemNetworkIPv4TCPTCPOptionRemoveAtSystemInt32', ID = '6369'
Method 'SystemBooleanCosmosIL2CPUSZArrayImpl1CosmosSystemNetworkIPv4TCPTCPOptionget_IsFixedSize', ID = '6370'
Method 'SystemVoidCosmosIL2CPUSZArrayImpl1CosmosSystemNetworkIPv4TCPTCPOptionRemoveCosmosSystemNetworkIPv4TCPTCPOption', ID = '6371'
Method 'SystemObjectCosmosIL2CPUSZArrayImpl1CosmosSystemNetworkIPv4TCPTCPOptionget_SyncRoot', ID = '6372'
Method 'SystemBooleanCosmosIL2CPUSZArrayImpl1CosmosSystemNetworkIPv4TCPTCPOptionget_IsSynchronized', ID = '6373'
Method 'SystemCollectionsGenericIEnumerator1CosmosSystemNetworkIPv4TCPTCPPacketSystemSZArrayHelperGetEnumeratorCosmosSystemNetworkIPv4TCPTCPPacket', ID = '6375'
Method 'SystemVoidSystemSZArrayHelperCopyToCosmosSystemNetworkIPv4TCPTCPPacketCosmosSystemNetworkIPv4TCPTCPPacketarraySystemInt32', ID = '6376'
Method 'SystemInt32SystemSZArrayHelperget_CountCosmosSystemNetworkIPv4TCPTCPPacket', ID = '6377'
Method 'CosmosSystemNetworkIPv4TCPTCPPacketSystemSZArrayHelperget_ItemCosmosSystemNetworkIPv4TCPTCPPacketSystemInt32', ID = '6378'
Method 'SystemVoidSystemSZArrayHelperset_ItemCosmosSystemNetworkIPv4TCPTCPPacketSystemInt32CosmosSystemNetworkIPv4TCPTCPPacket', ID = '6379'
Method 'SystemVoidSystemSZArrayHelperAddCosmosSystemNetworkIPv4TCPTCPPacketCosmosSystemNetworkIPv4TCPTCPPacket', ID = '6380'
Method 'SystemBooleanSystemSZArrayHelperContainsCosmosSystemNetworkIPv4TCPTCPPacketCosmosSystemNetworkIPv4TCPTCPPacket', ID = '6381'
Method 'SystemBooleanSystemSZArrayHelperget_IsReadOnlyCosmosSystemNetworkIPv4TCPTCPPacket', ID = '6382'
Method 'SystemVoidSystemSZArrayHelperClearCosmosSystemNetworkIPv4TCPTCPPacket', ID = '6383'
Method 'SystemInt32SystemSZArrayHelperIndexOfCosmosSystemNetworkIPv4TCPTCPPacketCosmosSystemNetworkIPv4TCPTCPPacket', ID = '6384'
Method 'SystemVoidSystemSZArrayHelperInsertCosmosSystemNetworkIPv4TCPTCPPacketSystemInt32CosmosSystemNetworkIPv4TCPTCPPacket', ID = '6385'
Method 'SystemBooleanSystemSZArrayHelperRemoveCosmosSystemNetworkIPv4TCPTCPPacketCosmosSystemNetworkIPv4TCPTCPPacket', ID = '6386'
Method 'SystemVoidSystemSZArrayHelperRemoveAtCosmosSystemNetworkIPv4TCPTCPPacketSystemInt32', ID = '6387'
Method 'SystemCollectionsGenericIEnumerator1CosmosSystemNetworkIPv4TCPTcpSystemSZArrayHelperGetEnumeratorCosmosSystemNetworkIPv4TCPTcp', ID = '6392'
Method 'SystemVoidSystemSZArrayHelperCopyToCosmosSystemNetworkIPv4TCPTcpCosmosSystemNetworkIPv4TCPTcparraySystemInt32', ID = '6393'
Method 'SystemInt32SystemSZArrayHelperget_CountCosmosSystemNetworkIPv4TCPTcp', ID = '6394'
Method 'CosmosSystemNetworkIPv4TCPTcpSystemSZArrayHelperget_ItemCosmosSystemNetworkIPv4TCPTcpSystemInt32', ID = '6395'
Method 'SystemVoidSystemSZArrayHelperset_ItemCosmosSystemNetworkIPv4TCPTcpSystemInt32CosmosSystemNetworkIPv4TCPTcp', ID = '6396'
Method 'SystemVoidSystemSZArrayHelperAddCosmosSystemNetworkIPv4TCPTcpCosmosSystemNetworkIPv4TCPTcp', ID = '6397'
Method 'SystemBooleanSystemSZArrayHelperContainsCosmosSystemNetworkIPv4TCPTcpCosmosSystemNetworkIPv4TCPTcp', ID = '6398'
Method 'SystemBooleanSystemSZArrayHelperget_IsReadOnlyCosmosSystemNetworkIPv4TCPTcp', ID = '6399'
Method 'SystemVoidSystemSZArrayHelperClearCosmosSystemNetworkIPv4TCPTcp', ID = '6400'
Method 'SystemInt32SystemSZArrayHelperIndexOfCosmosSystemNetworkIPv4TCPTcpCosmosSystemNetworkIPv4TCPTcp', ID = '6401'
Method 'SystemVoidSystemSZArrayHelperInsertCosmosSystemNetworkIPv4TCPTcpSystemInt32CosmosSystemNetworkIPv4TCPTcp', ID = '6402'
Method 'SystemBooleanSystemSZArrayHelperRemoveCosmosSystemNetworkIPv4TCPTcpCosmosSystemNetworkIPv4TCPTcp', ID = '6403'
Method 'SystemVoidSystemSZArrayHelperRemoveAtCosmosSystemNetworkIPv4TCPTcpSystemInt32', ID = '6404'
Method 'SystemVoidSystemRandomcctor', ID = '6406'
Method 'SystemVoidCosmosSystem_PlugsSystemRandomImplCtorSystemInt32', ID = '6409'
Method 'SystemDoubleCosmosSystem_PlugsSystemRandomImplSample', ID = '6410'
Method 'SystemDoubleCosmosSystem_PlugsSystemRandomImplGetSampleForLargeRange', ID = '6411'
Method 'SystemVoidSystemCollectionsGenericQueue1CosmosSystemNetworkIPv4TCPTCPPacketSetCapacitySystemInt32', ID = '6412'
Method 'SystemVoidSystemCollectionsGenericList1CosmosHALPITPITTimerAddCosmosHALPITPITTimer', ID = '6413'
Method 'SystemVoidCosmosCore_AsmCPUImplHalt', ID = '6414'
Method 'SystemBytearrayCosmosSystemNetworkIPv4TCPTCPPacketMakeHeader', ID = '6415'
Method 'SystemCollectionsGenericIEnumerator1CosmosSystemNetworkIPv4UDPDNSDNSQuerySystemSZArrayHelperGetEnumeratorCosmosSystemNetworkIPv4UDPDNSDNSQuery', ID = '6418'
Method 'SystemVoidSystemSZArrayHelperCopyToCosmosSystemNetworkIPv4UDPDNSDNSQueryCosmosSystemNetworkIPv4UDPDNSDNSQueryarraySystemInt32', ID = '6419'
Method 'SystemInt32SystemSZArrayHelperget_CountCosmosSystemNetworkIPv4UDPDNSDNSQuery', ID = '6420'
Method 'CosmosSystemNetworkIPv4UDPDNSDNSQuerySystemSZArrayHelperget_ItemCosmosSystemNetworkIPv4UDPDNSDNSQuerySystemInt32', ID = '6421'
Method 'SystemVoidSystemSZArrayHelperset_ItemCosmosSystemNetworkIPv4UDPDNSDNSQuerySystemInt32CosmosSystemNetworkIPv4UDPDNSDNSQuery', ID = '6422'
Method 'SystemVoidSystemSZArrayHelperAddCosmosSystemNetworkIPv4UDPDNSDNSQueryCosmosSystemNetworkIPv4UDPDNSDNSQuery', ID = '6423'
Method 'SystemBooleanSystemSZArrayHelperContainsCosmosSystemNetworkIPv4UDPDNSDNSQueryCosmosSystemNetworkIPv4UDPDNSDNSQuery', ID = '6424'
Method 'SystemBooleanSystemSZArrayHelperget_IsReadOnlyCosmosSystemNetworkIPv4UDPDNSDNSQuery', ID = '6425'
Method 'SystemVoidSystemSZArrayHelperClearCosmosSystemNetworkIPv4UDPDNSDNSQuery', ID = '6426'
Method 'SystemInt32SystemSZArrayHelperIndexOfCosmosSystemNetworkIPv4UDPDNSDNSQueryCosmosSystemNetworkIPv4UDPDNSDNSQuery', ID = '6427'
Method 'SystemVoidSystemSZArrayHelperInsertCosmosSystemNetworkIPv4UDPDNSDNSQuerySystemInt32CosmosSystemNetworkIPv4UDPDNSDNSQuery', ID = '6428'
Method 'SystemBooleanSystemSZArrayHelperRemoveCosmosSystemNetworkIPv4UDPDNSDNSQueryCosmosSystemNetworkIPv4UDPDNSDNSQuery', ID = '6429'
Method 'SystemVoidSystemSZArrayHelperRemoveAtCosmosSystemNetworkIPv4UDPDNSDNSQuerySystemInt32', ID = '6430'
Method 'SystemCollectionsGenericIEnumerator1CosmosSystemNetworkIPv4UDPDNSDNSAnswerSystemSZArrayHelperGetEnumeratorCosmosSystemNetworkIPv4UDPDNSDNSAnswer', ID = '6434'
Method 'SystemVoidSystemSZArrayHelperCopyToCosmosSystemNetworkIPv4UDPDNSDNSAnswerCosmosSystemNetworkIPv4UDPDNSDNSAnswerarraySystemInt32', ID = '6435'
Method 'SystemInt32SystemSZArrayHelperget_CountCosmosSystemNetworkIPv4UDPDNSDNSAnswer', ID = '6436'
Method 'CosmosSystemNetworkIPv4UDPDNSDNSAnswerSystemSZArrayHelperget_ItemCosmosSystemNetworkIPv4UDPDNSDNSAnswerSystemInt32', ID = '6437'
Method 'SystemVoidSystemSZArrayHelperset_ItemCosmosSystemNetworkIPv4UDPDNSDNSAnswerSystemInt32CosmosSystemNetworkIPv4UDPDNSDNSAnswer', ID = '6438'
Method 'SystemVoidSystemSZArrayHelperAddCosmosSystemNetworkIPv4UDPDNSDNSAnswerCosmosSystemNetworkIPv4UDPDNSDNSAnswer', ID = '6439'
Method 'SystemBooleanSystemSZArrayHelperContainsCosmosSystemNetworkIPv4UDPDNSDNSAnswerCosmosSystemNetworkIPv4UDPDNSDNSAnswer', ID = '6440'
Method 'SystemBooleanSystemSZArrayHelperget_IsReadOnlyCosmosSystemNetworkIPv4UDPDNSDNSAnswer', ID = '6441'
Method 'SystemVoidSystemSZArrayHelperClearCosmosSystemNetworkIPv4UDPDNSDNSAnswer', ID = '6442'
Method 'SystemInt32SystemSZArrayHelperIndexOfCosmosSystemNetworkIPv4UDPDNSDNSAnswerCosmosSystemNetworkIPv4UDPDNSDNSAnswer', ID = '6443'
Method 'SystemVoidSystemSZArrayHelperInsertCosmosSystemNetworkIPv4UDPDNSDNSAnswerSystemInt32CosmosSystemNetworkIPv4UDPDNSDNSAnswer', ID = '6444'
Method 'SystemBooleanSystemSZArrayHelperRemoveCosmosSystemNetworkIPv4UDPDNSDNSAnswerCosmosSystemNetworkIPv4UDPDNSDNSAnswer', ID = '6445'
Method 'SystemVoidSystemSZArrayHelperRemoveAtCosmosSystemNetworkIPv4UDPDNSDNSAnswerSystemInt32', ID = '6446'
Method 'SystemCollectionsGenericIEnumerator1CosmosSystemNetworkIPv4UDPUDPPacketSystemSZArrayHelperGetEnumeratorCosmosSystemNetworkIPv4UDPUDPPacket', ID = '6448'
Method 'SystemVoidSystemSZArrayHelperCopyToCosmosSystemNetworkIPv4UDPUDPPacketCosmosSystemNetworkIPv4UDPUDPPacketarraySystemInt32', ID = '6449'
Method 'SystemInt32SystemSZArrayHelperget_CountCosmosSystemNetworkIPv4UDPUDPPacket', ID = '6450'
Method 'CosmosSystemNetworkIPv4UDPUDPPacketSystemSZArrayHelperget_ItemCosmosSystemNetworkIPv4UDPUDPPacketSystemInt32', ID = '6451'
Method 'SystemVoidSystemSZArrayHelperset_ItemCosmosSystemNetworkIPv4UDPUDPPacketSystemInt32CosmosSystemNetworkIPv4UDPUDPPacket', ID = '6452'
Method 'SystemVoidSystemSZArrayHelperAddCosmosSystemNetworkIPv4UDPUDPPacketCosmosSystemNetworkIPv4UDPUDPPacket', ID = '6453'
Method 'SystemBooleanSystemSZArrayHelperContainsCosmosSystemNetworkIPv4UDPUDPPacketCosmosSystemNetworkIPv4UDPUDPPacket', ID = '6454'
Method 'SystemBooleanSystemSZArrayHelperget_IsReadOnlyCosmosSystemNetworkIPv4UDPUDPPacket', ID = '6455'
Method 'SystemVoidSystemSZArrayHelperClearCosmosSystemNetworkIPv4UDPUDPPacket', ID = '6456'
Method 'SystemInt32SystemSZArrayHelperIndexOfCosmosSystemNetworkIPv4UDPUDPPacketCosmosSystemNetworkIPv4UDPUDPPacket', ID = '6457'
Method 'SystemVoidSystemSZArrayHelperInsertCosmosSystemNetworkIPv4UDPUDPPacketSystemInt32CosmosSystemNetworkIPv4UDPUDPPacket', ID = '6458'
Method 'SystemBooleanSystemSZArrayHelperRemoveCosmosSystemNetworkIPv4UDPUDPPacketCosmosSystemNetworkIPv4UDPUDPPacket', ID = '6459'
Method 'SystemVoidSystemSZArrayHelperRemoveAtCosmosSystemNetworkIPv4UDPUDPPacketSystemInt32', ID = '6460'
Method 'SystemBooleanSystemCollectionsGenericDictionary2SystemUInt32CosmosSystemNetworkIPv4UDPUdpClientContainsKeySystemUInt32', ID = '6465'
Method 'SystemBooleanSystemCollectionsGenericDictionary2SystemUInt32CosmosSystemNetworkIPv4UDPUdpClientRemoveSystemUInt32', ID = '6466'
Method 'SystemVoidSystemCollectionsGenericDictionary2SystemUInt32CosmosSystemNetworkIPv4UDPUdpClientctorSystemInt32SystemCollectionsGenericIEqualityComparer1SystemUInt32', ID = '6467'
Method 'SystemCollectionsGenericIEnumerator1SystemCollectionsGenericDictionary2EntrySystemUInt32CosmosSystemNetworkIPv4UDPUdpClientSystemSZArrayHelperGetEnumeratorSystemCollect52E011B4E80B0DFE16F26B60DCE89692', ID = '6468'
Method 'SystemVoidSystemSZArrayHelperCopyToSystemCollectionsGenericDictionary2EntrySystemUInt32CosmosSystemNetworkIPv4UDPUdpClientSystemCollectionsGenericDictionary2EntrySystem379C8DAF906F318714689BD159784A10', ID = '6469'
Method 'SystemInt32SystemSZArrayHelperget_CountSystemCollectionsGenericDictionary2EntrySystemUInt32CosmosSystemNetworkIPv4UDPUdpClient', ID = '6470'
Method 'SystemCollectionsGenericDictionary2EntrySystemUInt32CosmosSystemNetworkIPv4UDPUdpClientSystemSZArrayHelperget_ItemSystemCollectionsGenericDictionary2EntrySystemUInt32Co192733D9B510294505EBA7ADFD8F0B07', ID = '6471'
Method 'SystemVoidSystemSZArrayHelperset_ItemSystemCollectionsGenericDictionary2EntrySystemUInt32CosmosSystemNetworkIPv4UDPUdpClientSystemInt32SystemCollectionsGenericDictionarDEFE3C5B8903842C128E62A07325D2FC', ID = '6472'
Method 'SystemVoidSystemSZArrayHelperAddSystemCollectionsGenericDictionary2EntrySystemUInt32CosmosSystemNetworkIPv4UDPUdpClientSystemCollectionsGenericDictionary2EntrySystemUIn52E01CB078BB7077EF4D0A916A866E0A', ID = '6473'
Method 'SystemBooleanSystemSZArrayHelperContainsSystemCollectionsGenericDictionary2EntrySystemUInt32CosmosSystemNetworkIPv4UDPUdpClientSystemCollectionsGenericDictionary2EntryS87C701345C446A0A4BE8C0698D80088D', ID = '6474'
Method 'SystemBooleanSystemSZArrayHelperget_IsReadOnlySystemCollectionsGenericDictionary2EntrySystemUInt32CosmosSystemNetworkIPv4UDPUdpClient', ID = '6475'
Method 'SystemVoidSystemSZArrayHelperClearSystemCollectionsGenericDictionary2EntrySystemUInt32CosmosSystemNetworkIPv4UDPUdpClient', ID = '6476'
Method 'SystemInt32SystemSZArrayHelperIndexOfSystemCollectionsGenericDictionary2EntrySystemUInt32CosmosSystemNetworkIPv4UDPUdpClientSystemCollectionsGenericDictionary2EntrySyst73DC70FF524993FF164C7D9B87E22E63', ID = '6477'
Method 'SystemVoidSystemSZArrayHelperInsertSystemCollectionsGenericDictionary2EntrySystemUInt32CosmosSystemNetworkIPv4UDPUdpClientSystemInt32SystemCollectionsGenericDictionary27C074D4690BE42D59D03E23B4C62936A', ID = '6478'
Method 'SystemBooleanSystemSZArrayHelperRemoveSystemCollectionsGenericDictionary2EntrySystemUInt32CosmosSystemNetworkIPv4UDPUdpClientSystemCollectionsGenericDictionary2EntrySys4896E3D6F6738FBA924A1C4CEA221CF1', ID = '6479'
Method 'SystemVoidSystemSZArrayHelperRemoveAtSystemCollectionsGenericDictionary2EntrySystemUInt32CosmosSystemNetworkIPv4UDPUdpClientSystemInt32', ID = '6480'
Method 'CosmosSystemNetworkIPv4UDPDHCPDHCPOptionarrayInternalRuntimeCompilerServicesUnsafeAsCosmosSystemNetworkIPv4UDPDHCPDHCPOptionarraySystemObject', ID = '6493'
Method 'SystemVoidSystemSZGenericArrayEnumerator1CosmosSystemNetworkIPv4UDPDHCPDHCPOptionctorCosmosSystemNetworkIPv4UDPDHCPDHCPOptionarray', ID = '6494'
Method 'SystemInt32SystemArrayIndexOfCosmosSystemNetworkIPv4UDPDHCPDHCPOptionCosmosSystemNetworkIPv4UDPDHCPDHCPOptionarrayCosmosSystemNetworkIPv4UDPDHCPDHCPOptionSystemInt32SystemInt32', ID = '6497'
Method 'SystemCollectionsGenericIEnumerator1CosmosSystemNetworkIPv4UDPDHCPDHCPOptionCosmosIL2CPUSZArrayImpl1CosmosSystemNetworkIPv4UDPDHCPDHCPOptionGetEnumerator', ID = '6498'
Method 'SystemVoidCosmosIL2CPUSZArrayImpl1CosmosSystemNetworkIPv4UDPDHCPDHCPOptionCopyToCosmosSystemNetworkIPv4UDPDHCPDHCPOptionarraySystemInt32', ID = '6499'
Method 'SystemInt32CosmosIL2CPUSZArrayImpl1CosmosSystemNetworkIPv4UDPDHCPDHCPOptionget_Count', ID = '6500'
Method 'CosmosSystemNetworkIPv4UDPDHCPDHCPOptionCosmosIL2CPUSZArrayImpl1CosmosSystemNetworkIPv4UDPDHCPDHCPOptionget_ItemSystemInt32', ID = '6501'
Method 'SystemVoidCosmosIL2CPUSZArrayImpl1CosmosSystemNetworkIPv4UDPDHCPDHCPOptionset_ItemSystemInt32CosmosSystemNetworkIPv4UDPDHCPDHCPOption', ID = '6502'
Method 'SystemVoidCosmosIL2CPUSZArrayImpl1CosmosSystemNetworkIPv4UDPDHCPDHCPOptionAddCosmosSystemNetworkIPv4UDPDHCPDHCPOption', ID = '6503'
Method 'SystemBooleanCosmosIL2CPUSZArrayImpl1CosmosSystemNetworkIPv4UDPDHCPDHCPOptionContainsCosmosSystemNetworkIPv4UDPDHCPDHCPOption', ID = '6504'
Method 'SystemBooleanCosmosIL2CPUSZArrayImpl1CosmosSystemNetworkIPv4UDPDHCPDHCPOptionget_IsReadOnly', ID = '6505'
Method 'SystemVoidCosmosIL2CPUSZArrayImpl1CosmosSystemNetworkIPv4UDPDHCPDHCPOptionClear', ID = '6506'
Method 'SystemInt32CosmosIL2CPUSZArrayImpl1CosmosSystemNetworkIPv4UDPDHCPDHCPOptionIndexOfCosmosSystemNetworkIPv4UDPDHCPDHCPOption', ID = '6507'
Method 'SystemVoidCosmosIL2CPUSZArrayImpl1CosmosSystemNetworkIPv4UDPDHCPDHCPOptionInsertSystemInt32CosmosSystemNetworkIPv4UDPDHCPDHCPOption', ID = '6508'
Method 'SystemVoidCosmosIL2CPUSZArrayImpl1CosmosSystemNetworkIPv4UDPDHCPDHCPOptionRemoveAtSystemInt32', ID = '6509'
Method 'SystemBooleanCosmosIL2CPUSZArrayImpl1CosmosSystemNetworkIPv4UDPDHCPDHCPOptionget_IsFixedSize', ID = '6510'
Method 'SystemVoidCosmosIL2CPUSZArrayImpl1CosmosSystemNetworkIPv4UDPDHCPDHCPOptionRemoveCosmosSystemNetworkIPv4UDPDHCPDHCPOption', ID = '6511'
Method 'SystemObjectCosmosIL2CPUSZArrayImpl1CosmosSystemNetworkIPv4UDPDHCPDHCPOptionget_SyncRoot', ID = '6512'
Method 'SystemBooleanCosmosIL2CPUSZArrayImpl1CosmosSystemNetworkIPv4UDPDHCPDHCPOptionget_IsSynchronized', ID = '6513'
Method 'SystemVoidSystemCollectionsGenericEqualityComparer1CosmosHALPITPITTimercctor', ID = '6514'
Method 'SystemVoidSystemCollectionsGenericEqualityComparer1CosmosSystemNetworkIPv4OutgoingBufferBufferEntrycctor', ID = '6516'
Method 'SystemVoidCosmosIL2CPUSZArrayImpl1GetEnumeratord__0SystemCollectionsGenericDictionary2EntrySystemUInt32CosmosHALNetworkMACAddressSystemIDisposableDispose', ID = '6521'
Method 'SystemBooleanCosmosIL2CPUSZArrayImpl1GetEnumeratord__0SystemCollectionsGenericDictionary2EntrySystemUInt32CosmosHALNetworkMACAddressMoveNext', ID = '6522'
Method 'CosmosHALNetworkMACAddressarrayInternalRuntimeCompilerServicesUnsafeAsCosmosHALNetworkMACAddressarraySystemObject', ID = '6524'
Method 'SystemVoidSystemSZGenericArrayEnumerator1CosmosHALNetworkMACAddressctorCosmosHALNetworkMACAddressarray', ID = '6525'
Method 'SystemInt32SystemArrayIndexOfCosmosHALNetworkMACAddressCosmosHALNetworkMACAddressarrayCosmosHALNetworkMACAddressSystemInt32SystemInt32', ID = '6528'
Method 'SystemCollectionsGenericIEnumerator1CosmosHALNetworkMACAddressCosmosIL2CPUSZArrayImpl1CosmosHALNetworkMACAddressGetEnumerator', ID = '6529'
Method 'SystemVoidCosmosIL2CPUSZArrayImpl1CosmosHALNetworkMACAddressCopyToCosmosHALNetworkMACAddressarraySystemInt32', ID = '6530'
Method 'SystemInt32CosmosIL2CPUSZArrayImpl1CosmosHALNetworkMACAddressget_Count', ID = '6531'
Method 'CosmosHALNetworkMACAddressCosmosIL2CPUSZArrayImpl1CosmosHALNetworkMACAddressget_ItemSystemInt32', ID = '6532'
Method 'SystemVoidCosmosIL2CPUSZArrayImpl1CosmosHALNetworkMACAddressset_ItemSystemInt32CosmosHALNetworkMACAddress', ID = '6533'
Method 'SystemVoidCosmosIL2CPUSZArrayImpl1CosmosHALNetworkMACAddressAddCosmosHALNetworkMACAddress', ID = '6534'
Method 'SystemBooleanCosmosIL2CPUSZArrayImpl1CosmosHALNetworkMACAddressContainsCosmosHALNetworkMACAddress', ID = '6535'
Method 'SystemBooleanCosmosIL2CPUSZArrayImpl1CosmosHALNetworkMACAddressget_IsReadOnly', ID = '6536'
Method 'SystemVoidCosmosIL2CPUSZArrayImpl1CosmosHALNetworkMACAddressClear', ID = '6537'
Method 'SystemInt32CosmosIL2CPUSZArrayImpl1CosmosHALNetworkMACAddressIndexOfCosmosHALNetworkMACAddress', ID = '6538'
Method 'SystemVoidCosmosIL2CPUSZArrayImpl1CosmosHALNetworkMACAddressInsertSystemInt32CosmosHALNetworkMACAddress', ID = '6539'
Method 'SystemVoidCosmosIL2CPUSZArrayImpl1CosmosHALNetworkMACAddressRemoveAtSystemInt32', ID = '6540'
Method 'SystemBooleanCosmosIL2CPUSZArrayImpl1CosmosHALNetworkMACAddressget_IsFixedSize', ID = '6541'
Method 'SystemVoidCosmosIL2CPUSZArrayImpl1CosmosHALNetworkMACAddressRemoveCosmosHALNetworkMACAddress', ID = '6542'
Method 'SystemObjectCosmosIL2CPUSZArrayImpl1CosmosHALNetworkMACAddressget_SyncRoot', ID = '6543'
Method 'SystemBooleanCosmosIL2CPUSZArrayImpl1CosmosHALNetworkMACAddressget_IsSynchronized', ID = '6544'
Method 'SystemVoidSystemSZGenericArrayEnumerator1SystemCollectionsGenericKeyValuePair2SystemUInt32CosmosHALNetworkMACAddresscctor', ID = '6545'
Method 'SystemVoidSystemSZGenericArrayEnumerator1SystemCollectionsGenericKeyValuePair2SystemUInt32CosmosHALNetworkMACAddressDispose', ID = '6546'
Method 'SystemBooleanSystemSZGenericArrayEnumerator1SystemCollectionsGenericKeyValuePair2SystemUInt32CosmosHALNetworkMACAddressMoveNext', ID = '6547'
Method 'SystemStringSystemCollectionsGenericKeyValuePair2SystemUInt32CosmosHALNetworkMACAddressToString', ID = '6548'
Method 'SystemBooleanSystemRuntimeCompilerServicesRuntimeHelpersIsBitwiseEquatableSystemCollectionsGenericKeyValuePair2SystemUInt32CosmosHALNetworkMACAddress', ID = '6549'
Method 'SystemInt32InternalRuntimeCompilerServicesUnsafeSizeOfSystemCollectionsGenericKeyValuePair2SystemUInt32CosmosHALNetworkMACAddress', ID = '6550'
Method 'SystemByteInternalRuntimeCompilerServicesUnsafeAsSystemCollectionsGenericKeyValuePair2SystemUInt32CosmosHALNetworkMACAddressSystemByteSystemCollectionsGenericKeyValuePa443031BF4B1281049DBD00CC1C5EAB63', ID = '6551'
Method 'SystemCharInternalRuntimeCompilerServicesUnsafeAsSystemCollectionsGenericKeyValuePair2SystemUInt32CosmosHALNetworkMACAddressSystemCharSystemCollectionsGenericKeyValuePa7AB8AAEAF0AA9D2EE85693DF9731D586', ID = '6552'
Method 'SystemInt32InternalRuntimeCompilerServicesUnsafeAsSystemCollectionsGenericKeyValuePair2SystemUInt32CosmosHALNetworkMACAddressSystemInt32SystemCollectionsGenericKeyValue66F3A69E03D2998E3624769C368C686D', ID = '6553'
Method 'SystemInt64InternalRuntimeCompilerServicesUnsafeAsSystemCollectionsGenericKeyValuePair2SystemUInt32CosmosHALNetworkMACAddressSystemInt64SystemCollectionsGenericKeyValueE757D53178AC927EA4150B8A56E6FC98', ID = '6554'
Method 'SystemCollectionsGenericEqualityComparer1SystemCollectionsGenericKeyValuePair2SystemUInt32CosmosHALNetworkMACAddressSystemCollectionsGenericEqualityComparer1SystemColleD55925113ACE0193C3CF284ADFFE673C', ID = '6555'
Method 'SystemInt32SystemCollectionsGenericEqualityComparer1SystemCollectionsGenericKeyValuePair2SystemUInt32CosmosHALNetworkMACAddressIndexOfSystemCollectionsGenericKeyValuePaCAA8987BDC3F1009418D3C36E50CE720', ID = '6556'
Method 'SystemVoidCosmosIL2CPUSZArrayImpl1GetEnumeratord__0SystemCollectionsGenericKeyValuePair2SystemUInt32CosmosHALNetworkMACAddressctorSystemInt32', ID = '6557'
Method 'SystemVoidSystemCollectionsGenericList1CosmosSystemNetworkIPv4TCPTCPOptionset_CapacitySystemInt32', ID = '6559'
Method 'SystemVoidSystemCollectionsGenericList1CosmosSystemNetworkIPv4UDPDHCPDHCPOptionset_CapacitySystemInt32', ID = '6560'
Method 'SystemVoidSystemTextASCIIEncodingSetDefaultFallbacks', ID = '6561'
Method 'SystemVoidSystemTextUTF8EncodingSetDefaultFallbacks', ID = '6562'
Method 'SystemTextEncoderFallbackSystemTextEncoderFallbackget_ReplacementFallback', ID = '6563'
Method 'SystemTextDecoderFallbackSystemTextDecoderFallbackget_ReplacementFallback', ID = '6564'
Method 'SystemBytearraySystemArrayEmptySystemByte', ID = '6565'
Method 'SystemVoidSystemBufferMemmoveSystemByteSystemByteSystemByteSystemUIntPtr', ID = '6566'
Method 'SystemVoidSystemTextEncoderReplacementFallbackctor', ID = '6567'
Method 'SystemBooleanSystemNumericsVectorLessThanOrEqualAllSystemUInt16SystemNumericsVector1SystemUInt16SystemNumericsVector1SystemUInt16', ID = '6569'
Method 'SystemNumericsVector1SystemUInt16InternalRuntimeCompilerServicesUnsafeReadSystemNumericsVector1SystemUInt16SystemVoidpointer', ID = '6570'
Method 'SystemRuntimeIntrinsicsVector1281SystemUInt16SystemRuntimeIntrinsicsX86Sse2LoadAlignedVector128SystemUInt16pointer', ID = '6571'
Method 'SystemBooleanSystemRuntimeIntrinsicsX86Sse41TestZSystemRuntimeIntrinsicsVector1281SystemUInt16SystemRuntimeIntrinsicsVector1281SystemUInt16', ID = '6572'
Method 'SystemInt32SystemUIntPtrget_Size', ID = '6573'
Method 'SystemBooleanCosmosCore_PlugsRuntimeIntrinsicsX86Sse41Implget_IsSupported', ID = '6574'
Method 'SystemRuntimeIntrinsicsVector1281SystemUInt64SystemRuntimeIntrinsicsVector128Createg__SoftwareFallbacksLine29_0SystemUInt64', ID = '6576'
Method 'SystemRuntimeIntrinsicsVector1281SystemByteSystemRuntimeIntrinsicsVector128AsSystemUInt64SystemByteSystemRuntimeIntrinsicsVector1281SystemUInt64', ID = '6577'
Method 'SystemBooleanSystemRuntimeIntrinsicsX86Popcntget_IsSupported', ID = '6578'
Method 'SystemUInt32SystemRuntimeIntrinsicsX86PopcntPopCountSystemUInt32', ID = '6579'
Method 'SystemInt32SystemNumericsBitOperationsPopCountg__SoftwareFallbacksLine19_0SystemUInt32', ID = '6580'
Method 'SystemRuntimeIntrinsicsVector1281SystemInt16SystemRuntimeIntrinsicsVector128AsSystemUInt16SystemInt16SystemRuntimeIntrinsicsVector1281SystemUInt16', ID = '6582'
Method 'SystemRuntimeIntrinsicsVector1281SystemByteSystemRuntimeIntrinsicsVector128AsSystemInt16SystemByteSystemRuntimeIntrinsicsVector1281SystemInt16', ID = '6583'
Method 'SystemNumericsVector1SystemUInt16SystemNumericsVector1SystemUInt16GreaterThanOrEqualSystemNumericsVector1SystemUInt16SystemNumericsVector1SystemUInt16', ID = '6584'
Method 'SystemUInt16SystemNumericsVector1SystemUInt16ScalarSubtractSystemUInt16SystemUInt16', ID = '6585'
Method 'SystemNumericsVector1SystemUIntPtrInternalRuntimeCompilerServicesUnsafeAsSystemNumericsVector1SystemUInt16SystemNumericsVector1SystemUIntPtrSystemNumericsVector1SystemUInt16', ID = '6587'
Method 'SystemVoidSystemThrowHelperThrowForUnsupportedNumericsVectorBaseTypeSystemUIntPtr', ID = '6588'
Method 'SystemUIntPtrSystemNumericsVector1SystemUIntPtrGetElementSystemIntPtr', ID = '6589'
Method 'SystemInt32InternalRuntimeCompilerServicesUnsafeSizeOfSystemNumericsVector1SystemUIntPtr', ID = '6590'
Method 'SystemInt32InternalRuntimeCompilerServicesUnsafeSizeOfSystemUIntPtr', ID = '6591'
Method 'SystemNumericsVector1SystemUInt16SystemNumericsVector1SystemUInt16LessThanSystemNumericsVector1SystemUInt16SystemNumericsVector1SystemUInt16', ID = '6592'
Method 'SystemNumericsVector1SystemUInt16SystemNumericsVector1SystemUInt16op_OnesComplementSystemNumericsVector1SystemUInt16', ID = '6593'
Method 'SystemNumericsVector1SystemUInt16SystemNumericsVector1SystemUInt16op_BitwiseAndSystemNumericsVector1SystemUInt16SystemNumericsVector1SystemUInt16', ID = '6594'
Method 'SystemBooleanSystemTextUnicodeUtilityIsInRangeInclusiveSystemUInt32SystemUInt32SystemUInt32', ID = '6596'
Method 'SystemTextEncoderFallbackBufferSystemTextEncoderReplacementFallbackCreateFallbackBuffer', ID = '6597'
Method 'SystemStringSystemTextRuneToString', ID = '6598'
Method 'SystemBooleanSystemTextRuneEqualsSystemObject', ID = '6599'
Method 'SystemInt32SystemTextRuneGetHashCode', ID = '6600'
Method 'SystemBooleanSystemTextRuneSystemISpanFormattableTryFormatSystemSpan1SystemCharSystemInt32SystemReadOnlySpan1SystemCharSystemIFormatProvider', ID = '6601'
Method 'SystemStringSystemTextRuneSystemIFormattableToStringSystemStringSystemIFormatProvider', ID = '6602'
Method 'SystemTextRuneSystemTextRuneUnsafeCreateSystemUInt32', ID = '6605'
Method 'SystemBooleanSystemCharIsSurrogatePairSystemCharSystemChar', ID = '6606'
Method 'SystemBooleanSystemTextEncodingTryGetByteCountSystemTextRuneSystemInt32', ID = '6609'
Method 'SystemInt32SystemTextRuneget_Value', ID = '6610'
Method 'SystemVoidSystemTextEncoderFallbackBufferThrowLastCharRecursiveSystemInt32', ID = '6611'
Method 'SystemTextRuneSystemTextEncoderFallbackBufferGetNextRune', ID = '6612'
Method 'SystemRuntimeIntrinsicsVector1281SystemInt16SystemRuntimeIntrinsicsX86Sse2LoadVector128SystemInt16pointer', ID = '6613'
Method 'SystemRuntimeIntrinsicsVector1281SystemUInt16SystemRuntimeIntrinsicsVector128AsUInt16SystemInt16SystemRuntimeIntrinsicsVector1281SystemInt16', ID = '6614'
Method 'SystemRuntimeIntrinsicsVector1281SystemInt16SystemRuntimeIntrinsicsX86Sse2OrSystemRuntimeIntrinsicsVector1281SystemInt16SystemRuntimeIntrinsicsVector1281SystemInt16', ID = '6615'
Method 'SystemVoidSystemRuntimeIntrinsicsX86Sse2StoreAlignedSystemBytepointerSystemRuntimeIntrinsicsVector1281SystemByte', ID = '6616'
Method 'SystemNumericsVector1SystemUInt16SystemNumericsVector1SystemUInt16op_BitwiseOrSystemNumericsVector1SystemUInt16SystemNumericsVector1SystemUInt16', ID = '6617'
Method 'SystemNumericsVector1SystemUInt16SystemNumericsVector1SystemUInt16GreaterThanSystemNumericsVector1SystemUInt16SystemNumericsVector1SystemUInt16', ID = '6618'
Method 'SystemNumericsVector1SystemInt32SystemNumericsVector1SystemUInt16op_ExplicitSystemNumericsVector1SystemUInt16', ID = '6619'
Method 'SystemNumericsVector1SystemInt32SystemNumericsVector1SystemInt32get_Zero', ID = '6620'
Method 'SystemBooleanSystemNumericsVector1SystemInt32EqualsSystemNumericsVector1SystemInt32', ID = '6621'
Method 'SystemRuntimeIntrinsicsVector1281SystemUInt64SystemRuntimeIntrinsicsX86Sse2X64ConvertScalarToVector128UInt64SystemUInt64', ID = '6622'
Method 'SystemVoidInternalRuntimeCompilerServicesUnsafeWriteUnalignedSystemUInt32SystemByteSystemUInt32', ID = '6623'
Method 'SystemBooleanCosmosCore_PlugsRuntimeIntrinsicsX86Sse41X86Implget_IsSupported', ID = '6625'
Method 'SystemRuntimeIntrinsicsVector1281SystemInt16SystemRuntimeIntrinsicsVector128Createg__SoftwareFallbacksLine22_0SystemInt16', ID = '6626'
Method 'SystemRuntimeIntrinsicsVector1281SystemUInt64SystemRuntimeIntrinsicsVector128AsSystemByteSystemUInt64SystemRuntimeIntrinsicsVector1281SystemByte', ID = '6628'
Method 'SystemRuntimeIntrinsicsVector1281SystemUInt64InternalRuntimeCompilerServicesUnsafeAsRefSystemRuntimeIntrinsicsVector1281SystemUInt64SystemVoidpointer', ID = '6630'
Method 'SystemRuntimeIntrinsicsVector1281SystemInt16SystemRuntimeIntrinsicsVector128AsSystemUInt64SystemInt16SystemRuntimeIntrinsicsVector1281SystemUInt64', ID = '6631'
Method 'SystemRuntimeIntrinsicsVector1281SystemUInt32SystemRuntimeIntrinsicsVector128AsSystemByteSystemUInt32SystemRuntimeIntrinsicsVector1281SystemByte', ID = '6633'
Method 'SystemRuntimeIntrinsicsVector1281SystemUInt64SystemRuntimeIntrinsicsVector128AsSystemInt16SystemUInt64SystemRuntimeIntrinsicsVector1281SystemInt16', ID = '6634'
Method 'SystemVoidSystemThrowHelperThrowForUnsupportedIntrinsicsVectorBaseTypeSystemUInt64', ID = '6635'
Method 'SystemUInt64InternalRuntimeCompilerServicesUnsafeAsSystemRuntimeIntrinsicsVector1281SystemUInt64SystemUInt64SystemRuntimeIntrinsicsVector1281SystemUInt64', ID = '6636'
Method 'SystemInt32SystemRuntimeIntrinsicsVector1281SystemUInt64get_Count', ID = '6637'
Method 'SystemUInt64InternalRuntimeCompilerServicesUnsafeAddSystemUInt64SystemUInt64SystemInt32', ID = '6638'
Method 'SystemUInt16SystemBuffersBinaryBinaryPrimitivesReverseEndiannessSystemUInt16', ID = '6639'
Method 'SystemVoidInternalRuntimeCompilerServicesUnsafeWriteUnalignedSystemUInt16SystemByteSystemUInt16', ID = '6640'
Method 'SystemUInt32SystemBuffersBinaryBinaryPrimitivesReverseEndiannessSystemUInt32', ID = '6641'
Method 'SystemBooleanSystemTextRuneget_IsAscii', ID = '6642'
Method 'SystemBooleanSystemSpan1SystemByteget_IsEmpty', ID = '6643'
Method 'SystemBooleanSystemTextRuneTryEncodeToUtf8SystemSpan1SystemByteSystemInt32', ID = '6644'
Method 'SystemInt32SystemTextRuneget_Utf16SequenceLength', ID = '6646'
Method 'SystemVoidSystemTextEncoderFallbackBufferReset', ID = '6647'
Method 'SystemStringSystemPrivateCoreLibSystemSRget_Argument_EncodingConversionOverflowBytes', ID = '6648'
Method 'SystemStringSystemTextEncodingget_EncodingName', ID = '6649'
Method 'SystemVoidCosmosCore_PlugsMemoryOperationsMemoryOperationsImplFill16BlocksSystemBytepointerSystemInt32SystemInt32', ID = '6650'
Method 'SystemVoidSystemReflectionInvalidFilterCriteriaExceptionctorSystemStringSystemException', ID = '6653'
Method 'SystemVoidSystemStringCheckStringComparisonSystemStringComparison', ID = '6654'
Method 'SystemGlobalizationCompareOptionsSystemStringGetCaseCompareOfComparisonCultureSystemStringComparison', ID = '6655'
Method 'SystemBooleanSystemGlobalizationCompareInfoIsPrefixSystemReadOnlySpan1SystemCharSystemReadOnlySpan1SystemCharSystemGlobalizationCompareOptions', ID = '6656'
Method 'SystemBooleanSystemMemoryExtensionsStartsWithSystemCharSystemReadOnlySpan1SystemCharSystemReadOnlySpan1SystemChar', ID = '6657'
Method 'SystemBooleanSystemMemoryExtensionsStartsWithOrdinalIgnoreCaseSystemReadOnlySpan1SystemCharSystemReadOnlySpan1SystemChar', ID = '6658'
Method 'SystemBooleanCosmosCore_PlugsSystemStringImplEqualsSystemStringSystemStringComparison', ID = '6659'
Method 'SystemCollectionsGenericIEnumerator1SystemCollectionsGenericDictionary2EntrySystemStringSystemReflectionAssemblySystemSZArrayHelperGetEnumeratorSystemCollectionsGenericE40890FA10CE3EA15EAABD02D93F6387', ID = '6660'
Method 'SystemVoidSystemSZArrayHelperCopyToSystemCollectionsGenericDictionary2EntrySystemStringSystemReflectionAssemblySystemCollectionsGenericDictionary2EntrySystemStringSyste725D34A46A1D546F8AFDC789C8CF10C9', ID = '6661'
Method 'SystemInt32SystemSZArrayHelperget_CountSystemCollectionsGenericDictionary2EntrySystemStringSystemReflectionAssembly', ID = '6662'
Method 'SystemCollectionsGenericDictionary2EntrySystemStringSystemReflectionAssemblySystemSZArrayHelperget_ItemSystemCollectionsGenericDictionary2EntrySystemStringSystemReflectionAssemblySystemInt32', ID = '6663'
Method 'SystemVoidSystemSZArrayHelperset_ItemSystemCollectionsGenericDictionary2EntrySystemStringSystemReflectionAssemblySystemInt32SystemCollectionsGenericDictionary2EntrySystemStringSystemReflectionAssembly', ID = '6664'
Method 'SystemVoidSystemSZArrayHelperAddSystemCollectionsGenericDictionary2EntrySystemStringSystemReflectionAssemblySystemCollectionsGenericDictionary2EntrySystemStringSystemReflectionAssembly', ID = '6665'
Method 'SystemBooleanSystemSZArrayHelperContainsSystemCollectionsGenericDictionary2EntrySystemStringSystemReflectionAssemblySystemCollectionsGenericDictionary2EntrySystemStringSystemReflectionAssembly', ID = '6666'
Method 'SystemBooleanSystemSZArrayHelperget_IsReadOnlySystemCollectionsGenericDictionary2EntrySystemStringSystemReflectionAssembly', ID = '6667'
Method 'SystemVoidSystemSZArrayHelperClearSystemCollectionsGenericDictionary2EntrySystemStringSystemReflectionAssembly', ID = '6668'
Method 'SystemInt32SystemSZArrayHelperIndexOfSystemCollectionsGenericDictionary2EntrySystemStringSystemReflectionAssemblySystemCollectionsGenericDictionary2EntrySystemStringSystemReflectionAssembly', ID = '6669'
Method 'SystemVoidSystemSZArrayHelperInsertSystemCollectionsGenericDictionary2EntrySystemStringSystemReflectionAssemblySystemInt32SystemCollectionsGenericDictionary2EntrySystemStringSystemReflectionAssembly', ID = '6670'
Method 'SystemBooleanSystemSZArrayHelperRemoveSystemCollectionsGenericDictionary2EntrySystemStringSystemReflectionAssemblySystemCollectionsGenericDictionary2EntrySystemStringSystemReflectionAssembly', ID = '6671'
Method 'SystemVoidSystemSZArrayHelperRemoveAtSystemCollectionsGenericDictionary2EntrySystemStringSystemReflectionAssemblySystemInt32', ID = '6672'
Method 'SystemRuntimeIntrinsicsVector1281SystemSingleInternalRuntimeCompilerServicesUnsafeAsSystemRuntimeIntrinsicsVector1281SystemDoubleSystemRuntimeIntrinsicsVector1281System36BBF6DC8FD3E13154E5F8F1C5FB5EB9', ID = '6684'
Method 'SystemRuntimeIntrinsicsVector1281SystemDoubleInternalRuntimeCompilerServicesUnsafeAsSystemRuntimeIntrinsicsVector1281SystemDoubleSystemRuntimeIntrinsicsVector1281System83151931041BACDECC0DE453AC75FF80', ID = '6685'
Method 'SystemRuntimeIntrinsicsVector1281SystemByteInternalRuntimeCompilerServicesUnsafeAsSystemRuntimeIntrinsicsVector1281SystemDoubleSystemRuntimeIntrinsicsVector1281SystemBy4A3E806FA530D04FAAB895E0A933B018', ID = '6686'
Method 'SystemBooleanSystemDoubleEqualsSystemDouble', ID = '6687'
Method 'SystemRuntimeIntrinsicsVector1281SystemSingleInternalRuntimeCompilerServicesUnsafeAsSystemRuntimeIntrinsicsVector1281SystemInt64SystemRuntimeIntrinsicsVector1281SystemS0A8C1F35EEB894886CE870045515A39A', ID = '6688'
Method 'SystemRuntimeIntrinsicsVector1281SystemByteInternalRuntimeCompilerServicesUnsafeAsSystemRuntimeIntrinsicsVector1281SystemInt64SystemRuntimeIntrinsicsVector1281SystemByt3436A20AE270F84EC97840A30E7C67AE', ID = '6689'
Method 'SystemGlobalizationUnicodeCategorySystemGlobalizationCharUnicodeInfoGetUnicodeCategoryNoBoundsChecksSystemUInt32', ID = '6691'
Method 'SystemInt32SystemRuntimeIntrinsicsVector1281SystemSingleget_Count', ID = '6692'
Method 'SystemSingleSystemRuntimeIntrinsicsVector128GetElementSystemSingleSystemRuntimeIntrinsicsVector1281SystemSingleSystemInt32', ID = '6693'
Method 'SystemBooleanSystemRuntimeIntrinsicsVector1281SystemSingleEqualsSystemRuntimeIntrinsicsVector1281SystemSingle', ID = '6694'
Method 'SystemSingleInternalRuntimeCompilerServicesUnsafeAsSystemByteSystemSingleSystemByte', ID = '6696'
Method 'SystemInt32SystemBitConverterSingleToInt32BitsSystemSingle', ID = '6697'
Method 'SystemNumberDiyFpSystemNumberDiyFpCreateAndGetBoundariesSystemSingleSystemNumberDiyFpSystemNumberDiyFp', ID = '6698'
Method 'SystemVoidSystemNumberDiyFpctorSystemSingle', ID = '6699'
Method 'SystemUInt32SystemNumberExtractFractionAndBiasedExponentSystemSingleSystemInt32', ID = '6700'
Method 'SystemChararraySystemGCAllocateUninitializedArrayg__AllocateNewUninitializedArraysLine66_0SystemCharSystemInt32SystemBoolean', ID = '6702'
Method 'SystemInt32SystemRuntimeIntrinsicsVector2561SystemSingleget_Count', ID = '6703'
Method 'SystemSingleSystemRuntimeIntrinsicsVector256GetElementSystemSingleSystemRuntimeIntrinsicsVector2561SystemSingleSystemInt32', ID = '6704'
Method 'SystemBooleanSystemRuntimeIntrinsicsVector2561SystemSingleEqualsSystemRuntimeIntrinsicsVector2561SystemSingle', ID = '6705'
Method 'SystemInt32SystemRuntimeIntrinsicsVector2561SystemDoubleget_Count', ID = '6707'
Method 'SystemDoubleSystemRuntimeIntrinsicsVector256GetElementSystemDoubleSystemRuntimeIntrinsicsVector2561SystemDoubleSystemInt32', ID = '6708'
Method 'SystemBooleanSystemRuntimeIntrinsicsVector2561SystemDoubleEqualsSystemRuntimeIntrinsicsVector2561SystemDouble', ID = '6709'
Method 'SystemInt32SystemRuntimeIntrinsicsVector1281SystemInt32get_Count', ID = '6711'
Method 'SystemInt32SystemRuntimeIntrinsicsVector128GetElementSystemInt32SystemRuntimeIntrinsicsVector1281SystemInt32SystemInt32', ID = '6712'
Method 'SystemBooleanSystemRuntimeIntrinsicsVector1281SystemInt32EqualsSystemRuntimeIntrinsicsVector1281SystemInt32', ID = '6713'
Method 'SystemBooleanSystemObjectEqualsSystemObjectSystemObject', ID = '6714'
Method 'SystemVoidSystemCollectionsGenericEqualityComparer1SystemSBytecctor', ID = '6715'
Method 'SystemVoidSystemCollectionsGenericEqualityComparer1SystemUInt64cctor', ID = '6716'
Method 'SystemVoidSystemCollectionsGenericEqualityComparer1SystemInt16cctor', ID = '6717'
Method 'SystemVoidSystemCollectionsGenericEqualityComparer1SystemUInt16cctor', ID = '6718'
Method 'SystemVoidSystemCollectionsGenericEqualityComparer1SystemGuidcctor', ID = '6719'
Method 'SystemInt32CosmosSystem_PlugsSystemRandomImplInternalSample', ID = '6720'
Method 'SystemVoidCosmosIL2CPUSZArrayImpl1GetEnumeratord__0SystemCollectionsGenericDictionary2EntrySystemStringSystemBooleanSystemIDisposableDispose', ID = '6724'
Method 'SystemBooleanCosmosIL2CPUSZArrayImpl1GetEnumeratord__0SystemCollectionsGenericDictionary2EntrySystemStringSystemBooleanMoveNext', ID = '6725'
Method 'SystemBooleanarrayInternalRuntimeCompilerServicesUnsafeAsSystemBooleanarraySystemObject', ID = '6727'
Method 'SystemVoidSystemSZGenericArrayEnumerator1SystemBooleanctorSystemBooleanarray', ID = '6728'
Method 'SystemInt32SystemArrayIndexOfSystemBooleanSystemBooleanarraySystemBooleanSystemInt32SystemInt32', ID = '6731'
Method 'SystemCollectionsGenericIEnumerator1SystemBooleanCosmosIL2CPUSZArrayImpl1SystemBooleanGetEnumerator', ID = '6732'
Method 'SystemVoidCosmosIL2CPUSZArrayImpl1SystemBooleanCopyToSystemBooleanarraySystemInt32', ID = '6733'
Method 'SystemInt32CosmosIL2CPUSZArrayImpl1SystemBooleanget_Count', ID = '6734'
Method 'SystemBooleanCosmosIL2CPUSZArrayImpl1SystemBooleanget_ItemSystemInt32', ID = '6735'
Method 'SystemVoidCosmosIL2CPUSZArrayImpl1SystemBooleanset_ItemSystemInt32SystemBoolean', ID = '6736'
Method 'SystemVoidCosmosIL2CPUSZArrayImpl1SystemBooleanAddSystemBoolean', ID = '6737'
Method 'SystemBooleanCosmosIL2CPUSZArrayImpl1SystemBooleanContainsSystemBoolean', ID = '6738'
Method 'SystemBooleanCosmosIL2CPUSZArrayImpl1SystemBooleanget_IsReadOnly', ID = '6739'
Method 'SystemVoidCosmosIL2CPUSZArrayImpl1SystemBooleanClear', ID = '6740'
Method 'SystemInt32CosmosIL2CPUSZArrayImpl1SystemBooleanIndexOfSystemBoolean', ID = '6741'
Method 'SystemVoidCosmosIL2CPUSZArrayImpl1SystemBooleanInsertSystemInt32SystemBoolean', ID = '6742'
Method 'SystemVoidCosmosIL2CPUSZArrayImpl1SystemBooleanRemoveAtSystemInt32', ID = '6743'
Method 'SystemBooleanCosmosIL2CPUSZArrayImpl1SystemBooleanget_IsFixedSize', ID = '6744'
Method 'SystemVoidCosmosIL2CPUSZArrayImpl1SystemBooleanRemoveSystemBoolean', ID = '6745'
Method 'SystemObjectCosmosIL2CPUSZArrayImpl1SystemBooleanget_SyncRoot', ID = '6746'
Method 'SystemBooleanCosmosIL2CPUSZArrayImpl1SystemBooleanget_IsSynchronized', ID = '6747'
Method 'SystemVoidSystemSZGenericArrayEnumerator1SystemCollectionsGenericKeyValuePair2SystemStringSystemBooleancctor', ID = '6748'
Method 'SystemVoidSystemSZGenericArrayEnumerator1SystemCollectionsGenericKeyValuePair2SystemStringSystemBooleanDispose', ID = '6749'
Method 'SystemBooleanSystemSZGenericArrayEnumerator1SystemCollectionsGenericKeyValuePair2SystemStringSystemBooleanMoveNext', ID = '6750'
Method 'SystemStringSystemCollectionsGenericKeyValuePair2SystemStringSystemBooleanToString', ID = '6751'
Method 'SystemBooleanSystemRuntimeCompilerServicesRuntimeHelpersIsBitwiseEquatableSystemCollectionsGenericKeyValuePair2SystemStringSystemBoolean', ID = '6752'
Method 'SystemInt32InternalRuntimeCompilerServicesUnsafeSizeOfSystemCollectionsGenericKeyValuePair2SystemStringSystemBoolean', ID = '6753'
Method 'SystemByteInternalRuntimeCompilerServicesUnsafeAsSystemCollectionsGenericKeyValuePair2SystemStringSystemBooleanSystemByteSystemCollectionsGenericKeyValuePair2SystemStringSystemBoolean', ID = '6754'
Method 'SystemCharInternalRuntimeCompilerServicesUnsafeAsSystemCollectionsGenericKeyValuePair2SystemStringSystemBooleanSystemCharSystemCollectionsGenericKeyValuePair2SystemStringSystemBoolean', ID = '6755'
Method 'SystemInt32InternalRuntimeCompilerServicesUnsafeAsSystemCollectionsGenericKeyValuePair2SystemStringSystemBooleanSystemInt32SystemCollectionsGenericKeyValuePair2SystemStringSystemBoolean', ID = '6756'
Method 'SystemInt64InternalRuntimeCompilerServicesUnsafeAsSystemCollectionsGenericKeyValuePair2SystemStringSystemBooleanSystemInt64SystemCollectionsGenericKeyValuePair2SystemStringSystemBoolean', ID = '6757'
Method 'SystemCollectionsGenericEqualityComparer1SystemCollectionsGenericKeyValuePair2SystemStringSystemBooleanSystemCollectionsGenericEqualityComparer1SystemCollectionsGenericC94C01BADA352E37EE1823A6EA8FFE3D', ID = '6758'
Method 'SystemInt32SystemCollectionsGenericEqualityComparer1SystemCollectionsGenericKeyValuePair2SystemStringSystemBooleanIndexOfSystemCollectionsGenericKeyValuePair2SystemStri9220ADBF9413BB0E3D2B3093387FF35C', ID = '6759'
Method 'SystemVoidCosmosIL2CPUSZArrayImpl1GetEnumeratord__0SystemCollectionsGenericKeyValuePair2SystemStringSystemBooleanctorSystemInt32', ID = '6760'
Method 'SystemInt32SystemStringGetNonRandomizedHashCodeOrdinalIgnoreCaseg__GetNonRandomizedHashCodeOrdinalIgnoreCaseSlowsLine47_0SystemString', ID = '6762'
Method 'SystemCharInternalRuntimeCompilerServicesUnsafeAddByteOffsetSystemCharSystemCharSystemUIntPtr', ID = '6763'
Method 'SystemUInt32SystemTextUnicodeUtf16UtilityConvertAllAsciiCharsInUInt32ToUppercaseSystemUInt32', ID = '6764'
Method 'SystemInt32SystemMarvinComputeHash32OrdinalIgnoreCaseSlowSystemCharSystemInt32SystemUInt32SystemUInt32', ID = '6765'
Method 'SystemBooleanSystemStringEqualsOrdinalIgnoreCaseNoLengthCheckSystemStringSystemString', ID = '6766'
Method 'SystemInt32SystemGlobalizationOrdinalCompareStringIgnoreCaseNonAsciiSystemCharSystemInt32SystemCharSystemInt32', ID = '6767'
Method 'SystemVoidSystemSZGenericArrayEnumerator1SystemCollectionsGenericDictionary2EntrySystemStringSystemObjectcctor', ID = '6768'
Method 'SystemVoidSystemSZGenericArrayEnumerator1SystemCollectionsGenericDictionary2EntrySystemStringSystemObjectDispose', ID = '6769'
Method 'SystemBooleanSystemSZGenericArrayEnumerator1SystemCollectionsGenericDictionary2EntrySystemStringSystemObjectMoveNext', ID = '6770'
Method 'SystemBooleanSystemRuntimeCompilerServicesRuntimeHelpersIsBitwiseEquatableSystemCollectionsGenericDictionary2EntrySystemStringSystemObject', ID = '6771'
Method 'SystemInt32InternalRuntimeCompilerServicesUnsafeSizeOfSystemCollectionsGenericDictionary2EntrySystemStringSystemObject', ID = '6772'
Method 'SystemByteInternalRuntimeCompilerServicesUnsafeAsSystemCollectionsGenericDictionary2EntrySystemStringSystemObjectSystemByteSystemCollectionsGenericDictionary2EntrySystemStringSystemObject', ID = '6773'
Method 'SystemCharInternalRuntimeCompilerServicesUnsafeAsSystemCollectionsGenericDictionary2EntrySystemStringSystemObjectSystemCharSystemCollectionsGenericDictionary2EntrySystemStringSystemObject', ID = '6774'
Method 'SystemInt32InternalRuntimeCompilerServicesUnsafeAsSystemCollectionsGenericDictionary2EntrySystemStringSystemObjectSystemInt32SystemCollectionsGenericDictionary2EntrySystemStringSystemObject', ID = '6775'
Method 'SystemInt64InternalRuntimeCompilerServicesUnsafeAsSystemCollectionsGenericDictionary2EntrySystemStringSystemObjectSystemInt64SystemCollectionsGenericDictionary2EntrySystemStringSystemObject', ID = '6776'
Method 'SystemCollectionsGenericEqualityComparer1SystemCollectionsGenericDictionary2EntrySystemStringSystemObjectSystemCollectionsGenericEqualityComparer1SystemCollectionsGener2DC0487C1F42BCBD08BD60755B1D3C7D', ID = '6777'
Method 'SystemInt32SystemCollectionsGenericEqualityComparer1SystemCollectionsGenericDictionary2EntrySystemStringSystemObjectIndexOfSystemCollectionsGenericDictionary2EntrySyste6F2AEB7F14C4A0A922DF0706D83415B3', ID = '6778'
Method 'SystemVoidCosmosIL2CPUSZArrayImpl1GetEnumeratord__0SystemCollectionsGenericDictionary2EntrySystemStringSystemObjectctorSystemInt32', ID = '6779'
Method 'SystemCollectionsGenericKeyValuePair2SystemStringSystemObjectarrayInternalRuntimeCompilerServicesUnsafeAsSystemCollectionsGenericKeyValuePair2SystemStringSystemObjectarraySystemObject', ID = '6782'
Method 'SystemVoidSystemSZGenericArrayEnumerator1SystemCollectionsGenericKeyValuePair2SystemStringSystemObjectctorSystemCollectionsGenericKeyValuePair2SystemStringSystemObjectarray', ID = '6783'
Method 'SystemInt32SystemArrayIndexOfSystemCollectionsGenericKeyValuePair2SystemStringSystemObjectSystemCollectionsGenericKeyValuePair2SystemStringSystemObjectarraySystemCollecB5EA34D93A830CC8318C1BE2C2CAEA42', ID = '6787'
Method 'SystemCollectionsGenericIEnumerator1SystemCollectionsGenericKeyValuePair2SystemStringSystemObjectCosmosIL2CPUSZArrayImpl1SystemCollectionsGenericKeyValuePair2SystemStringSystemObjectGetEnumerator', ID = '6788'
Method 'SystemVoidCosmosIL2CPUSZArrayImpl1SystemCollectionsGenericKeyValuePair2SystemStringSystemObjectCopyToSystemCollectionsGenericKeyValuePair2SystemStringSystemObjectarraySystemInt32', ID = '6789'
Method 'SystemInt32CosmosIL2CPUSZArrayImpl1SystemCollectionsGenericKeyValuePair2SystemStringSystemObjectget_Count', ID = '6790'
Method 'SystemCollectionsGenericKeyValuePair2SystemStringSystemObjectCosmosIL2CPUSZArrayImpl1SystemCollectionsGenericKeyValuePair2SystemStringSystemObjectget_ItemSystemInt32', ID = '6791'
Method 'SystemVoidCosmosIL2CPUSZArrayImpl1SystemCollectionsGenericKeyValuePair2SystemStringSystemObjectset_ItemSystemInt32SystemCollectionsGenericKeyValuePair2SystemStringSystemObject', ID = '6792'
Method 'SystemVoidCosmosIL2CPUSZArrayImpl1SystemCollectionsGenericKeyValuePair2SystemStringSystemObjectAddSystemCollectionsGenericKeyValuePair2SystemStringSystemObject', ID = '6793'
Method 'SystemBooleanCosmosIL2CPUSZArrayImpl1SystemCollectionsGenericKeyValuePair2SystemStringSystemObjectContainsSystemCollectionsGenericKeyValuePair2SystemStringSystemObject', ID = '6794'
Method 'SystemBooleanCosmosIL2CPUSZArrayImpl1SystemCollectionsGenericKeyValuePair2SystemStringSystemObjectget_IsReadOnly', ID = '6795'
Method 'SystemVoidCosmosIL2CPUSZArrayImpl1SystemCollectionsGenericKeyValuePair2SystemStringSystemObjectClear', ID = '6796'
Method 'SystemInt32CosmosIL2CPUSZArrayImpl1SystemCollectionsGenericKeyValuePair2SystemStringSystemObjectIndexOfSystemCollectionsGenericKeyValuePair2SystemStringSystemObject', ID = '6797'
Method 'SystemVoidCosmosIL2CPUSZArrayImpl1SystemCollectionsGenericKeyValuePair2SystemStringSystemObjectInsertSystemInt32SystemCollectionsGenericKeyValuePair2SystemStringSystemObject', ID = '6798'
Method 'SystemVoidCosmosIL2CPUSZArrayImpl1SystemCollectionsGenericKeyValuePair2SystemStringSystemObjectRemoveAtSystemInt32', ID = '6799'
Method 'SystemBooleanCosmosIL2CPUSZArrayImpl1SystemCollectionsGenericKeyValuePair2SystemStringSystemObjectget_IsFixedSize', ID = '6800'
Method 'SystemVoidCosmosIL2CPUSZArrayImpl1SystemCollectionsGenericKeyValuePair2SystemStringSystemObjectRemoveSystemCollectionsGenericKeyValuePair2SystemStringSystemObject', ID = '6801'
Method 'SystemObjectCosmosIL2CPUSZArrayImpl1SystemCollectionsGenericKeyValuePair2SystemStringSystemObjectget_SyncRoot', ID = '6802'
Method 'SystemBooleanCosmosIL2CPUSZArrayImpl1SystemCollectionsGenericKeyValuePair2SystemStringSystemObjectget_IsSynchronized', ID = '6803'
Method 'SystemReadOnlySpan1SystemByteSystemGlobalizationCharUnicodeInfoget_CategoryCasingLevel1Index', ID = '6805'
Method 'SystemReadOnlySpan1SystemByteSystemGlobalizationCharUnicodeInfoget_CategoryCasingLevel2Index', ID = '6806'
Method 'SystemReadOnlySpan1SystemByteSystemGlobalizationCharUnicodeInfoget_CategoryCasingLevel3Index', ID = '6807'
Method 'SystemVoidCosmosIL2CPUSZArrayImpl1GetEnumeratord__0SystemUInt16SystemIDisposableDispose', ID = '6811'
Method 'SystemBooleanCosmosIL2CPUSZArrayImpl1GetEnumeratord__0SystemUInt16MoveNext', ID = '6812'
Method 'SystemInt32SystemTextEncodingGetCharsFastSystemBytepointerSystemInt32SystemCharpointerSystemInt32SystemInt32', ID = '6813'
Method 'SystemInt32SystemTextEncodingGetCharsWithFallbackSystemBytepointerSystemInt32SystemCharpointerSystemInt32SystemInt32SystemInt32', ID = '6814'
Method 'SystemInt32SystemTextEncodingGetCharCountSystemBytepointerSystemInt32', ID = '6815'
Method 'SystemInt32SystemTextEncodingGetCharsSystemBytepointerSystemInt32SystemCharpointerSystemInt32', ID = '6816'
Method 'SystemInt32SystemTextASCIIEncodingGetCharCountSystemBytearraySystemInt32SystemInt32', ID = '6817'
Method 'SystemInt32SystemTextUTF8EncodingGetCharCountSystemBytearraySystemInt32SystemInt32', ID = '6818'
Method 'SystemInt32SystemTextASCIIEncodingGetCharsSystemBytearraySystemInt32SystemInt32SystemChararraySystemInt32', ID = '6819'
Method 'SystemInt32SystemTextUTF8EncodingGetCharsSystemBytearraySystemInt32SystemInt32SystemChararraySystemInt32', ID = '6820'
Method 'SystemBooleanCosmosCore_PlugsSystemRuntimeCompilerServicesRuntimeHelpersImplIsReferenceOrContainsReferencesSystemGuid', ID = '6821'
Method 'SystemVoidCosmosIL2CPUSZArrayImpl1GetEnumeratord__0CosmosHALBlockDeviceGPTGPartInfoSystemIDisposableDispose', ID = '6826'
Method 'SystemBooleanCosmosIL2CPUSZArrayImpl1GetEnumeratord__0CosmosHALBlockDeviceGPTGPartInfoMoveNext', ID = '6827'
Method 'SystemVoidCosmosIL2CPUSZArrayImpl1GetEnumeratord__0CosmosHALBlockDeviceMBRPartInfoSystemIDisposableDispose', ID = '6832'
Method 'SystemBooleanCosmosIL2CPUSZArrayImpl1GetEnumeratord__0CosmosHALBlockDeviceMBRPartInfoMoveNext', ID = '6833'
Method 'SystemVoidCosmosIL2CPUSZArrayImpl1GetEnumeratord__0CosmosHALBlockDeviceEBRPartInfoSystemIDisposableDispose', ID = '6838'
Method 'SystemBooleanCosmosIL2CPUSZArrayImpl1GetEnumeratord__0CosmosHALBlockDeviceEBRPartInfoMoveNext', ID = '6839'
Method 'SystemVoidSystemCollectionsGenericEqualityComparer1CosmosHALBlockDevicePortsStoragePortcctor', ID = '6840'
Method 'SystemBooleanSystemNumericsVector1SystemUInt32EqualsSystemNumericsVector1SystemUInt32', ID = '6842'
Method 'SystemUInt32SystemNumericsVector1SystemUInt32GetElementSystemIntPtr', ID = '6843'
Method 'SystemVoidSystemHashCodeAddSystemUInt32SystemUInt32', ID = '6844'
Method 'SystemBooleanSystemNumericsVector1SystemSingleEqualsSystemNumericsVector1SystemSingle', ID = '6845'
Method 'SystemSingleSystemNumericsVector1SystemSingleGetElementSystemIntPtr', ID = '6846'
Method 'SystemVoidSystemHashCodeAddSystemSingleSystemSingle', ID = '6847'
Method 'SystemBooleanSystemNumericsVector1SystemDoubleEqualsSystemNumericsVector1SystemDouble', ID = '6848'
Method 'SystemDoubleSystemNumericsVector1SystemDoubleGetElementSystemIntPtr', ID = '6849'
Method 'SystemVoidSystemHashCodeAddSystemDoubleSystemDouble', ID = '6850'
Method 'SystemRuntimeIntrinsicsVector2561SystemByteInternalRuntimeCompilerServicesUnsafeAsSystemRuntimeIntrinsicsVector2561SystemSingleSystemRuntimeIntrinsicsVector2561SystemBy4FCD2360A16EA0E5BA373C174ED0FD3B', ID = '6851'
Method 'SystemVoidCosmosIL2CPUSZArrayImpl1GetEnumeratord__0CosmosHALBlockDeviceRegistersHBACommandHeaderSystemIDisposableDispose', ID = '6856'
Method 'SystemBooleanCosmosIL2CPUSZArrayImpl1GetEnumeratord__0CosmosHALBlockDeviceRegistersHBACommandHeaderMoveNext', ID = '6857'
Method 'SystemVoidSystemSZGenericArrayEnumerator1CosmosHALBlockDeviceRegistersHBAPRDTEntrycctor', ID = '6858'
Method 'SystemVoidSystemSZGenericArrayEnumerator1CosmosHALBlockDeviceRegistersHBAPRDTEntryDispose', ID = '6859'
Method 'SystemBooleanSystemSZGenericArrayEnumerator1CosmosHALBlockDeviceRegistersHBAPRDTEntryMoveNext', ID = '6860'
Method 'SystemBooleanSystemRuntimeCompilerServicesRuntimeHelpersIsBitwiseEquatableCosmosHALBlockDeviceRegistersHBAPRDTEntry', ID = '6861'
Method 'SystemInt32InternalRuntimeCompilerServicesUnsafeSizeOfCosmosHALBlockDeviceRegistersHBAPRDTEntry', ID = '6862'
Method 'SystemByteInternalRuntimeCompilerServicesUnsafeAsCosmosHALBlockDeviceRegistersHBAPRDTEntrySystemByteCosmosHALBlockDeviceRegistersHBAPRDTEntry', ID = '6863'
Method 'SystemCharInternalRuntimeCompilerServicesUnsafeAsCosmosHALBlockDeviceRegistersHBAPRDTEntrySystemCharCosmosHALBlockDeviceRegistersHBAPRDTEntry', ID = '6864'
Method 'SystemInt32InternalRuntimeCompilerServicesUnsafeAsCosmosHALBlockDeviceRegistersHBAPRDTEntrySystemInt32CosmosHALBlockDeviceRegistersHBAPRDTEntry', ID = '6865'
Method 'SystemInt64InternalRuntimeCompilerServicesUnsafeAsCosmosHALBlockDeviceRegistersHBAPRDTEntrySystemInt64CosmosHALBlockDeviceRegistersHBAPRDTEntry', ID = '6866'
Method 'SystemCollectionsGenericEqualityComparer1CosmosHALBlockDeviceRegistersHBAPRDTEntrySystemCollectionsGenericEqualityComparer1CosmosHALBlockDeviceRegistersHBAPRDTEntryget_Default', ID = '6867'
Method 'SystemInt32SystemCollectionsGenericEqualityComparer1CosmosHALBlockDeviceRegistersHBAPRDTEntryIndexOfCosmosHALBlockDeviceRegistersHBAPRDTEntryarrayCosmosHALBlockDeviceReE5FACEF57EFDF52A0723D324476F044A', ID = '6868'
Method 'SystemVoidCosmosIL2CPUSZArrayImpl1GetEnumeratord__0CosmosHALBlockDeviceRegistersHBAPRDTEntryctorSystemInt32', ID = '6869'
Method 'SystemVoidSystemCollectionsGenericEqualityComparer1SystemBytearraycctor', ID = '6871'
Method 'SystemBooleanSystemRuntimeCompilerServicesDefaultInterpolatedStringHandlerHasCustomFormatterSystemIFormatProvider', ID = '6873'
Method 'SystemVoidSystemRuntimeCompilerServicesDefaultInterpolatedStringHandlerAppendCustomFormatterSystemObjectSystemObjectSystemString', ID = '6874'
Method 'SystemVoidSystemRuntimeTypeHandlectorSystemRuntimeType', ID = '6885'
Method 'SystemStringSystemRuntimeTypeHandleConstructNameSystemTypeNameFormatFlags', ID = '6886'
Method 'SystemBooleanSystemTypeget_HasElementType', ID = '6888'
Method 'SystemBooleanSystemRuntimeTypeget_IsGenericTypeDefinition', ID = '6889'
Method 'SystemBooleanSystemRuntimeTypeget_ContainsGenericParameters', ID = '6890'
Method 'SystemBooleanSystemTypeget_IsGenericType', ID = '6891'
Method 'SystemTypearraySystemTypeGetGenericArguments', ID = '6892'
Method 'SystemStringSystemPrivateCoreLibSystemSRget_Arg_InvalidOperationException', ID = '6893'
Method 'SystemObjectCosmosCore_PlugsSystemRuntimeTypeHandleImplGetAssemblySystemObject', ID = '6895'
Method 'SystemVoidSystemThrowHelperThrowInvalidOperationException_EnumCurrentSystemInt32', ID = '6896'
Method 'SystemVoidCosmosIL2CPUSZArrayImpl1GetEnumeratord__0CosmosHALKeyboardBaseSystemIDisposableDispose', ID = '6901'
Method 'CosmosHALKeyboardBaseCosmosIL2CPUSZArrayImpl1GetEnumeratord__0CosmosHALKeyboardBaseSystemCollectionsGenericIEnumeratorTget_Current', ID = '6902'
Method 'SystemBooleanCosmosIL2CPUSZArrayImpl1GetEnumeratord__0CosmosHALKeyboardBaseMoveNext', ID = '6903'
Method 'SystemVoidSystemSZGenericArrayEnumerator1CosmosSystemKeyMappingcctor', ID = '6904'
Method 'SystemVoidSystemSZGenericArrayEnumerator1CosmosSystemKeyMappingDispose', ID = '6905'
Method 'SystemBooleanSystemSZGenericArrayEnumerator1CosmosSystemKeyMappingMoveNext', ID = '6906'
Method 'SystemBooleanSystemRuntimeCompilerServicesRuntimeHelpersIsBitwiseEquatableCosmosSystemKeyMapping', ID = '6907'
Method 'SystemInt32InternalRuntimeCompilerServicesUnsafeSizeOfCosmosSystemKeyMapping', ID = '6908'
Method 'SystemByteInternalRuntimeCompilerServicesUnsafeAsCosmosSystemKeyMappingSystemByteCosmosSystemKeyMapping', ID = '6909'
Method 'SystemCharInternalRuntimeCompilerServicesUnsafeAsCosmosSystemKeyMappingSystemCharCosmosSystemKeyMapping', ID = '6910'
Method 'SystemInt32InternalRuntimeCompilerServicesUnsafeAsCosmosSystemKeyMappingSystemInt32CosmosSystemKeyMapping', ID = '6911'
Method 'SystemInt64InternalRuntimeCompilerServicesUnsafeAsCosmosSystemKeyMappingSystemInt64CosmosSystemKeyMapping', ID = '6912'
Method 'SystemCollectionsGenericEqualityComparer1CosmosSystemKeyMappingSystemCollectionsGenericEqualityComparer1CosmosSystemKeyMappingget_Default', ID = '6913'
Method 'SystemInt32SystemCollectionsGenericEqualityComparer1CosmosSystemKeyMappingIndexOfCosmosSystemKeyMappingarrayCosmosSystemKeyMappingSystemInt32SystemInt32', ID = '6914'
Method 'SystemVoidCosmosIL2CPUSZArrayImpl1GetEnumeratord__0CosmosSystemKeyMappingctorSystemInt32', ID = '6915'
Method 'SystemVoidSystemCollectionsGenericList1CosmosSystemKeyMappingGrowSystemInt32', ID = '6917'
Method 'SystemVoidCosmosSystemKeyMappingctorSystemByteSystemCharSystemCharSystemCharSystemCharSystemCharSystemCharSystemCharSystemCharSystemCharSystemCharCosmosSystemConsoleKeyExCosmosSystemConsoleKeyEx', ID = '6918'
Method 'SystemVoidCosmosIL2CPUSZArrayImpl1GetEnumeratord__0CosmosSystemKeyEventSystemIDisposableDispose', ID = '6922'
Method 'SystemBooleanCosmosIL2CPUSZArrayImpl1GetEnumeratord__0CosmosSystemKeyEventMoveNext', ID = '6923'
Method 'SystemIntPtrSystemRuntimeFieldHandleInternalget_Value', ID = '6925'
Method 'SystemBooleanCosmosCore_PlugsSystemRuntimeTypeHandleImplIsGenericVariableSystemObject', ID = '6928'
Method 'SystemTypearraySystemRuntimeTypeGetGenericParameterConstraints', ID = '6930'
Method 'SystemStringSystemPrivateCoreLibSystemSRget_Arg_NotGenericParameter', ID = '6931'
Method 'SystemBooleanSystemRuntimeTypeget_IsGenericParameter', ID = '6932'
Method 'SystemReflectionGenericParameterAttributesSystemRuntimeTypeget_GenericParameterAttributes', ID = '6934'
Method 'SystemObjectCosmosCore_PlugsSystemRuntimeTypeHandleImplGetBaseTypeSystemObject', ID = '6935'
Method 'SystemVoidSystemGlobalizationCultureDatactor', ID = '6936'
Method 'SystemBooleanSystemGlobalizationCultureInfoget_UseUserOverride', ID = '6940'
Method 'SystemBooleanSystemGlobalizationSortVersionEqualsSystemGlobalizationSortVersion', ID = '6943'
Method 'SystemVoidSystemGlobalizationTextInfoctorSystemGlobalizationCultureData', ID = '6944'
Method 'SystemVoidSystemGlobalizationTextInfoSetReadOnlyStateSystemBoolean', ID = '6945'
Method 'SystemGlobalizationCalendarIdarrayInternalRuntimeCompilerServicesUnsafeAsSystemGlobalizationCalendarIdarraySystemObject', ID = '6947'
Method 'SystemVoidSystemSZGenericArrayEnumerator1SystemGlobalizationCalendarIdctorSystemGlobalizationCalendarIdarray', ID = '6948'
Method 'SystemInt32SystemArrayIndexOfSystemGlobalizationCalendarIdSystemGlobalizationCalendarIdarraySystemGlobalizationCalendarIdSystemInt32SystemInt32', ID = '6951'
Method 'SystemCollectionsGenericIEnumerator1SystemGlobalizationCalendarIdCosmosIL2CPUSZArrayImpl1SystemGlobalizationCalendarIdGetEnumerator', ID = '6952'
Method 'SystemVoidCosmosIL2CPUSZArrayImpl1SystemGlobalizationCalendarIdCopyToSystemGlobalizationCalendarIdarraySystemInt32', ID = '6953'
Method 'SystemInt32CosmosIL2CPUSZArrayImpl1SystemGlobalizationCalendarIdget_Count', ID = '6954'
Method 'SystemGlobalizationCalendarIdCosmosIL2CPUSZArrayImpl1SystemGlobalizationCalendarIdget_ItemSystemInt32', ID = '6955'
Method 'SystemVoidCosmosIL2CPUSZArrayImpl1SystemGlobalizationCalendarIdset_ItemSystemInt32SystemGlobalizationCalendarId', ID = '6956'
Method 'SystemVoidCosmosIL2CPUSZArrayImpl1SystemGlobalizationCalendarIdAddSystemGlobalizationCalendarId', ID = '6957'
Method 'SystemBooleanCosmosIL2CPUSZArrayImpl1SystemGlobalizationCalendarIdContainsSystemGlobalizationCalendarId', ID = '6958'
Method 'SystemBooleanCosmosIL2CPUSZArrayImpl1SystemGlobalizationCalendarIdget_IsReadOnly', ID = '6959'
Method 'SystemVoidCosmosIL2CPUSZArrayImpl1SystemGlobalizationCalendarIdClear', ID = '6960'
Method 'SystemInt32CosmosIL2CPUSZArrayImpl1SystemGlobalizationCalendarIdIndexOfSystemGlobalizationCalendarId', ID = '6961'
Method 'SystemVoidCosmosIL2CPUSZArrayImpl1SystemGlobalizationCalendarIdInsertSystemInt32SystemGlobalizationCalendarId', ID = '6962'
Method 'SystemVoidCosmosIL2CPUSZArrayImpl1SystemGlobalizationCalendarIdRemoveAtSystemInt32', ID = '6963'
Method 'SystemBooleanCosmosIL2CPUSZArrayImpl1SystemGlobalizationCalendarIdget_IsFixedSize', ID = '6964'
Method 'SystemVoidCosmosIL2CPUSZArrayImpl1SystemGlobalizationCalendarIdRemoveSystemGlobalizationCalendarId', ID = '6965'
Method 'SystemObjectCosmosIL2CPUSZArrayImpl1SystemGlobalizationCalendarIdget_SyncRoot', ID = '6966'
Method 'SystemBooleanCosmosIL2CPUSZArrayImpl1SystemGlobalizationCalendarIdget_IsSynchronized', ID = '6967'
Method 'SystemGlobalizationDateTimeFormatInfoTokenHashValuearrayInternalRuntimeCompilerServicesUnsafeAsSystemGlobalizationDateTimeFormatInfoTokenHashValuearraySystemObject', ID = '6969'
Method 'SystemVoidSystemSZGenericArrayEnumerator1SystemGlobalizationDateTimeFormatInfoTokenHashValuectorSystemGlobalizationDateTimeFormatInfoTokenHashValuearray', ID = '6970'
Method 'SystemInt32SystemArrayIndexOfSystemGlobalizationDateTimeFormatInfoTokenHashValueSystemGlobalizationDateTimeFormatInfoTokenHashValuearraySystemGlobalizationDateTimeForma2F2ACF1D77124EF8ABF048F11E758694', ID = '6974'
Method 'SystemCollectionsGenericIEnumerator1SystemGlobalizationDateTimeFormatInfoTokenHashValueCosmosIL2CPUSZArrayImpl1SystemGlobalizationDateTimeFormatInfoTokenHashValueGetEnumerator', ID = '6975'
Method 'SystemVoidCosmosIL2CPUSZArrayImpl1SystemGlobalizationDateTimeFormatInfoTokenHashValueCopyToSystemGlobalizationDateTimeFormatInfoTokenHashValuearraySystemInt32', ID = '6976'
Method 'SystemInt32CosmosIL2CPUSZArrayImpl1SystemGlobalizationDateTimeFormatInfoTokenHashValueget_Count', ID = '6977'
Method 'SystemGlobalizationDateTimeFormatInfoTokenHashValueCosmosIL2CPUSZArrayImpl1SystemGlobalizationDateTimeFormatInfoTokenHashValueget_ItemSystemInt32', ID = '6978'
Method 'SystemVoidCosmosIL2CPUSZArrayImpl1SystemGlobalizationDateTimeFormatInfoTokenHashValueset_ItemSystemInt32SystemGlobalizationDateTimeFormatInfoTokenHashValue', ID = '6979'
Method 'SystemVoidCosmosIL2CPUSZArrayImpl1SystemGlobalizationDateTimeFormatInfoTokenHashValueAddSystemGlobalizationDateTimeFormatInfoTokenHashValue', ID = '6980'
Method 'SystemBooleanCosmosIL2CPUSZArrayImpl1SystemGlobalizationDateTimeFormatInfoTokenHashValueContainsSystemGlobalizationDateTimeFormatInfoTokenHashValue', ID = '6981'
Method 'SystemBooleanCosmosIL2CPUSZArrayImpl1SystemGlobalizationDateTimeFormatInfoTokenHashValueget_IsReadOnly', ID = '6982'
Method 'SystemVoidCosmosIL2CPUSZArrayImpl1SystemGlobalizationDateTimeFormatInfoTokenHashValueClear', ID = '6983'
Method 'SystemInt32CosmosIL2CPUSZArrayImpl1SystemGlobalizationDateTimeFormatInfoTokenHashValueIndexOfSystemGlobalizationDateTimeFormatInfoTokenHashValue', ID = '6984'
Method 'SystemVoidCosmosIL2CPUSZArrayImpl1SystemGlobalizationDateTimeFormatInfoTokenHashValueInsertSystemInt32SystemGlobalizationDateTimeFormatInfoTokenHashValue', ID = '6985'
Method 'SystemVoidCosmosIL2CPUSZArrayImpl1SystemGlobalizationDateTimeFormatInfoTokenHashValueRemoveAtSystemInt32', ID = '6986'
Method 'SystemBooleanCosmosIL2CPUSZArrayImpl1SystemGlobalizationDateTimeFormatInfoTokenHashValueget_IsFixedSize', ID = '6987'
Method 'SystemVoidCosmosIL2CPUSZArrayImpl1SystemGlobalizationDateTimeFormatInfoTokenHashValueRemoveSystemGlobalizationDateTimeFormatInfoTokenHashValue', ID = '6988'
Method 'SystemObjectCosmosIL2CPUSZArrayImpl1SystemGlobalizationDateTimeFormatInfoTokenHashValueget_SyncRoot', ID = '6989'
Method 'SystemBooleanCosmosIL2CPUSZArrayImpl1SystemGlobalizationDateTimeFormatInfoTokenHashValueget_IsSynchronized', ID = '6990'
Method 'SystemGlobalizationCalendarDataarrayInternalRuntimeCompilerServicesUnsafeAsSystemGlobalizationCalendarDataarraySystemObject', ID = '6992'
Method 'SystemVoidSystemSZGenericArrayEnumerator1SystemGlobalizationCalendarDatactorSystemGlobalizationCalendarDataarray', ID = '6993'
Method 'SystemInt32SystemArrayIndexOfSystemGlobalizationCalendarDataSystemGlobalizationCalendarDataarraySystemGlobalizationCalendarDataSystemInt32SystemInt32', ID = '6996'
Method 'SystemCollectionsGenericIEnumerator1SystemGlobalizationCalendarDataCosmosIL2CPUSZArrayImpl1SystemGlobalizationCalendarDataGetEnumerator', ID = '6997'
Method 'SystemVoidCosmosIL2CPUSZArrayImpl1SystemGlobalizationCalendarDataCopyToSystemGlobalizationCalendarDataarraySystemInt32', ID = '6998'
Method 'SystemInt32CosmosIL2CPUSZArrayImpl1SystemGlobalizationCalendarDataget_Count', ID = '6999'
Method 'SystemGlobalizationCalendarDataCosmosIL2CPUSZArrayImpl1SystemGlobalizationCalendarDataget_ItemSystemInt32', ID = '7000'
Method 'SystemVoidCosmosIL2CPUSZArrayImpl1SystemGlobalizationCalendarDataset_ItemSystemInt32SystemGlobalizationCalendarData', ID = '7001'
Method 'SystemVoidCosmosIL2CPUSZArrayImpl1SystemGlobalizationCalendarDataAddSystemGlobalizationCalendarData', ID = '7002'
Method 'SystemBooleanCosmosIL2CPUSZArrayImpl1SystemGlobalizationCalendarDataContainsSystemGlobalizationCalendarData', ID = '7003'
Method 'SystemBooleanCosmosIL2CPUSZArrayImpl1SystemGlobalizationCalendarDataget_IsReadOnly', ID = '7004'
Method 'SystemVoidCosmosIL2CPUSZArrayImpl1SystemGlobalizationCalendarDataClear', ID = '7005'
Method 'SystemInt32CosmosIL2CPUSZArrayImpl1SystemGlobalizationCalendarDataIndexOfSystemGlobalizationCalendarData', ID = '7006'
Method 'SystemVoidCosmosIL2CPUSZArrayImpl1SystemGlobalizationCalendarDataInsertSystemInt32SystemGlobalizationCalendarData', ID = '7007'
Method 'SystemVoidCosmosIL2CPUSZArrayImpl1SystemGlobalizationCalendarDataRemoveAtSystemInt32', ID = '7008'
Method 'SystemBooleanCosmosIL2CPUSZArrayImpl1SystemGlobalizationCalendarDataget_IsFixedSize', ID = '7009'
Method 'SystemVoidCosmosIL2CPUSZArrayImpl1SystemGlobalizationCalendarDataRemoveSystemGlobalizationCalendarData', ID = '7010'
Method 'SystemObjectCosmosIL2CPUSZArrayImpl1SystemGlobalizationCalendarDataget_SyncRoot', ID = '7011'
Method 'SystemBooleanCosmosIL2CPUSZArrayImpl1SystemGlobalizationCalendarDataget_IsSynchronized', ID = '7012'
Method 'SystemBooleanSystemGlobalizationGlobalizationModeSettingsget_Invariant', ID = '7014'
Method 'SystemStringSystemGlobalizationCultureDataget_Name', ID = '7015'
Method 'SystemStringCosmosSystem_PlugsSystemGlobalizationCultureDataImplGetLocaleInfoCoreUserOverrideSystemUInt32', ID = '7017'
Method 'SystemInt32SystemGlobalizationCultureDataIcuGetLocaleInfoSystemGlobalizationCultureDataLocaleNumberData', ID = '7019'
Method 'SystemBooleanSystemGlobalizationGlobalizationModeget_UseNls', ID = '7020'
Method 'SystemInt32SystemGlobalizationIcuLocaleDataGetLocaleDataNumericPartSystemStringSystemGlobalizationIcuLocaleDataParts', ID = '7021'
Method 'SystemInt32arrayCosmosSystem_PlugsSystemGlobalizationCultureDataImplget_NumberGroupSizes', ID = '7023'
Method 'SystemInt32arrayCosmosSystem_PlugsSystemGlobalizationCultureDataImplget_CurrencyGroupSizes', ID = '7024'
Method 'SystemInt32SystemGlobalizationCultureDataGetLocaleInfoCoreSystemGlobalizationCultureDataLocaleNumberData', ID = '7025'
Method 'SystemStringCosmosSystem_PlugsSystemGlobalizationCultureDataImplget_PercentSymbol', ID = '7026'
Method 'SystemStringCosmosSystem_PlugsSystemGlobalizationCultureDataImplget_PerMilleSymbol', ID = '7027'
Method 'SystemStringCosmosSystem_PlugsSystemGlobalizationCultureDataImplget_NegativeInfinitySymbol', ID = '7028'
Method 'SystemStringCosmosSystem_PlugsSystemGlobalizationCultureDataImplget_PositiveInfinitySymbol', ID = '7029'
Method 'SystemStringCosmosSystem_PlugsSystemGlobalizationCultureDataImplget_NaNSymbol', ID = '7030'
Method 'SystemGlobalizationCalendarCosmosSystem_PlugsSystemGlobalizationCultureDataImplget_DefaultCalendar', ID = '7032'
Method 'SystemVoidCosmosCore_PlugsSystemThreadingInterlockedImplMemoryBarrier', ID = '7033'
Method 'SystemStringSystemGlobalizationCultureDataDateSeparatorSystemGlobalizationCalendarId', ID = '7039'
Method 'SystemSpan1SystemCharSystemTextStringBuilderget_RemainingCurrentChunk', ID = '7045'
Method 'SystemBooleanCosmosCore_PlugsRuntimeIntrinsicsX86LzcntImplget_IsSupported', ID = '7048'
Method 'SystemReadOnlySpan1SystemByteSystemNumericsBitOperationsget_Log2DeBruijn', ID = '7049'
Method 'SystemVoidSystemNumberBigIntegercctor', ID = '7050'
Method 'SystemVoidpointerInternalRuntimeCompilerServicesUnsafeAsPointerSystemUInt32SystemUInt32', ID = '7051'
Method 'SystemVoidSystemBufferZeroMemorySystemBytepointerSystemUIntPtr', ID = '7052'
Method 'SystemBooleanSystemDoubleIsInfinitySystemDouble', ID = '7053'
Method 'SystemVoidSystemBufferMemmoveSystemUInt32SystemUInt32SystemUInt32SystemUIntPtr', ID = '7054'
Method 'SystemVoidSystemCollectionsGenericEqualityComparer1CosmosSystemNetworkConfigIPConfigcctor', ID = '7055'
Method 'SystemInt32SystemCollectionsGenericDictionary2SystemUInt32CosmosSystemNetworkIPv4ICMPClientInitializeSystemInt32', ID = '7058'
Method 'CosmosSystemNetworkIPv4ICMPPacketarrayInternalRuntimeCompilerServicesUnsafeAsCosmosSystemNetworkIPv4ICMPPacketarraySystemObject', ID = '7060'
Method 'SystemVoidSystemSZGenericArrayEnumerator1CosmosSystemNetworkIPv4ICMPPacketctorCosmosSystemNetworkIPv4ICMPPacketarray', ID = '7061'
Method 'SystemInt32SystemArrayIndexOfCosmosSystemNetworkIPv4ICMPPacketCosmosSystemNetworkIPv4ICMPPacketarrayCosmosSystemNetworkIPv4ICMPPacketSystemInt32SystemInt32', ID = '7064'
Method 'SystemCollectionsGenericIEnumerator1CosmosSystemNetworkIPv4ICMPPacketCosmosIL2CPUSZArrayImpl1CosmosSystemNetworkIPv4ICMPPacketGetEnumerator', ID = '7065'
Method 'SystemVoidCosmosIL2CPUSZArrayImpl1CosmosSystemNetworkIPv4ICMPPacketCopyToCosmosSystemNetworkIPv4ICMPPacketarraySystemInt32', ID = '7066'
Method 'SystemInt32CosmosIL2CPUSZArrayImpl1CosmosSystemNetworkIPv4ICMPPacketget_Count', ID = '7067'
Method 'CosmosSystemNetworkIPv4ICMPPacketCosmosIL2CPUSZArrayImpl1CosmosSystemNetworkIPv4ICMPPacketget_ItemSystemInt32', ID = '7068'
Method 'SystemVoidCosmosIL2CPUSZArrayImpl1CosmosSystemNetworkIPv4ICMPPacketset_ItemSystemInt32CosmosSystemNetworkIPv4ICMPPacket', ID = '7069'
Method 'SystemVoidCosmosIL2CPUSZArrayImpl1CosmosSystemNetworkIPv4ICMPPacketAddCosmosSystemNetworkIPv4ICMPPacket', ID = '7070'
Method 'SystemBooleanCosmosIL2CPUSZArrayImpl1CosmosSystemNetworkIPv4ICMPPacketContainsCosmosSystemNetworkIPv4ICMPPacket', ID = '7071'
Method 'SystemBooleanCosmosIL2CPUSZArrayImpl1CosmosSystemNetworkIPv4ICMPPacketget_IsReadOnly', ID = '7072'
Method 'SystemVoidCosmosIL2CPUSZArrayImpl1CosmosSystemNetworkIPv4ICMPPacketClear', ID = '7073'
Method 'SystemInt32CosmosIL2CPUSZArrayImpl1CosmosSystemNetworkIPv4ICMPPacketIndexOfCosmosSystemNetworkIPv4ICMPPacket', ID = '7074'
Method 'SystemVoidCosmosIL2CPUSZArrayImpl1CosmosSystemNetworkIPv4ICMPPacketInsertSystemInt32CosmosSystemNetworkIPv4ICMPPacket', ID = '7075'
Method 'SystemVoidCosmosIL2CPUSZArrayImpl1CosmosSystemNetworkIPv4ICMPPacketRemoveAtSystemInt32', ID = '7076'
Method 'SystemBooleanCosmosIL2CPUSZArrayImpl1CosmosSystemNetworkIPv4ICMPPacketget_IsFixedSize', ID = '7077'
Method 'SystemVoidCosmosIL2CPUSZArrayImpl1CosmosSystemNetworkIPv4ICMPPacketRemoveCosmosSystemNetworkIPv4ICMPPacket', ID = '7078'
Method 'SystemObjectCosmosIL2CPUSZArrayImpl1CosmosSystemNetworkIPv4ICMPPacketget_SyncRoot', ID = '7079'
Method 'SystemBooleanCosmosIL2CPUSZArrayImpl1CosmosSystemNetworkIPv4ICMPPacketget_IsSynchronized', ID = '7080'
Method 'SystemCollectionsGenericDictionary2EntrySystemUInt32CosmosSystemNetworkIPv4ICMPClientarrayInternalRuntimeCompilerServicesUnsafeAsSystemCollectionsGenericDictionary2EntrE1CCBEFDA84C2C73252D4E0E77AD8EF4', ID = '7083'
Method 'SystemVoidSystemSZGenericArrayEnumerator1SystemCollectionsGenericDictionary2EntrySystemUInt32CosmosSystemNetworkIPv4ICMPClientctorSystemCollectionsGenericDictionary2Ent7AE78137D1EEB8A685AACCC7B6BB1DBB', ID = '7084'
Method 'SystemInt32SystemArrayIndexOfSystemCollectionsGenericDictionary2EntrySystemUInt32CosmosSystemNetworkIPv4ICMPClientSystemCollectionsGenericDictionary2EntrySystemUInt32Co7590E08E328C6DB32A66F9DE18FE2D31', ID = '7087'
Method 'SystemCollectionsGenericIEnumerator1SystemCollectionsGenericDictionary2EntrySystemUInt32CosmosSystemNetworkIPv4ICMPClientCosmosIL2CPUSZArrayImpl1SystemCollectionsGeneri5BADC9155C437ED5DB42885951EF92A7', ID = '7088'
Method 'SystemVoidCosmosIL2CPUSZArrayImpl1SystemCollectionsGenericDictionary2EntrySystemUInt32CosmosSystemNetworkIPv4ICMPClientCopyToSystemCollectionsGenericDictionary2EntrySysA10322559C9EEBF6CAACC7F933FB25BE', ID = '7089'
Method 'SystemInt32CosmosIL2CPUSZArrayImpl1SystemCollectionsGenericDictionary2EntrySystemUInt32CosmosSystemNetworkIPv4ICMPClientget_Count', ID = '7090'
Method 'SystemCollectionsGenericDictionary2EntrySystemUInt32CosmosSystemNetworkIPv4ICMPClientCosmosIL2CPUSZArrayImpl1SystemCollectionsGenericDictionary2EntrySystemUInt32CosmosS3693984DA30C0AE648F258165045F48C', ID = '7091'
Method 'SystemVoidCosmosIL2CPUSZArrayImpl1SystemCollectionsGenericDictionary2EntrySystemUInt32CosmosSystemNetworkIPv4ICMPClientset_ItemSystemInt32SystemCollectionsGenericDictioDB030FC99E824F1F0B7824ABAEA3B325', ID = '7092'
Method 'SystemVoidCosmosIL2CPUSZArrayImpl1SystemCollectionsGenericDictionary2EntrySystemUInt32CosmosSystemNetworkIPv4ICMPClientAddSystemCollectionsGenericDictionary2EntrySystemE5E4DE3CA27E64B82AFAB3448E524F82', ID = '7093'
Method 'SystemBooleanCosmosIL2CPUSZArrayImpl1SystemCollectionsGenericDictionary2EntrySystemUInt32CosmosSystemNetworkIPv4ICMPClientContainsSystemCollectionsGenericDictionary2EntF47B69433394E38135DE042A68E005C1', ID = '7094'
Method 'SystemBooleanCosmosIL2CPUSZArrayImpl1SystemCollectionsGenericDictionary2EntrySystemUInt32CosmosSystemNetworkIPv4ICMPClientget_IsReadOnly', ID = '7095'
Method 'SystemVoidCosmosIL2CPUSZArrayImpl1SystemCollectionsGenericDictionary2EntrySystemUInt32CosmosSystemNetworkIPv4ICMPClientClear', ID = '7096'
Method 'SystemInt32CosmosIL2CPUSZArrayImpl1SystemCollectionsGenericDictionary2EntrySystemUInt32CosmosSystemNetworkIPv4ICMPClientIndexOfSystemCollectionsGenericDictionary2EntryS0F8CEE3FB82C097442559347E17B2932', ID = '7097'
Method 'SystemVoidCosmosIL2CPUSZArrayImpl1SystemCollectionsGenericDictionary2EntrySystemUInt32CosmosSystemNetworkIPv4ICMPClientInsertSystemInt32SystemCollectionsGenericDictiona5AC0643527AE843F0D85763CFDF29D18', ID = '7098'
Method 'SystemVoidCosmosIL2CPUSZArrayImpl1SystemCollectionsGenericDictionary2EntrySystemUInt32CosmosSystemNetworkIPv4ICMPClientRemoveAtSystemInt32', ID = '7099'
Method 'SystemBooleanCosmosIL2CPUSZArrayImpl1SystemCollectionsGenericDictionary2EntrySystemUInt32CosmosSystemNetworkIPv4ICMPClientget_IsFixedSize', ID = '7100'
Method 'SystemVoidCosmosIL2CPUSZArrayImpl1SystemCollectionsGenericDictionary2EntrySystemUInt32CosmosSystemNetworkIPv4ICMPClientRemoveSystemCollectionsGenericDictionary2EntrySys77DE3B0102FD0B9E0FFCEBE0C2F72FB9', ID = '7101'
Method 'SystemObjectCosmosIL2CPUSZArrayImpl1SystemCollectionsGenericDictionary2EntrySystemUInt32CosmosSystemNetworkIPv4ICMPClientget_SyncRoot', ID = '7102'
Method 'SystemBooleanCosmosIL2CPUSZArrayImpl1SystemCollectionsGenericDictionary2EntrySystemUInt32CosmosSystemNetworkIPv4ICMPClientget_IsSynchronized', ID = '7103'
Method 'SystemCollectionsGenericIEnumerator1SystemCollectionsGenericKeyValuePair2SystemUInt32CosmosSystemNetworkIPv4ICMPClientSystemSZArrayHelperGetEnumeratorSystemCollectionsG91579A2637F27980E9C51435345A0709', ID = '7105'
Method 'SystemVoidSystemSZArrayHelperCopyToSystemCollectionsGenericKeyValuePair2SystemUInt32CosmosSystemNetworkIPv4ICMPClientSystemCollectionsGenericKeyValuePair2SystemUInt32Co010DDEB95290731FF174AB65D61FBFB1', ID = '7106'
Method 'SystemInt32SystemSZArrayHelperget_CountSystemCollectionsGenericKeyValuePair2SystemUInt32CosmosSystemNetworkIPv4ICMPClient', ID = '7107'
Method 'SystemCollectionsGenericKeyValuePair2SystemUInt32CosmosSystemNetworkIPv4ICMPClientSystemSZArrayHelperget_ItemSystemCollectionsGenericKeyValuePair2SystemUInt32CosmosSyst9A124E2A7DE1589EB699DBF964CFA5F0', ID = '7108'
Method 'SystemVoidSystemSZArrayHelperset_ItemSystemCollectionsGenericKeyValuePair2SystemUInt32CosmosSystemNetworkIPv4ICMPClientSystemInt32SystemCollectionsGenericKeyValuePair2S022BC74C0F19B6BC6CFA1D93B754FEA7', ID = '7109'
Method 'SystemVoidSystemSZArrayHelperAddSystemCollectionsGenericKeyValuePair2SystemUInt32CosmosSystemNetworkIPv4ICMPClientSystemCollectionsGenericKeyValuePair2SystemUInt32CosmosSystemNetworkIPv4ICMPClient', ID = '7110'
Method 'SystemBooleanSystemSZArrayHelperContainsSystemCollectionsGenericKeyValuePair2SystemUInt32CosmosSystemNetworkIPv4ICMPClientSystemCollectionsGenericKeyValuePair2SystemUInF808199C0AF1D57512584BFE985DC6FF', ID = '7111'
Method 'SystemBooleanSystemSZArrayHelperget_IsReadOnlySystemCollectionsGenericKeyValuePair2SystemUInt32CosmosSystemNetworkIPv4ICMPClient', ID = '7112'
Method 'SystemVoidSystemSZArrayHelperClearSystemCollectionsGenericKeyValuePair2SystemUInt32CosmosSystemNetworkIPv4ICMPClient', ID = '7113'
Method 'SystemInt32SystemSZArrayHelperIndexOfSystemCollectionsGenericKeyValuePair2SystemUInt32CosmosSystemNetworkIPv4ICMPClientSystemCollectionsGenericKeyValuePair2SystemUInt32D0DAA0C4A0C938A25D66033376B03DA0', ID = '7114'
Method 'SystemVoidSystemSZArrayHelperInsertSystemCollectionsGenericKeyValuePair2SystemUInt32CosmosSystemNetworkIPv4ICMPClientSystemInt32SystemCollectionsGenericKeyValuePair2SysF961095551AC2D8F57FEE4ADD89A2944', ID = '7115'
Method 'SystemBooleanSystemSZArrayHelperRemoveSystemCollectionsGenericKeyValuePair2SystemUInt32CosmosSystemNetworkIPv4ICMPClientSystemCollectionsGenericKeyValuePair2SystemUInt333CF5FCD4B3083FF6B2FC42E8E272004', ID = '7116'
Method 'SystemVoidSystemSZArrayHelperRemoveAtSystemCollectionsGenericKeyValuePair2SystemUInt32CosmosSystemNetworkIPv4ICMPClientSystemInt32', ID = '7117'
Method 'SystemVoidSystemSZGenericArrayEnumerator1CosmosSystemNetworkIPv4TCPTCPOptioncctor', ID = '7122'
Method 'SystemVoidSystemSZGenericArrayEnumerator1CosmosSystemNetworkIPv4TCPTCPOptionDispose', ID = '7123'
Method 'SystemBooleanSystemSZGenericArrayEnumerator1CosmosSystemNetworkIPv4TCPTCPOptionMoveNext', ID = '7124'
Method 'SystemBooleanSystemRuntimeCompilerServicesRuntimeHelpersIsBitwiseEquatableCosmosSystemNetworkIPv4TCPTCPOption', ID = '7125'
Method 'SystemInt32InternalRuntimeCompilerServicesUnsafeSizeOfCosmosSystemNetworkIPv4TCPTCPOption', ID = '7126'
Method 'SystemByteInternalRuntimeCompilerServicesUnsafeAsCosmosSystemNetworkIPv4TCPTCPOptionSystemByteCosmosSystemNetworkIPv4TCPTCPOption', ID = '7127'
Method 'SystemCharInternalRuntimeCompilerServicesUnsafeAsCosmosSystemNetworkIPv4TCPTCPOptionSystemCharCosmosSystemNetworkIPv4TCPTCPOption', ID = '7128'
Method 'SystemInt32InternalRuntimeCompilerServicesUnsafeAsCosmosSystemNetworkIPv4TCPTCPOptionSystemInt32CosmosSystemNetworkIPv4TCPTCPOption', ID = '7129'
Method 'SystemInt64InternalRuntimeCompilerServicesUnsafeAsCosmosSystemNetworkIPv4TCPTCPOptionSystemInt64CosmosSystemNetworkIPv4TCPTCPOption', ID = '7130'
Method 'SystemCollectionsGenericEqualityComparer1CosmosSystemNetworkIPv4TCPTCPOptionSystemCollectionsGenericEqualityComparer1CosmosSystemNetworkIPv4TCPTCPOptionget_Default', ID = '7131'
Method 'SystemInt32SystemCollectionsGenericEqualityComparer1CosmosSystemNetworkIPv4TCPTCPOptionIndexOfCosmosSystemNetworkIPv4TCPTCPOptionarrayCosmosSystemNetworkIPv4TCPTCPOptionSystemInt32SystemInt32', ID = '7132'
Method 'SystemVoidCosmosIL2CPUSZArrayImpl1GetEnumeratord__0CosmosSystemNetworkIPv4TCPTCPOptionctorSystemInt32', ID = '7133'
Method 'CosmosSystemNetworkIPv4TCPTCPPacketarrayInternalRuntimeCompilerServicesUnsafeAsCosmosSystemNetworkIPv4TCPTCPPacketarraySystemObject', ID = '7136'
Method 'SystemVoidSystemSZGenericArrayEnumerator1CosmosSystemNetworkIPv4TCPTCPPacketctorCosmosSystemNetworkIPv4TCPTCPPacketarray', ID = '7137'
Method 'SystemInt32SystemArrayIndexOfCosmosSystemNetworkIPv4TCPTCPPacketCosmosSystemNetworkIPv4TCPTCPPacketarrayCosmosSystemNetworkIPv4TCPTCPPacketSystemInt32SystemInt32', ID = '7140'
Method 'SystemCollectionsGenericIEnumerator1CosmosSystemNetworkIPv4TCPTCPPacketCosmosIL2CPUSZArrayImpl1CosmosSystemNetworkIPv4TCPTCPPacketGetEnumerator', ID = '7141'
Method 'SystemVoidCosmosIL2CPUSZArrayImpl1CosmosSystemNetworkIPv4TCPTCPPacketCopyToCosmosSystemNetworkIPv4TCPTCPPacketarraySystemInt32', ID = '7142'
Method 'SystemInt32CosmosIL2CPUSZArrayImpl1CosmosSystemNetworkIPv4TCPTCPPacketget_Count', ID = '7143'
Method 'CosmosSystemNetworkIPv4TCPTCPPacketCosmosIL2CPUSZArrayImpl1CosmosSystemNetworkIPv4TCPTCPPacketget_ItemSystemInt32', ID = '7144'
Method 'SystemVoidCosmosIL2CPUSZArrayImpl1CosmosSystemNetworkIPv4TCPTCPPacketset_ItemSystemInt32CosmosSystemNetworkIPv4TCPTCPPacket', ID = '7145'
Method 'SystemVoidCosmosIL2CPUSZArrayImpl1CosmosSystemNetworkIPv4TCPTCPPacketAddCosmosSystemNetworkIPv4TCPTCPPacket', ID = '7146'
Method 'SystemBooleanCosmosIL2CPUSZArrayImpl1CosmosSystemNetworkIPv4TCPTCPPacketContainsCosmosSystemNetworkIPv4TCPTCPPacket', ID = '7147'
Method 'SystemBooleanCosmosIL2CPUSZArrayImpl1CosmosSystemNetworkIPv4TCPTCPPacketget_IsReadOnly', ID = '7148'
Method 'SystemVoidCosmosIL2CPUSZArrayImpl1CosmosSystemNetworkIPv4TCPTCPPacketClear', ID = '7149'
Method 'SystemInt32CosmosIL2CPUSZArrayImpl1CosmosSystemNetworkIPv4TCPTCPPacketIndexOfCosmosSystemNetworkIPv4TCPTCPPacket', ID = '7150'
Method 'SystemVoidCosmosIL2CPUSZArrayImpl1CosmosSystemNetworkIPv4TCPTCPPacketInsertSystemInt32CosmosSystemNetworkIPv4TCPTCPPacket', ID = '7151'
Method 'SystemVoidCosmosIL2CPUSZArrayImpl1CosmosSystemNetworkIPv4TCPTCPPacketRemoveAtSystemInt32', ID = '7152'
Method 'SystemBooleanCosmosIL2CPUSZArrayImpl1CosmosSystemNetworkIPv4TCPTCPPacketget_IsFixedSize', ID = '7153'
Method 'SystemVoidCosmosIL2CPUSZArrayImpl1CosmosSystemNetworkIPv4TCPTCPPacketRemoveCosmosSystemNetworkIPv4TCPTCPPacket', ID = '7154'
Method 'SystemObjectCosmosIL2CPUSZArrayImpl1CosmosSystemNetworkIPv4TCPTCPPacketget_SyncRoot', ID = '7155'
Method 'SystemBooleanCosmosIL2CPUSZArrayImpl1CosmosSystemNetworkIPv4TCPTCPPacketget_IsSynchronized', ID = '7156'
Method 'CosmosSystemNetworkIPv4TCPTcparrayInternalRuntimeCompilerServicesUnsafeAsCosmosSystemNetworkIPv4TCPTcparraySystemObject', ID = '7157'
Method 'SystemVoidSystemSZGenericArrayEnumerator1CosmosSystemNetworkIPv4TCPTcpctorCosmosSystemNetworkIPv4TCPTcparray', ID = '7158'
Method 'SystemInt32SystemArrayIndexOfCosmosSystemNetworkIPv4TCPTcpCosmosSystemNetworkIPv4TCPTcparrayCosmosSystemNetworkIPv4TCPTcpSystemInt32SystemInt32', ID = '7161'
Method 'SystemCollectionsGenericIEnumerator1CosmosSystemNetworkIPv4TCPTcpCosmosIL2CPUSZArrayImpl1CosmosSystemNetworkIPv4TCPTcpGetEnumerator', ID = '7162'
Method 'SystemVoidCosmosIL2CPUSZArrayImpl1CosmosSystemNetworkIPv4TCPTcpCopyToCosmosSystemNetworkIPv4TCPTcparraySystemInt32', ID = '7163'
Method 'SystemInt32CosmosIL2CPUSZArrayImpl1CosmosSystemNetworkIPv4TCPTcpget_Count', ID = '7164'
Method 'CosmosSystemNetworkIPv4TCPTcpCosmosIL2CPUSZArrayImpl1CosmosSystemNetworkIPv4TCPTcpget_ItemSystemInt32', ID = '7165'
Method 'SystemVoidCosmosIL2CPUSZArrayImpl1CosmosSystemNetworkIPv4TCPTcpset_ItemSystemInt32CosmosSystemNetworkIPv4TCPTcp', ID = '7166'
Method 'SystemVoidCosmosIL2CPUSZArrayImpl1CosmosSystemNetworkIPv4TCPTcpAddCosmosSystemNetworkIPv4TCPTcp', ID = '7167'
Method 'SystemBooleanCosmosIL2CPUSZArrayImpl1CosmosSystemNetworkIPv4TCPTcpContainsCosmosSystemNetworkIPv4TCPTcp', ID = '7168'
Method 'SystemBooleanCosmosIL2CPUSZArrayImpl1CosmosSystemNetworkIPv4TCPTcpget_IsReadOnly', ID = '7169'
Method 'SystemVoidCosmosIL2CPUSZArrayImpl1CosmosSystemNetworkIPv4TCPTcpClear', ID = '7170'
Method 'SystemInt32CosmosIL2CPUSZArrayImpl1CosmosSystemNetworkIPv4TCPTcpIndexOfCosmosSystemNetworkIPv4TCPTcp', ID = '7171'
Method 'SystemVoidCosmosIL2CPUSZArrayImpl1CosmosSystemNetworkIPv4TCPTcpInsertSystemInt32CosmosSystemNetworkIPv4TCPTcp', ID = '7172'
Method 'SystemVoidCosmosIL2CPUSZArrayImpl1CosmosSystemNetworkIPv4TCPTcpRemoveAtSystemInt32', ID = '7173'
Method 'SystemBooleanCosmosIL2CPUSZArrayImpl1CosmosSystemNetworkIPv4TCPTcpget_IsFixedSize', ID = '7174'
Method 'SystemVoidCosmosIL2CPUSZArrayImpl1CosmosSystemNetworkIPv4TCPTcpRemoveCosmosSystemNetworkIPv4TCPTcp', ID = '7175'
Method 'SystemObjectCosmosIL2CPUSZArrayImpl1CosmosSystemNetworkIPv4TCPTcpget_SyncRoot', ID = '7176'
Method 'SystemBooleanCosmosIL2CPUSZArrayImpl1CosmosSystemNetworkIPv4TCPTcpget_IsSynchronized', ID = '7177'
Method 'SystemVoidSystemRandomThreadSafeRandomctor', ID = '7178'
Method 'SystemVoidCosmosSystem_PlugsSystemRandomImplcctor', ID = '7180'
Method 'SystemInt32SystemMathAbsSystemInt32', ID = '7181'
Method 'SystemVoidSystemCollectionsGenericList1CosmosHALPITPITTimerAddWithResizeCosmosHALPITPITTimer', ID = '7185'
Method 'CosmosSystemNetworkIPv4UDPDNSDNSQueryarrayInternalRuntimeCompilerServicesUnsafeAsCosmosSystemNetworkIPv4UDPDNSDNSQueryarraySystemObject', ID = '7187'
Method 'SystemVoidSystemSZGenericArrayEnumerator1CosmosSystemNetworkIPv4UDPDNSDNSQueryctorCosmosSystemNetworkIPv4UDPDNSDNSQueryarray', ID = '7188'
Method 'SystemInt32SystemArrayIndexOfCosmosSystemNetworkIPv4UDPDNSDNSQueryCosmosSystemNetworkIPv4UDPDNSDNSQueryarrayCosmosSystemNetworkIPv4UDPDNSDNSQuerySystemInt32SystemInt32', ID = '7191'
Method 'SystemCollectionsGenericIEnumerator1CosmosSystemNetworkIPv4UDPDNSDNSQueryCosmosIL2CPUSZArrayImpl1CosmosSystemNetworkIPv4UDPDNSDNSQueryGetEnumerator', ID = '7192'
Method 'SystemVoidCosmosIL2CPUSZArrayImpl1CosmosSystemNetworkIPv4UDPDNSDNSQueryCopyToCosmosSystemNetworkIPv4UDPDNSDNSQueryarraySystemInt32', ID = '7193'
Method 'SystemInt32CosmosIL2CPUSZArrayImpl1CosmosSystemNetworkIPv4UDPDNSDNSQueryget_Count', ID = '7194'
Method 'CosmosSystemNetworkIPv4UDPDNSDNSQueryCosmosIL2CPUSZArrayImpl1CosmosSystemNetworkIPv4UDPDNSDNSQueryget_ItemSystemInt32', ID = '7195'
Method 'SystemVoidCosmosIL2CPUSZArrayImpl1CosmosSystemNetworkIPv4UDPDNSDNSQueryset_ItemSystemInt32CosmosSystemNetworkIPv4UDPDNSDNSQuery', ID = '7196'
Method 'SystemVoidCosmosIL2CPUSZArrayImpl1CosmosSystemNetworkIPv4UDPDNSDNSQueryAddCosmosSystemNetworkIPv4UDPDNSDNSQuery', ID = '7197'
Method 'SystemBooleanCosmosIL2CPUSZArrayImpl1CosmosSystemNetworkIPv4UDPDNSDNSQueryContainsCosmosSystemNetworkIPv4UDPDNSDNSQuery', ID = '7198'
Method 'SystemBooleanCosmosIL2CPUSZArrayImpl1CosmosSystemNetworkIPv4UDPDNSDNSQueryget_IsReadOnly', ID = '7199'
Method 'SystemVoidCosmosIL2CPUSZArrayImpl1CosmosSystemNetworkIPv4UDPDNSDNSQueryClear', ID = '7200'
Method 'SystemInt32CosmosIL2CPUSZArrayImpl1CosmosSystemNetworkIPv4UDPDNSDNSQueryIndexOfCosmosSystemNetworkIPv4UDPDNSDNSQuery', ID = '7201'
Method 'SystemVoidCosmosIL2CPUSZArrayImpl1CosmosSystemNetworkIPv4UDPDNSDNSQueryInsertSystemInt32CosmosSystemNetworkIPv4UDPDNSDNSQuery', ID = '7202'
Method 'SystemVoidCosmosIL2CPUSZArrayImpl1CosmosSystemNetworkIPv4UDPDNSDNSQueryRemoveAtSystemInt32', ID = '7203'
Method 'SystemBooleanCosmosIL2CPUSZArrayImpl1CosmosSystemNetworkIPv4UDPDNSDNSQueryget_IsFixedSize', ID = '7204'
Method 'SystemVoidCosmosIL2CPUSZArrayImpl1CosmosSystemNetworkIPv4UDPDNSDNSQueryRemoveCosmosSystemNetworkIPv4UDPDNSDNSQuery', ID = '7205'
Method 'SystemObjectCosmosIL2CPUSZArrayImpl1CosmosSystemNetworkIPv4UDPDNSDNSQueryget_SyncRoot', ID = '7206'
Method 'SystemBooleanCosmosIL2CPUSZArrayImpl1CosmosSystemNetworkIPv4UDPDNSDNSQueryget_IsSynchronized', ID = '7207'
Method 'CosmosSystemNetworkIPv4UDPDNSDNSAnswerarrayInternalRuntimeCompilerServicesUnsafeAsCosmosSystemNetworkIPv4UDPDNSDNSAnswerarraySystemObject', ID = '7209'
Method 'SystemVoidSystemSZGenericArrayEnumerator1CosmosSystemNetworkIPv4UDPDNSDNSAnswerctorCosmosSystemNetworkIPv4UDPDNSDNSAnswerarray', ID = '7210'
Method 'SystemInt32SystemArrayIndexOfCosmosSystemNetworkIPv4UDPDNSDNSAnswerCosmosSystemNetworkIPv4UDPDNSDNSAnswerarrayCosmosSystemNetworkIPv4UDPDNSDNSAnswerSystemInt32SystemInt32', ID = '7213'
Method 'SystemCollectionsGenericIEnumerator1CosmosSystemNetworkIPv4UDPDNSDNSAnswerCosmosIL2CPUSZArrayImpl1CosmosSystemNetworkIPv4UDPDNSDNSAnswerGetEnumerator', ID = '7214'
Method 'SystemVoidCosmosIL2CPUSZArrayImpl1CosmosSystemNetworkIPv4UDPDNSDNSAnswerCopyToCosmosSystemNetworkIPv4UDPDNSDNSAnswerarraySystemInt32', ID = '7215'
Method 'SystemInt32CosmosIL2CPUSZArrayImpl1CosmosSystemNetworkIPv4UDPDNSDNSAnswerget_Count', ID = '7216'
Method 'CosmosSystemNetworkIPv4UDPDNSDNSAnswerCosmosIL2CPUSZArrayImpl1CosmosSystemNetworkIPv4UDPDNSDNSAnswerget_ItemSystemInt32', ID = '7217'
Method 'SystemVoidCosmosIL2CPUSZArrayImpl1CosmosSystemNetworkIPv4UDPDNSDNSAnswerset_ItemSystemInt32CosmosSystemNetworkIPv4UDPDNSDNSAnswer', ID = '7218'
Method 'SystemVoidCosmosIL2CPUSZArrayImpl1CosmosSystemNetworkIPv4UDPDNSDNSAnswerAddCosmosSystemNetworkIPv4UDPDNSDNSAnswer', ID = '7219'
Method 'SystemBooleanCosmosIL2CPUSZArrayImpl1CosmosSystemNetworkIPv4UDPDNSDNSAnswerContainsCosmosSystemNetworkIPv4UDPDNSDNSAnswer', ID = '7220'
Method 'SystemBooleanCosmosIL2CPUSZArrayImpl1CosmosSystemNetworkIPv4UDPDNSDNSAnswerget_IsReadOnly', ID = '7221'
Method 'SystemVoidCosmosIL2CPUSZArrayImpl1CosmosSystemNetworkIPv4UDPDNSDNSAnswerClear', ID = '7222'
Method 'SystemInt32CosmosIL2CPUSZArrayImpl1CosmosSystemNetworkIPv4UDPDNSDNSAnswerIndexOfCosmosSystemNetworkIPv4UDPDNSDNSAnswer', ID = '7223'
Method 'SystemVoidCosmosIL2CPUSZArrayImpl1CosmosSystemNetworkIPv4UDPDNSDNSAnswerInsertSystemInt32CosmosSystemNetworkIPv4UDPDNSDNSAnswer', ID = '7224'
Method 'SystemVoidCosmosIL2CPUSZArrayImpl1CosmosSystemNetworkIPv4UDPDNSDNSAnswerRemoveAtSystemInt32', ID = '7225'
Method 'SystemBooleanCosmosIL2CPUSZArrayImpl1CosmosSystemNetworkIPv4UDPDNSDNSAnswerget_IsFixedSize', ID = '7226'
Method 'SystemVoidCosmosIL2CPUSZArrayImpl1CosmosSystemNetworkIPv4UDPDNSDNSAnswerRemoveCosmosSystemNetworkIPv4UDPDNSDNSAnswer', ID = '7227'
Method 'SystemObjectCosmosIL2CPUSZArrayImpl1CosmosSystemNetworkIPv4UDPDNSDNSAnswerget_SyncRoot', ID = '7228'
Method 'SystemBooleanCosmosIL2CPUSZArrayImpl1CosmosSystemNetworkIPv4UDPDNSDNSAnswerget_IsSynchronized', ID = '7229'
Method 'CosmosSystemNetworkIPv4UDPUDPPacketarrayInternalRuntimeCompilerServicesUnsafeAsCosmosSystemNetworkIPv4UDPUDPPacketarraySystemObject', ID = '7231'
Method 'SystemVoidSystemSZGenericArrayEnumerator1CosmosSystemNetworkIPv4UDPUDPPacketctorCosmosSystemNetworkIPv4UDPUDPPacketarray', ID = '7232'
Method 'SystemInt32SystemArrayIndexOfCosmosSystemNetworkIPv4UDPUDPPacketCosmosSystemNetworkIPv4UDPUDPPacketarrayCosmosSystemNetworkIPv4UDPUDPPacketSystemInt32SystemInt32', ID = '7235'
Method 'SystemCollectionsGenericIEnumerator1CosmosSystemNetworkIPv4UDPUDPPacketCosmosIL2CPUSZArrayImpl1CosmosSystemNetworkIPv4UDPUDPPacketGetEnumerator', ID = '7236'
Method 'SystemVoidCosmosIL2CPUSZArrayImpl1CosmosSystemNetworkIPv4UDPUDPPacketCopyToCosmosSystemNetworkIPv4UDPUDPPacketarraySystemInt32', ID = '7237'
Method 'SystemInt32CosmosIL2CPUSZArrayImpl1CosmosSystemNetworkIPv4UDPUDPPacketget_Count', ID = '7238'
Method 'CosmosSystemNetworkIPv4UDPUDPPacketCosmosIL2CPUSZArrayImpl1CosmosSystemNetworkIPv4UDPUDPPacketget_ItemSystemInt32', ID = '7239'
Method 'SystemVoidCosmosIL2CPUSZArrayImpl1CosmosSystemNetworkIPv4UDPUDPPacketset_ItemSystemInt32CosmosSystemNetworkIPv4UDPUDPPacket', ID = '7240'
Method 'SystemVoidCosmosIL2CPUSZArrayImpl1CosmosSystemNetworkIPv4UDPUDPPacketAddCosmosSystemNetworkIPv4UDPUDPPacket', ID = '7241'
Method 'SystemBooleanCosmosIL2CPUSZArrayImpl1CosmosSystemNetworkIPv4UDPUDPPacketContainsCosmosSystemNetworkIPv4UDPUDPPacket', ID = '7242'
Method 'SystemBooleanCosmosIL2CPUSZArrayImpl1CosmosSystemNetworkIPv4UDPUDPPacketget_IsReadOnly', ID = '7243'
Method 'SystemVoidCosmosIL2CPUSZArrayImpl1CosmosSystemNetworkIPv4UDPUDPPacketClear', ID = '7244'
Method 'SystemInt32CosmosIL2CPUSZArrayImpl1CosmosSystemNetworkIPv4UDPUDPPacketIndexOfCosmosSystemNetworkIPv4UDPUDPPacket', ID = '7245'
Method 'SystemVoidCosmosIL2CPUSZArrayImpl1CosmosSystemNetworkIPv4UDPUDPPacketInsertSystemInt32CosmosSystemNetworkIPv4UDPUDPPacket', ID = '7246'
Method 'SystemVoidCosmosIL2CPUSZArrayImpl1CosmosSystemNetworkIPv4UDPUDPPacketRemoveAtSystemInt32', ID = '7247'
Method 'SystemBooleanCosmosIL2CPUSZArrayImpl1CosmosSystemNetworkIPv4UDPUDPPacketget_IsFixedSize', ID = '7248'
Method 'SystemVoidCosmosIL2CPUSZArrayImpl1CosmosSystemNetworkIPv4UDPUDPPacketRemoveCosmosSystemNetworkIPv4UDPUDPPacket', ID = '7249'
Method 'SystemObjectCosmosIL2CPUSZArrayImpl1CosmosSystemNetworkIPv4UDPUDPPacketget_SyncRoot', ID = '7250'
Method 'SystemBooleanCosmosIL2CPUSZArrayImpl1CosmosSystemNetworkIPv4UDPUDPPacketget_IsSynchronized', ID = '7251'
Method 'SystemInt32SystemCollectionsGenericDictionary2SystemUInt32CosmosSystemNetworkIPv4UDPUdpClientInitializeSystemInt32', ID = '7253'
Method 'SystemCollectionsGenericDictionary2EntrySystemUInt32CosmosSystemNetworkIPv4UDPUdpClientarrayInternalRuntimeCompilerServicesUnsafeAsSystemCollectionsGenericDictionary2En5122433825438C71C68673F08A23E358', ID = '7255'
Method 'SystemVoidSystemSZGenericArrayEnumerator1SystemCollectionsGenericDictionary2EntrySystemUInt32CosmosSystemNetworkIPv4UDPUdpClientctorSystemCollectionsGenericDictionary2E82CA18080BEDBEBDBB0838745604EFAA', ID = '7256'
Method 'SystemInt32SystemArrayIndexOfSystemCollectionsGenericDictionary2EntrySystemUInt32CosmosSystemNetworkIPv4UDPUdpClientSystemCollectionsGenericDictionary2EntrySystemUInt32BD15460D85560742662B157D6C206E1E', ID = '7259'
Method 'SystemCollectionsGenericIEnumerator1SystemCollectionsGenericDictionary2EntrySystemUInt32CosmosSystemNetworkIPv4UDPUdpClientCosmosIL2CPUSZArrayImpl1SystemCollectionsGeneC4ABBCAF72F78E6874702F0A8AD40F17', ID = '7260'
Method 'SystemVoidCosmosIL2CPUSZArrayImpl1SystemCollectionsGenericDictionary2EntrySystemUInt32CosmosSystemNetworkIPv4UDPUdpClientCopyToSystemCollectionsGenericDictionary2EntrySB5D2345927898BDC7D095676A0F70A9A', ID = '7261'
Method 'SystemInt32CosmosIL2CPUSZArrayImpl1SystemCollectionsGenericDictionary2EntrySystemUInt32CosmosSystemNetworkIPv4UDPUdpClientget_Count', ID = '7262'
Method 'SystemCollectionsGenericDictionary2EntrySystemUInt32CosmosSystemNetworkIPv4UDPUdpClientCosmosIL2CPUSZArrayImpl1SystemCollectionsGenericDictionary2EntrySystemUInt32Cosmo5644625E2081F9555F1780E8B4A9F72A', ID = '7263'
Method 'SystemVoidCosmosIL2CPUSZArrayImpl1SystemCollectionsGenericDictionary2EntrySystemUInt32CosmosSystemNetworkIPv4UDPUdpClientset_ItemSystemInt32SystemCollectionsGenericDict61CF6EB592D159FEEF143A2D19CAA1F9', ID = '7264'
Method 'SystemVoidCosmosIL2CPUSZArrayImpl1SystemCollectionsGenericDictionary2EntrySystemUInt32CosmosSystemNetworkIPv4UDPUdpClientAddSystemCollectionsGenericDictionary2EntrySyst3CB3A1E0B7CDFDB78DC93EC585614990', ID = '7265'
Method 'SystemBooleanCosmosIL2CPUSZArrayImpl1SystemCollectionsGenericDictionary2EntrySystemUInt32CosmosSystemNetworkIPv4UDPUdpClientContainsSystemCollectionsGenericDictionary2EA4EDBE06025B9ED4D1D2B0F8BE2FF442', ID = '7266'
Method 'SystemBooleanCosmosIL2CPUSZArrayImpl1SystemCollectionsGenericDictionary2EntrySystemUInt32CosmosSystemNetworkIPv4UDPUdpClientget_IsReadOnly', ID = '7267'
Method 'SystemVoidCosmosIL2CPUSZArrayImpl1SystemCollectionsGenericDictionary2EntrySystemUInt32CosmosSystemNetworkIPv4UDPUdpClientClear', ID = '7268'
Method 'SystemInt32CosmosIL2CPUSZArrayImpl1SystemCollectionsGenericDictionary2EntrySystemUInt32CosmosSystemNetworkIPv4UDPUdpClientIndexOfSystemCollectionsGenericDictionary2Entr30F8F587750061ADA86466C33F292EA4', ID = '7269'
Method 'SystemVoidCosmosIL2CPUSZArrayImpl1SystemCollectionsGenericDictionary2EntrySystemUInt32CosmosSystemNetworkIPv4UDPUdpClientInsertSystemInt32SystemCollectionsGenericDictio7BBCC97920FF8C0B1AA07A8FFFDD5C91', ID = '7270'
Method 'SystemVoidCosmosIL2CPUSZArrayImpl1SystemCollectionsGenericDictionary2EntrySystemUInt32CosmosSystemNetworkIPv4UDPUdpClientRemoveAtSystemInt32', ID = '7271'
Method 'SystemBooleanCosmosIL2CPUSZArrayImpl1SystemCollectionsGenericDictionary2EntrySystemUInt32CosmosSystemNetworkIPv4UDPUdpClientget_IsFixedSize', ID = '7272'
Method 'SystemVoidCosmosIL2CPUSZArrayImpl1SystemCollectionsGenericDictionary2EntrySystemUInt32CosmosSystemNetworkIPv4UDPUdpClientRemoveSystemCollectionsGenericDictionary2EntryS1F0992A094D1EB49A706FD365F0E45C0', ID = '7273'
Method 'SystemObjectCosmosIL2CPUSZArrayImpl1SystemCollectionsGenericDictionary2EntrySystemUInt32CosmosSystemNetworkIPv4UDPUdpClientget_SyncRoot', ID = '7274'
Method 'SystemBooleanCosmosIL2CPUSZArrayImpl1SystemCollectionsGenericDictionary2EntrySystemUInt32CosmosSystemNetworkIPv4UDPUdpClientget_IsSynchronized', ID = '7275'
Method 'SystemCollectionsGenericIEnumerator1SystemCollectionsGenericKeyValuePair2SystemUInt32CosmosSystemNetworkIPv4UDPUdpClientSystemSZArrayHelperGetEnumeratorSystemCollectionDB543A937C797D0B6FD884AE424DBEBC', ID = '7277'
Method 'SystemVoidSystemSZArrayHelperCopyToSystemCollectionsGenericKeyValuePair2SystemUInt32CosmosSystemNetworkIPv4UDPUdpClientSystemCollectionsGenericKeyValuePair2SystemUInt327E09E77547AE84B5D143481F36C87A7B', ID = '7278'
Method 'SystemInt32SystemSZArrayHelperget_CountSystemCollectionsGenericKeyValuePair2SystemUInt32CosmosSystemNetworkIPv4UDPUdpClient', ID = '7279'
Method 'SystemCollectionsGenericKeyValuePair2SystemUInt32CosmosSystemNetworkIPv4UDPUdpClientSystemSZArrayHelperget_ItemSystemCollectionsGenericKeyValuePair2SystemUInt32CosmosSy89419743BBEA6A30A1D948D9BA13065C', ID = '7280'
Method 'SystemVoidSystemSZArrayHelperset_ItemSystemCollectionsGenericKeyValuePair2SystemUInt32CosmosSystemNetworkIPv4UDPUdpClientSystemInt32SystemCollectionsGenericKeyValuePair182399CDB36C327F413E89C7540DB22A', ID = '7281'
Method 'SystemVoidSystemSZArrayHelperAddSystemCollectionsGenericKeyValuePair2SystemUInt32CosmosSystemNetworkIPv4UDPUdpClientSystemCollectionsGenericKeyValuePair2SystemUInt32CosmosSystemNetworkIPv4UDPUdpClient', ID = '7282'
Method 'SystemBooleanSystemSZArrayHelperContainsSystemCollectionsGenericKeyValuePair2SystemUInt32CosmosSystemNetworkIPv4UDPUdpClientSystemCollectionsGenericKeyValuePair2SystemUB3A08B81961CA1EEAD2A0377D2D26819', ID = '7283'
Method 'SystemBooleanSystemSZArrayHelperget_IsReadOnlySystemCollectionsGenericKeyValuePair2SystemUInt32CosmosSystemNetworkIPv4UDPUdpClient', ID = '7284'
Method 'SystemVoidSystemSZArrayHelperClearSystemCollectionsGenericKeyValuePair2SystemUInt32CosmosSystemNetworkIPv4UDPUdpClient', ID = '7285'
Method 'SystemInt32SystemSZArrayHelperIndexOfSystemCollectionsGenericKeyValuePair2SystemUInt32CosmosSystemNetworkIPv4UDPUdpClientSystemCollectionsGenericKeyValuePair2SystemUInt6047ED4C00648D0623CDE2148C84F47C', ID = '7286'
Method 'SystemVoidSystemSZArrayHelperInsertSystemCollectionsGenericKeyValuePair2SystemUInt32CosmosSystemNetworkIPv4UDPUdpClientSystemInt32SystemCollectionsGenericKeyValuePair2S0C56F9CAF0176215B23E4A815FD2BDF9', ID = '7287'
Method 'SystemBooleanSystemSZArrayHelperRemoveSystemCollectionsGenericKeyValuePair2SystemUInt32CosmosSystemNetworkIPv4UDPUdpClientSystemCollectionsGenericKeyValuePair2SystemUInDB7BEA468B4F26CD1D3A98323982DFF2', ID = '7288'
Method 'SystemVoidSystemSZArrayHelperRemoveAtSystemCollectionsGenericKeyValuePair2SystemUInt32CosmosSystemNetworkIPv4UDPUdpClientSystemInt32', ID = '7289'
Method 'SystemVoidSystemSZGenericArrayEnumerator1CosmosSystemNetworkIPv4UDPDHCPDHCPOptioncctor', ID = '7293'
Method 'SystemVoidSystemSZGenericArrayEnumerator1CosmosSystemNetworkIPv4UDPDHCPDHCPOptionDispose', ID = '7294'
Method 'SystemBooleanSystemSZGenericArrayEnumerator1CosmosSystemNetworkIPv4UDPDHCPDHCPOptionMoveNext', ID = '7295'
Method 'SystemBooleanSystemRuntimeCompilerServicesRuntimeHelpersIsBitwiseEquatableCosmosSystemNetworkIPv4UDPDHCPDHCPOption', ID = '7296'
Method 'SystemInt32InternalRuntimeCompilerServicesUnsafeSizeOfCosmosSystemNetworkIPv4UDPDHCPDHCPOption', ID = '7297'
Method 'SystemByteInternalRuntimeCompilerServicesUnsafeAsCosmosSystemNetworkIPv4UDPDHCPDHCPOptionSystemByteCosmosSystemNetworkIPv4UDPDHCPDHCPOption', ID = '7298'
Method 'SystemCharInternalRuntimeCompilerServicesUnsafeAsCosmosSystemNetworkIPv4UDPDHCPDHCPOptionSystemCharCosmosSystemNetworkIPv4UDPDHCPDHCPOption', ID = '7299'
Method 'SystemInt32InternalRuntimeCompilerServicesUnsafeAsCosmosSystemNetworkIPv4UDPDHCPDHCPOptionSystemInt32CosmosSystemNetworkIPv4UDPDHCPDHCPOption', ID = '7300'
Method 'SystemInt64InternalRuntimeCompilerServicesUnsafeAsCosmosSystemNetworkIPv4UDPDHCPDHCPOptionSystemInt64CosmosSystemNetworkIPv4UDPDHCPDHCPOption', ID = '7301'
Method 'SystemCollectionsGenericEqualityComparer1CosmosSystemNetworkIPv4UDPDHCPDHCPOptionSystemCollectionsGenericEqualityComparer1CosmosSystemNetworkIPv4UDPDHCPDHCPOptionget_Default', ID = '7302'
Method 'SystemInt32SystemCollectionsGenericEqualityComparer1CosmosSystemNetworkIPv4UDPDHCPDHCPOptionIndexOfCosmosSystemNetworkIPv4UDPDHCPDHCPOptionarrayCosmosSystemNetworkIPv4UDAD264241085D27E1FEB231B5345E13D', ID = '7303'
Method 'SystemVoidCosmosIL2CPUSZArrayImpl1GetEnumeratord__0CosmosSystemNetworkIPv4UDPDHCPDHCPOptionctorSystemInt32', ID = '7304'
Method 'SystemVoidSystemCollectionsGenericEqualityComparer1SystemCollectionsGenericDictionary2EntrySystemUInt32CosmosHALNetworkMACAddresscctor', ID = '7306'
Method 'SystemVoidSystemSZGenericArrayEnumerator1CosmosHALNetworkMACAddresscctor', ID = '7308'
Method 'SystemVoidSystemSZGenericArrayEnumerator1CosmosHALNetworkMACAddressDispose', ID = '7309'
Method 'SystemBooleanSystemSZGenericArrayEnumerator1CosmosHALNetworkMACAddressMoveNext', ID = '7310'
Method 'SystemBooleanSystemRuntimeCompilerServicesRuntimeHelpersIsBitwiseEquatableCosmosHALNetworkMACAddress', ID = '7311'
Method 'SystemInt32InternalRuntimeCompilerServicesUnsafeSizeOfCosmosHALNetworkMACAddress', ID = '7312'
Method 'SystemByteInternalRuntimeCompilerServicesUnsafeAsCosmosHALNetworkMACAddressSystemByteCosmosHALNetworkMACAddress', ID = '7313'
Method 'SystemCharInternalRuntimeCompilerServicesUnsafeAsCosmosHALNetworkMACAddressSystemCharCosmosHALNetworkMACAddress', ID = '7314'
Method 'SystemInt32InternalRuntimeCompilerServicesUnsafeAsCosmosHALNetworkMACAddressSystemInt32CosmosHALNetworkMACAddress', ID = '7315'
Method 'SystemInt64InternalRuntimeCompilerServicesUnsafeAsCosmosHALNetworkMACAddressSystemInt64CosmosHALNetworkMACAddress', ID = '7316'
Method 'SystemCollectionsGenericEqualityComparer1CosmosHALNetworkMACAddressSystemCollectionsGenericEqualityComparer1CosmosHALNetworkMACAddressget_Default', ID = '7317'
Method 'SystemInt32SystemCollectionsGenericEqualityComparer1CosmosHALNetworkMACAddressIndexOfCosmosHALNetworkMACAddressarrayCosmosHALNetworkMACAddressSystemInt32SystemInt32', ID = '7318'
Method 'SystemVoidCosmosIL2CPUSZArrayImpl1GetEnumeratord__0CosmosHALNetworkMACAddressctorSystemInt32', ID = '7319'
Method 'SystemUInt32SystemCollectionsGenericKeyValuePair2SystemUInt32CosmosHALNetworkMACAddressget_Key', ID = '7321'
Method 'CosmosHALNetworkMACAddressSystemCollectionsGenericKeyValuePair2SystemUInt32CosmosHALNetworkMACAddressget_Value', ID = '7322'
Method 'SystemVoidCosmosIL2CPUSZArrayImpl1GetEnumeratord__0SystemCollectionsGenericKeyValuePair2SystemUInt32CosmosHALNetworkMACAddressSystemIDisposableDispose', ID = '7327'
Method 'SystemBooleanCosmosIL2CPUSZArrayImpl1GetEnumeratord__0SystemCollectionsGenericKeyValuePair2SystemUInt32CosmosHALNetworkMACAddressMoveNext', ID = '7328'
Method 'SystemTextEncoderFallbackSystemTextEncoderFallbackget_ExceptionFallback', ID = '7329'
Method 'SystemTextDecoderFallbackSystemTextDecoderFallbackget_ExceptionFallback', ID = '7330'
Method 'SystemVoidSystemTextEncoderReplacementFallbackctorSystemString', ID = '7331'
Method 'SystemVoidSystemTextDecoderReplacementFallbackctorSystemString', ID = '7332'
Method 'SystemNumericsVector1SystemUInt16SystemNumericsVector1SystemUInt16LessThanOrEqualSystemNumericsVector1SystemUInt16SystemNumericsVector1SystemUInt16', ID = '7337'
Method 'SystemNumericsVector1SystemInt32SystemNumericsVector1SystemInt32get_AllBitsSet', ID = '7338'
Method 'SystemStringSystemRuntimeIntrinsicsVector1281SystemUInt64ToString', ID = '7340'
Method 'SystemBooleanSystemRuntimeIntrinsicsVector1281SystemUInt64EqualsSystemObject', ID = '7341'
Method 'SystemInt32SystemRuntimeIntrinsicsVector1281SystemUInt64GetHashCode', ID = '7342'
Method 'SystemRuntimeIntrinsicsVector1281SystemByteInternalRuntimeCompilerServicesUnsafeAsSystemRuntimeIntrinsicsVector1281SystemUInt64SystemRuntimeIntrinsicsVector1281SystemBy8A0863D28F7C25B5F26F92A27244EA62', ID = '7344'
Method 'SystemStringSystemRuntimeIntrinsicsVector1281SystemInt16ToString', ID = '7346'
Method 'SystemBooleanSystemRuntimeIntrinsicsVector1281SystemInt16EqualsSystemObject', ID = '7347'
Method 'SystemInt32SystemRuntimeIntrinsicsVector1281SystemInt16GetHashCode', ID = '7348'
Method 'SystemVoidSystemThrowHelperThrowForUnsupportedIntrinsicsVectorBaseTypeSystemInt16', ID = '7350'
Method 'SystemRuntimeIntrinsicsVector1281SystemInt16InternalRuntimeCompilerServicesUnsafeAsSystemRuntimeIntrinsicsVector1281SystemUInt16SystemRuntimeIntrinsicsVector1281SystemI1F70998B0FDD942175EAB14BAD31D43C', ID = '7351'
Method 'SystemRuntimeIntrinsicsVector1281SystemByteInternalRuntimeCompilerServicesUnsafeAsSystemRuntimeIntrinsicsVector1281SystemInt16SystemRuntimeIntrinsicsVector1281SystemByt562168870D16589447785389E93206EC', ID = '7352'
Method 'SystemBooleanSystemNumericsVector1SystemUInt16ScalarGreaterThanOrEqualSystemUInt16SystemUInt16', ID = '7353'
Method 'SystemStringSystemNumericsVector1SystemUIntPtrToString', ID = '7354'
Method 'SystemBooleanSystemNumericsVector1SystemUIntPtrEqualsSystemObject', ID = '7355'
Method 'SystemInt32SystemNumericsVector1SystemUIntPtrGetHashCode', ID = '7356'
Method 'SystemStringSystemNumericsVector1SystemUIntPtrToStringSystemStringSystemIFormatProvider', ID = '7357'
Method 'SystemNumericsVector1SystemUIntPtrInternalRuntimeCompilerServicesUnsafeAsRefSystemNumericsVector1SystemUIntPtrSystemNumericsVector1SystemUIntPtr', ID = '7360'
Method 'SystemUIntPtrInternalRuntimeCompilerServicesUnsafeAsSystemNumericsVector1SystemUIntPtrSystemUIntPtrSystemNumericsVector1SystemUIntPtr', ID = '7361'
Method 'SystemUIntPtrInternalRuntimeCompilerServicesUnsafeAddSystemUIntPtrSystemUIntPtrSystemIntPtr', ID = '7362'
Method 'SystemBooleanSystemNumericsVector1SystemUInt16ScalarLessThanSystemUInt16SystemUInt16', ID = '7363'
Method 'SystemNumericsVector1SystemUInt16SystemNumericsVector1SystemUInt16get_AllBitsSet', ID = '7364'
Method 'SystemNumericsVector1SystemUInt16SystemNumericsVector1SystemUInt16op_ExclusiveOrSystemNumericsVector1SystemUInt16SystemNumericsVector1SystemUInt16', ID = '7365'
Method 'SystemVoidSystemTextEncoderReplacementFallbackBufferctorSystemTextEncoderReplacementFallback', ID = '7366'
Method 'SystemBooleanSystemTextRuneget_IsBmp', ID = '7367'
Method 'SystemVoidSystemTextUnicodeUtilityGetUtf16SurrogatesFromSupplementaryPlaneScalarSystemUInt32SystemCharSystemChar', ID = '7368'
Method 'SystemStringSystemStringCreateFromCharSystemCharSystemChar', ID = '7369'
Method 'SystemBooleanSystemTextRuneEqualsSystemTextRune', ID = '7370'
Method 'SystemBooleanSystemTextRuneTryEncodeToUtf16SystemSpan1SystemCharSystemInt32', ID = '7371'
Method 'SystemVoidSystemTextRunectorSystemUInt32SystemBoolean', ID = '7372'
Method 'SystemBooleanSystemTextASCIIEncodingTryGetByteCountSystemTextRuneSystemInt32', ID = '7373'
Method 'SystemBooleanSystemTextUTF8EncodingTryGetByteCountSystemTextRuneSystemInt32', ID = '7374'
Method 'SystemStringSystemPrivateCoreLibSystemSRget_Argument_RecursiveFallback', ID = '7375'
Method 'SystemStringSystemPrivateCoreLibSystemSRget_Argument_InvalidCharSequenceNoIndex', ID = '7377'
Method 'SystemRuntimeIntrinsicsVector1281SystemUInt16SystemRuntimeIntrinsicsVector128AsSystemInt16SystemUInt16SystemRuntimeIntrinsicsVector1281SystemInt16', ID = '7379'
Method 'SystemBooleanSystemNumericsVector1SystemUInt16ScalarGreaterThanSystemUInt16SystemUInt16', ID = '7380'
Method 'SystemNumericsVector1SystemInt32InternalRuntimeCompilerServicesUnsafeAsSystemNumericsVector1SystemUInt16SystemNumericsVector1SystemInt32SystemNumericsVector1SystemUInt16', ID = '7382'
Method 'SystemVoidSystemThrowHelperThrowForUnsupportedNumericsVectorBaseTypeSystemInt32', ID = '7383'
Method 'SystemBooleanSystemNumericsVector1SystemInt32op_EqualitySystemNumericsVector1SystemInt32SystemNumericsVector1SystemInt32', ID = '7384'
Method 'SystemRuntimeIntrinsicsVector1281SystemInt16InternalRuntimeCompilerServicesUnsafeAsRefSystemRuntimeIntrinsicsVector1281SystemInt16SystemVoidpointer', ID = '7387'
Method 'SystemRuntimeIntrinsicsVector1281SystemUInt64InternalRuntimeCompilerServicesUnsafeAsSystemRuntimeIntrinsicsVector1281SystemByteSystemRuntimeIntrinsicsVector1281SystemUIA7FFABDD6BB05D53ACE2EC593BEE2D71', ID = '7388'
Method 'SystemRuntimeIntrinsicsVector1281SystemInt16InternalRuntimeCompilerServicesUnsafeAsSystemRuntimeIntrinsicsVector1281SystemUInt64SystemRuntimeIntrinsicsVector1281SystemI8E6460461BF6EC57ECF081C92931527A', ID = '7390'
Method 'SystemStringSystemRuntimeIntrinsicsVector1281SystemUInt32ToString', ID = '7391'
Method 'SystemBooleanSystemRuntimeIntrinsicsVector1281SystemUInt32EqualsSystemObject', ID = '7392'
Method 'SystemInt32SystemRuntimeIntrinsicsVector1281SystemUInt32GetHashCode', ID = '7393'
Method 'SystemVoidSystemThrowHelperThrowForUnsupportedIntrinsicsVectorBaseTypeSystemUInt32', ID = '7395'
Method 'SystemRuntimeIntrinsicsVector1281SystemUInt32InternalRuntimeCompilerServicesUnsafeAsSystemRuntimeIntrinsicsVector1281SystemByteSystemRuntimeIntrinsicsVector1281SystemUIC6E521C9C0FD89A6A87DE01474538F1E', ID = '7396'
Method 'SystemRuntimeIntrinsicsVector1281SystemUInt64InternalRuntimeCompilerServicesUnsafeAsSystemRuntimeIntrinsicsVector1281SystemInt16SystemRuntimeIntrinsicsVector1281SystemUE0A4CEFD037217A16BCE1AB5B954D47C', ID = '7397'
Method 'SystemUInt32SystemNumericsBitOperationsRotateRightSystemUInt32SystemInt32', ID = '7399'
Method 'SystemBooleanSystemTextUnicodeUtilityIsAsciiCodePointSystemUInt32', ID = '7400'
Method 'SystemBooleanSystemTextRuneTryEncodeToUtf8SystemTextRuneSystemSpan1SystemByteSystemInt32', ID = '7401'
Method 'SystemInt32SystemTextUnicodeUtilityGetUtf16SequenceLengthSystemUInt32', ID = '7402'
Method 'SystemVoidSystemTextEncodingGetDataItem', ID = '7403'
Method 'SystemStringSystemTextCodePageDataItemget_DisplayName', ID = '7404'
Method 'SystemVoidSystemApplicationExceptionctorSystemStringSystemException', ID = '7406'
Method 'SystemBooleanSystemGlobalizationCompareInfoStartsWithCoreSystemReadOnlySpan1SystemCharSystemReadOnlySpan1SystemCharSystemGlobalizationCompareOptionsSystemInt32pointer', ID = '7408'
Method 'SystemVoidSystemGlobalizationCompareInfoThrowCompareOptionsCheckFailedSystemGlobalizationCompareOptions', ID = '7409'
Method 'SystemBooleanSystemSpanHelpersSequenceEqualSystemByteSystemByteSystemUIntPtr', ID = '7410'
Method 'SystemBooleanSystemSpanHelpersSequenceEqualSystemCharSystemCharSystemCharSystemInt32', ID = '7411'
Method 'SystemCollectionsGenericDictionary2EntrySystemStringSystemReflectionAssemblyarrayInternalRuntimeCompilerServicesUnsafeAsSystemCollectionsGenericDictionary2EntrySystemSt9985CBADB571AD0294F5942C5CE3FEF4', ID = '7414'
Method 'SystemVoidSystemSZGenericArrayEnumerator1SystemCollectionsGenericDictionary2EntrySystemStringSystemReflectionAssemblyctorSystemCollectionsGenericDictionary2EntrySystemS1943722C3842154932DB9DDC93667B57', ID = '7415'
Method 'SystemInt32SystemArrayIndexOfSystemCollectionsGenericDictionary2EntrySystemStringSystemReflectionAssemblySystemCollectionsGenericDictionary2EntrySystemStringSystemRefle3C1BC36A390E247D5605A287584160E7', ID = '7418'
Method 'SystemCollectionsGenericIEnumerator1SystemCollectionsGenericDictionary2EntrySystemStringSystemReflectionAssemblyCosmosIL2CPUSZArrayImpl1SystemCollectionsGenericDictiona26BAFFC144B73AABF407F724C9F9860C', ID = '7419'
Method 'SystemVoidCosmosIL2CPUSZArrayImpl1SystemCollectionsGenericDictionary2EntrySystemStringSystemReflectionAssemblyCopyToSystemCollectionsGenericDictionary2EntrySystemStringA667AEADF054527D52A2B0B88A8E6971', ID = '7420'
Method 'SystemInt32CosmosIL2CPUSZArrayImpl1SystemCollectionsGenericDictionary2EntrySystemStringSystemReflectionAssemblyget_Count', ID = '7421'
Method 'SystemCollectionsGenericDictionary2EntrySystemStringSystemReflectionAssemblyCosmosIL2CPUSZArrayImpl1SystemCollectionsGenericDictionary2EntrySystemStringSystemReflectionAssemblyget_ItemSystemInt32', ID = '7422'
Method 'SystemVoidCosmosIL2CPUSZArrayImpl1SystemCollectionsGenericDictionary2EntrySystemStringSystemReflectionAssemblyset_ItemSystemInt32SystemCollectionsGenericDictionary2Entr12F992EB9C7BA8708B7449685E25099D', ID = '7423'
Method 'SystemVoidCosmosIL2CPUSZArrayImpl1SystemCollectionsGenericDictionary2EntrySystemStringSystemReflectionAssemblyAddSystemCollectionsGenericDictionary2EntrySystemStringSystemReflectionAssembly', ID = '7424'
Method 'SystemBooleanCosmosIL2CPUSZArrayImpl1SystemCollectionsGenericDictionary2EntrySystemStringSystemReflectionAssemblyContainsSystemCollectionsGenericDictionary2EntrySystemStringSystemReflectionAssembly', ID = '7425'
Method 'SystemBooleanCosmosIL2CPUSZArrayImpl1SystemCollectionsGenericDictionary2EntrySystemStringSystemReflectionAssemblyget_IsReadOnly', ID = '7426'
Method 'SystemVoidCosmosIL2CPUSZArrayImpl1SystemCollectionsGenericDictionary2EntrySystemStringSystemReflectionAssemblyClear', ID = '7427'
Method 'SystemInt32CosmosIL2CPUSZArrayImpl1SystemCollectionsGenericDictionary2EntrySystemStringSystemReflectionAssemblyIndexOfSystemCollectionsGenericDictionary2EntrySystemStringSystemReflectionAssembly', ID = '7428'
Method 'SystemVoidCosmosIL2CPUSZArrayImpl1SystemCollectionsGenericDictionary2EntrySystemStringSystemReflectionAssemblyInsertSystemInt32SystemCollectionsGenericDictionary2EntrySC7F087C6CB275FE068C49E755BD55E4A', ID = '7429'
Method 'SystemVoidCosmosIL2CPUSZArrayImpl1SystemCollectionsGenericDictionary2EntrySystemStringSystemReflectionAssemblyRemoveAtSystemInt32', ID = '7430'
Method 'SystemBooleanCosmosIL2CPUSZArrayImpl1SystemCollectionsGenericDictionary2EntrySystemStringSystemReflectionAssemblyget_IsFixedSize', ID = '7431'
Method 'SystemVoidCosmosIL2CPUSZArrayImpl1SystemCollectionsGenericDictionary2EntrySystemStringSystemReflectionAssemblyRemoveSystemCollectionsGenericDictionary2EntrySystemStringSystemReflectionAssembly', ID = '7432'
Method 'SystemObjectCosmosIL2CPUSZArrayImpl1SystemCollectionsGenericDictionary2EntrySystemStringSystemReflectionAssemblyget_SyncRoot', ID = '7433'
Method 'SystemBooleanCosmosIL2CPUSZArrayImpl1SystemCollectionsGenericDictionary2EntrySystemStringSystemReflectionAssemblyget_IsSynchronized', ID = '7434'
Method 'SystemCollectionsGenericIEnumerator1SystemCollectionsGenericKeyValuePair2SystemStringSystemReflectionAssemblySystemSZArrayHelperGetEnumeratorSystemCollectionsGenericKeyF97CDF5A3009B566812E867FB1951296', ID = '7436'
Method 'SystemVoidSystemSZArrayHelperCopyToSystemCollectionsGenericKeyValuePair2SystemStringSystemReflectionAssemblySystemCollectionsGenericKeyValuePair2SystemStringSystemReflectionAssemblyarraySystemInt32', ID = '7437'
Method 'SystemInt32SystemSZArrayHelperget_CountSystemCollectionsGenericKeyValuePair2SystemStringSystemReflectionAssembly', ID = '7438'
Method 'SystemCollectionsGenericKeyValuePair2SystemStringSystemReflectionAssemblySystemSZArrayHelperget_ItemSystemCollectionsGenericKeyValuePair2SystemStringSystemReflectionAssemblySystemInt32', ID = '7439'
Method 'SystemVoidSystemSZArrayHelperset_ItemSystemCollectionsGenericKeyValuePair2SystemStringSystemReflectionAssemblySystemInt32SystemCollectionsGenericKeyValuePair2SystemStringSystemReflectionAssembly', ID = '7440'
Method 'SystemVoidSystemSZArrayHelperAddSystemCollectionsGenericKeyValuePair2SystemStringSystemReflectionAssemblySystemCollectionsGenericKeyValuePair2SystemStringSystemReflectionAssembly', ID = '7441'
Method 'SystemBooleanSystemSZArrayHelperContainsSystemCollectionsGenericKeyValuePair2SystemStringSystemReflectionAssemblySystemCollectionsGenericKeyValuePair2SystemStringSystemReflectionAssembly', ID = '7442'
Method 'SystemBooleanSystemSZArrayHelperget_IsReadOnlySystemCollectionsGenericKeyValuePair2SystemStringSystemReflectionAssembly', ID = '7443'
Method 'SystemVoidSystemSZArrayHelperClearSystemCollectionsGenericKeyValuePair2SystemStringSystemReflectionAssembly', ID = '7444'
Method 'SystemInt32SystemSZArrayHelperIndexOfSystemCollectionsGenericKeyValuePair2SystemStringSystemReflectionAssemblySystemCollectionsGenericKeyValuePair2SystemStringSystemReflectionAssembly', ID = '7445'
Method 'SystemVoidSystemSZArrayHelperInsertSystemCollectionsGenericKeyValuePair2SystemStringSystemReflectionAssemblySystemInt32SystemCollectionsGenericKeyValuePair2SystemStringSystemReflectionAssembly', ID = '7446'
Method 'SystemBooleanSystemSZArrayHelperRemoveSystemCollectionsGenericKeyValuePair2SystemStringSystemReflectionAssemblySystemCollectionsGenericKeyValuePair2SystemStringSystemReflectionAssembly', ID = '7447'
Method 'SystemVoidSystemSZArrayHelperRemoveAtSystemCollectionsGenericKeyValuePair2SystemStringSystemReflectionAssemblySystemInt32', ID = '7448'
Method 'SystemSingleInternalRuntimeCompilerServicesUnsafeAddSystemSingleSystemSingleSystemInt32', ID = '7452'
Method 'SystemRuntimeIntrinsicsVector1281SystemSingleSystemRuntimeIntrinsicsVector128AsSingleSystemSingleSystemRuntimeIntrinsicsVector1281SystemSingle', ID = '7453'
Method 'SystemRuntimeIntrinsicsVector1281SystemDoubleSystemRuntimeIntrinsicsVector128AsDoubleSystemSingleSystemRuntimeIntrinsicsVector1281SystemSingle', ID = '7454'
Method 'SystemRuntimeIntrinsicsVector1281SystemByteSystemRuntimeIntrinsicsVector128AsByteSystemSingleSystemRuntimeIntrinsicsVector1281SystemSingle', ID = '7455'
Method 'SystemBooleanSystemRuntimeIntrinsicsVector1281SystemSingleEqualsg__SoftwareFallbacksLine12_0SystemRuntimeIntrinsicsVector1281SystemSingleSystemRuntimeIntrinsicsVector1281SystemSingle', ID = '7456'
Method 'SystemRuntimeIntrinsicsVector1281SystemSingleSystemRuntimeIntrinsicsVector128CreateScalarUnsafeSystemSingle', ID = '7457'
Method 'SystemRuntimeIntrinsicsVector1281SystemInt32SystemRuntimeIntrinsicsVector128AsInt32SystemSingleSystemRuntimeIntrinsicsVector1281SystemSingle', ID = '7458'
Method 'SystemInt32SystemRuntimeIntrinsicsX86Sse2ConvertToInt32SystemRuntimeIntrinsicsVector1281SystemInt32', ID = '7459'
Method 'SystemUInt32SystemBitConverterSingleToUInt32BitsSystemSingle', ID = '7460'
Method 'SystemIntPtrSystemRuntimeTypeHandleget_Value', ID = '7462'
Method 'SystemSingleInternalRuntimeCompilerServicesUnsafeAsSystemRuntimeIntrinsicsVector2561SystemSingleSystemSingleSystemRuntimeIntrinsicsVector2561SystemSingle', ID = '7464'
Method 'SystemRuntimeIntrinsicsVector2561SystemSingleSystemRuntimeIntrinsicsVector256AsSingleSystemSingleSystemRuntimeIntrinsicsVector2561SystemSingle', ID = '7465'
Method 'SystemRuntimeIntrinsicsVector2561SystemDoubleSystemRuntimeIntrinsicsVector256AsDoubleSystemSingleSystemRuntimeIntrinsicsVector2561SystemSingle', ID = '7466'
Method 'SystemRuntimeIntrinsicsVector2561SystemByteSystemRuntimeIntrinsicsVector256AsByteSystemSingleSystemRuntimeIntrinsicsVector2561SystemSingle', ID = '7467'
Method 'SystemBooleanSystemRuntimeIntrinsicsVector2561SystemSingleEqualsg__SoftwareFallbacksLine14_0SystemRuntimeIntrinsicsVector2561SystemSingleSystemRuntimeIntrinsicsVector2561SystemSingle', ID = '7468'
Method 'SystemDoubleInternalRuntimeCompilerServicesUnsafeAsSystemRuntimeIntrinsicsVector2561SystemDoubleSystemDoubleSystemRuntimeIntrinsicsVector2561SystemDouble', ID = '7469'
Method 'SystemRuntimeIntrinsicsVector2561SystemSingleSystemRuntimeIntrinsicsVector256AsSingleSystemDoubleSystemRuntimeIntrinsicsVector2561SystemDouble', ID = '7470'
Method 'SystemRuntimeIntrinsicsVector2561SystemDoubleSystemRuntimeIntrinsicsVector256AsDoubleSystemDoubleSystemRuntimeIntrinsicsVector2561SystemDouble', ID = '7471'
Method 'SystemRuntimeIntrinsicsVector2561SystemByteSystemRuntimeIntrinsicsVector256AsByteSystemDoubleSystemRuntimeIntrinsicsVector2561SystemDouble', ID = '7472'
Method 'SystemBooleanSystemRuntimeIntrinsicsVector2561SystemDoubleEqualsg__SoftwareFallbacksLine14_0SystemRuntimeIntrinsicsVector2561SystemDoubleSystemRuntimeIntrinsicsVector2561SystemDouble', ID = '7473'
Method 'SystemInt32InternalRuntimeCompilerServicesUnsafeAsSystemRuntimeIntrinsicsVector1281SystemInt32SystemInt32SystemRuntimeIntrinsicsVector1281SystemInt32', ID = '7474'
Method 'SystemRuntimeIntrinsicsVector1281SystemDoubleSystemRuntimeIntrinsicsVector128AsDoubleSystemInt32SystemRuntimeIntrinsicsVector1281SystemInt32', ID = '7475'
Method 'SystemRuntimeIntrinsicsVector1281SystemByteSystemRuntimeIntrinsicsVector128AsByteSystemInt32SystemRuntimeIntrinsicsVector1281SystemInt32', ID = '7476'
Method 'SystemBooleanSystemRuntimeIntrinsicsVector1281SystemInt32Equalsg__SoftwareFallbacksLine12_0SystemRuntimeIntrinsicsVector1281SystemInt32SystemRuntimeIntrinsicsVector1281SystemInt32', ID = '7477'
Method 'SystemVoidSystemCollectionsGenericEqualityComparer1SystemCollectionsGenericDictionary2EntrySystemStringSystemBooleancctor', ID = '7482'
Method 'SystemVoidSystemSZGenericArrayEnumerator1SystemBooleancctor', ID = '7484'
Method 'SystemVoidSystemSZGenericArrayEnumerator1SystemBooleanDispose', ID = '7485'
Method 'SystemBooleanSystemSZGenericArrayEnumerator1SystemBooleanMoveNext', ID = '7486'
Method 'SystemBooleanSystemRuntimeCompilerServicesRuntimeHelpersIsBitwiseEquatableSystemBoolean', ID = '7487'
Method 'SystemInt32InternalRuntimeCompilerServicesUnsafeSizeOfSystemBoolean', ID = '7488'
Method 'SystemByteInternalRuntimeCompilerServicesUnsafeAsSystemBooleanSystemByteSystemBoolean', ID = '7489'
Method 'SystemCharInternalRuntimeCompilerServicesUnsafeAsSystemBooleanSystemCharSystemBoolean', ID = '7490'
Method 'SystemInt32InternalRuntimeCompilerServicesUnsafeAsSystemBooleanSystemInt32SystemBoolean', ID = '7491'
Method 'SystemInt64InternalRuntimeCompilerServicesUnsafeAsSystemBooleanSystemInt64SystemBoolean', ID = '7492'
Method 'SystemCollectionsGenericEqualityComparer1SystemBooleanSystemCollectionsGenericEqualityComparer1SystemBooleanget_Default', ID = '7493'
Method 'SystemInt32SystemCollectionsGenericEqualityComparer1SystemBooleanIndexOfSystemBooleanarraySystemBooleanSystemInt32SystemInt32', ID = '7494'
Method 'SystemVoidCosmosIL2CPUSZArrayImpl1GetEnumeratord__0SystemBooleanctorSystemInt32', ID = '7495'
Method 'SystemStringSystemCollectionsGenericKeyValuePair2SystemStringSystemBooleanget_Key', ID = '7497'
Method 'SystemBooleanSystemCollectionsGenericKeyValuePair2SystemStringSystemBooleanget_Value', ID = '7498'
Method 'SystemVoidCosmosIL2CPUSZArrayImpl1GetEnumeratord__0SystemCollectionsGenericKeyValuePair2SystemStringSystemBooleanSystemIDisposableDispose', ID = '7503'
Method 'SystemBooleanCosmosIL2CPUSZArrayImpl1GetEnumeratord__0SystemCollectionsGenericKeyValuePair2SystemStringSystemBooleanMoveNext', ID = '7504'
Method 'SystemInt32SystemGlobalizationOrdinalToUpperOrdinalSystemReadOnlySpan1SystemCharSystemSpan1SystemChar', ID = '7505'
Method 'SystemCharSystemSpan1SystemCharGetPinnableReference', ID = '7506'
Method 'SystemInt32SystemGlobalizationInvariantModeCasingCompareStringIgnoreCaseSystemCharSystemInt32SystemCharSystemInt32', ID = '7507'
Method 'SystemInt32SystemGlobalizationCompareInfoNlsCompareStringOrdinalIgnoreCaseSystemCharSystemInt32SystemCharSystemInt32', ID = '7508'
Method 'SystemInt32SystemGlobalizationOrdinalCasingCompareStringIgnoreCaseSystemCharSystemInt32SystemCharSystemInt32', ID = '7509'
Method 'SystemVoidCosmosIL2CPUSZArrayImpl1GetEnumeratord__0SystemCollectionsGenericDictionary2EntrySystemStringSystemObjectSystemIDisposableDispose', ID = '7513'
Method 'SystemBooleanCosmosIL2CPUSZArrayImpl1GetEnumeratord__0SystemCollectionsGenericDictionary2EntrySystemStringSystemObjectMoveNext', ID = '7514'
Method 'SystemVoidSystemSZGenericArrayEnumerator1SystemCollectionsGenericKeyValuePair2SystemStringSystemObjectcctor', ID = '7515'
Method 'SystemVoidSystemSZGenericArrayEnumerator1SystemCollectionsGenericKeyValuePair2SystemStringSystemObjectDispose', ID = '7516'
Method 'SystemBooleanSystemSZGenericArrayEnumerator1SystemCollectionsGenericKeyValuePair2SystemStringSystemObjectMoveNext', ID = '7517'
Method 'SystemStringSystemCollectionsGenericKeyValuePair2SystemStringSystemObjectToString', ID = '7518'
Method 'SystemBooleanSystemRuntimeCompilerServicesRuntimeHelpersIsBitwiseEquatableSystemCollectionsGenericKeyValuePair2SystemStringSystemObject', ID = '7519'
Method 'SystemInt32InternalRuntimeCompilerServicesUnsafeSizeOfSystemCollectionsGenericKeyValuePair2SystemStringSystemObject', ID = '7520'
Method 'SystemByteInternalRuntimeCompilerServicesUnsafeAsSystemCollectionsGenericKeyValuePair2SystemStringSystemObjectSystemByteSystemCollectionsGenericKeyValuePair2SystemStringSystemObject', ID = '7521'
Method 'SystemCharInternalRuntimeCompilerServicesUnsafeAsSystemCollectionsGenericKeyValuePair2SystemStringSystemObjectSystemCharSystemCollectionsGenericKeyValuePair2SystemStringSystemObject', ID = '7522'
Method 'SystemInt32InternalRuntimeCompilerServicesUnsafeAsSystemCollectionsGenericKeyValuePair2SystemStringSystemObjectSystemInt32SystemCollectionsGenericKeyValuePair2SystemStringSystemObject', ID = '7523'
Method 'SystemInt64InternalRuntimeCompilerServicesUnsafeAsSystemCollectionsGenericKeyValuePair2SystemStringSystemObjectSystemInt64SystemCollectionsGenericKeyValuePair2SystemStringSystemObject', ID = '7524'
Method 'SystemCollectionsGenericEqualityComparer1SystemCollectionsGenericKeyValuePair2SystemStringSystemObjectSystemCollectionsGenericEqualityComparer1SystemCollectionsGenericK22B3FA97EF0C5AA7287AC8C0113349E9', ID = '7525'
Method 'SystemInt32SystemCollectionsGenericEqualityComparer1SystemCollectionsGenericKeyValuePair2SystemStringSystemObjectIndexOfSystemCollectionsGenericKeyValuePair2SystemStrin29EC905B122B7C8FB44FF29EC65EE5CC', ID = '7526'
Method 'SystemVoidCosmosIL2CPUSZArrayImpl1GetEnumeratord__0SystemCollectionsGenericKeyValuePair2SystemStringSystemObjectctorSystemInt32', ID = '7527'
Method 'SystemBooleanCosmosCore_PlugsSystemCollectionsGenericUInt16EqualityComparerEqualsSystemUInt16SystemUInt16', ID = '7532'
Method 'SystemInt32SystemTextASCIIEncodingGetCharsFastSystemBytepointerSystemInt32SystemCharpointerSystemInt32SystemInt32', ID = '7533'
Method 'SystemInt32SystemTextUTF8EncodingGetCharsFastSystemBytepointerSystemInt32SystemCharpointerSystemInt32SystemInt32', ID = '7534'
Method 'SystemReadOnlySpan1SystemByteSystemReadOnlySpan1SystemByteSliceSystemInt32', ID = '7535'
Method 'SystemInt32SystemTextEncodingGetCharsWithFallbackSystemReadOnlySpan1SystemByteSystemInt32SystemSpan1SystemCharSystemInt32SystemTextDecoderNLS', ID = '7536'
Method 'SystemInt32SystemTextASCIIEncodingGetCharCountSystemBytepointerSystemInt32', ID = '7537'
Method 'SystemInt32SystemTextUTF8EncodingGetCharCountSystemBytepointerSystemInt32', ID = '7538'
Method 'SystemBytearraySystemReadOnlySpan1SystemByteToArray', ID = '7539'
Method 'SystemInt32SystemTextASCIIEncodingGetCharsSystemBytepointerSystemInt32SystemCharpointerSystemInt32', ID = '7540'
Method 'SystemInt32SystemTextUTF8EncodingGetCharsSystemBytepointerSystemInt32SystemCharpointerSystemInt32', ID = '7541'
Method 'SystemVoidSystemReadOnlySpan1SystemCharctorSystemChararraySystemInt32SystemInt32', ID = '7542'
Method 'SystemInt32SystemTextASCIIEncodingGetCharCountCommonSystemBytepointerSystemInt32', ID = '7543'
Method 'SystemInt32SystemTextUTF8EncodingGetCharCountCommonSystemBytepointerSystemInt32', ID = '7544'
Method 'SystemInt32SystemTextASCIIEncodingGetCharsCommonSystemBytepointerSystemInt32SystemCharpointerSystemInt32', ID = '7545'
Method 'SystemVoidSystemCollectionsGenericEqualityComparer1CosmosHALBlockDeviceGPTGPartInfocctor', ID = '7546'
Method 'SystemVoidSystemCollectionsGenericEqualityComparer1CosmosHALBlockDeviceMBRPartInfocctor', ID = '7548'
Method 'SystemVoidSystemCollectionsGenericEqualityComparer1CosmosHALBlockDeviceEBRPartInfocctor', ID = '7550'
Method 'SystemBooleanSystemNumericsVector1SystemUInt32op_EqualitySystemNumericsVector1SystemUInt32SystemNumericsVector1SystemUInt32', ID = '7552'
Method 'SystemBooleanSystemNumericsVector1SystemSingleop_EqualitySystemNumericsVector1SystemSingleSystemNumericsVector1SystemSingle', ID = '7553'
Method 'SystemBooleanSystemNumericsVector1SystemDoubleop_EqualitySystemNumericsVector1SystemDoubleSystemNumericsVector1SystemDouble', ID = '7554'
Method 'SystemVoidSystemCollectionsGenericEqualityComparer1CosmosHALBlockDeviceRegistersHBACommandHeadercctor', ID = '7555'
Method 'SystemVoidCosmosIL2CPUSZArrayImpl1GetEnumeratord__0CosmosHALBlockDeviceRegistersHBAPRDTEntrySystemIDisposableDispose', ID = '7561'
Method 'SystemBooleanCosmosIL2CPUSZArrayImpl1GetEnumeratord__0CosmosHALBlockDeviceRegistersHBAPRDTEntryMoveNext', ID = '7562'
Method 'SystemRuntimeTypeHandleSystemRuntimeTypeHandleGetNativeHandle', ID = '7575'
Method 'SystemVoidSystemRuntimeCompilerServicesQCallTypeHandlectorSystemRuntimeTypeHandle', ID = '7576'
Method 'SystemVoidSystemRuntimeCompilerServicesStringHandleOnStackctorSystemString', ID = '7577'
Method 'SystemTypeCosmosCoreCosmosRuntimeTypeGetElementType', ID = '7579'
Method 'SystemTypeSystemRuntimeTypeGetElementType', ID = '7580'
Method 'SystemRuntimeTypeHandleSystemTypeGetTypeHandleInternal', ID = '7583'
Method 'SystemBooleanSystemRuntimeTypeget_IsGenericType', ID = '7585'
Method 'SystemTypearraySystemRuntimeTypeGetGenericArguments', ID = '7586'
Method 'SystemStringSystemPrivateCoreLibSystemSRget_NotSupported_SubclassOverride', ID = '7587'
Method 'SystemStringSystemReflectionRuntimeAssemblyget_FullName', ID = '7589'
Method 'SystemInvalidOperationExceptionSystemThrowHelperGetInvalidOperationException_EnumCurrentSystemInt32', ID = '7591'
Method 'SystemVoidSystemCollectionsGenericEqualityComparer1CosmosHALKeyboardBasecctor', ID = '7592'
Method 'SystemVoidCosmosIL2CPUSZArrayImpl1GetEnumeratord__0CosmosSystemKeyMappingSystemIDisposableDispose', ID = '7598'
Method 'SystemBooleanCosmosIL2CPUSZArrayImpl1GetEnumeratord__0CosmosSystemKeyMappingMoveNext', ID = '7599'
Method 'SystemVoidSystemCollectionsGenericList1CosmosSystemKeyMappingset_CapacitySystemInt32', ID = '7600'
Method 'SystemVoidSystemCollectionsGenericEqualityComparer1CosmosSystemKeyEventcctor', ID = '7601'
Method 'SystemBooleanCosmosCore_PlugsSystemRuntimeTypeHandleImplIsInterfaceSystemObject', ID = '7604'
Method 'SystemReflectionTypeAttributesCosmosCoreCosmosRuntimeTypeGetAttributeFlagsImpl', ID = '7606'
Method 'SystemReflectionTypeAttributesSystemRuntimeTypeGetAttributeFlagsImpl', ID = '7607'
Method 'SystemCollectionsGenericIEnumerator1SystemTypeSystemSZArrayHelperGetEnumeratorSystemType', ID = '7608'
Method 'SystemVoidSystemSZArrayHelperCopyToSystemTypeSystemTypearraySystemInt32', ID = '7609'
Method 'SystemInt32SystemSZArrayHelperget_CountSystemType', ID = '7610'
Method 'SystemTypeSystemSZArrayHelperget_ItemSystemTypeSystemInt32', ID = '7611'
Method 'SystemVoidSystemSZArrayHelperset_ItemSystemTypeSystemInt32SystemType', ID = '7612'
Method 'SystemVoidSystemSZArrayHelperAddSystemTypeSystemType', ID = '7613'
Method 'SystemBooleanSystemSZArrayHelperContainsSystemTypeSystemType', ID = '7614'
Method 'SystemBooleanSystemSZArrayHelperget_IsReadOnlySystemType', ID = '7615'
Method 'SystemVoidSystemSZArrayHelperClearSystemType', ID = '7616'
Method 'SystemInt32SystemSZArrayHelperIndexOfSystemTypeSystemType', ID = '7617'
Method 'SystemVoidSystemSZArrayHelperInsertSystemTypeSystemInt32SystemType', ID = '7618'
Method 'SystemBooleanSystemSZArrayHelperRemoveSystemTypeSystemType', ID = '7619'
Method 'SystemVoidSystemSZArrayHelperRemoveAtSystemTypeSystemInt32', ID = '7620'
Method 'SystemTypearraySystemRuntimeTypeHandleGetConstraints', ID = '7627'
Method 'SystemReflectionMetadataImportSystemRuntimeTypeHandleGetMetadataImportSystemRuntimeType', ID = '7629'
Method 'SystemInt32SystemReflectionMemberInfoget_MetadataToken', ID = '7630'
Method 'SystemVoidSystemReflectionMetadataImportGetGenericParamPropsSystemInt32SystemReflectionGenericParameterAttributes', ID = '7631'
Method 'SystemVoidSystemGlobalizationCalendarDatacctor', ID = '7632'
Method 'SystemBooleanSystemGlobalizationCultureDataget_UseUserOverride', ID = '7633'
Method 'SystemVoidCosmosSystem_PlugsSystemGlobalizationCompareInfoImplCtorSystemGlobalizationCultureInfo', ID = '7634'
Method 'SystemGlobalizationCultureInfoCosmosCore_PlugsSystemGlobalizationCultureInfoImplGetCultureInfoSystemString', ID = '7635'
Method 'SystemBooleanSystemGlobalizationSortVersionop_EqualitySystemGlobalizationSortVersionSystemGlobalizationSortVersion', ID = '7636'
Method 'SystemBooleanSystemGuidop_EqualitySystemGuidSystemGuid', ID = '7637'
Method 'SystemStringSystemGlobalizationCultureDataget_TextInfoName', ID = '7638'
Method 'SystemIntPtrSystemGlobalizationCompareInfoNlsGetSortHandleSystemString', ID = '7639'
Method 'SystemVoidSystemSZGenericArrayEnumerator1SystemGlobalizationCalendarIdcctor', ID = '7640'
Method 'SystemVoidSystemSZGenericArrayEnumerator1SystemGlobalizationCalendarIdDispose', ID = '7641'
Method 'SystemBooleanSystemSZGenericArrayEnumerator1SystemGlobalizationCalendarIdMoveNext', ID = '7642'
Method 'SystemBooleanSystemRuntimeCompilerServicesRuntimeHelpersIsBitwiseEquatableSystemGlobalizationCalendarId', ID = '7643'
Method 'SystemInt32InternalRuntimeCompilerServicesUnsafeSizeOfSystemGlobalizationCalendarId', ID = '7644'
Method 'SystemByteInternalRuntimeCompilerServicesUnsafeAsSystemGlobalizationCalendarIdSystemByteSystemGlobalizationCalendarId', ID = '7645'
Method 'SystemCharInternalRuntimeCompilerServicesUnsafeAsSystemGlobalizationCalendarIdSystemCharSystemGlobalizationCalendarId', ID = '7646'
Method 'SystemInt32InternalRuntimeCompilerServicesUnsafeAsSystemGlobalizationCalendarIdSystemInt32SystemGlobalizationCalendarId', ID = '7647'
Method 'SystemInt64InternalRuntimeCompilerServicesUnsafeAsSystemGlobalizationCalendarIdSystemInt64SystemGlobalizationCalendarId', ID = '7648'
Method 'SystemCollectionsGenericEqualityComparer1SystemGlobalizationCalendarIdSystemCollectionsGenericEqualityComparer1SystemGlobalizationCalendarIdget_Default', ID = '7649'
Method 'SystemInt32SystemCollectionsGenericEqualityComparer1SystemGlobalizationCalendarIdIndexOfSystemGlobalizationCalendarIdarraySystemGlobalizationCalendarIdSystemInt32SystemInt32', ID = '7650'
Method 'SystemVoidCosmosIL2CPUSZArrayImpl1GetEnumeratord__0SystemGlobalizationCalendarIdctorSystemInt32', ID = '7651'
Method 'SystemVoidSystemSZGenericArrayEnumerator1SystemGlobalizationDateTimeFormatInfoTokenHashValuecctor', ID = '7653'
Method 'SystemVoidSystemSZGenericArrayEnumerator1SystemGlobalizationDateTimeFormatInfoTokenHashValueDispose', ID = '7654'
Method 'SystemBooleanSystemSZGenericArrayEnumerator1SystemGlobalizationDateTimeFormatInfoTokenHashValueMoveNext', ID = '7655'
Method 'SystemBooleanSystemRuntimeCompilerServicesRuntimeHelpersIsBitwiseEquatableSystemGlobalizationDateTimeFormatInfoTokenHashValue', ID = '7657'
Method 'SystemInt32InternalRuntimeCompilerServicesUnsafeSizeOfSystemGlobalizationDateTimeFormatInfoTokenHashValue', ID = '7658'
Method 'SystemByteInternalRuntimeCompilerServicesUnsafeAsSystemGlobalizationDateTimeFormatInfoTokenHashValueSystemByteSystemGlobalizationDateTimeFormatInfoTokenHashValue', ID = '7659'
Method 'SystemCharInternalRuntimeCompilerServicesUnsafeAsSystemGlobalizationDateTimeFormatInfoTokenHashValueSystemCharSystemGlobalizationDateTimeFormatInfoTokenHashValue', ID = '7660'
Method 'SystemInt32InternalRuntimeCompilerServicesUnsafeAsSystemGlobalizationDateTimeFormatInfoTokenHashValueSystemInt32SystemGlobalizationDateTimeFormatInfoTokenHashValue', ID = '7661'
Method 'SystemInt64InternalRuntimeCompilerServicesUnsafeAsSystemGlobalizationDateTimeFormatInfoTokenHashValueSystemInt64SystemGlobalizationDateTimeFormatInfoTokenHashValue', ID = '7662'
Method 'SystemCollectionsGenericEqualityComparer1SystemGlobalizationDateTimeFormatInfoTokenHashValueSystemCollectionsGenericEqualityComparer1SystemGlobalizationDateTimeFormatInfoTokenHashValueget_Default', ID = '7663'
Method 'SystemInt32SystemCollectionsGenericEqualityComparer1SystemGlobalizationDateTimeFormatInfoTokenHashValueIndexOfSystemGlobalizationDateTimeFormatInfoTokenHashValuearraySy8AC1E9F9631459D911786B908833DCC0', ID = '7664'
Method 'SystemVoidCosmosIL2CPUSZArrayImpl1GetEnumeratord__0SystemGlobalizationDateTimeFormatInfoTokenHashValuectorSystemInt32', ID = '7665'
Method 'SystemVoidSystemSZGenericArrayEnumerator1SystemGlobalizationCalendarDatacctor', ID = '7667'
Method 'SystemVoidSystemSZGenericArrayEnumerator1SystemGlobalizationCalendarDataDispose', ID = '7668'
Method 'SystemBooleanSystemSZGenericArrayEnumerator1SystemGlobalizationCalendarDataMoveNext', ID = '7669'
Method 'SystemBooleanSystemRuntimeCompilerServicesRuntimeHelpersIsBitwiseEquatableSystemGlobalizationCalendarData', ID = '7670'
Method 'SystemInt32InternalRuntimeCompilerServicesUnsafeSizeOfSystemGlobalizationCalendarData', ID = '7671'
Method 'SystemByteInternalRuntimeCompilerServicesUnsafeAsSystemGlobalizationCalendarDataSystemByteSystemGlobalizationCalendarData', ID = '7672'
Method 'SystemCharInternalRuntimeCompilerServicesUnsafeAsSystemGlobalizationCalendarDataSystemCharSystemGlobalizationCalendarData', ID = '7673'
Method 'SystemInt32InternalRuntimeCompilerServicesUnsafeAsSystemGlobalizationCalendarDataSystemInt32SystemGlobalizationCalendarData', ID = '7674'
Method 'SystemInt64InternalRuntimeCompilerServicesUnsafeAsSystemGlobalizationCalendarDataSystemInt64SystemGlobalizationCalendarData', ID = '7675'
Method 'SystemCollectionsGenericEqualityComparer1SystemGlobalizationCalendarDataSystemCollectionsGenericEqualityComparer1SystemGlobalizationCalendarDataget_Default', ID = '7676'
Method 'SystemInt32SystemCollectionsGenericEqualityComparer1SystemGlobalizationCalendarDataIndexOfSystemGlobalizationCalendarDataarraySystemGlobalizationCalendarDataSystemInt32SystemInt32', ID = '7677'
Method 'SystemVoidCosmosIL2CPUSZArrayImpl1GetEnumeratord__0SystemGlobalizationCalendarDatactorSystemInt32', ID = '7678'
Method 'SystemVoidSystemGlobalizationGlobalizationModecctor', ID = '7680'
Method 'SystemInt32SystemGlobalizationIcuLocaleDataSearchCultureNameSystemString', ID = '7688'
Method 'SystemReadOnlySpan1SystemByteSystemGlobalizationIcuLocaleDataget_NameIndexToNumericData', ID = '7689'
Method 'SystemReadOnlySpan1SystemByteSystemReadOnlySpan1SystemByteSliceSystemInt32SystemInt32', ID = '7690'
Method 'SystemInt32SystemGlobalizationIcuLocaleDataGetLocaleDataNumericPartg__ResolveDigitListSeparatorsLine25_1SystemInt32', ID = '7691'
Method 'SystemInt32SystemGlobalizationIcuLocaleDataGetLocaleDataNumericPartg__ResolveIndexsLine25_0SystemInt32', ID = '7692'
Method 'SystemInt32CosmosSystem_PlugsSystemGlobalizationCultureDataImplGetLocaleInfoExIntSystemStringSystemUInt32', ID = '7693'
Method 'SystemVoidSystemGlobalizationGregorianCalendarctor', ID = '7694'
Method 'SystemInt32CosmosSystem_PlugsSystemGlobalizationCultureDataImplget_FirstDayOfWeek', ID = '7695'
Method 'SystemInt32CosmosSystem_PlugsSystemGlobalizationCultureDataImplget_CalendarWeekRule', ID = '7696'
Method 'SystemStringCosmosSystem_PlugsSystemGlobalizationCultureDataImplget_AMDesignator', ID = '7697'
Method 'SystemStringCosmosSystem_PlugsSystemGlobalizationCultureDataImplget_PMDesignator', ID = '7698'
Method 'SystemStringCosmosSystem_PlugsSystemGlobalizationCultureDataImplget_TimeSeparator', ID = '7699'
Method 'SystemBooleanSystemLocalAppContextSwitchesget_EnforceLegacyJapaneseDateParsing', ID = '7700'
Method 'SystemStringSystemGlobalizationCultureDataGetDateSeparatorSystemString', ID = '7701'
Method 'SystemStringarrayCosmosSystem_PlugsSystemGlobalizationCultureDataImplget_LongTimes', ID = '7702'
Method 'SystemStringarrayCosmosSystem_PlugsSystemGlobalizationCultureDataImplget_ShortTimes', ID = '7703'
Method 'SystemStringarrayCosmosSystem_PlugsSystemGlobalizationCultureDataImplLongDatesSystemUInt16', ID = '7704'
Method 'SystemStringarrayCosmosSystem_PlugsSystemGlobalizationCultureDataImplShortDatesSystemUInt16', ID = '7705'
Method 'SystemStringarrayCosmosSystem_PlugsSystemGlobalizationCultureDataImplYearMonthsSystemUInt16', ID = '7706'
Method 'SystemVoidSystemSpan1SystemCharctorSystemChararraySystemInt32SystemInt32', ID = '7707'
Method 'SystemVoidSystemSpanHelpersClearWithoutReferencesSystemByteSystemUIntPtr', ID = '7712'
Method 'SystemVoidSystemSZGenericArrayEnumerator1CosmosSystemNetworkIPv4ICMPPacketcctor', ID = '7713'
Method 'SystemVoidSystemSZGenericArrayEnumerator1CosmosSystemNetworkIPv4ICMPPacketDispose', ID = '7714'
Method 'SystemBooleanSystemSZGenericArrayEnumerator1CosmosSystemNetworkIPv4ICMPPacketMoveNext', ID = '7715'
Method 'SystemBooleanSystemRuntimeCompilerServicesRuntimeHelpersIsBitwiseEquatableCosmosSystemNetworkIPv4ICMPPacket', ID = '7716'
Method 'SystemInt32InternalRuntimeCompilerServicesUnsafeSizeOfCosmosSystemNetworkIPv4ICMPPacket', ID = '7717'
Method 'SystemByteInternalRuntimeCompilerServicesUnsafeAsCosmosSystemNetworkIPv4ICMPPacketSystemByteCosmosSystemNetworkIPv4ICMPPacket', ID = '7718'
Method 'SystemCharInternalRuntimeCompilerServicesUnsafeAsCosmosSystemNetworkIPv4ICMPPacketSystemCharCosmosSystemNetworkIPv4ICMPPacket', ID = '7719'
Method 'SystemInt32InternalRuntimeCompilerServicesUnsafeAsCosmosSystemNetworkIPv4ICMPPacketSystemInt32CosmosSystemNetworkIPv4ICMPPacket', ID = '7720'
Method 'SystemInt64InternalRuntimeCompilerServicesUnsafeAsCosmosSystemNetworkIPv4ICMPPacketSystemInt64CosmosSystemNetworkIPv4ICMPPacket', ID = '7721'
Method 'SystemCollectionsGenericEqualityComparer1CosmosSystemNetworkIPv4ICMPPacketSystemCollectionsGenericEqualityComparer1CosmosSystemNetworkIPv4ICMPPacketget_Default', ID = '7722'
Method 'SystemInt32SystemCollectionsGenericEqualityComparer1CosmosSystemNetworkIPv4ICMPPacketIndexOfCosmosSystemNetworkIPv4ICMPPacketarrayCosmosSystemNetworkIPv4ICMPPacketSystemInt32SystemInt32', ID = '7723'
Method 'SystemVoidCosmosIL2CPUSZArrayImpl1GetEnumeratord__0CosmosSystemNetworkIPv4ICMPPacketctorSystemInt32', ID = '7724'
Method 'SystemBooleanCosmosCore_PlugsSystemRuntimeCompilerServicesRuntimeHelpersImplIsReferenceOrContainsReferencesCosmosSystemNetworkIPv4ICMPClient', ID = '7726'
Method 'SystemVoidSystemSZGenericArrayEnumerator1SystemCollectionsGenericDictionary2EntrySystemUInt32CosmosSystemNetworkIPv4ICMPClientcctor', ID = '7727'
Method 'SystemVoidSystemSZGenericArrayEnumerator1SystemCollectionsGenericDictionary2EntrySystemUInt32CosmosSystemNetworkIPv4ICMPClientDispose', ID = '7728'
Method 'SystemBooleanSystemSZGenericArrayEnumerator1SystemCollectionsGenericDictionary2EntrySystemUInt32CosmosSystemNetworkIPv4ICMPClientMoveNext', ID = '7729'
Method 'SystemBooleanSystemRuntimeCompilerServicesRuntimeHelpersIsBitwiseEquatableSystemCollectionsGenericDictionary2EntrySystemUInt32CosmosSystemNetworkIPv4ICMPClient', ID = '7730'
Method 'SystemInt32InternalRuntimeCompilerServicesUnsafeSizeOfSystemCollectionsGenericDictionary2EntrySystemUInt32CosmosSystemNetworkIPv4ICMPClient', ID = '7731'
Method 'SystemByteInternalRuntimeCompilerServicesUnsafeAsSystemCollectionsGenericDictionary2EntrySystemUInt32CosmosSystemNetworkIPv4ICMPClientSystemByteSystemCollectionsGenericA5A77713BC45BCED84E2902AD97639E2', ID = '7732'
Method 'SystemCharInternalRuntimeCompilerServicesUnsafeAsSystemCollectionsGenericDictionary2EntrySystemUInt32CosmosSystemNetworkIPv4ICMPClientSystemCharSystemCollectionsGeneric47C78F8D60A6EC89656FA421FF856ACA', ID = '7733'
Method 'SystemInt32InternalRuntimeCompilerServicesUnsafeAsSystemCollectionsGenericDictionary2EntrySystemUInt32CosmosSystemNetworkIPv4ICMPClientSystemInt32SystemCollectionsGenerF82968E10A22DE9E5B5A92C49BEFE567', ID = '7734'
Method 'SystemInt64InternalRuntimeCompilerServicesUnsafeAsSystemCollectionsGenericDictionary2EntrySystemUInt32CosmosSystemNetworkIPv4ICMPClientSystemInt64SystemCollectionsGenerAD1AD1389F94A9DF75C662282B445A83', ID = '7735'
Method 'SystemCollectionsGenericEqualityComparer1SystemCollectionsGenericDictionary2EntrySystemUInt32CosmosSystemNetworkIPv4ICMPClientSystemCollectionsGenericEqualityComparer1S7740AFD0ADFCF63D7651DD012D58213C', ID = '7736'
Method 'SystemInt32SystemCollectionsGenericEqualityComparer1SystemCollectionsGenericDictionary2EntrySystemUInt32CosmosSystemNetworkIPv4ICMPClientIndexOfSystemCollectionsGeneric7CD3BEBE49B07F9DBB924DB37DC8B3DE', ID = '7737'
Method 'SystemVoidCosmosIL2CPUSZArrayImpl1GetEnumeratord__0SystemCollectionsGenericDictionary2EntrySystemUInt32CosmosSystemNetworkIPv4ICMPClientctorSystemInt32', ID = '7738'
Method 'SystemCollectionsGenericIEnumerator1CosmosSystemNetworkIPv4ICMPClientSystemSZArrayHelperGetEnumeratorCosmosSystemNetworkIPv4ICMPClient', ID = '7740'
Method 'SystemVoidSystemSZArrayHelperCopyToCosmosSystemNetworkIPv4ICMPClientCosmosSystemNetworkIPv4ICMPClientarraySystemInt32', ID = '7741'
Method 'SystemInt32SystemSZArrayHelperget_CountCosmosSystemNetworkIPv4ICMPClient', ID = '7742'
Method 'CosmosSystemNetworkIPv4ICMPClientSystemSZArrayHelperget_ItemCosmosSystemNetworkIPv4ICMPClientSystemInt32', ID = '7743'
Method 'SystemVoidSystemSZArrayHelperset_ItemCosmosSystemNetworkIPv4ICMPClientSystemInt32CosmosSystemNetworkIPv4ICMPClient', ID = '7744'
Method 'SystemVoidSystemSZArrayHelperAddCosmosSystemNetworkIPv4ICMPClientCosmosSystemNetworkIPv4ICMPClient', ID = '7745'
Method 'SystemBooleanSystemSZArrayHelperContainsCosmosSystemNetworkIPv4ICMPClientCosmosSystemNetworkIPv4ICMPClient', ID = '7746'
Method 'SystemBooleanSystemSZArrayHelperget_IsReadOnlyCosmosSystemNetworkIPv4ICMPClient', ID = '7747'
Method 'SystemVoidSystemSZArrayHelperClearCosmosSystemNetworkIPv4ICMPClient', ID = '7748'
Method 'SystemInt32SystemSZArrayHelperIndexOfCosmosSystemNetworkIPv4ICMPClientCosmosSystemNetworkIPv4ICMPClient', ID = '7749'
Method 'SystemVoidSystemSZArrayHelperInsertCosmosSystemNetworkIPv4ICMPClientSystemInt32CosmosSystemNetworkIPv4ICMPClient', ID = '7750'
Method 'SystemBooleanSystemSZArrayHelperRemoveCosmosSystemNetworkIPv4ICMPClientCosmosSystemNetworkIPv4ICMPClient', ID = '7751'
Method 'SystemVoidSystemSZArrayHelperRemoveAtCosmosSystemNetworkIPv4ICMPClientSystemInt32', ID = '7752'
Method 'SystemCollectionsGenericKeyValuePair2SystemUInt32CosmosSystemNetworkIPv4ICMPClientarrayInternalRuntimeCompilerServicesUnsafeAsSystemCollectionsGenericKeyValuePair2Syste22EC8E0869C0CC5CEE805E94505F3190', ID = '7757'
Method 'SystemVoidSystemSZGenericArrayEnumerator1SystemCollectionsGenericKeyValuePair2SystemUInt32CosmosSystemNetworkIPv4ICMPClientctorSystemCollectionsGenericKeyValuePair2Syst6EA9F48A05A7D088717A36A4C11E5CDE', ID = '7758'
Method 'SystemInt32SystemArrayIndexOfSystemCollectionsGenericKeyValuePair2SystemUInt32CosmosSystemNetworkIPv4ICMPClientSystemCollectionsGenericKeyValuePair2SystemUInt32CosmosSy1FF7128ECFC4D7D06FB8EDB428F3C6FC', ID = '7762'
Method 'SystemCollectionsGenericIEnumerator1SystemCollectionsGenericKeyValuePair2SystemUInt32CosmosSystemNetworkIPv4ICMPClientCosmosIL2CPUSZArrayImpl1SystemCollectionsGenericKe19FFDE005F5F067E73C54472F7B6448E', ID = '7763'
Method 'SystemVoidCosmosIL2CPUSZArrayImpl1SystemCollectionsGenericKeyValuePair2SystemUInt32CosmosSystemNetworkIPv4ICMPClientCopyToSystemCollectionsGenericKeyValuePair2SystemUInC61B65FF1F14C01F4E66A51CF4958F11', ID = '7764'
Method 'SystemInt32CosmosIL2CPUSZArrayImpl1SystemCollectionsGenericKeyValuePair2SystemUInt32CosmosSystemNetworkIPv4ICMPClientget_Count', ID = '7765'
Method 'SystemCollectionsGenericKeyValuePair2SystemUInt32CosmosSystemNetworkIPv4ICMPClientCosmosIL2CPUSZArrayImpl1SystemCollectionsGenericKeyValuePair2SystemUInt32CosmosSystemN307EF291D8C67AD0923069F6135EF13B', ID = '7766'
Method 'SystemVoidCosmosIL2CPUSZArrayImpl1SystemCollectionsGenericKeyValuePair2SystemUInt32CosmosSystemNetworkIPv4ICMPClientset_ItemSystemInt32SystemCollectionsGenericKeyValueP2A881145304B79F788F5CB8871404FE7', ID = '7767'
Method 'SystemVoidCosmosIL2CPUSZArrayImpl1SystemCollectionsGenericKeyValuePair2SystemUInt32CosmosSystemNetworkIPv4ICMPClientAddSystemCollectionsGenericKeyValuePair2SystemUInt32B987DB20CEBDC7505557CB8DF74E794D', ID = '7768'
Method 'SystemBooleanCosmosIL2CPUSZArrayImpl1SystemCollectionsGenericKeyValuePair2SystemUInt32CosmosSystemNetworkIPv4ICMPClientContainsSystemCollectionsGenericKeyValuePair2SystE55B7F7FA1FA2D38D287AD1C8B614B93', ID = '7769'
Method 'SystemBooleanCosmosIL2CPUSZArrayImpl1SystemCollectionsGenericKeyValuePair2SystemUInt32CosmosSystemNetworkIPv4ICMPClientget_IsReadOnly', ID = '7770'
Method 'SystemVoidCosmosIL2CPUSZArrayImpl1SystemCollectionsGenericKeyValuePair2SystemUInt32CosmosSystemNetworkIPv4ICMPClientClear', ID = '7771'
Method 'SystemInt32CosmosIL2CPUSZArrayImpl1SystemCollectionsGenericKeyValuePair2SystemUInt32CosmosSystemNetworkIPv4ICMPClientIndexOfSystemCollectionsGenericKeyValuePair2SystemUFAA865FDCD20B36F3256E28FEC24B1CC', ID = '7772'
Method 'SystemVoidCosmosIL2CPUSZArrayImpl1SystemCollectionsGenericKeyValuePair2SystemUInt32CosmosSystemNetworkIPv4ICMPClientInsertSystemInt32SystemCollectionsGenericKeyValuePaiA6978E5091EE2AAE4B724F104557F37D', ID = '7773'
Method 'SystemVoidCosmosIL2CPUSZArrayImpl1SystemCollectionsGenericKeyValuePair2SystemUInt32CosmosSystemNetworkIPv4ICMPClientRemoveAtSystemInt32', ID = '7774'
Method 'SystemBooleanCosmosIL2CPUSZArrayImpl1SystemCollectionsGenericKeyValuePair2SystemUInt32CosmosSystemNetworkIPv4ICMPClientget_IsFixedSize', ID = '7775'
Method 'SystemVoidCosmosIL2CPUSZArrayImpl1SystemCollectionsGenericKeyValuePair2SystemUInt32CosmosSystemNetworkIPv4ICMPClientRemoveSystemCollectionsGenericKeyValuePair2SystemUInF4ED5FEBBA4418BAD470C73165D09D24', ID = '7776'
Method 'SystemObjectCosmosIL2CPUSZArrayImpl1SystemCollectionsGenericKeyValuePair2SystemUInt32CosmosSystemNetworkIPv4ICMPClientget_SyncRoot', ID = '7777'
Method 'SystemBooleanCosmosIL2CPUSZArrayImpl1SystemCollectionsGenericKeyValuePair2SystemUInt32CosmosSystemNetworkIPv4ICMPClientget_IsSynchronized', ID = '7778'
Method 'SystemVoidCosmosIL2CPUSZArrayImpl1GetEnumeratord__0CosmosSystemNetworkIPv4TCPTCPOptionSystemIDisposableDispose', ID = '7783'
Method 'SystemBooleanCosmosIL2CPUSZArrayImpl1GetEnumeratord__0CosmosSystemNetworkIPv4TCPTCPOptionMoveNext', ID = '7784'
Method 'SystemVoidSystemSZGenericArrayEnumerator1CosmosSystemNetworkIPv4TCPTCPPacketcctor', ID = '7785'
Method 'SystemVoidSystemSZGenericArrayEnumerator1CosmosSystemNetworkIPv4TCPTCPPacketDispose', ID = '7786'
Method 'SystemBooleanSystemSZGenericArrayEnumerator1CosmosSystemNetworkIPv4TCPTCPPacketMoveNext', ID = '7787'
Method 'SystemBooleanSystemRuntimeCompilerServicesRuntimeHelpersIsBitwiseEquatableCosmosSystemNetworkIPv4TCPTCPPacket', ID = '7788'
Method 'SystemInt32InternalRuntimeCompilerServicesUnsafeSizeOfCosmosSystemNetworkIPv4TCPTCPPacket', ID = '7789'
Method 'SystemByteInternalRuntimeCompilerServicesUnsafeAsCosmosSystemNetworkIPv4TCPTCPPacketSystemByteCosmosSystemNetworkIPv4TCPTCPPacket', ID = '7790'
Method 'SystemCharInternalRuntimeCompilerServicesUnsafeAsCosmosSystemNetworkIPv4TCPTCPPacketSystemCharCosmosSystemNetworkIPv4TCPTCPPacket', ID = '7791'
Method 'SystemInt32InternalRuntimeCompilerServicesUnsafeAsCosmosSystemNetworkIPv4TCPTCPPacketSystemInt32CosmosSystemNetworkIPv4TCPTCPPacket', ID = '7792'
Method 'SystemInt64InternalRuntimeCompilerServicesUnsafeAsCosmosSystemNetworkIPv4TCPTCPPacketSystemInt64CosmosSystemNetworkIPv4TCPTCPPacket', ID = '7793'
Method 'SystemCollectionsGenericEqualityComparer1CosmosSystemNetworkIPv4TCPTCPPacketSystemCollectionsGenericEqualityComparer1CosmosSystemNetworkIPv4TCPTCPPacketget_Default', ID = '7794'
Method 'SystemInt32SystemCollectionsGenericEqualityComparer1CosmosSystemNetworkIPv4TCPTCPPacketIndexOfCosmosSystemNetworkIPv4TCPTCPPacketarrayCosmosSystemNetworkIPv4TCPTCPPacketSystemInt32SystemInt32', ID = '7795'
Method 'SystemVoidCosmosIL2CPUSZArrayImpl1GetEnumeratord__0CosmosSystemNetworkIPv4TCPTCPPacketctorSystemInt32', ID = '7796'
Method 'SystemVoidSystemSZGenericArrayEnumerator1CosmosSystemNetworkIPv4TCPTcpcctor', ID = '7798'
Method 'SystemVoidSystemSZGenericArrayEnumerator1CosmosSystemNetworkIPv4TCPTcpDispose', ID = '7799'
Method 'SystemBooleanSystemSZGenericArrayEnumerator1CosmosSystemNetworkIPv4TCPTcpMoveNext', ID = '7800'
Method 'SystemBooleanSystemRuntimeCompilerServicesRuntimeHelpersIsBitwiseEquatableCosmosSystemNetworkIPv4TCPTcp', ID = '7801'
Method 'SystemInt32InternalRuntimeCompilerServicesUnsafeSizeOfCosmosSystemNetworkIPv4TCPTcp', ID = '7802'
Method 'SystemByteInternalRuntimeCompilerServicesUnsafeAsCosmosSystemNetworkIPv4TCPTcpSystemByteCosmosSystemNetworkIPv4TCPTcp', ID = '7803'
Method 'SystemCharInternalRuntimeCompilerServicesUnsafeAsCosmosSystemNetworkIPv4TCPTcpSystemCharCosmosSystemNetworkIPv4TCPTcp', ID = '7804'
Method 'SystemInt32InternalRuntimeCompilerServicesUnsafeAsCosmosSystemNetworkIPv4TCPTcpSystemInt32CosmosSystemNetworkIPv4TCPTcp', ID = '7805'
Method 'SystemInt64InternalRuntimeCompilerServicesUnsafeAsCosmosSystemNetworkIPv4TCPTcpSystemInt64CosmosSystemNetworkIPv4TCPTcp', ID = '7806'
Method 'SystemCollectionsGenericEqualityComparer1CosmosSystemNetworkIPv4TCPTcpSystemCollectionsGenericEqualityComparer1CosmosSystemNetworkIPv4TCPTcpget_Default', ID = '7807'
Method 'SystemInt32SystemCollectionsGenericEqualityComparer1CosmosSystemNetworkIPv4TCPTcpIndexOfCosmosSystemNetworkIPv4TCPTcparrayCosmosSystemNetworkIPv4TCPTcpSystemInt32SystemInt32', ID = '7808'
Method 'SystemVoidCosmosIL2CPUSZArrayImpl1GetEnumeratord__0CosmosSystemNetworkIPv4TCPTcpctorSystemInt32', ID = '7809'
Method 'SystemVoidSystemRandomctorSystemBoolean', ID = '7812'
Method 'SystemVoidSystemMathThrowAbsOverflow', ID = '7814'
Method 'SystemVoidSystemCollectionsGenericList1CosmosHALPITPITTimerGrowSystemInt32', ID = '7815'
Method 'SystemVoidSystemSZGenericArrayEnumerator1CosmosSystemNetworkIPv4UDPDNSDNSQuerycctor', ID = '7816'
Method 'SystemVoidSystemSZGenericArrayEnumerator1CosmosSystemNetworkIPv4UDPDNSDNSQueryDispose', ID = '7817'
Method 'SystemBooleanSystemSZGenericArrayEnumerator1CosmosSystemNetworkIPv4UDPDNSDNSQueryMoveNext', ID = '7818'
Method 'SystemBooleanSystemRuntimeCompilerServicesRuntimeHelpersIsBitwiseEquatableCosmosSystemNetworkIPv4UDPDNSDNSQuery', ID = '7819'
Method 'SystemInt32InternalRuntimeCompilerServicesUnsafeSizeOfCosmosSystemNetworkIPv4UDPDNSDNSQuery', ID = '7820'
Method 'SystemByteInternalRuntimeCompilerServicesUnsafeAsCosmosSystemNetworkIPv4UDPDNSDNSQuerySystemByteCosmosSystemNetworkIPv4UDPDNSDNSQuery', ID = '7821'
Method 'SystemCharInternalRuntimeCompilerServicesUnsafeAsCosmosSystemNetworkIPv4UDPDNSDNSQuerySystemCharCosmosSystemNetworkIPv4UDPDNSDNSQuery', ID = '7822'
Method 'SystemInt32InternalRuntimeCompilerServicesUnsafeAsCosmosSystemNetworkIPv4UDPDNSDNSQuerySystemInt32CosmosSystemNetworkIPv4UDPDNSDNSQuery', ID = '7823'
Method 'SystemInt64InternalRuntimeCompilerServicesUnsafeAsCosmosSystemNetworkIPv4UDPDNSDNSQuerySystemInt64CosmosSystemNetworkIPv4UDPDNSDNSQuery', ID = '7824'
Method 'SystemCollectionsGenericEqualityComparer1CosmosSystemNetworkIPv4UDPDNSDNSQuerySystemCollectionsGenericEqualityComparer1CosmosSystemNetworkIPv4UDPDNSDNSQueryget_Default', ID = '7825'
Method 'SystemInt32SystemCollectionsGenericEqualityComparer1CosmosSystemNetworkIPv4UDPDNSDNSQueryIndexOfCosmosSystemNetworkIPv4UDPDNSDNSQueryarrayCosmosSystemNetworkIPv4UDPDNSDNSQuerySystemInt32SystemInt32', ID = '7826'
Method 'SystemVoidCosmosIL2CPUSZArrayImpl1GetEnumeratord__0CosmosSystemNetworkIPv4UDPDNSDNSQueryctorSystemInt32', ID = '7827'
Method 'SystemVoidSystemSZGenericArrayEnumerator1CosmosSystemNetworkIPv4UDPDNSDNSAnswercctor', ID = '7829'
Method 'SystemVoidSystemSZGenericArrayEnumerator1CosmosSystemNetworkIPv4UDPDNSDNSAnswerDispose', ID = '7830'
Method 'SystemBooleanSystemSZGenericArrayEnumerator1CosmosSystemNetworkIPv4UDPDNSDNSAnswerMoveNext', ID = '7831'
Method 'SystemBooleanSystemRuntimeCompilerServicesRuntimeHelpersIsBitwiseEquatableCosmosSystemNetworkIPv4UDPDNSDNSAnswer', ID = '7832'
Method 'SystemInt32InternalRuntimeCompilerServicesUnsafeSizeOfCosmosSystemNetworkIPv4UDPDNSDNSAnswer', ID = '7833'
Method 'SystemByteInternalRuntimeCompilerServicesUnsafeAsCosmosSystemNetworkIPv4UDPDNSDNSAnswerSystemByteCosmosSystemNetworkIPv4UDPDNSDNSAnswer', ID = '7834'
Method 'SystemCharInternalRuntimeCompilerServicesUnsafeAsCosmosSystemNetworkIPv4UDPDNSDNSAnswerSystemCharCosmosSystemNetworkIPv4UDPDNSDNSAnswer', ID = '7835'
Method 'SystemInt32InternalRuntimeCompilerServicesUnsafeAsCosmosSystemNetworkIPv4UDPDNSDNSAnswerSystemInt32CosmosSystemNetworkIPv4UDPDNSDNSAnswer', ID = '7836'
Method 'SystemInt64InternalRuntimeCompilerServicesUnsafeAsCosmosSystemNetworkIPv4UDPDNSDNSAnswerSystemInt64CosmosSystemNetworkIPv4UDPDNSDNSAnswer', ID = '7837'
Method 'SystemCollectionsGenericEqualityComparer1CosmosSystemNetworkIPv4UDPDNSDNSAnswerSystemCollectionsGenericEqualityComparer1CosmosSystemNetworkIPv4UDPDNSDNSAnswerget_Default', ID = '7838'
Method 'SystemInt32SystemCollectionsGenericEqualityComparer1CosmosSystemNetworkIPv4UDPDNSDNSAnswerIndexOfCosmosSystemNetworkIPv4UDPDNSDNSAnswerarrayCosmosSystemNetworkIPv4UDPDNSDNSAnswerSystemInt32SystemInt32', ID = '7839'
Method 'SystemVoidCosmosIL2CPUSZArrayImpl1GetEnumeratord__0CosmosSystemNetworkIPv4UDPDNSDNSAnswerctorSystemInt32', ID = '7840'
Method 'SystemVoidSystemSZGenericArrayEnumerator1CosmosSystemNetworkIPv4UDPUDPPacketcctor', ID = '7842'
Method 'SystemVoidSystemSZGenericArrayEnumerator1CosmosSystemNetworkIPv4UDPUDPPacketDispose', ID = '7843'
Method 'SystemBooleanSystemSZGenericArrayEnumerator1CosmosSystemNetworkIPv4UDPUDPPacketMoveNext', ID = '7844'
Method 'SystemBooleanSystemRuntimeCompilerServicesRuntimeHelpersIsBitwiseEquatableCosmosSystemNetworkIPv4UDPUDPPacket', ID = '7845'
Method 'SystemInt32InternalRuntimeCompilerServicesUnsafeSizeOfCosmosSystemNetworkIPv4UDPUDPPacket', ID = '7846'
Method 'SystemByteInternalRuntimeCompilerServicesUnsafeAsCosmosSystemNetworkIPv4UDPUDPPacketSystemByteCosmosSystemNetworkIPv4UDPUDPPacket', ID = '7847'
Method 'SystemCharInternalRuntimeCompilerServicesUnsafeAsCosmosSystemNetworkIPv4UDPUDPPacketSystemCharCosmosSystemNetworkIPv4UDPUDPPacket', ID = '7848'
Method 'SystemInt32InternalRuntimeCompilerServicesUnsafeAsCosmosSystemNetworkIPv4UDPUDPPacketSystemInt32CosmosSystemNetworkIPv4UDPUDPPacket', ID = '7849'
Method 'SystemInt64InternalRuntimeCompilerServicesUnsafeAsCosmosSystemNetworkIPv4UDPUDPPacketSystemInt64CosmosSystemNetworkIPv4UDPUDPPacket', ID = '7850'
Method 'SystemCollectionsGenericEqualityComparer1CosmosSystemNetworkIPv4UDPUDPPacketSystemCollectionsGenericEqualityComparer1CosmosSystemNetworkIPv4UDPUDPPacketget_Default', ID = '7851'
Method 'SystemInt32SystemCollectionsGenericEqualityComparer1CosmosSystemNetworkIPv4UDPUDPPacketIndexOfCosmosSystemNetworkIPv4UDPUDPPacketarrayCosmosSystemNetworkIPv4UDPUDPPacketSystemInt32SystemInt32', ID = '7852'
Method 'SystemVoidCosmosIL2CPUSZArrayImpl1GetEnumeratord__0CosmosSystemNetworkIPv4UDPUDPPacketctorSystemInt32', ID = '7853'
Method 'SystemBooleanCosmosCore_PlugsSystemRuntimeCompilerServicesRuntimeHelpersImplIsReferenceOrContainsReferencesCosmosSystemNetworkIPv4UDPUdpClient', ID = '7855'
Method 'SystemVoidSystemSZGenericArrayEnumerator1SystemCollectionsGenericDictionary2EntrySystemUInt32CosmosSystemNetworkIPv4UDPUdpClientcctor', ID = '7856'
Method 'SystemVoidSystemSZGenericArrayEnumerator1SystemCollectionsGenericDictionary2EntrySystemUInt32CosmosSystemNetworkIPv4UDPUdpClientDispose', ID = '7857'
Method 'SystemBooleanSystemSZGenericArrayEnumerator1SystemCollectionsGenericDictionary2EntrySystemUInt32CosmosSystemNetworkIPv4UDPUdpClientMoveNext', ID = '7858'
Method 'SystemBooleanSystemRuntimeCompilerServicesRuntimeHelpersIsBitwiseEquatableSystemCollectionsGenericDictionary2EntrySystemUInt32CosmosSystemNetworkIPv4UDPUdpClient', ID = '7859'
Method 'SystemInt32InternalRuntimeCompilerServicesUnsafeSizeOfSystemCollectionsGenericDictionary2EntrySystemUInt32CosmosSystemNetworkIPv4UDPUdpClient', ID = '7860'
Method 'SystemByteInternalRuntimeCompilerServicesUnsafeAsSystemCollectionsGenericDictionary2EntrySystemUInt32CosmosSystemNetworkIPv4UDPUdpClientSystemByteSystemCollectionsGener0A93D97513AA794DA27D5A0B40BA964B', ID = '7861'
Method 'SystemCharInternalRuntimeCompilerServicesUnsafeAsSystemCollectionsGenericDictionary2EntrySystemUInt32CosmosSystemNetworkIPv4UDPUdpClientSystemCharSystemCollectionsGener373CC5012C46886CD8628E51D641F661', ID = '7862'
Method 'SystemInt32InternalRuntimeCompilerServicesUnsafeAsSystemCollectionsGenericDictionary2EntrySystemUInt32CosmosSystemNetworkIPv4UDPUdpClientSystemInt32SystemCollectionsGen2DAC5184BD863C0F24DE1CE5427FA57C', ID = '7863'
Method 'SystemInt64InternalRuntimeCompilerServicesUnsafeAsSystemCollectionsGenericDictionary2EntrySystemUInt32CosmosSystemNetworkIPv4UDPUdpClientSystemInt64SystemCollectionsGen3D092F26E7CF298BB06E4A576B97AD30', ID = '7864'
Method 'SystemCollectionsGenericEqualityComparer1SystemCollectionsGenericDictionary2EntrySystemUInt32CosmosSystemNetworkIPv4UDPUdpClientSystemCollectionsGenericEqualityComparer907B2CF0526D29FDC222E7C20E682694', ID = '7865'
Method 'SystemInt32SystemCollectionsGenericEqualityComparer1SystemCollectionsGenericDictionary2EntrySystemUInt32CosmosSystemNetworkIPv4UDPUdpClientIndexOfSystemCollectionsGenerE904984BC8ED0946DED55229F1505F1B', ID = '7866'
Method 'SystemVoidCosmosIL2CPUSZArrayImpl1GetEnumeratord__0SystemCollectionsGenericDictionary2EntrySystemUInt32CosmosSystemNetworkIPv4UDPUdpClientctorSystemInt32', ID = '7867'
Method 'SystemCollectionsGenericIEnumerator1CosmosSystemNetworkIPv4UDPUdpClientSystemSZArrayHelperGetEnumeratorCosmosSystemNetworkIPv4UDPUdpClient', ID = '7869'
Method 'SystemVoidSystemSZArrayHelperCopyToCosmosSystemNetworkIPv4UDPUdpClientCosmosSystemNetworkIPv4UDPUdpClientarraySystemInt32', ID = '7870'
Method 'SystemInt32SystemSZArrayHelperget_CountCosmosSystemNetworkIPv4UDPUdpClient', ID = '7871'
Method 'CosmosSystemNetworkIPv4UDPUdpClientSystemSZArrayHelperget_ItemCosmosSystemNetworkIPv4UDPUdpClientSystemInt32', ID = '7872'
Method 'SystemVoidSystemSZArrayHelperset_ItemCosmosSystemNetworkIPv4UDPUdpClientSystemInt32CosmosSystemNetworkIPv4UDPUdpClient', ID = '7873'
Method 'SystemVoidSystemSZArrayHelperAddCosmosSystemNetworkIPv4UDPUdpClientCosmosSystemNetworkIPv4UDPUdpClient', ID = '7874'
Method 'SystemBooleanSystemSZArrayHelperContainsCosmosSystemNetworkIPv4UDPUdpClientCosmosSystemNetworkIPv4UDPUdpClient', ID = '7875'
Method 'SystemBooleanSystemSZArrayHelperget_IsReadOnlyCosmosSystemNetworkIPv4UDPUdpClient', ID = '7876'
Method 'SystemVoidSystemSZArrayHelperClearCosmosSystemNetworkIPv4UDPUdpClient', ID = '7877'
Method 'SystemInt32SystemSZArrayHelperIndexOfCosmosSystemNetworkIPv4UDPUdpClientCosmosSystemNetworkIPv4UDPUdpClient', ID = '7878'
Method 'SystemVoidSystemSZArrayHelperInsertCosmosSystemNetworkIPv4UDPUdpClientSystemInt32CosmosSystemNetworkIPv4UDPUdpClient', ID = '7879'
Method 'SystemBooleanSystemSZArrayHelperRemoveCosmosSystemNetworkIPv4UDPUdpClientCosmosSystemNetworkIPv4UDPUdpClient', ID = '7880'
Method 'SystemVoidSystemSZArrayHelperRemoveAtCosmosSystemNetworkIPv4UDPUdpClientSystemInt32', ID = '7881'
Method 'SystemCollectionsGenericKeyValuePair2SystemUInt32CosmosSystemNetworkIPv4UDPUdpClientarrayInternalRuntimeCompilerServicesUnsafeAsSystemCollectionsGenericKeyValuePair2Sys4D1B3D7631E12E95E287D7A07D6C2B8A', ID = '7886'
Method 'SystemVoidSystemSZGenericArrayEnumerator1SystemCollectionsGenericKeyValuePair2SystemUInt32CosmosSystemNetworkIPv4UDPUdpClientctorSystemCollectionsGenericKeyValuePair2Sy0317D1680677A2D5D47F2FA2EA31F31F', ID = '7887'
Method 'SystemInt32SystemArrayIndexOfSystemCollectionsGenericKeyValuePair2SystemUInt32CosmosSystemNetworkIPv4UDPUdpClientSystemCollectionsGenericKeyValuePair2SystemUInt32Cosmos001A4E883366A642D46DE684577D2129', ID = '7891'
Method 'SystemCollectionsGenericIEnumerator1SystemCollectionsGenericKeyValuePair2SystemUInt32CosmosSystemNetworkIPv4UDPUdpClientCosmosIL2CPUSZArrayImpl1SystemCollectionsGenericC44901C1443C8E4720D539660F7666A0', ID = '7892'
Method 'SystemVoidCosmosIL2CPUSZArrayImpl1SystemCollectionsGenericKeyValuePair2SystemUInt32CosmosSystemNetworkIPv4UDPUdpClientCopyToSystemCollectionsGenericKeyValuePair2SystemU61EB6237B5446374B81204AEECC89C00', ID = '7893'
Method 'SystemInt32CosmosIL2CPUSZArrayImpl1SystemCollectionsGenericKeyValuePair2SystemUInt32CosmosSystemNetworkIPv4UDPUdpClientget_Count', ID = '7894'
Method 'SystemCollectionsGenericKeyValuePair2SystemUInt32CosmosSystemNetworkIPv4UDPUdpClientCosmosIL2CPUSZArrayImpl1SystemCollectionsGenericKeyValuePair2SystemUInt32CosmosSyste171CA6EAD0C3C4247543674EC1697A5B', ID = '7895'
Method 'SystemVoidCosmosIL2CPUSZArrayImpl1SystemCollectionsGenericKeyValuePair2SystemUInt32CosmosSystemNetworkIPv4UDPUdpClientset_ItemSystemInt32SystemCollectionsGenericKeyValu1DF80D13B2A7D18545CC750B0F982DFE', ID = '7896'
Method 'SystemVoidCosmosIL2CPUSZArrayImpl1SystemCollectionsGenericKeyValuePair2SystemUInt32CosmosSystemNetworkIPv4UDPUdpClientAddSystemCollectionsGenericKeyValuePair2SystemUInt9AD2ECD62CC3414DAFEECEF9BCF4B6C8', ID = '7897'
Method 'SystemBooleanCosmosIL2CPUSZArrayImpl1SystemCollectionsGenericKeyValuePair2SystemUInt32CosmosSystemNetworkIPv4UDPUdpClientContainsSystemCollectionsGenericKeyValuePair2Sy8D907B354064A30BB329437CD04F483F', ID = '7898'
Method 'SystemBooleanCosmosIL2CPUSZArrayImpl1SystemCollectionsGenericKeyValuePair2SystemUInt32CosmosSystemNetworkIPv4UDPUdpClientget_IsReadOnly', ID = '7899'
Method 'SystemVoidCosmosIL2CPUSZArrayImpl1SystemCollectionsGenericKeyValuePair2SystemUInt32CosmosSystemNetworkIPv4UDPUdpClientClear', ID = '7900'
Method 'SystemInt32CosmosIL2CPUSZArrayImpl1SystemCollectionsGenericKeyValuePair2SystemUInt32CosmosSystemNetworkIPv4UDPUdpClientIndexOfSystemCollectionsGenericKeyValuePair2SysteC14D041B277DF0052B4CDDFAA6931C0A', ID = '7901'
Method 'SystemVoidCosmosIL2CPUSZArrayImpl1SystemCollectionsGenericKeyValuePair2SystemUInt32CosmosSystemNetworkIPv4UDPUdpClientInsertSystemInt32SystemCollectionsGenericKeyValueP18E52898F03DB044F577A8D1F98C63EF', ID = '7902'
Method 'SystemVoidCosmosIL2CPUSZArrayImpl1SystemCollectionsGenericKeyValuePair2SystemUInt32CosmosSystemNetworkIPv4UDPUdpClientRemoveAtSystemInt32', ID = '7903'
Method 'SystemBooleanCosmosIL2CPUSZArrayImpl1SystemCollectionsGenericKeyValuePair2SystemUInt32CosmosSystemNetworkIPv4UDPUdpClientget_IsFixedSize', ID = '7904'
Method 'SystemVoidCosmosIL2CPUSZArrayImpl1SystemCollectionsGenericKeyValuePair2SystemUInt32CosmosSystemNetworkIPv4UDPUdpClientRemoveSystemCollectionsGenericKeyValuePair2SystemU5EDC24A0F532B0CEB720ADA1DFBB761B', ID = '7905'
Method 'SystemObjectCosmosIL2CPUSZArrayImpl1SystemCollectionsGenericKeyValuePair2SystemUInt32CosmosSystemNetworkIPv4UDPUdpClientget_SyncRoot', ID = '7906'
Method 'SystemBooleanCosmosIL2CPUSZArrayImpl1SystemCollectionsGenericKeyValuePair2SystemUInt32CosmosSystemNetworkIPv4UDPUdpClientget_IsSynchronized', ID = '7907'
Method 'SystemVoidCosmosIL2CPUSZArrayImpl1GetEnumeratord__0CosmosSystemNetworkIPv4UDPDHCPDHCPOptionSystemIDisposableDispose', ID = '7912'
Method 'SystemBooleanCosmosIL2CPUSZArrayImpl1GetEnumeratord__0CosmosSystemNetworkIPv4UDPDHCPDHCPOptionMoveNext', ID = '7913'
Method 'SystemVoidCosmosIL2CPUSZArrayImpl1GetEnumeratord__0CosmosHALNetworkMACAddressSystemIDisposableDispose', ID = '7917'
Method 'SystemBooleanCosmosIL2CPUSZArrayImpl1GetEnumeratord__0CosmosHALNetworkMACAddressMoveNext', ID = '7918'
Method 'SystemVoidSystemCollectionsGenericEqualityComparer1SystemCollectionsGenericKeyValuePair2SystemUInt32CosmosHALNetworkMACAddresscctor', ID = '7919'
Method 'SystemVoidSystemTextEncoderFallbackctor', ID = '7925'
Method 'SystemBooleanSystemCharIsSurrogateSystemChar', ID = '7926'
Method 'SystemVoidSystemTextDecoderFallbackctor', ID = '7927'
Method 'SystemVoidSystemTextDecoderReplacementFallbackcctor', ID = '7928'
Method 'SystemBooleanSystemTextDecoderReplacementFallbackEqualsSystemObject', ID = '7929'
Method 'SystemInt32SystemTextDecoderReplacementFallbackGetHashCode', ID = '7930'
Method 'SystemVoidSystemArrayEmptyArray1SystemBytecctor', ID = '7931'
Method 'SystemBooleanSystemNumericsVector1SystemUInt16ScalarLessThanOrEqualSystemUInt16SystemUInt16', ID = '7932'
Method 'SystemInt32SystemNumericsVector1SystemInt32GetAllBitsSetValue', ID = '7933'
Method 'SystemVoidSystemNumericsVector1SystemInt32ctorSystemInt32', ID = '7934'
Method 'SystemBooleanSystemRuntimeIntrinsicsVector1281SystemUInt64EqualsSystemRuntimeIntrinsicsVector1281SystemUInt64', ID = '7935'
Method 'SystemInt32SystemRuntimeIntrinsicsVector1281SystemInt16get_Count', ID = '7936'
Method 'SystemInt16SystemRuntimeIntrinsicsVector128GetElementSystemInt16SystemRuntimeIntrinsicsVector1281SystemInt16SystemInt32', ID = '7937'
Method 'SystemBooleanSystemRuntimeIntrinsicsVector1281SystemInt16EqualsSystemRuntimeIntrinsicsVector1281SystemInt16', ID = '7938'
Method 'SystemBooleanSystemNumericsVector1SystemUIntPtrEqualsSystemNumericsVector1SystemUIntPtr', ID = '7939'
Method 'SystemVoidSystemHashCodeAddSystemUIntPtrSystemUIntPtr', ID = '7940'
Method 'SystemVoidSystemTextEncoderFallbackBufferctor', ID = '7942'
Method 'SystemBooleanSystemTextUnicodeUtilityIsBmpCodePointSystemUInt32', ID = '7943'
Method 'SystemBooleanSystemTextRuneop_EqualitySystemTextRuneSystemTextRune', ID = '7944'
Method 'SystemBooleanSystemTextRuneTryEncodeToUtf16SystemTextRuneSystemSpan1SystemCharSystemInt32', ID = '7945'
Method 'SystemInt32SystemTextRuneget_Utf8SequenceLength', ID = '7946'
Method 'SystemCharSystemTextEncoderReplacementFallbackBufferGetNextChar', ID = '7947'
Method 'SystemRuntimeIntrinsicsVector1281SystemUInt16InternalRuntimeCompilerServicesUnsafeAsSystemRuntimeIntrinsicsVector1281SystemInt16SystemRuntimeIntrinsicsVector1281SystemUB82A4D067BE502ED83DEC94FF9E8D6B5', ID = '7948'
Method 'SystemStringSystemNumericsVector1SystemInt32ToString', ID = '7949'
Method 'SystemBooleanSystemNumericsVector1SystemInt32EqualsSystemObject', ID = '7950'
Method 'SystemInt32SystemNumericsVector1SystemInt32GetHashCode', ID = '7951'
Method 'SystemStringSystemNumericsVector1SystemInt32ToStringSystemStringSystemIFormatProvider', ID = '7952'
Method 'SystemInt32SystemNumericsVector1SystemInt32GetElementSystemIntPtr', ID = '7955'
Method 'SystemBooleanSystemNumericsVector1SystemInt32ScalarEqualsSystemInt32SystemInt32', ID = '7956'
Method 'SystemInt32SystemNumericsVector1SystemInt32get_Count', ID = '7957'
Method 'SystemInt32SystemRuntimeIntrinsicsVector1281SystemUInt32get_Count', ID = '7959'
Method 'SystemUInt32SystemRuntimeIntrinsicsVector128GetElementSystemUInt32SystemRuntimeIntrinsicsVector1281SystemUInt32SystemInt32', ID = '7960'
Method 'SystemBooleanSystemRuntimeIntrinsicsVector1281SystemUInt32EqualsSystemRuntimeIntrinsicsVector1281SystemUInt32', ID = '7961'
Method 'SystemStringSystemPrivateCoreLibSystemSRget_NotSupported_NoCodepageData', ID = '7964'
Method 'SystemVoidSystemExceptionctorSystemStringSystemException', ID = '7965'
Method 'SystemBooleanSystemGlobalizationCompareInfoIcuStartsWithSystemReadOnlySpan1SystemCharSystemReadOnlySpan1SystemCharSystemGlobalizationCompareOptionsSystemInt32pointer', ID = '7966'
Method 'SystemBooleanSystemGlobalizationCompareInfoNlsStartsWithSystemReadOnlySpan1SystemCharSystemReadOnlySpan1SystemCharSystemGlobalizationCompareOptionsSystemInt32pointer', ID = '7967'
Method 'SystemStringSystemPrivateCoreLibSystemSRget_Argument_CompareOptionOrdinal', ID = '7968'
Method 'SystemUInt16SystemSpanHelpersLoadUShortSystemByte', ID = '7969'
Method 'SystemUInt32SystemSpanHelpersLoadUIntSystemByte', ID = '7970'
Method 'SystemUInt32SystemSpanHelpersLoadUIntSystemByteSystemUIntPtr', ID = '7971'
Method 'SystemBooleanInternalRuntimeCompilerServicesUnsafeAreSameSystemByteSystemByteSystemByte', ID = '7972'
Method 'SystemBooleanSystemNumericsVector1SystemByteop_InequalitySystemNumericsVector1SystemByteSystemNumericsVector1SystemByte', ID = '7973'
Method 'SystemUIntPtrSystemSpanHelpersLoadNUIntSystemByte', ID = '7974'
Method 'SystemUIntPtrSystemSpanHelpersLoadNUIntSystemByteSystemUIntPtr', ID = '7975'
Method 'SystemBooleanInternalRuntimeCompilerServicesUnsafeAreSameSystemCharSystemCharSystemChar', ID = '7976'
Method 'SystemStringCosmosCore_PlugsSystemStringImplToLower', ID = '7978'
Method 'SystemVoidSystemSZGenericArrayEnumerator1SystemCollectionsGenericDictionary2EntrySystemStringSystemReflectionAssemblycctor', ID = '7979'
Method 'SystemVoidSystemSZGenericArrayEnumerator1SystemCollectionsGenericDictionary2EntrySystemStringSystemReflectionAssemblyDispose', ID = '7980'
Method 'SystemBooleanSystemSZGenericArrayEnumerator1SystemCollectionsGenericDictionary2EntrySystemStringSystemReflectionAssemblyMoveNext', ID = '7981'
Method 'SystemBooleanSystemRuntimeCompilerServicesRuntimeHelpersIsBitwiseEquatableSystemCollectionsGenericDictionary2EntrySystemStringSystemReflectionAssembly', ID = '7982'
Method 'SystemInt32InternalRuntimeCompilerServicesUnsafeSizeOfSystemCollectionsGenericDictionary2EntrySystemStringSystemReflectionAssembly', ID = '7983'
Method 'SystemByteInternalRuntimeCompilerServicesUnsafeAsSystemCollectionsGenericDictionary2EntrySystemStringSystemReflectionAssemblySystemByteSystemCollectionsGenericDictionarD6ED3CE689C5CF8DC261F1ABE42ADC5A', ID = '7984'
Method 'SystemCharInternalRuntimeCompilerServicesUnsafeAsSystemCollectionsGenericDictionary2EntrySystemStringSystemReflectionAssemblySystemCharSystemCollectionsGenericDictionar69FF70B84AABB62DBF8C5FEFD45EA5E4', ID = '7985'
Method 'SystemInt32InternalRuntimeCompilerServicesUnsafeAsSystemCollectionsGenericDictionary2EntrySystemStringSystemReflectionAssemblySystemInt32SystemCollectionsGenericDiction0ACE9174CF9D54FB2F60E0BD0160CF98', ID = '7986'
Method 'SystemInt64InternalRuntimeCompilerServicesUnsafeAsSystemCollectionsGenericDictionary2EntrySystemStringSystemReflectionAssemblySystemInt64SystemCollectionsGenericDiction397816DB6649682CB01EA077F71A2A6E', ID = '7987'
Method 'SystemCollectionsGenericEqualityComparer1SystemCollectionsGenericDictionary2EntrySystemStringSystemReflectionAssemblySystemCollectionsGenericEqualityComparer1SystemCollBFBC3278EC5E4CA4E072FEFF8D13C8FC', ID = '7988'
Method 'SystemInt32SystemCollectionsGenericEqualityComparer1SystemCollectionsGenericDictionary2EntrySystemStringSystemReflectionAssemblyIndexOfSystemCollectionsGenericDictionar130BC1987029B5A594C5543E77785A37', ID = '7989'
Method 'SystemVoidCosmosIL2CPUSZArrayImpl1GetEnumeratord__0SystemCollectionsGenericDictionary2EntrySystemStringSystemReflectionAssemblyctorSystemInt32', ID = '7990'
Method 'SystemCollectionsGenericIEnumerator1SystemReflectionAssemblySystemSZArrayHelperGetEnumeratorSystemReflectionAssembly', ID = '7992'
Method 'SystemVoidSystemSZArrayHelperCopyToSystemReflectionAssemblySystemReflectionAssemblyarraySystemInt32', ID = '7993'
Method 'SystemInt32SystemSZArrayHelperget_CountSystemReflectionAssembly', ID = '7994'
Method 'SystemReflectionAssemblySystemSZArrayHelperget_ItemSystemReflectionAssemblySystemInt32', ID = '7995'
Method 'SystemVoidSystemSZArrayHelperset_ItemSystemReflectionAssemblySystemInt32SystemReflectionAssembly', ID = '7996'
Method 'SystemVoidSystemSZArrayHelperAddSystemReflectionAssemblySystemReflectionAssembly', ID = '7997'
Method 'SystemBooleanSystemSZArrayHelperContainsSystemReflectionAssemblySystemReflectionAssembly', ID = '7998'
Method 'SystemBooleanSystemSZArrayHelperget_IsReadOnlySystemReflectionAssembly', ID = '7999'
Method 'SystemVoidSystemSZArrayHelperClearSystemReflectionAssembly', ID = '8000'
Method 'SystemInt32SystemSZArrayHelperIndexOfSystemReflectionAssemblySystemReflectionAssembly', ID = '8001'
Method 'SystemVoidSystemSZArrayHelperInsertSystemReflectionAssemblySystemInt32SystemReflectionAssembly', ID = '8002'
Method 'SystemBooleanSystemSZArrayHelperRemoveSystemReflectionAssemblySystemReflectionAssembly', ID = '8003'
Method 'SystemVoidSystemSZArrayHelperRemoveAtSystemReflectionAssemblySystemInt32', ID = '8004'
Method 'SystemCollectionsGenericKeyValuePair2SystemStringSystemReflectionAssemblyarrayInternalRuntimeCompilerServicesUnsafeAsSystemCollectionsGenericKeyValuePair2SystemStringSyC8434A5776741D096A76980615BD499E', ID = '8009'
Method 'SystemVoidSystemSZGenericArrayEnumerator1SystemCollectionsGenericKeyValuePair2SystemStringSystemReflectionAssemblyctorSystemCollectionsGenericKeyValuePair2SystemStringSystemReflectionAssemblyarray', ID = '8010'
Method 'SystemInt32SystemArrayIndexOfSystemCollectionsGenericKeyValuePair2SystemStringSystemReflectionAssemblySystemCollectionsGenericKeyValuePair2SystemStringSystemReflectionA013C3ADAD4C103A94B9B7756266A4DF5', ID = '8014'
Method 'SystemCollectionsGenericIEnumerator1SystemCollectionsGenericKeyValuePair2SystemStringSystemReflectionAssemblyCosmosIL2CPUSZArrayImpl1SystemCollectionsGenericKeyValuePaiD99764F6CF6B872A8BF04299DEF8A103', ID = '8015'
Method 'SystemVoidCosmosIL2CPUSZArrayImpl1SystemCollectionsGenericKeyValuePair2SystemStringSystemReflectionAssemblyCopyToSystemCollectionsGenericKeyValuePair2SystemStringSystem7BC2797D07E0C1D6229EDDC7D4FB1E6E', ID = '8016'
Method 'SystemInt32CosmosIL2CPUSZArrayImpl1SystemCollectionsGenericKeyValuePair2SystemStringSystemReflectionAssemblyget_Count', ID = '8017'
Method 'SystemCollectionsGenericKeyValuePair2SystemStringSystemReflectionAssemblyCosmosIL2CPUSZArrayImpl1SystemCollectionsGenericKeyValuePair2SystemStringSystemReflectionAssemblyget_ItemSystemInt32', ID = '8018'
Method 'SystemVoidCosmosIL2CPUSZArrayImpl1SystemCollectionsGenericKeyValuePair2SystemStringSystemReflectionAssemblyset_ItemSystemInt32SystemCollectionsGenericKeyValuePair2SystemStringSystemReflectionAssembly', ID = '8019'
Method 'SystemVoidCosmosIL2CPUSZArrayImpl1SystemCollectionsGenericKeyValuePair2SystemStringSystemReflectionAssemblyAddSystemCollectionsGenericKeyValuePair2SystemStringSystemReflectionAssembly', ID = '8020'
Method 'SystemBooleanCosmosIL2CPUSZArrayImpl1SystemCollectionsGenericKeyValuePair2SystemStringSystemReflectionAssemblyContainsSystemCollectionsGenericKeyValuePair2SystemStringSystemReflectionAssembly', ID = '8021'
Method 'SystemBooleanCosmosIL2CPUSZArrayImpl1SystemCollectionsGenericKeyValuePair2SystemStringSystemReflectionAssemblyget_IsReadOnly', ID = '8022'
Method 'SystemVoidCosmosIL2CPUSZArrayImpl1SystemCollectionsGenericKeyValuePair2SystemStringSystemReflectionAssemblyClear', ID = '8023'
Method 'SystemInt32CosmosIL2CPUSZArrayImpl1SystemCollectionsGenericKeyValuePair2SystemStringSystemReflectionAssemblyIndexOfSystemCollectionsGenericKeyValuePair2SystemStringSystemReflectionAssembly', ID = '8024'
Method 'SystemVoidCosmosIL2CPUSZArrayImpl1SystemCollectionsGenericKeyValuePair2SystemStringSystemReflectionAssemblyInsertSystemInt32SystemCollectionsGenericKeyValuePair2SystemStringSystemReflectionAssembly', ID = '8025'
Method 'SystemVoidCosmosIL2CPUSZArrayImpl1SystemCollectionsGenericKeyValuePair2SystemStringSystemReflectionAssemblyRemoveAtSystemInt32', ID = '8026'
Method 'SystemBooleanCosmosIL2CPUSZArrayImpl1SystemCollectionsGenericKeyValuePair2SystemStringSystemReflectionAssemblyget_IsFixedSize', ID = '8027'
Method 'SystemVoidCosmosIL2CPUSZArrayImpl1SystemCollectionsGenericKeyValuePair2SystemStringSystemReflectionAssemblyRemoveSystemCollectionsGenericKeyValuePair2SystemStringSystemReflectionAssembly', ID = '8028'
Method 'SystemObjectCosmosIL2CPUSZArrayImpl1SystemCollectionsGenericKeyValuePair2SystemStringSystemReflectionAssemblyget_SyncRoot', ID = '8029'
Method 'SystemBooleanCosmosIL2CPUSZArrayImpl1SystemCollectionsGenericKeyValuePair2SystemStringSystemReflectionAssemblyget_IsSynchronized', ID = '8030'
Method 'SystemRuntimeIntrinsicsVector1281SystemSingleSystemRuntimeIntrinsicsVector128AsSystemSingleSystemSingleSystemRuntimeIntrinsicsVector1281SystemSingle', ID = '8031'
Method 'SystemRuntimeIntrinsicsVector1281SystemDoubleSystemRuntimeIntrinsicsVector128AsSystemSingleSystemDoubleSystemRuntimeIntrinsicsVector1281SystemSingle', ID = '8032'
Method 'SystemRuntimeIntrinsicsVector1281SystemByteSystemRuntimeIntrinsicsVector128AsSystemSingleSystemByteSystemRuntimeIntrinsicsVector1281SystemSingle', ID = '8033'
Method 'SystemRuntimeIntrinsicsVector1281SystemSingleInternalRuntimeCompilerServicesUnsafeAsRefSystemRuntimeIntrinsicsVector1281SystemSingleSystemVoidpointer', ID = '8035'
Method 'SystemRuntimeIntrinsicsVector1281SystemInt32SystemRuntimeIntrinsicsVector128AsSystemSingleSystemInt32SystemRuntimeIntrinsicsVector1281SystemSingle', ID = '8036'
Method 'SystemRuntimeTypeHandleSystemRuntimeTypeget_TypeHandle', ID = '8037'
Method 'SystemRuntimeTypeHandleCosmosCore_PlugsSystemTypeImplget_TypeHandle', ID = '8038'
Method 'SystemArrayCosmosCore_PlugsSystemGCImplAllocateNewArraySystemInt32pointerSystemInt32SystemUInt32', ID = '8040'
Method 'SystemRuntimeIntrinsicsVector2561SystemSingleSystemRuntimeIntrinsicsVector256AsSystemSingleSystemSingleSystemRuntimeIntrinsicsVector2561SystemSingle', ID = '8041'
Method 'SystemRuntimeIntrinsicsVector2561SystemDoubleSystemRuntimeIntrinsicsVector256AsSystemSingleSystemDoubleSystemRuntimeIntrinsicsVector2561SystemSingle', ID = '8042'
Method 'SystemRuntimeIntrinsicsVector2561SystemSingleSystemRuntimeIntrinsicsVector256AsSystemDoubleSystemSingleSystemRuntimeIntrinsicsVector2561SystemDouble', ID = '8043'
Method 'SystemRuntimeIntrinsicsVector2561SystemDoubleSystemRuntimeIntrinsicsVector256AsSystemDoubleSystemDoubleSystemRuntimeIntrinsicsVector2561SystemDouble', ID = '8044'
Method 'SystemRuntimeIntrinsicsVector2561SystemByteSystemRuntimeIntrinsicsVector256AsSystemDoubleSystemByteSystemRuntimeIntrinsicsVector2561SystemDouble', ID = '8045'
Method 'SystemRuntimeIntrinsicsVector1281SystemDoubleSystemRuntimeIntrinsicsVector128AsSystemInt32SystemDoubleSystemRuntimeIntrinsicsVector1281SystemInt32', ID = '8046'
Method 'SystemRuntimeIntrinsicsVector1281SystemByteSystemRuntimeIntrinsicsVector128AsSystemInt32SystemByteSystemRuntimeIntrinsicsVector1281SystemInt32', ID = '8047'
Method 'SystemVoidCosmosIL2CPUSZArrayImpl1GetEnumeratord__0SystemBooleanSystemIDisposableDispose', ID = '8051'
Method 'SystemBooleanCosmosIL2CPUSZArrayImpl1GetEnumeratord__0SystemBooleanMoveNext', ID = '8052'
Method 'SystemVoidSystemCollectionsGenericEqualityComparer1SystemCollectionsGenericKeyValuePair2SystemStringSystemBooleancctor', ID = '8053'
Method 'SystemBooleanSystemMemoryExtensionsOverlapsSystemCharSystemReadOnlySpan1SystemCharSystemReadOnlySpan1SystemChar', ID = '8055'
Method 'SystemStringSystemPrivateCoreLibSystemSRget_InvalidOperation_SpanOverlappedOperation', ID = '8056'
Method 'SystemVoidSystemGlobalizationInvariantModeCasingToUpperSystemReadOnlySpan1SystemCharSystemSpan1SystemChar', ID = '8057'
Method 'SystemVoidSystemGlobalizationTextInfoChangeCaseToUpperSystemReadOnlySpan1SystemCharSystemSpan1SystemChar', ID = '8058'
Method 'SystemVoidSystemGlobalizationOrdinalCasingToUpperOrdinalSystemReadOnlySpan1SystemCharSystemSpan1SystemChar', ID = '8059'
Method 'SystemCharInternalRuntimeCompilerServicesUnsafeNullRefSystemChar', ID = '8060'
Method 'SystemValueTuple2SystemUInt32SystemInt32SystemGlobalizationInvariantModeCasingGetScalarSystemCharSystemInt32SystemInt32', ID = '8062'
Method 'SystemUInt32SystemGlobalizationCharUnicodeInfoToUpperSystemUInt32', ID = '8064'
Method 'SystemStringSystemPrivateCoreLibSystemSRget_Arg_ExternalException', ID = '8066'
Method 'SystemBooleanSystemCharIsLowSurrogateSystemChar', ID = '8068'
Method 'SystemCharSystemGlobalizationOrdinalCasingToUpperSystemChar', ID = '8069'
Method 'SystemUInt32SystemTextUnicodeUtilityGetScalarFromUtf16SurrogatePairSystemUInt32SystemUInt32', ID = '8070'
Method 'SystemVoidSystemCollectionsGenericEqualityComparer1SystemCollectionsGenericDictionary2EntrySystemStringSystemObjectcctor', ID = '8071'
Method 'SystemStringSystemCollectionsGenericKeyValuePair2SystemStringSystemObjectget_Key', ID = '8073'
Method 'SystemObjectSystemCollectionsGenericKeyValuePair2SystemStringSystemObjectget_Value', ID = '8074'
Method 'SystemVoidCosmosIL2CPUSZArrayImpl1GetEnumeratord__0SystemCollectionsGenericKeyValuePair2SystemStringSystemObjectSystemIDisposableDispose', ID = '8079'
Method 'SystemBooleanCosmosIL2CPUSZArrayImpl1GetEnumeratord__0SystemCollectionsGenericKeyValuePair2SystemStringSystemObjectMoveNext', ID = '8080'
Method 'SystemUIntPtrSystemTextASCIIUtilityWidenAsciiToUtf16SystemBytepointerSystemCharpointerSystemUIntPtr', ID = '8081'
Method 'SystemBuffersOperationStatusSystemTextUnicodeUtf8UtilityTranscodeToUtf16SystemBytepointerSystemInt32SystemCharpointerSystemInt32SystemBytepointerSystemCharpointer', ID = '8082'
Method 'SystemVoidSystemReadOnlySpan1SystemBytectorSystemByteSystemInt32', ID = '8083'
Method 'SystemInt32SystemTextASCIIEncodingGetCharsWithFallbackSystemReadOnlySpan1SystemByteSystemInt32SystemSpan1SystemCharSystemInt32SystemTextDecoderNLS', ID = '8085'
Method 'SystemInt32SystemTextUTF8EncodingGetCharsWithFallbackSystemReadOnlySpan1SystemByteSystemInt32SystemSpan1SystemCharSystemInt32SystemTextDecoderNLS', ID = '8086'
Method 'SystemTextDecoderFallbackBufferSystemTextDecoderFallbackBufferCreateAndInitializeSystemTextEncodingSystemTextDecoderNLSSystemInt32', ID = '8087'
Method 'SystemBuffersOperationStatusSystemTextEncodingDecodeFirstRuneSystemReadOnlySpan1SystemByteSystemTextRuneSystemInt32', ID = '8088'
Method 'SystemBooleanSystemTextDecoderNLSget_MustFlush', ID = '8089'
Method 'SystemVoidSystemTextDecoderNLSSetLeftoverDataSystemReadOnlySpan1SystemByte', ID = '8090'
Method 'SystemReadOnlySpan1SystemByteSystemReadOnlySpan1SystemByteget_Empty', ID = '8091'
Method 'SystemBooleanSystemTextDecoderFallbackBufferTryInternalFallbackGetCharsSystemReadOnlySpan1SystemByteSystemInt32SystemSpan1SystemCharSystemInt32', ID = '8092'
Method 'SystemBooleanSystemReadOnlySpan1SystemByteget_IsEmpty', ID = '8093'
Method 'SystemVoidSystemTextEncodingThrowCharsOverflowSystemTextDecoderNLSSystemBoolean', ID = '8094'
Method 'SystemInt32SystemTextEncodingGetCharCountFastSystemBytepointerSystemInt32SystemTextDecoderFallbackSystemInt32', ID = '8095'
Method 'SystemInt32SystemTextEncodingGetCharCountWithFallbackSystemBytepointerSystemInt32SystemInt32', ID = '8096'
Method 'SystemBooleanSystemNumericsVector1SystemUInt32ScalarEqualsSystemUInt32SystemUInt32', ID = '8097'
Method 'SystemBooleanSystemNumericsVector1SystemSingleScalarEqualsSystemSingleSystemSingle', ID = '8098'
Method 'SystemBooleanSystemNumericsVector1SystemDoubleScalarEqualsSystemDoubleSystemDouble', ID = '8099'
Method 'SystemVoidSystemCollectionsGenericEqualityComparer1CosmosHALBlockDeviceRegistersHBAPRDTEntrycctor', ID = '8100'
Method 'SystemCollectionsGenericIEnumerator1SystemReflectionRuntimeMethodInfoSystemSZArrayHelperGetEnumeratorSystemReflectionRuntimeMethodInfo', ID = '8103'
Method 'SystemVoidSystemSZArrayHelperCopyToSystemReflectionRuntimeMethodInfoSystemReflectionRuntimeMethodInfoarraySystemInt32', ID = '8104'
Method 'SystemInt32SystemSZArrayHelperget_CountSystemReflectionRuntimeMethodInfo', ID = '8105'
Method 'SystemReflectionRuntimeMethodInfoSystemSZArrayHelperget_ItemSystemReflectionRuntimeMethodInfoSystemInt32', ID = '8106'
Method 'SystemVoidSystemSZArrayHelperset_ItemSystemReflectionRuntimeMethodInfoSystemInt32SystemReflectionRuntimeMethodInfo', ID = '8107'
Method 'SystemVoidSystemSZArrayHelperAddSystemReflectionRuntimeMethodInfoSystemReflectionRuntimeMethodInfo', ID = '8108'
Method 'SystemBooleanSystemSZArrayHelperContainsSystemReflectionRuntimeMethodInfoSystemReflectionRuntimeMethodInfo', ID = '8109'
Method 'SystemBooleanSystemSZArrayHelperget_IsReadOnlySystemReflectionRuntimeMethodInfo', ID = '8110'
Method 'SystemVoidSystemSZArrayHelperClearSystemReflectionRuntimeMethodInfo', ID = '8111'
Method 'SystemInt32SystemSZArrayHelperIndexOfSystemReflectionRuntimeMethodInfoSystemReflectionRuntimeMethodInfo', ID = '8112'
Method 'SystemVoidSystemSZArrayHelperInsertSystemReflectionRuntimeMethodInfoSystemInt32SystemReflectionRuntimeMethodInfo', ID = '8113'
Method 'SystemBooleanSystemSZArrayHelperRemoveSystemReflectionRuntimeMethodInfoSystemReflectionRuntimeMethodInfo', ID = '8114'
Method 'SystemVoidSystemSZArrayHelperRemoveAtSystemReflectionRuntimeMethodInfoSystemInt32', ID = '8115'
Method 'SystemCollectionsGenericIEnumerator1SystemReflectionRuntimeConstructorInfoSystemSZArrayHelperGetEnumeratorSystemReflectionRuntimeConstructorInfo', ID = '8123'
Method 'SystemVoidSystemSZArrayHelperCopyToSystemReflectionRuntimeConstructorInfoSystemReflectionRuntimeConstructorInfoarraySystemInt32', ID = '8124'
Method 'SystemInt32SystemSZArrayHelperget_CountSystemReflectionRuntimeConstructorInfo', ID = '8125'
Method 'SystemReflectionRuntimeConstructorInfoSystemSZArrayHelperget_ItemSystemReflectionRuntimeConstructorInfoSystemInt32', ID = '8126'
Method 'SystemVoidSystemSZArrayHelperset_ItemSystemReflectionRuntimeConstructorInfoSystemInt32SystemReflectionRuntimeConstructorInfo', ID = '8127'
Method 'SystemVoidSystemSZArrayHelperAddSystemReflectionRuntimeConstructorInfoSystemReflectionRuntimeConstructorInfo', ID = '8128'
Method 'SystemBooleanSystemSZArrayHelperContainsSystemReflectionRuntimeConstructorInfoSystemReflectionRuntimeConstructorInfo', ID = '8129'
Method 'SystemBooleanSystemSZArrayHelperget_IsReadOnlySystemReflectionRuntimeConstructorInfo', ID = '8130'
Method 'SystemVoidSystemSZArrayHelperClearSystemReflectionRuntimeConstructorInfo', ID = '8131'
Method 'SystemInt32SystemSZArrayHelperIndexOfSystemReflectionRuntimeConstructorInfoSystemReflectionRuntimeConstructorInfo', ID = '8132'
Method 'SystemVoidSystemSZArrayHelperInsertSystemReflectionRuntimeConstructorInfoSystemInt32SystemReflectionRuntimeConstructorInfo', ID = '8133'
Method 'SystemBooleanSystemSZArrayHelperRemoveSystemReflectionRuntimeConstructorInfoSystemReflectionRuntimeConstructorInfo', ID = '8134'
Method 'SystemVoidSystemSZArrayHelperRemoveAtSystemReflectionRuntimeConstructorInfoSystemInt32', ID = '8135'
Method 'SystemCollectionsGenericIEnumerator1SystemReflectionRuntimeFieldInfoSystemSZArrayHelperGetEnumeratorSystemReflectionRuntimeFieldInfo', ID = '8143'
Method 'SystemVoidSystemSZArrayHelperCopyToSystemReflectionRuntimeFieldInfoSystemReflectionRuntimeFieldInfoarraySystemInt32', ID = '8144'
Method 'SystemInt32SystemSZArrayHelperget_CountSystemReflectionRuntimeFieldInfo', ID = '8145'
Method 'SystemReflectionRuntimeFieldInfoSystemSZArrayHelperget_ItemSystemReflectionRuntimeFieldInfoSystemInt32', ID = '8146'
Method 'SystemVoidSystemSZArrayHelperset_ItemSystemReflectionRuntimeFieldInfoSystemInt32SystemReflectionRuntimeFieldInfo', ID = '8147'
Method 'SystemVoidSystemSZArrayHelperAddSystemReflectionRuntimeFieldInfoSystemReflectionRuntimeFieldInfo', ID = '8148'
Method 'SystemBooleanSystemSZArrayHelperContainsSystemReflectionRuntimeFieldInfoSystemReflectionRuntimeFieldInfo', ID = '8149'
Method 'SystemBooleanSystemSZArrayHelperget_IsReadOnlySystemReflectionRuntimeFieldInfo', ID = '8150'
Method 'SystemVoidSystemSZArrayHelperClearSystemReflectionRuntimeFieldInfo', ID = '8151'
Method 'SystemInt32SystemSZArrayHelperIndexOfSystemReflectionRuntimeFieldInfoSystemReflectionRuntimeFieldInfo', ID = '8152'
Method 'SystemVoidSystemSZArrayHelperInsertSystemReflectionRuntimeFieldInfoSystemInt32SystemReflectionRuntimeFieldInfo', ID = '8153'
Method 'SystemBooleanSystemSZArrayHelperRemoveSystemReflectionRuntimeFieldInfoSystemReflectionRuntimeFieldInfo', ID = '8154'
Method 'SystemVoidSystemSZArrayHelperRemoveAtSystemReflectionRuntimeFieldInfoSystemInt32', ID = '8155'
Method 'SystemCollectionsGenericIEnumerator1SystemRuntimeTypeSystemSZArrayHelperGetEnumeratorSystemRuntimeType', ID = '8163'
Method 'SystemVoidSystemSZArrayHelperCopyToSystemRuntimeTypeSystemRuntimeTypearraySystemInt32', ID = '8164'
Method 'SystemInt32SystemSZArrayHelperget_CountSystemRuntimeType', ID = '8165'
Method 'SystemRuntimeTypeSystemSZArrayHelperget_ItemSystemRuntimeTypeSystemInt32', ID = '8166'
Method 'SystemVoidSystemSZArrayHelperset_ItemSystemRuntimeTypeSystemInt32SystemRuntimeType', ID = '8167'
Method 'SystemVoidSystemSZArrayHelperAddSystemRuntimeTypeSystemRuntimeType', ID = '8168'
Method 'SystemBooleanSystemSZArrayHelperContainsSystemRuntimeTypeSystemRuntimeType', ID = '8169'
Method 'SystemBooleanSystemSZArrayHelperget_IsReadOnlySystemRuntimeType', ID = '8170'
Method 'SystemVoidSystemSZArrayHelperClearSystemRuntimeType', ID = '8171'
Method 'SystemInt32SystemSZArrayHelperIndexOfSystemRuntimeTypeSystemRuntimeType', ID = '8172'
Method 'SystemVoidSystemSZArrayHelperInsertSystemRuntimeTypeSystemInt32SystemRuntimeType', ID = '8173'
Method 'SystemBooleanSystemSZArrayHelperRemoveSystemRuntimeTypeSystemRuntimeType', ID = '8174'
Method 'SystemVoidSystemSZArrayHelperRemoveAtSystemRuntimeTypeSystemInt32', ID = '8175'
Method 'SystemCollectionsGenericIEnumerator1SystemReflectionRuntimePropertyInfoSystemSZArrayHelperGetEnumeratorSystemReflectionRuntimePropertyInfo', ID = '8183'
Method 'SystemVoidSystemSZArrayHelperCopyToSystemReflectionRuntimePropertyInfoSystemReflectionRuntimePropertyInfoarraySystemInt32', ID = '8184'
Method 'SystemInt32SystemSZArrayHelperget_CountSystemReflectionRuntimePropertyInfo', ID = '8185'
Method 'SystemReflectionRuntimePropertyInfoSystemSZArrayHelperget_ItemSystemReflectionRuntimePropertyInfoSystemInt32', ID = '8186'
Method 'SystemVoidSystemSZArrayHelperset_ItemSystemReflectionRuntimePropertyInfoSystemInt32SystemReflectionRuntimePropertyInfo', ID = '8187'
Method 'SystemVoidSystemSZArrayHelperAddSystemReflectionRuntimePropertyInfoSystemReflectionRuntimePropertyInfo', ID = '8188'
Method 'SystemBooleanSystemSZArrayHelperContainsSystemReflectionRuntimePropertyInfoSystemReflectionRuntimePropertyInfo', ID = '8189'
Method 'SystemBooleanSystemSZArrayHelperget_IsReadOnlySystemReflectionRuntimePropertyInfo', ID = '8190'
Method 'SystemVoidSystemSZArrayHelperClearSystemReflectionRuntimePropertyInfo', ID = '8191'
Method 'SystemInt32SystemSZArrayHelperIndexOfSystemReflectionRuntimePropertyInfoSystemReflectionRuntimePropertyInfo', ID = '8192'
Method 'SystemVoidSystemSZArrayHelperInsertSystemReflectionRuntimePropertyInfoSystemInt32SystemReflectionRuntimePropertyInfo', ID = '8193'
Method 'SystemBooleanSystemSZArrayHelperRemoveSystemReflectionRuntimePropertyInfoSystemReflectionRuntimePropertyInfo', ID = '8194'
Method 'SystemVoidSystemSZArrayHelperRemoveAtSystemReflectionRuntimePropertyInfoSystemInt32', ID = '8195'
Method 'SystemCollectionsGenericIEnumerator1SystemReflectionRuntimeEventInfoSystemSZArrayHelperGetEnumeratorSystemReflectionRuntimeEventInfo', ID = '8203'
Method 'SystemVoidSystemSZArrayHelperCopyToSystemReflectionRuntimeEventInfoSystemReflectionRuntimeEventInfoarraySystemInt32', ID = '8204'
Method 'SystemInt32SystemSZArrayHelperget_CountSystemReflectionRuntimeEventInfo', ID = '8205'
Method 'SystemReflectionRuntimeEventInfoSystemSZArrayHelperget_ItemSystemReflectionRuntimeEventInfoSystemInt32', ID = '8206'
Method 'SystemVoidSystemSZArrayHelperset_ItemSystemReflectionRuntimeEventInfoSystemInt32SystemReflectionRuntimeEventInfo', ID = '8207'
Method 'SystemVoidSystemSZArrayHelperAddSystemReflectionRuntimeEventInfoSystemReflectionRuntimeEventInfo', ID = '8208'
Method 'SystemBooleanSystemSZArrayHelperContainsSystemReflectionRuntimeEventInfoSystemReflectionRuntimeEventInfo', ID = '8209'
Method 'SystemBooleanSystemSZArrayHelperget_IsReadOnlySystemReflectionRuntimeEventInfo', ID = '8210'
Method 'SystemVoidSystemSZArrayHelperClearSystemReflectionRuntimeEventInfo', ID = '8211'
Method 'SystemInt32SystemSZArrayHelperIndexOfSystemReflectionRuntimeEventInfoSystemReflectionRuntimeEventInfo', ID = '8212'
Method 'SystemVoidSystemSZArrayHelperInsertSystemReflectionRuntimeEventInfoSystemInt32SystemReflectionRuntimeEventInfo', ID = '8213'
Method 'SystemBooleanSystemSZArrayHelperRemoveSystemReflectionRuntimeEventInfoSystemReflectionRuntimeEventInfo', ID = '8214'
Method 'SystemVoidSystemSZArrayHelperRemoveAtSystemReflectionRuntimeEventInfoSystemInt32', ID = '8215'
Method 'SystemStringSystemPrivateCoreLibSystemSRget_Arg_InvalidHandle', ID = '8222'
Method 'SystemVoidpointerInternalRuntimeCompilerServicesUnsafeAsPointerSystemRuntimeTypeHandleSystemRuntimeTypeHandle', ID = '8225'
Method 'SystemVoidpointerInternalRuntimeCompilerServicesUnsafeAsPointerSystemStringSystemString', ID = '8227'
Method 'SystemVoidCosmosCore_PlugsSystemRuntimeTypeHandleImplGetConstraintsSystemObjectSystemObjectSystemObject', ID = '8228'
Method 'SystemBooleanCosmosCoreCosmosRuntimeTypeHasElementTypeImpl', ID = '8230'
Method 'SystemBooleanSystemRuntimeTypeHasElementTypeImpl', ID = '8231'
Method 'SystemBooleanCosmosCore_PlugsSystemRuntimeTypeHandleImplIsGenericTypeDefinitionSystemObject', ID = '8232'
Method 'SystemBooleanCosmosCore_PlugsSystemRuntimeTypeHandleImplContainsGenericVariablesSystemObject', ID = '8233'
Method 'SystemTypearraySystemRuntimeTypeHandleGetInstantiationPublic', ID = '8235'
Method 'SystemVoidSystemRuntimeCompilerServicesQCallAssemblyctorSystemReflectionRuntimeAssembly', ID = '8236'
Method 'SystemStringSystemThreadingInterlockedCompareExchangeSystemStringSystemStringSystemStringSystemString', ID = '8238'
Method 'SystemStringSystemPrivateCoreLibSystemSRget_InvalidOperation_EnumEnded', ID = '8239'
Method 'SystemStringSystemPrivateCoreLibSystemSRget_InvalidOperation_EnumNotStarted', ID = '8240'
Method 'SystemVoidSystemCollectionsGenericEqualityComparer1CosmosSystemKeyMappingcctor', ID = '8241'
Method 'SystemTypearrayInternalRuntimeCompilerServicesUnsafeAsSystemTypearraySystemObject', ID = '8245'
Method 'SystemVoidSystemSZGenericArrayEnumerator1SystemTypectorSystemTypearray', ID = '8246'
Method 'SystemInt32SystemArrayIndexOfSystemTypeSystemTypearraySystemTypeSystemInt32SystemInt32', ID = '8249'
Method 'SystemCollectionsGenericIEnumerator1SystemTypeCosmosIL2CPUSZArrayImpl1SystemTypeGetEnumerator', ID = '8250'
Method 'SystemVoidCosmosIL2CPUSZArrayImpl1SystemTypeCopyToSystemTypearraySystemInt32', ID = '8251'
Method 'SystemInt32CosmosIL2CPUSZArrayImpl1SystemTypeget_Count', ID = '8252'
Method 'SystemTypeCosmosIL2CPUSZArrayImpl1SystemTypeget_ItemSystemInt32', ID = '8253'
Method 'SystemVoidCosmosIL2CPUSZArrayImpl1SystemTypeset_ItemSystemInt32SystemType', ID = '8254'
Method 'SystemVoidCosmosIL2CPUSZArrayImpl1SystemTypeAddSystemType', ID = '8255'
Method 'SystemBooleanCosmosIL2CPUSZArrayImpl1SystemTypeContainsSystemType', ID = '8256'
Method 'SystemBooleanCosmosIL2CPUSZArrayImpl1SystemTypeget_IsReadOnly', ID = '8257'
Method 'SystemVoidCosmosIL2CPUSZArrayImpl1SystemTypeClear', ID = '8258'
Method 'SystemInt32CosmosIL2CPUSZArrayImpl1SystemTypeIndexOfSystemType', ID = '8259'
Method 'SystemVoidCosmosIL2CPUSZArrayImpl1SystemTypeInsertSystemInt32SystemType', ID = '8260'
Method 'SystemVoidCosmosIL2CPUSZArrayImpl1SystemTypeRemoveAtSystemInt32', ID = '8261'
Method 'SystemBooleanCosmosIL2CPUSZArrayImpl1SystemTypeget_IsFixedSize', ID = '8262'
Method 'SystemVoidCosmosIL2CPUSZArrayImpl1SystemTypeRemoveSystemType', ID = '8263'
Method 'SystemObjectCosmosIL2CPUSZArrayImpl1SystemTypeget_SyncRoot', ID = '8264'
Method 'SystemBooleanCosmosIL2CPUSZArrayImpl1SystemTypeget_IsSynchronized', ID = '8265'
Method 'SystemRuntimeCompilerServicesObjectHandleOnStackSystemRuntimeCompilerServicesObjectHandleOnStackCreateSystemTypearraySystemTypearray', ID = '8266'
Method 'SystemVoidSystemReflectionMetadataImportctorSystemIntPtrSystemObject', ID = '8270'
Method 'SystemInt32SystemRuntimeTypeget_MetadataToken', ID = '8271'
Method 'SystemGlobalizationCalendarDataSystemGlobalizationCalendarDataCreateInvariant', ID = '8274'
Method 'SystemVoidCosmosIL2CPUSZArrayImpl1GetEnumeratord__0SystemGlobalizationCalendarIdSystemIDisposableDispose', ID = '8281'
Method 'SystemBooleanCosmosIL2CPUSZArrayImpl1GetEnumeratord__0SystemGlobalizationCalendarIdMoveNext', ID = '8282'
Method 'SystemVoidCosmosIL2CPUSZArrayImpl1GetEnumeratord__0SystemGlobalizationDateTimeFormatInfoTokenHashValueSystemIDisposableDispose', ID = '8287'
Method 'SystemBooleanCosmosIL2CPUSZArrayImpl1GetEnumeratord__0SystemGlobalizationDateTimeFormatInfoTokenHashValueMoveNext', ID = '8288'
Method 'SystemVoidCosmosIL2CPUSZArrayImpl1GetEnumeratord__0SystemGlobalizationCalendarDataSystemIDisposableDispose', ID = '8293'
Method 'SystemBooleanCosmosIL2CPUSZArrayImpl1GetEnumeratord__0SystemGlobalizationCalendarDataMoveNext', ID = '8294'
Method 'SystemBooleanSystemAppContextConfigHelperGetBooleanConfigSystemStringSystemStringSystemBoolean', ID = '8295'
Method 'SystemBooleanSystemGlobalizationGlobalizationModeLoadIcu', ID = '8296'
Method 'SystemVoidSystemGlobalizationGlobalizationModeSettingscctor', ID = '8297'
Method 'SystemBooleanCosmosCore_PlugsInteropGlobalizationImplGetLocaleInfoIntSystemStringSystemUInt32SystemInt32', ID = '8299'
Method 'SystemReadOnlySpan1SystemByteSystemSpan1SystemByteop_ImplicitSystemSpan1SystemByte', ID = '8300'
Method 'SystemReadOnlySpan1SystemByteSystemGlobalizationIcuLocaleDataGetCultureNameSystemInt32', ID = '8301'
Method 'SystemInt32SystemMemoryExtensionsSequenceCompareToSystemByteSystemReadOnlySpan1SystemByteSystemReadOnlySpan1SystemByte', ID = '8302'
Method 'SystemVoidSystemGlobalizationGregorianCalendarctorSystemGlobalizationGregorianCalendarTypes', ID = '8305'
Method 'SystemBooleanSystemLocalAppContextSwitchesGetCachedSwitchValueSystemStringSystemInt32', ID = '8308'
Method 'SystemStringSystemGlobalizationCultureDataGetSeparatorSystemStringSystemString', ID = '8309'
Method 'SystemVoidSystemBuffer_ZeroMemorySystemByteSystemUIntPtr', ID = '8310'
Method 'SystemVoidCosmosIL2CPUSZArrayImpl1GetEnumeratord__0CosmosSystemNetworkIPv4ICMPPacketSystemIDisposableDispose', ID = '8315'
Method 'SystemBooleanCosmosIL2CPUSZArrayImpl1GetEnumeratord__0CosmosSystemNetworkIPv4ICMPPacketMoveNext', ID = '8316'
Method 'SystemVoidCosmosIL2CPUSZArrayImpl1GetEnumeratord__0SystemCollectionsGenericDictionary2EntrySystemUInt32CosmosSystemNetworkIPv4ICMPClientSystemIDisposableDispose', ID = '8320'
Method 'SystemBooleanCosmosIL2CPUSZArrayImpl1GetEnumeratord__0SystemCollectionsGenericDictionary2EntrySystemUInt32CosmosSystemNetworkIPv4ICMPClientMoveNext', ID = '8321'
Method 'CosmosSystemNetworkIPv4ICMPClientarrayInternalRuntimeCompilerServicesUnsafeAsCosmosSystemNetworkIPv4ICMPClientarraySystemObject', ID = '8323'
Method 'SystemVoidSystemSZGenericArrayEnumerator1CosmosSystemNetworkIPv4ICMPClientctorCosmosSystemNetworkIPv4ICMPClientarray', ID = '8324'
Method 'SystemInt32SystemArrayIndexOfCosmosSystemNetworkIPv4ICMPClientCosmosSystemNetworkIPv4ICMPClientarrayCosmosSystemNetworkIPv4ICMPClientSystemInt32SystemInt32', ID = '8327'
Method 'SystemCollectionsGenericIEnumerator1CosmosSystemNetworkIPv4ICMPClientCosmosIL2CPUSZArrayImpl1CosmosSystemNetworkIPv4ICMPClientGetEnumerator', ID = '8328'
Method 'SystemVoidCosmosIL2CPUSZArrayImpl1CosmosSystemNetworkIPv4ICMPClientCopyToCosmosSystemNetworkIPv4ICMPClientarraySystemInt32', ID = '8329'
Method 'SystemInt32CosmosIL2CPUSZArrayImpl1CosmosSystemNetworkIPv4ICMPClientget_Count', ID = '8330'
Method 'CosmosSystemNetworkIPv4ICMPClientCosmosIL2CPUSZArrayImpl1CosmosSystemNetworkIPv4ICMPClientget_ItemSystemInt32', ID = '8331'
Method 'SystemVoidCosmosIL2CPUSZArrayImpl1CosmosSystemNetworkIPv4ICMPClientset_ItemSystemInt32CosmosSystemNetworkIPv4ICMPClient', ID = '8332'
Method 'SystemVoidCosmosIL2CPUSZArrayImpl1CosmosSystemNetworkIPv4ICMPClientAddCosmosSystemNetworkIPv4ICMPClient', ID = '8333'
Method 'SystemBooleanCosmosIL2CPUSZArrayImpl1CosmosSystemNetworkIPv4ICMPClientContainsCosmosSystemNetworkIPv4ICMPClient', ID = '8334'
Method 'SystemBooleanCosmosIL2CPUSZArrayImpl1CosmosSystemNetworkIPv4ICMPClientget_IsReadOnly', ID = '8335'
Method 'SystemVoidCosmosIL2CPUSZArrayImpl1CosmosSystemNetworkIPv4ICMPClientClear', ID = '8336'
Method 'SystemInt32CosmosIL2CPUSZArrayImpl1CosmosSystemNetworkIPv4ICMPClientIndexOfCosmosSystemNetworkIPv4ICMPClient', ID = '8337'
Method 'SystemVoidCosmosIL2CPUSZArrayImpl1CosmosSystemNetworkIPv4ICMPClientInsertSystemInt32CosmosSystemNetworkIPv4ICMPClient', ID = '8338'
Method 'SystemVoidCosmosIL2CPUSZArrayImpl1CosmosSystemNetworkIPv4ICMPClientRemoveAtSystemInt32', ID = '8339'
Method 'SystemBooleanCosmosIL2CPUSZArrayImpl1CosmosSystemNetworkIPv4ICMPClientget_IsFixedSize', ID = '8340'
Method 'SystemVoidCosmosIL2CPUSZArrayImpl1CosmosSystemNetworkIPv4ICMPClientRemoveCosmosSystemNetworkIPv4ICMPClient', ID = '8341'
Method 'SystemObjectCosmosIL2CPUSZArrayImpl1CosmosSystemNetworkIPv4ICMPClientget_SyncRoot', ID = '8342'
Method 'SystemBooleanCosmosIL2CPUSZArrayImpl1CosmosSystemNetworkIPv4ICMPClientget_IsSynchronized', ID = '8343'
Method 'SystemVoidSystemSZGenericArrayEnumerator1SystemCollectionsGenericKeyValuePair2SystemUInt32CosmosSystemNetworkIPv4ICMPClientcctor', ID = '8344'
Method 'SystemVoidSystemSZGenericArrayEnumerator1SystemCollectionsGenericKeyValuePair2SystemUInt32CosmosSystemNetworkIPv4ICMPClientDispose', ID = '8345'
Method 'SystemBooleanSystemSZGenericArrayEnumerator1SystemCollectionsGenericKeyValuePair2SystemUInt32CosmosSystemNetworkIPv4ICMPClientMoveNext', ID = '8346'
Method 'SystemStringSystemCollectionsGenericKeyValuePair2SystemUInt32CosmosSystemNetworkIPv4ICMPClientToString', ID = '8347'
Method 'SystemBooleanSystemRuntimeCompilerServicesRuntimeHelpersIsBitwiseEquatableSystemCollectionsGenericKeyValuePair2SystemUInt32CosmosSystemNetworkIPv4ICMPClient', ID = '8348'
Method 'SystemInt32InternalRuntimeCompilerServicesUnsafeSizeOfSystemCollectionsGenericKeyValuePair2SystemUInt32CosmosSystemNetworkIPv4ICMPClient', ID = '8349'
Method 'SystemByteInternalRuntimeCompilerServicesUnsafeAsSystemCollectionsGenericKeyValuePair2SystemUInt32CosmosSystemNetworkIPv4ICMPClientSystemByteSystemCollectionsGenericKeyCD4B39E06DB2A516D2A8DAA71C1FEB26', ID = '8350'
Method 'SystemCharInternalRuntimeCompilerServicesUnsafeAsSystemCollectionsGenericKeyValuePair2SystemUInt32CosmosSystemNetworkIPv4ICMPClientSystemCharSystemCollectionsGenericKey85B71626B6CA1892B60221735B648043', ID = '8351'
Method 'SystemInt32InternalRuntimeCompilerServicesUnsafeAsSystemCollectionsGenericKeyValuePair2SystemUInt32CosmosSystemNetworkIPv4ICMPClientSystemInt32SystemCollectionsGenericKB1D58C1E0BDD1B2C5FB38D3E0E2797B4', ID = '8352'
Method 'SystemInt64InternalRuntimeCompilerServicesUnsafeAsSystemCollectionsGenericKeyValuePair2SystemUInt32CosmosSystemNetworkIPv4ICMPClientSystemInt64SystemCollectionsGenericK9F5A37A6756C183DF7843C74968FC25C', ID = '8353'
Method 'SystemCollectionsGenericEqualityComparer1SystemCollectionsGenericKeyValuePair2SystemUInt32CosmosSystemNetworkIPv4ICMPClientSystemCollectionsGenericEqualityComparer1SystF31130D4884C420F58CE14A187FA2C3C', ID = '8354'
Method 'SystemInt32SystemCollectionsGenericEqualityComparer1SystemCollectionsGenericKeyValuePair2SystemUInt32CosmosSystemNetworkIPv4ICMPClientIndexOfSystemCollectionsGenericKey1AD218B225FEC74A699F9195CCAC0B53', ID = '8355'
Method 'SystemVoidCosmosIL2CPUSZArrayImpl1GetEnumeratord__0SystemCollectionsGenericKeyValuePair2SystemUInt32CosmosSystemNetworkIPv4ICMPClientctorSystemInt32', ID = '8356'
Method 'SystemVoidSystemCollectionsGenericEqualityComparer1CosmosSystemNetworkIPv4TCPTCPOptioncctor', ID = '8358'
Method 'SystemVoidCosmosIL2CPUSZArrayImpl1GetEnumeratord__0CosmosSystemNetworkIPv4TCPTCPPacketSystemIDisposableDispose', ID = '8364'
Method 'SystemBooleanCosmosIL2CPUSZArrayImpl1GetEnumeratord__0CosmosSystemNetworkIPv4TCPTCPPacketMoveNext', ID = '8365'
Method 'SystemVoidCosmosIL2CPUSZArrayImpl1GetEnumeratord__0CosmosSystemNetworkIPv4TCPTcpSystemIDisposableDispose', ID = '8370'
Method 'SystemBooleanCosmosIL2CPUSZArrayImpl1GetEnumeratord__0CosmosSystemNetworkIPv4TCPTcpMoveNext', ID = '8371'
Method 'SystemInt32SystemRandomThreadSafeRandomNextSystemInt32SystemInt32', ID = '8372'
Method 'SystemVoidSystemRandomThreadSafeRandomNextBytesSystemBytearray', ID = '8373'
Method 'SystemStringSystemPrivateCoreLibSystemSRget_Overflow_NegateTwosCompNum', ID = '8374'
Method 'SystemVoidSystemCollectionsGenericList1CosmosHALPITPITTimerset_CapacitySystemInt32', ID = '8375'
Method 'SystemVoidCosmosIL2CPUSZArrayImpl1GetEnumeratord__0CosmosSystemNetworkIPv4UDPDNSDNSQuerySystemIDisposableDispose', ID = '8380'
Method 'SystemBooleanCosmosIL2CPUSZArrayImpl1GetEnumeratord__0CosmosSystemNetworkIPv4UDPDNSDNSQueryMoveNext', ID = '8381'
Method 'SystemVoidCosmosIL2CPUSZArrayImpl1GetEnumeratord__0CosmosSystemNetworkIPv4UDPDNSDNSAnswerSystemIDisposableDispose', ID = '8386'
Method 'SystemBooleanCosmosIL2CPUSZArrayImpl1GetEnumeratord__0CosmosSystemNetworkIPv4UDPDNSDNSAnswerMoveNext', ID = '8387'
Method 'SystemVoidCosmosIL2CPUSZArrayImpl1GetEnumeratord__0CosmosSystemNetworkIPv4UDPUDPPacketSystemIDisposableDispose', ID = '8392'
Method 'SystemBooleanCosmosIL2CPUSZArrayImpl1GetEnumeratord__0CosmosSystemNetworkIPv4UDPUDPPacketMoveNext', ID = '8393'
Method 'SystemVoidCosmosIL2CPUSZArrayImpl1GetEnumeratord__0SystemCollectionsGenericDictionary2EntrySystemUInt32CosmosSystemNetworkIPv4UDPUdpClientSystemIDisposableDispose', ID = '8397'
Method 'SystemBooleanCosmosIL2CPUSZArrayImpl1GetEnumeratord__0SystemCollectionsGenericDictionary2EntrySystemUInt32CosmosSystemNetworkIPv4UDPUdpClientMoveNext', ID = '8398'
Method 'CosmosSystemNetworkIPv4UDPUdpClientarrayInternalRuntimeCompilerServicesUnsafeAsCosmosSystemNetworkIPv4UDPUdpClientarraySystemObject', ID = '8400'
Method 'SystemVoidSystemSZGenericArrayEnumerator1CosmosSystemNetworkIPv4UDPUdpClientctorCosmosSystemNetworkIPv4UDPUdpClientarray', ID = '8401'
Method 'SystemInt32SystemArrayIndexOfCosmosSystemNetworkIPv4UDPUdpClientCosmosSystemNetworkIPv4UDPUdpClientarrayCosmosSystemNetworkIPv4UDPUdpClientSystemInt32SystemInt32', ID = '8404'
Method 'SystemCollectionsGenericIEnumerator1CosmosSystemNetworkIPv4UDPUdpClientCosmosIL2CPUSZArrayImpl1CosmosSystemNetworkIPv4UDPUdpClientGetEnumerator', ID = '8405'
Method 'SystemVoidCosmosIL2CPUSZArrayImpl1CosmosSystemNetworkIPv4UDPUdpClientCopyToCosmosSystemNetworkIPv4UDPUdpClientarraySystemInt32', ID = '8406'
Method 'SystemInt32CosmosIL2CPUSZArrayImpl1CosmosSystemNetworkIPv4UDPUdpClientget_Count', ID = '8407'
Method 'CosmosSystemNetworkIPv4UDPUdpClientCosmosIL2CPUSZArrayImpl1CosmosSystemNetworkIPv4UDPUdpClientget_ItemSystemInt32', ID = '8408'
Method 'SystemVoidCosmosIL2CPUSZArrayImpl1CosmosSystemNetworkIPv4UDPUdpClientset_ItemSystemInt32CosmosSystemNetworkIPv4UDPUdpClient', ID = '8409'
Method 'SystemVoidCosmosIL2CPUSZArrayImpl1CosmosSystemNetworkIPv4UDPUdpClientAddCosmosSystemNetworkIPv4UDPUdpClient', ID = '8410'
Method 'SystemBooleanCosmosIL2CPUSZArrayImpl1CosmosSystemNetworkIPv4UDPUdpClientContainsCosmosSystemNetworkIPv4UDPUdpClient', ID = '8411'
Method 'SystemBooleanCosmosIL2CPUSZArrayImpl1CosmosSystemNetworkIPv4UDPUdpClientget_IsReadOnly', ID = '8412'
Method 'SystemVoidCosmosIL2CPUSZArrayImpl1CosmosSystemNetworkIPv4UDPUdpClientClear', ID = '8413'
Method 'SystemInt32CosmosIL2CPUSZArrayImpl1CosmosSystemNetworkIPv4UDPUdpClientIndexOfCosmosSystemNetworkIPv4UDPUdpClient', ID = '8414'
Method 'SystemVoidCosmosIL2CPUSZArrayImpl1CosmosSystemNetworkIPv4UDPUdpClientInsertSystemInt32CosmosSystemNetworkIPv4UDPUdpClient', ID = '8415'
Method 'SystemVoidCosmosIL2CPUSZArrayImpl1CosmosSystemNetworkIPv4UDPUdpClientRemoveAtSystemInt32', ID = '8416'
Method 'SystemBooleanCosmosIL2CPUSZArrayImpl1CosmosSystemNetworkIPv4UDPUdpClientget_IsFixedSize', ID = '8417'
Method 'SystemVoidCosmosIL2CPUSZArrayImpl1CosmosSystemNetworkIPv4UDPUdpClientRemoveCosmosSystemNetworkIPv4UDPUdpClient', ID = '8418'
Method 'SystemObjectCosmosIL2CPUSZArrayImpl1CosmosSystemNetworkIPv4UDPUdpClientget_SyncRoot', ID = '8419'
Method 'SystemBooleanCosmosIL2CPUSZArrayImpl1CosmosSystemNetworkIPv4UDPUdpClientget_IsSynchronized', ID = '8420'
Method 'SystemVoidSystemSZGenericArrayEnumerator1SystemCollectionsGenericKeyValuePair2SystemUInt32CosmosSystemNetworkIPv4UDPUdpClientcctor', ID = '8421'
Method 'SystemVoidSystemSZGenericArrayEnumerator1SystemCollectionsGenericKeyValuePair2SystemUInt32CosmosSystemNetworkIPv4UDPUdpClientDispose', ID = '8422'
Method 'SystemBooleanSystemSZGenericArrayEnumerator1SystemCollectionsGenericKeyValuePair2SystemUInt32CosmosSystemNetworkIPv4UDPUdpClientMoveNext', ID = '8423'
Method 'SystemStringSystemCollectionsGenericKeyValuePair2SystemUInt32CosmosSystemNetworkIPv4UDPUdpClientToString', ID = '8424'
Method 'SystemBooleanSystemRuntimeCompilerServicesRuntimeHelpersIsBitwiseEquatableSystemCollectionsGenericKeyValuePair2SystemUInt32CosmosSystemNetworkIPv4UDPUdpClient', ID = '8425'
Method 'SystemInt32InternalRuntimeCompilerServicesUnsafeSizeOfSystemCollectionsGenericKeyValuePair2SystemUInt32CosmosSystemNetworkIPv4UDPUdpClient', ID = '8426'
Method 'SystemByteInternalRuntimeCompilerServicesUnsafeAsSystemCollectionsGenericKeyValuePair2SystemUInt32CosmosSystemNetworkIPv4UDPUdpClientSystemByteSystemCollectionsGenericKD1201BB62FFB27EE91225895289AC07E', ID = '8427'
Method 'SystemCharInternalRuntimeCompilerServicesUnsafeAsSystemCollectionsGenericKeyValuePair2SystemUInt32CosmosSystemNetworkIPv4UDPUdpClientSystemCharSystemCollectionsGenericKCE28DBB7B8950CC345377500F11B7A81', ID = '8428'
Method 'SystemInt32InternalRuntimeCompilerServicesUnsafeAsSystemCollectionsGenericKeyValuePair2SystemUInt32CosmosSystemNetworkIPv4UDPUdpClientSystemInt32SystemCollectionsGeneri24354F78C6BB3A5696015B1A2261142B', ID = '8429'
Method 'SystemInt64InternalRuntimeCompilerServicesUnsafeAsSystemCollectionsGenericKeyValuePair2SystemUInt32CosmosSystemNetworkIPv4UDPUdpClientSystemInt64SystemCollectionsGeneriF94448C80850995BF7542D3609B78D77', ID = '8430'
Method 'SystemCollectionsGenericEqualityComparer1SystemCollectionsGenericKeyValuePair2SystemUInt32CosmosSystemNetworkIPv4UDPUdpClientSystemCollectionsGenericEqualityComparer1Sy91A2686C826541A4A3F0EB7E17710400', ID = '8431'
Method 'SystemInt32SystemCollectionsGenericEqualityComparer1SystemCollectionsGenericKeyValuePair2SystemUInt32CosmosSystemNetworkIPv4UDPUdpClientIndexOfSystemCollectionsGenericKFB632840D3DC01DA436679FB273CCDB5', ID = '8432'
Method 'SystemVoidCosmosIL2CPUSZArrayImpl1GetEnumeratord__0SystemCollectionsGenericKeyValuePair2SystemUInt32CosmosSystemNetworkIPv4UDPUdpClientctorSystemInt32', ID = '8433'
Method 'SystemVoidSystemCollectionsGenericEqualityComparer1CosmosSystemNetworkIPv4UDPDHCPDHCPOptioncctor', ID = '8435'
Method 'SystemVoidSystemCollectionsGenericEqualityComparer1CosmosHALNetworkMACAddresscctor', ID = '8437'
Method 'SystemVoidSystemTextEncoderExceptionFallbackcctor', ID = '8439'
Method 'SystemBooleanSystemTextEncoderExceptionFallbackEqualsSystemObject', ID = '8440'
Method 'SystemInt32SystemTextEncoderExceptionFallbackGetHashCode', ID = '8441'
Method 'SystemInt32SystemTextEncoderExceptionFallbackget_MaxCharCount', ID = '8442'
Method 'SystemTextEncoderFallbackBufferSystemTextEncoderExceptionFallbackCreateFallbackBuffer', ID = '8443'
Method 'SystemVoidSystemTextDecoderExceptionFallbackcctor', ID = '8444'
Method 'SystemBooleanSystemTextDecoderExceptionFallbackEqualsSystemObject', ID = '8445'
Method 'SystemInt32SystemTextDecoderExceptionFallbackGetHashCode', ID = '8446'
Method 'SystemVoidSystemTextDecoderReplacementFallbackctor', ID = '8447'
Method 'SystemVoidInternalRuntimeCompilerServicesUnsafeSkipInitSystemNumericsVector1SystemInt32SystemNumericsVector1SystemInt32', ID = '8448'
Method 'SystemVoidSystemNumericsVector1SystemInt32SetElementSystemIntPtrSystemInt32', ID = '8449'
Method 'SystemRuntimeIntrinsicsVector1281SystemSingleSystemRuntimeIntrinsicsVector128AsSingleSystemUInt64SystemRuntimeIntrinsicsVector1281SystemUInt64', ID = '8450'
Method 'SystemRuntimeIntrinsicsVector1281SystemDoubleSystemRuntimeIntrinsicsVector128AsDoubleSystemUInt64SystemRuntimeIntrinsicsVector1281SystemUInt64', ID = '8451'
Method 'SystemBooleanSystemRuntimeIntrinsicsVector1281SystemUInt64Equalsg__SoftwareFallbacksLine12_0SystemRuntimeIntrinsicsVector1281SystemUInt64SystemRuntimeIntrinsicsVector1281SystemUInt64', ID = '8452'
Method 'SystemInt32InternalRuntimeCompilerServicesUnsafeSizeOfSystemInt16', ID = '8453'
Method 'SystemInt16InternalRuntimeCompilerServicesUnsafeAsSystemRuntimeIntrinsicsVector1281SystemInt16SystemInt16SystemRuntimeIntrinsicsVector1281SystemInt16', ID = '8454'
Method 'SystemInt16InternalRuntimeCompilerServicesUnsafeAddSystemInt16SystemInt16SystemInt32', ID = '8455'
Method 'SystemRuntimeIntrinsicsVector1281SystemSingleSystemRuntimeIntrinsicsVector128AsSingleSystemInt16SystemRuntimeIntrinsicsVector1281SystemInt16', ID = '8456'
Method 'SystemRuntimeIntrinsicsVector1281SystemDoubleSystemRuntimeIntrinsicsVector128AsDoubleSystemInt16SystemRuntimeIntrinsicsVector1281SystemInt16', ID = '8457'
Method 'SystemBooleanSystemRuntimeIntrinsicsVector1281SystemInt16Equalsg__SoftwareFallbacksLine12_0SystemRuntimeIntrinsicsVector1281SystemInt16SystemRuntimeIntrinsicsVector1281SystemInt16', ID = '8458'
Method 'SystemBooleanSystemNumericsVector1SystemUIntPtrop_EqualitySystemNumericsVector1SystemUIntPtrSystemNumericsVector1SystemUIntPtr', ID = '8459'
Method 'SystemInt32SystemTextEncoderReplacementFallbackBufferget_Remaining', ID = '8460'
Method 'SystemBooleanSystemTextEncoderReplacementFallbackBufferFallbackSystemCharSystemInt32', ID = '8461'
Method 'SystemBooleanSystemTextEncoderReplacementFallbackBufferFallbackSystemCharSystemCharSystemInt32', ID = '8462'
Method 'SystemBooleanSystemTextEncoderReplacementFallbackBufferMovePrevious', ID = '8463'
Method 'SystemVoidSystemTextEncoderReplacementFallbackBufferReset', ID = '8464'
Method 'SystemInt32SystemTextUnicodeUtilityGetUtf8SequenceLengthSystemUInt32', ID = '8465'
Method 'SystemNumericsVector1SystemInt32InternalRuntimeCompilerServicesUnsafeAsRefSystemNumericsVector1SystemInt32SystemNumericsVector1SystemInt32', ID = '8466'
Method 'SystemInt32InternalRuntimeCompilerServicesUnsafeAsSystemNumericsVector1SystemInt32SystemInt32SystemNumericsVector1SystemInt32', ID = '8467'
Method 'SystemInt32InternalRuntimeCompilerServicesUnsafeSizeOfSystemNumericsVector1SystemInt32', ID = '8468'
Method 'SystemUInt32InternalRuntimeCompilerServicesUnsafeAsSystemRuntimeIntrinsicsVector1281SystemUInt32SystemUInt32SystemRuntimeIntrinsicsVector1281SystemUInt32', ID = '8469'
Method 'SystemUInt32InternalRuntimeCompilerServicesUnsafeAddSystemUInt32SystemUInt32SystemInt32', ID = '8470'
Method 'SystemRuntimeIntrinsicsVector1281SystemSingleSystemRuntimeIntrinsicsVector128AsSingleSystemUInt32SystemRuntimeIntrinsicsVector1281SystemUInt32', ID = '8471'
Method 'SystemRuntimeIntrinsicsVector1281SystemDoubleSystemRuntimeIntrinsicsVector128AsDoubleSystemUInt32SystemRuntimeIntrinsicsVector1281SystemUInt32', ID = '8472'
Method 'SystemRuntimeIntrinsicsVector1281SystemByteSystemRuntimeIntrinsicsVector128AsByteSystemUInt32SystemRuntimeIntrinsicsVector1281SystemUInt32', ID = '8473'
Method 'SystemBooleanSystemRuntimeIntrinsicsVector1281SystemUInt32Equalsg__SoftwareFallbacksLine12_0SystemRuntimeIntrinsicsVector1281SystemUInt32SystemRuntimeIntrinsicsVector1281SystemUInt32', ID = '8474'
Method 'SystemObjectCosmosSystem_PlugsSystemGlobalizationEncodingTableImplGetCodePageDataItemSystemInt32', ID = '8476'
Method 'SystemVoidSystemExceptionctor', ID = '8477'
Method 'SystemBooleanSystemGlobalizationCompareInfoCanUseAsciiOrdinalForOptionsSystemGlobalizationCompareOptions', ID = '8478'
Method 'SystemBooleanSystemGlobalizationCompareInfoStartsWithOrdinalIgnoreCaseHelperSystemReadOnlySpan1SystemCharSystemReadOnlySpan1SystemCharSystemGlobalizationCompareOptionsSystemInt32pointer', ID = '8479'
Method 'SystemBooleanSystemGlobalizationCompareInfoStartsWithOrdinalHelperSystemReadOnlySpan1SystemCharSystemReadOnlySpan1SystemCharSystemGlobalizationCompareOptionsSystemInt32pointer', ID = '8480'
Method 'SystemInt32SystemGlobalizationCompareInfoGetNativeCompareFlagsSystemGlobalizationCompareOptions', ID = '8482'
Method 'SystemInt32SystemGlobalizationCompareInfoFindStringSystemUInt32SystemReadOnlySpan1SystemCharSystemReadOnlySpan1SystemCharSystemInt32pointer', ID = '8483'
Method 'SystemUIntPtrInternalRuntimeCompilerServicesUnsafeReadUnalignedSystemUIntPtrSystemByte', ID = '8484'
Method 'SystemBooleanSystemCharEqualsSystemChar', ID = '8485'
Method 'SystemStringCosmosCore_PlugsSystemStringImplToLowerInvariant', ID = '8486'
Method 'SystemVoidCosmosIL2CPUSZArrayImpl1GetEnumeratord__0SystemCollectionsGenericDictionary2EntrySystemStringSystemReflectionAssemblySystemIDisposableDispose', ID = '8491'
Method 'SystemBooleanCosmosIL2CPUSZArrayImpl1GetEnumeratord__0SystemCollectionsGenericDictionary2EntrySystemStringSystemReflectionAssemblyMoveNext', ID = '8492'
Method 'SystemReflectionAssemblyarrayInternalRuntimeCompilerServicesUnsafeAsSystemReflectionAssemblyarraySystemObject', ID = '8494'
Method 'SystemVoidSystemSZGenericArrayEnumerator1SystemReflectionAssemblyctorSystemReflectionAssemblyarray', ID = '8495'
Method 'SystemInt32SystemArrayIndexOfSystemReflectionAssemblySystemReflectionAssemblyarraySystemReflectionAssemblySystemInt32SystemInt32', ID = '8498'
Method 'SystemCollectionsGenericIEnumerator1SystemReflectionAssemblyCosmosIL2CPUSZArrayImpl1SystemReflectionAssemblyGetEnumerator', ID = '8499'
Method 'SystemVoidCosmosIL2CPUSZArrayImpl1SystemReflectionAssemblyCopyToSystemReflectionAssemblyarraySystemInt32', ID = '8500'
Method 'SystemInt32CosmosIL2CPUSZArrayImpl1SystemReflectionAssemblyget_Count', ID = '8501'
Method 'SystemReflectionAssemblyCosmosIL2CPUSZArrayImpl1SystemReflectionAssemblyget_ItemSystemInt32', ID = '8502'
Method 'SystemVoidCosmosIL2CPUSZArrayImpl1SystemReflectionAssemblyset_ItemSystemInt32SystemReflectionAssembly', ID = '8503'
Method 'SystemVoidCosmosIL2CPUSZArrayImpl1SystemReflectionAssemblyAddSystemReflectionAssembly', ID = '8504'
Method 'SystemBooleanCosmosIL2CPUSZArrayImpl1SystemReflectionAssemblyContainsSystemReflectionAssembly', ID = '8505'
Method 'SystemBooleanCosmosIL2CPUSZArrayImpl1SystemReflectionAssemblyget_IsReadOnly', ID = '8506'
Method 'SystemVoidCosmosIL2CPUSZArrayImpl1SystemReflectionAssemblyClear', ID = '8507'
Method 'SystemInt32CosmosIL2CPUSZArrayImpl1SystemReflectionAssemblyIndexOfSystemReflectionAssembly', ID = '8508'
Method 'SystemVoidCosmosIL2CPUSZArrayImpl1SystemReflectionAssemblyInsertSystemInt32SystemReflectionAssembly', ID = '8509'
Method 'SystemVoidCosmosIL2CPUSZArrayImpl1SystemReflectionAssemblyRemoveAtSystemInt32', ID = '8510'
Method 'SystemBooleanCosmosIL2CPUSZArrayImpl1SystemReflectionAssemblyget_IsFixedSize', ID = '8511'
Method 'SystemVoidCosmosIL2CPUSZArrayImpl1SystemReflectionAssemblyRemoveSystemReflectionAssembly', ID = '8512'
Method 'SystemObjectCosmosIL2CPUSZArrayImpl1SystemReflectionAssemblyget_SyncRoot', ID = '8513'
Method 'SystemBooleanCosmosIL2CPUSZArrayImpl1SystemReflectionAssemblyget_IsSynchronized', ID = '8514'
Method 'SystemVoidSystemSZGenericArrayEnumerator1SystemCollectionsGenericKeyValuePair2SystemStringSystemReflectionAssemblycctor', ID = '8515'
Method 'SystemVoidSystemSZGenericArrayEnumerator1SystemCollectionsGenericKeyValuePair2SystemStringSystemReflectionAssemblyDispose', ID = '8516'
Method 'SystemBooleanSystemSZGenericArrayEnumerator1SystemCollectionsGenericKeyValuePair2SystemStringSystemReflectionAssemblyMoveNext', ID = '8517'
Method 'SystemStringSystemCollectionsGenericKeyValuePair2SystemStringSystemReflectionAssemblyToString', ID = '8518'
Method 'SystemBooleanSystemRuntimeCompilerServicesRuntimeHelpersIsBitwiseEquatableSystemCollectionsGenericKeyValuePair2SystemStringSystemReflectionAssembly', ID = '8519'
Method 'SystemInt32InternalRuntimeCompilerServicesUnsafeSizeOfSystemCollectionsGenericKeyValuePair2SystemStringSystemReflectionAssembly', ID = '8520'
Method 'SystemByteInternalRuntimeCompilerServicesUnsafeAsSystemCollectionsGenericKeyValuePair2SystemStringSystemReflectionAssemblySystemByteSystemCollectionsGenericKeyValuePair57E15675003EB7202488C063D17D15FF', ID = '8521'
Method 'SystemCharInternalRuntimeCompilerServicesUnsafeAsSystemCollectionsGenericKeyValuePair2SystemStringSystemReflectionAssemblySystemCharSystemCollectionsGenericKeyValuePairBB92EB164036EDBA5B30E8EDF3D39B5C', ID = '8522'
Method 'SystemInt32InternalRuntimeCompilerServicesUnsafeAsSystemCollectionsGenericKeyValuePair2SystemStringSystemReflectionAssemblySystemInt32SystemCollectionsGenericKeyValuePa26DF010F961DAAAD75D0D9ACDF77519E', ID = '8523'
Method 'SystemInt64InternalRuntimeCompilerServicesUnsafeAsSystemCollectionsGenericKeyValuePair2SystemStringSystemReflectionAssemblySystemInt64SystemCollectionsGenericKeyValuePa9D04F99140DF02C876B4032ADACFE2F5', ID = '8524'
Method 'SystemCollectionsGenericEqualityComparer1SystemCollectionsGenericKeyValuePair2SystemStringSystemReflectionAssemblySystemCollectionsGenericEqualityComparer1SystemCollectBA607C9417DD369DE74048DE990AEE6C', ID = '8525'
Method 'SystemInt32SystemCollectionsGenericEqualityComparer1SystemCollectionsGenericKeyValuePair2SystemStringSystemReflectionAssemblyIndexOfSystemCollectionsGenericKeyValuePairB49C0237FEC17DBFB77EE8A82AEBAD81', ID = '8526'
Method 'SystemVoidCosmosIL2CPUSZArrayImpl1GetEnumeratord__0SystemCollectionsGenericKeyValuePair2SystemStringSystemReflectionAssemblyctorSystemInt32', ID = '8527'
Method 'SystemRuntimeIntrinsicsVector1281SystemSingleInternalRuntimeCompilerServicesUnsafeAsSystemRuntimeIntrinsicsVector1281SystemSingleSystemRuntimeIntrinsicsVector1281SystemAD1B7F5A136BE4F46684C45B301BEFC8', ID = '8529'
Method 'SystemRuntimeIntrinsicsVector1281SystemDoubleInternalRuntimeCompilerServicesUnsafeAsSystemRuntimeIntrinsicsVector1281SystemSingleSystemRuntimeIntrinsicsVector1281System79DC16961C88E4F62F59D6EA3C41B55C', ID = '8530'
Method 'SystemRuntimeIntrinsicsVector1281SystemByteInternalRuntimeCompilerServicesUnsafeAsSystemRuntimeIntrinsicsVector1281SystemSingleSystemRuntimeIntrinsicsVector1281SystemBy79FB838D98F7602B55D6BFCA038A066C', ID = '8531'
Method 'SystemBooleanSystemSingleEqualsSystemSingle', ID = '8532'
Method 'SystemRuntimeIntrinsicsVector1281SystemInt32InternalRuntimeCompilerServicesUnsafeAsSystemRuntimeIntrinsicsVector1281SystemSingleSystemRuntimeIntrinsicsVector1281SystemI36EDD5FCCC04FCDD23C66771394C9F23', ID = '8533'
Method 'SystemRuntimeTypeHandleCosmosCore_PlugsSystemTypeImplCreateRuntimeTypeHandleSystemInt32', ID = '8534'
Method 'SystemUInt32CosmosCoreVTablesImplGetSizeSystemUInt32', ID = '8536'
Method 'SystemArrayCosmosCore_PlugsSystemGCImplCreateNewArraySystemInt32SystemInt32', ID = '8537'
Method 'SystemRuntimeIntrinsicsVector2561SystemSingleInternalRuntimeCompilerServicesUnsafeAsSystemRuntimeIntrinsicsVector2561SystemSingleSystemRuntimeIntrinsicsVector2561System0D1DD4D9A2C2480F6A63BDFDD49AABC2', ID = '8538'
Method 'SystemRuntimeIntrinsicsVector2561SystemDoubleInternalRuntimeCompilerServicesUnsafeAsSystemRuntimeIntrinsicsVector2561SystemSingleSystemRuntimeIntrinsicsVector2561System5F7F4E6AEB32EC638E331162711F58FA', ID = '8539'
Method 'SystemRuntimeIntrinsicsVector2561SystemSingleInternalRuntimeCompilerServicesUnsafeAsSystemRuntimeIntrinsicsVector2561SystemDoubleSystemRuntimeIntrinsicsVector2561SystemE7D7BEDFC6D773D3AED43DB5E5945237', ID = '8540'
Method 'SystemRuntimeIntrinsicsVector2561SystemDoubleInternalRuntimeCompilerServicesUnsafeAsSystemRuntimeIntrinsicsVector2561SystemDoubleSystemRuntimeIntrinsicsVector2561SystemDB6D1DBBF2289BED5D9D123471070615', ID = '8541'
Method 'SystemRuntimeIntrinsicsVector2561SystemByteInternalRuntimeCompilerServicesUnsafeAsSystemRuntimeIntrinsicsVector2561SystemDoubleSystemRuntimeIntrinsicsVector2561SystemBy7FD7E3B5219C59EB5815447E916B4F61', ID = '8542'
Method 'SystemRuntimeIntrinsicsVector1281SystemDoubleInternalRuntimeCompilerServicesUnsafeAsSystemRuntimeIntrinsicsVector1281SystemInt32SystemRuntimeIntrinsicsVector1281SystemD91F5E27AE3D20BB6BC2310D7F07310B6', ID = '8543'
Method 'SystemRuntimeIntrinsicsVector1281SystemByteInternalRuntimeCompilerServicesUnsafeAsSystemRuntimeIntrinsicsVector1281SystemInt32SystemRuntimeIntrinsicsVector1281SystemByt96310126A2F50F743F00399A392E41DB', ID = '8544'
Method 'SystemVoidSystemCollectionsGenericEqualityComparer1SystemBooleancctor', ID = '8545'
Method 'SystemIntPtrInternalRuntimeCompilerServicesUnsafeByteOffsetSystemCharSystemCharSystemChar', ID = '8547'
Method 'SystemInt32InternalRuntimeCompilerServicesUnsafeSizeOfSystemIntPtr', ID = '8548'
Method 'SystemInt64SystemIntPtrop_ExplicitSystemIntPtr', ID = '8549'
Method 'SystemVoidSystemGlobalizationSurrogateCasingToUpperSystemCharSystemCharSystemCharSystemChar', ID = '8550'
Method 'SystemCharSystemGlobalizationInvariantModeCasingToUpperSystemChar', ID = '8551'
Method 'SystemVoidSystemGlobalizationTextInfoChangeCaseCommonSystemGlobalizationTextInfoToUpperConversionSystemCharSystemCharSystemInt32', ID = '8552'
Method 'SystemVoidSystemValueTuple2SystemUInt32SystemInt32ctorSystemUInt32SystemInt32', ID = '8554'
Method 'SystemStringSystemValueTuple2SystemUInt32SystemInt32ToString', ID = '8555'
Method 'SystemBooleanSystemValueTuple2SystemUInt32SystemInt32EqualsSystemObject', ID = '8556'
Method 'SystemInt32SystemValueTuple2SystemUInt32SystemInt32GetHashCode', ID = '8557'
Method 'SystemBooleanSystemTextUnicodeUtilityIsValidCodePointSystemUInt32', ID = '8560'
Method 'SystemReadOnlySpan1SystemByteSystemGlobalizationCharUnicodeInfoget_UppercaseValues', ID = '8561'
Method 'SystemInt16InternalRuntimeCompilerServicesUnsafeAsSystemByteSystemInt16SystemByte', ID = '8562'
Method 'SystemInt16InternalRuntimeCompilerServicesUnsafeAddSystemInt16SystemInt16SystemIntPtr', ID = '8563'
Method 'SystemInt32CosmosCore_PlugsInteropKernel32ImplCompareStringOrdinalSystemCharpointerSystemInt32SystemCharpointerSystemInt32SystemBoolean', ID = '8565'
Method 'SystemVoidSystemGlobalizationOrdinalCasingcctor', ID = '8566'
Method 'SystemUInt16arraySystemGlobalizationOrdinalCasingInitOrdinalCasingPageSystemInt32', ID = '8569'
Method 'SystemVoidSystemCollectionsGenericEqualityComparer1SystemCollectionsGenericKeyValuePair2SystemStringSystemObjectcctor', ID = '8570'
Method 'SystemUIntPtrSystemTextASCIIUtilityWidenAsciiToUtf16_IntrinsifiedSystemBytepointerSystemCharpointerSystemUIntPtr', ID = '8572'
Method 'SystemNumericsVector1SystemSByteInternalRuntimeCompilerServicesUnsafeReadUnalignedSystemNumericsVector1SystemSByteSystemVoidpointer', ID = '8573'
Method 'SystemNumericsVector1SystemSByteSystemNumericsVector1SystemSByteget_Zero', ID = '8574'
Method 'SystemBooleanSystemNumericsVectorLessThanAnySystemSByteSystemNumericsVector1SystemSByteSystemNumericsVector1SystemSByte', ID = '8575'
Method 'SystemNumericsVector1SystemByteSystemNumericsVectorAsVectorByteSystemSByteSystemNumericsVector1SystemSByte', ID = '8576'
Method 'SystemVoidSystemNumericsVectorWidenSystemNumericsVector1SystemByteSystemNumericsVector1SystemUInt16SystemNumericsVector1SystemUInt16', ID = '8577'
Method 'SystemVoidInternalRuntimeCompilerServicesUnsafeWriteUnalignedSystemNumericsVector1SystemUInt16SystemVoidpointerSystemNumericsVector1SystemUInt16', ID = '8578'
Method 'SystemBooleanSystemTextASCIIUtilityAllBytesInUInt32AreAsciiSystemUInt32', ID = '8579'
Method 'SystemVoidSystemTextASCIIUtilityWidenFourAsciiBytesToUtf16AndWriteToBufferSystemCharSystemUInt32', ID = '8580'
Method 'SystemUInt16InternalRuntimeCompilerServicesUnsafeReadUnalignedSystemUInt16SystemVoidpointer', ID = '8581'
Method 'SystemIntPtrInternalRuntimeCompilerServicesUnsafeByteOffsetSystemByteSystemByteSystemByte', ID = '8582'
Method 'SystemBooleanSystemTextUnicodeUtf8UtilityUInt32FirstByteIsAsciiSystemUInt32', ID = '8583'
Method 'SystemUInt32SystemTextUnicodeUtf8UtilityToLittleEndianSystemUInt32', ID = '8584'
Method 'SystemBooleanSystemTextUnicodeUtf8UtilityUInt32SecondByteIsAsciiSystemUInt32', ID = '8585'
Method 'SystemBooleanSystemTextUnicodeUtf8UtilityUInt32ThirdByteIsAsciiSystemUInt32', ID = '8586'
Method 'SystemBooleanSystemTextUnicodeUtf8UtilityUInt32BeginsWithUtf8TwoByteMaskSystemUInt32', ID = '8587'
Method 'SystemBooleanSystemTextUnicodeUtf8UtilityUInt32BeginsWithOverlongUtf8TwoByteSequenceSystemUInt32', ID = '8588'
Method 'SystemBooleanSystemTextUnicodeUtf8UtilityUInt32EndsWithValidUtf8TwoByteSequenceLittleEndianSystemUInt32', ID = '8589'
Method 'SystemUInt32SystemTextUnicodeUtf8UtilityExtractTwoCharsPackedFromTwoAdjacentTwoByteSequencesSystemUInt32', ID = '8590'
Method 'SystemBooleanSystemTextUnicodeUtf8UtilityUInt32BeginsWithValidUtf8TwoByteSequenceLittleEndianSystemUInt32', ID = '8591'
Method 'SystemUInt32SystemTextUnicodeUtf8UtilityExtractCharFromFirstTwoByteSequenceSystemUInt32', ID = '8592'
Method 'SystemBooleanSystemTextUnicodeUtf8UtilityUInt32FourthByteIsAsciiSystemUInt32', ID = '8593'
Method 'SystemBooleanSystemTextUnicodeUtf8UtilityUInt32BeginsWithUtf8ThreeByteMaskSystemUInt32', ID = '8594'
Method 'SystemUInt32SystemTextUnicodeUtf8UtilityExtractCharFromFirstThreeByteSequenceSystemUInt32', ID = '8595'
Method 'SystemBooleanSystemTextUnicodeUtf8UtilityUInt32BeginsWithUtf8FourByteMaskSystemUInt32', ID = '8596'
Method 'SystemUInt32SystemTextUnicodeUtf8UtilityExtractCharsFromFourByteSequenceSystemUInt32', ID = '8597'
Method 'SystemBooleanSystemTextUnicodeUtf8UtilityIsLowByteUtf8ContinuationByteSystemUInt32', ID = '8598'
Method 'SystemTextDecoderFallbackSystemTextDecoderget_Fallback', ID = '8601'
Method 'SystemStringSystemTextDecoderReplacementFallbackget_DefaultString', ID = '8603'
Method 'SystemBuffersOperationStatusSystemTextUnicodeUtf8ToUtf16SystemReadOnlySpan1SystemByteSystemSpan1SystemCharSystemInt32SystemInt32SystemBooleanSystemBoolean', ID = '8604'
Method 'SystemTextDecoderFallbackBufferSystemTextDecoderget_FallbackBuffer', ID = '8605'
Method 'SystemBuffersOperationStatusSystemTextASCIIEncodingDecodeFirstRuneSystemReadOnlySpan1SystemByteSystemTextRuneSystemInt32', ID = '8607'
Method 'SystemBuffersOperationStatusSystemTextUTF8EncodingDecodeFirstRuneSystemReadOnlySpan1SystemByteSystemTextRuneSystemInt32', ID = '8608'
Method 'SystemVoidSystemSpan1SystemInt32ctorSystemInt32SystemInt32', ID = '8609'
Method 'SystemSpan1SystemByteSystemRuntimeInteropServicesMemoryMarshalAsBytesSystemInt32SystemSpan1SystemInt32', ID = '8610'
Method 'SystemVoidSystemReadOnlySpan1SystemByteCopyToSystemSpan1SystemByte', ID = '8611'
Method 'SystemBooleanSystemTextDecoderFallbackBufferTryDrainRemainingDataForGetCharsSystemSpan1SystemCharSystemInt32', ID = '8613'
Method 'SystemBooleanSystemTextDecoderget_InternalHasFallbackBuffer', ID = '8614'
Method 'SystemVoidSystemTextDecoderFallbackBufferInternalReset', ID = '8615'
Method 'SystemVoidSystemTextEncodingThrowCharsOverflow', ID = '8616'
Method 'SystemVoidSystemTextDecoderNLSClearMustFlush', ID = '8617'
Method 'SystemInt32SystemTextASCIIEncodingGetCharCountFastSystemBytepointerSystemInt32SystemTextDecoderFallbackSystemInt32', ID = '8618'
Method 'SystemInt32SystemTextUTF8EncodingGetCharCountFastSystemBytepointerSystemInt32SystemTextDecoderFallbackSystemInt32', ID = '8619'
Method 'SystemInt32SystemTextEncodingGetCharCountWithFallbackSystemReadOnlySpan1SystemByteSystemInt32SystemTextDecoderNLS', ID = '8620'
Method 'SystemReflectionRuntimeMethodInfoarrayInternalRuntimeCompilerServicesUnsafeAsSystemReflectionRuntimeMethodInfoarraySystemObject', ID = '8623'
Method 'SystemVoidSystemSZGenericArrayEnumerator1SystemReflectionRuntimeMethodInfoctorSystemReflectionRuntimeMethodInfoarray', ID = '8624'
Method 'SystemInt32SystemArrayIndexOfSystemReflectionRuntimeMethodInfoSystemReflectionRuntimeMethodInfoarraySystemReflectionRuntimeMethodInfoSystemInt32SystemInt32', ID = '8628'
Method 'SystemCollectionsGenericIEnumerator1SystemReflectionRuntimeMethodInfoCosmosIL2CPUSZArrayImpl1SystemReflectionRuntimeMethodInfoGetEnumerator', ID = '8629'
Method 'SystemVoidCosmosIL2CPUSZArrayImpl1SystemReflectionRuntimeMethodInfoCopyToSystemReflectionRuntimeMethodInfoarraySystemInt32', ID = '8630'
Method 'SystemInt32CosmosIL2CPUSZArrayImpl1SystemReflectionRuntimeMethodInfoget_Count', ID = '8631'
Method 'SystemReflectionRuntimeMethodInfoCosmosIL2CPUSZArrayImpl1SystemReflectionRuntimeMethodInfoget_ItemSystemInt32', ID = '8632'
Method 'SystemVoidCosmosIL2CPUSZArrayImpl1SystemReflectionRuntimeMethodInfoset_ItemSystemInt32SystemReflectionRuntimeMethodInfo', ID = '8633'
Method 'SystemVoidCosmosIL2CPUSZArrayImpl1SystemReflectionRuntimeMethodInfoAddSystemReflectionRuntimeMethodInfo', ID = '8634'
Method 'SystemBooleanCosmosIL2CPUSZArrayImpl1SystemReflectionRuntimeMethodInfoContainsSystemReflectionRuntimeMethodInfo', ID = '8635'
Method 'SystemBooleanCosmosIL2CPUSZArrayImpl1SystemReflectionRuntimeMethodInfoget_IsReadOnly', ID = '8636'
Method 'SystemVoidCosmosIL2CPUSZArrayImpl1SystemReflectionRuntimeMethodInfoClear', ID = '8637'
Method 'SystemInt32CosmosIL2CPUSZArrayImpl1SystemReflectionRuntimeMethodInfoIndexOfSystemReflectionRuntimeMethodInfo', ID = '8638'
Method 'SystemVoidCosmosIL2CPUSZArrayImpl1SystemReflectionRuntimeMethodInfoInsertSystemInt32SystemReflectionRuntimeMethodInfo', ID = '8639'
Method 'SystemVoidCosmosIL2CPUSZArrayImpl1SystemReflectionRuntimeMethodInfoRemoveAtSystemInt32', ID = '8640'
Method 'SystemBooleanCosmosIL2CPUSZArrayImpl1SystemReflectionRuntimeMethodInfoget_IsFixedSize', ID = '8641'
Method 'SystemVoidCosmosIL2CPUSZArrayImpl1SystemReflectionRuntimeMethodInfoRemoveSystemReflectionRuntimeMethodInfo', ID = '8642'
Method 'SystemObjectCosmosIL2CPUSZArrayImpl1SystemReflectionRuntimeMethodInfoget_SyncRoot', ID = '8643'
Method 'SystemBooleanCosmosIL2CPUSZArrayImpl1SystemReflectionRuntimeMethodInfoget_IsSynchronized', ID = '8644'
Method 'SystemReflectionRuntimeConstructorInfoarrayInternalRuntimeCompilerServicesUnsafeAsSystemReflectionRuntimeConstructorInfoarraySystemObject', ID = '8647'
Method 'SystemVoidSystemSZGenericArrayEnumerator1SystemReflectionRuntimeConstructorInfoctorSystemReflectionRuntimeConstructorInfoarray', ID = '8648'
Method 'SystemInt32SystemArrayIndexOfSystemReflectionRuntimeConstructorInfoSystemReflectionRuntimeConstructorInfoarraySystemReflectionRuntimeConstructorInfoSystemInt32SystemInt32', ID = '8652'
Method 'SystemCollectionsGenericIEnumerator1SystemReflectionRuntimeConstructorInfoCosmosIL2CPUSZArrayImpl1SystemReflectionRuntimeConstructorInfoGetEnumerator', ID = '8653'
Method 'SystemVoidCosmosIL2CPUSZArrayImpl1SystemReflectionRuntimeConstructorInfoCopyToSystemReflectionRuntimeConstructorInfoarraySystemInt32', ID = '8654'
Method 'SystemInt32CosmosIL2CPUSZArrayImpl1SystemReflectionRuntimeConstructorInfoget_Count', ID = '8655'
Method 'SystemReflectionRuntimeConstructorInfoCosmosIL2CPUSZArrayImpl1SystemReflectionRuntimeConstructorInfoget_ItemSystemInt32', ID = '8656'
Method 'SystemVoidCosmosIL2CPUSZArrayImpl1SystemReflectionRuntimeConstructorInfoset_ItemSystemInt32SystemReflectionRuntimeConstructorInfo', ID = '8657'
Method 'SystemVoidCosmosIL2CPUSZArrayImpl1SystemReflectionRuntimeConstructorInfoAddSystemReflectionRuntimeConstructorInfo', ID = '8658'
Method 'SystemBooleanCosmosIL2CPUSZArrayImpl1SystemReflectionRuntimeConstructorInfoContainsSystemReflectionRuntimeConstructorInfo', ID = '8659'
Method 'SystemBooleanCosmosIL2CPUSZArrayImpl1SystemReflectionRuntimeConstructorInfoget_IsReadOnly', ID = '8660'
Method 'SystemVoidCosmosIL2CPUSZArrayImpl1SystemReflectionRuntimeConstructorInfoClear', ID = '8661'
Method 'SystemInt32CosmosIL2CPUSZArrayImpl1SystemReflectionRuntimeConstructorInfoIndexOfSystemReflectionRuntimeConstructorInfo', ID = '8662'
Method 'SystemVoidCosmosIL2CPUSZArrayImpl1SystemReflectionRuntimeConstructorInfoInsertSystemInt32SystemReflectionRuntimeConstructorInfo', ID = '8663'
Method 'SystemVoidCosmosIL2CPUSZArrayImpl1SystemReflectionRuntimeConstructorInfoRemoveAtSystemInt32', ID = '8664'
Method 'SystemBooleanCosmosIL2CPUSZArrayImpl1SystemReflectionRuntimeConstructorInfoget_IsFixedSize', ID = '8665'
Method 'SystemVoidCosmosIL2CPUSZArrayImpl1SystemReflectionRuntimeConstructorInfoRemoveSystemReflectionRuntimeConstructorInfo', ID = '8666'
Method 'SystemObjectCosmosIL2CPUSZArrayImpl1SystemReflectionRuntimeConstructorInfoget_SyncRoot', ID = '8667'
Method 'SystemBooleanCosmosIL2CPUSZArrayImpl1SystemReflectionRuntimeConstructorInfoget_IsSynchronized', ID = '8668'
Method 'SystemReflectionRuntimeFieldInfoarrayInternalRuntimeCompilerServicesUnsafeAsSystemReflectionRuntimeFieldInfoarraySystemObject', ID = '8671'
Method 'SystemVoidSystemSZGenericArrayEnumerator1SystemReflectionRuntimeFieldInfoctorSystemReflectionRuntimeFieldInfoarray', ID = '8672'
Method 'SystemInt32SystemArrayIndexOfSystemReflectionRuntimeFieldInfoSystemReflectionRuntimeFieldInfoarraySystemReflectionRuntimeFieldInfoSystemInt32SystemInt32', ID = '8676'
Method 'SystemCollectionsGenericIEnumerator1SystemReflectionRuntimeFieldInfoCosmosIL2CPUSZArrayImpl1SystemReflectionRuntimeFieldInfoGetEnumerator', ID = '8677'
Method 'SystemVoidCosmosIL2CPUSZArrayImpl1SystemReflectionRuntimeFieldInfoCopyToSystemReflectionRuntimeFieldInfoarraySystemInt32', ID = '8678'
Method 'SystemInt32CosmosIL2CPUSZArrayImpl1SystemReflectionRuntimeFieldInfoget_Count', ID = '8679'
Method 'SystemReflectionRuntimeFieldInfoCosmosIL2CPUSZArrayImpl1SystemReflectionRuntimeFieldInfoget_ItemSystemInt32', ID = '8680'
Method 'SystemVoidCosmosIL2CPUSZArrayImpl1SystemReflectionRuntimeFieldInfoset_ItemSystemInt32SystemReflectionRuntimeFieldInfo', ID = '8681'
Method 'SystemVoidCosmosIL2CPUSZArrayImpl1SystemReflectionRuntimeFieldInfoAddSystemReflectionRuntimeFieldInfo', ID = '8682'
Method 'SystemBooleanCosmosIL2CPUSZArrayImpl1SystemReflectionRuntimeFieldInfoContainsSystemReflectionRuntimeFieldInfo', ID = '8683'
Method 'SystemBooleanCosmosIL2CPUSZArrayImpl1SystemReflectionRuntimeFieldInfoget_IsReadOnly', ID = '8684'
Method 'SystemVoidCosmosIL2CPUSZArrayImpl1SystemReflectionRuntimeFieldInfoClear', ID = '8685'
Method 'SystemInt32CosmosIL2CPUSZArrayImpl1SystemReflectionRuntimeFieldInfoIndexOfSystemReflectionRuntimeFieldInfo', ID = '8686'
Method 'SystemVoidCosmosIL2CPUSZArrayImpl1SystemReflectionRuntimeFieldInfoInsertSystemInt32SystemReflectionRuntimeFieldInfo', ID = '8687'
Method 'SystemVoidCosmosIL2CPUSZArrayImpl1SystemReflectionRuntimeFieldInfoRemoveAtSystemInt32', ID = '8688'
Method 'SystemBooleanCosmosIL2CPUSZArrayImpl1SystemReflectionRuntimeFieldInfoget_IsFixedSize', ID = '8689'
Method 'SystemVoidCosmosIL2CPUSZArrayImpl1SystemReflectionRuntimeFieldInfoRemoveSystemReflectionRuntimeFieldInfo', ID = '8690'
Method 'SystemObjectCosmosIL2CPUSZArrayImpl1SystemReflectionRuntimeFieldInfoget_SyncRoot', ID = '8691'
Method 'SystemBooleanCosmosIL2CPUSZArrayImpl1SystemReflectionRuntimeFieldInfoget_IsSynchronized', ID = '8692'
Method 'SystemRuntimeTypearrayInternalRuntimeCompilerServicesUnsafeAsSystemRuntimeTypearraySystemObject', ID = '8695'
Method 'SystemVoidSystemSZGenericArrayEnumerator1SystemRuntimeTypectorSystemRuntimeTypearray', ID = '8696'
Method 'SystemInt32SystemArrayIndexOfSystemRuntimeTypeSystemRuntimeTypearraySystemRuntimeTypeSystemInt32SystemInt32', ID = '8699'
Method 'SystemCollectionsGenericIEnumerator1SystemRuntimeTypeCosmosIL2CPUSZArrayImpl1SystemRuntimeTypeGetEnumerator', ID = '8700'
Method 'SystemVoidCosmosIL2CPUSZArrayImpl1SystemRuntimeTypeCopyToSystemRuntimeTypearraySystemInt32', ID = '8701'
Method 'SystemInt32CosmosIL2CPUSZArrayImpl1SystemRuntimeTypeget_Count', ID = '8702'
Method 'SystemRuntimeTypeCosmosIL2CPUSZArrayImpl1SystemRuntimeTypeget_ItemSystemInt32', ID = '8703'
Method 'SystemVoidCosmosIL2CPUSZArrayImpl1SystemRuntimeTypeset_ItemSystemInt32SystemRuntimeType', ID = '8704'
Method 'SystemVoidCosmosIL2CPUSZArrayImpl1SystemRuntimeTypeAddSystemRuntimeType', ID = '8705'
Method 'SystemBooleanCosmosIL2CPUSZArrayImpl1SystemRuntimeTypeContainsSystemRuntimeType', ID = '8706'
Method 'SystemBooleanCosmosIL2CPUSZArrayImpl1SystemRuntimeTypeget_IsReadOnly', ID = '8707'
Method 'SystemVoidCosmosIL2CPUSZArrayImpl1SystemRuntimeTypeClear', ID = '8708'
Method 'SystemInt32CosmosIL2CPUSZArrayImpl1SystemRuntimeTypeIndexOfSystemRuntimeType', ID = '8709'
Method 'SystemVoidCosmosIL2CPUSZArrayImpl1SystemRuntimeTypeInsertSystemInt32SystemRuntimeType', ID = '8710'
Method 'SystemVoidCosmosIL2CPUSZArrayImpl1SystemRuntimeTypeRemoveAtSystemInt32', ID = '8711'
Method 'SystemBooleanCosmosIL2CPUSZArrayImpl1SystemRuntimeTypeget_IsFixedSize', ID = '8712'
Method 'SystemVoidCosmosIL2CPUSZArrayImpl1SystemRuntimeTypeRemoveSystemRuntimeType', ID = '8713'
Method 'SystemObjectCosmosIL2CPUSZArrayImpl1SystemRuntimeTypeget_SyncRoot', ID = '8714'
Method 'SystemBooleanCosmosIL2CPUSZArrayImpl1SystemRuntimeTypeget_IsSynchronized', ID = '8715'
Method 'SystemReflectionRuntimePropertyInfoarrayInternalRuntimeCompilerServicesUnsafeAsSystemReflectionRuntimePropertyInfoarraySystemObject', ID = '8718'
Method 'SystemVoidSystemSZGenericArrayEnumerator1SystemReflectionRuntimePropertyInfoctorSystemReflectionRuntimePropertyInfoarray', ID = '8719'
Method 'SystemInt32SystemArrayIndexOfSystemReflectionRuntimePropertyInfoSystemReflectionRuntimePropertyInfoarraySystemReflectionRuntimePropertyInfoSystemInt32SystemInt32', ID = '8723'
Method 'SystemCollectionsGenericIEnumerator1SystemReflectionRuntimePropertyInfoCosmosIL2CPUSZArrayImpl1SystemReflectionRuntimePropertyInfoGetEnumerator', ID = '8724'
Method 'SystemVoidCosmosIL2CPUSZArrayImpl1SystemReflectionRuntimePropertyInfoCopyToSystemReflectionRuntimePropertyInfoarraySystemInt32', ID = '8725'
Method 'SystemInt32CosmosIL2CPUSZArrayImpl1SystemReflectionRuntimePropertyInfoget_Count', ID = '8726'
Method 'SystemReflectionRuntimePropertyInfoCosmosIL2CPUSZArrayImpl1SystemReflectionRuntimePropertyInfoget_ItemSystemInt32', ID = '8727'
Method 'SystemVoidCosmosIL2CPUSZArrayImpl1SystemReflectionRuntimePropertyInfoset_ItemSystemInt32SystemReflectionRuntimePropertyInfo', ID = '8728'
Method 'SystemVoidCosmosIL2CPUSZArrayImpl1SystemReflectionRuntimePropertyInfoAddSystemReflectionRuntimePropertyInfo', ID = '8729'
Method 'SystemBooleanCosmosIL2CPUSZArrayImpl1SystemReflectionRuntimePropertyInfoContainsSystemReflectionRuntimePropertyInfo', ID = '8730'
Method 'SystemBooleanCosmosIL2CPUSZArrayImpl1SystemReflectionRuntimePropertyInfoget_IsReadOnly', ID = '8731'
Method 'SystemVoidCosmosIL2CPUSZArrayImpl1SystemReflectionRuntimePropertyInfoClear', ID = '8732'
Method 'SystemInt32CosmosIL2CPUSZArrayImpl1SystemReflectionRuntimePropertyInfoIndexOfSystemReflectionRuntimePropertyInfo', ID = '8733'
Method 'SystemVoidCosmosIL2CPUSZArrayImpl1SystemReflectionRuntimePropertyInfoInsertSystemInt32SystemReflectionRuntimePropertyInfo', ID = '8734'
Method 'SystemVoidCosmosIL2CPUSZArrayImpl1SystemReflectionRuntimePropertyInfoRemoveAtSystemInt32', ID = '8735'
Method 'SystemBooleanCosmosIL2CPUSZArrayImpl1SystemReflectionRuntimePropertyInfoget_IsFixedSize', ID = '8736'
Method 'SystemVoidCosmosIL2CPUSZArrayImpl1SystemReflectionRuntimePropertyInfoRemoveSystemReflectionRuntimePropertyInfo', ID = '8737'
Method 'SystemObjectCosmosIL2CPUSZArrayImpl1SystemReflectionRuntimePropertyInfoget_SyncRoot', ID = '8738'
Method 'SystemBooleanCosmosIL2CPUSZArrayImpl1SystemReflectionRuntimePropertyInfoget_IsSynchronized', ID = '8739'
Method 'SystemReflectionRuntimeEventInfoarrayInternalRuntimeCompilerServicesUnsafeAsSystemReflectionRuntimeEventInfoarraySystemObject', ID = '8742'
Method 'SystemVoidSystemSZGenericArrayEnumerator1SystemReflectionRuntimeEventInfoctorSystemReflectionRuntimeEventInfoarray', ID = '8743'
Method 'SystemInt32SystemArrayIndexOfSystemReflectionRuntimeEventInfoSystemReflectionRuntimeEventInfoarraySystemReflectionRuntimeEventInfoSystemInt32SystemInt32', ID = '8747'
Method 'SystemCollectionsGenericIEnumerator1SystemReflectionRuntimeEventInfoCosmosIL2CPUSZArrayImpl1SystemReflectionRuntimeEventInfoGetEnumerator', ID = '8748'
Method 'SystemVoidCosmosIL2CPUSZArrayImpl1SystemReflectionRuntimeEventInfoCopyToSystemReflectionRuntimeEventInfoarraySystemInt32', ID = '8749'
Method 'SystemInt32CosmosIL2CPUSZArrayImpl1SystemReflectionRuntimeEventInfoget_Count', ID = '8750'
Method 'SystemReflectionRuntimeEventInfoCosmosIL2CPUSZArrayImpl1SystemReflectionRuntimeEventInfoget_ItemSystemInt32', ID = '8751'
Method 'SystemVoidCosmosIL2CPUSZArrayImpl1SystemReflectionRuntimeEventInfoset_ItemSystemInt32SystemReflectionRuntimeEventInfo', ID = '8752'
Method 'SystemVoidCosmosIL2CPUSZArrayImpl1SystemReflectionRuntimeEventInfoAddSystemReflectionRuntimeEventInfo', ID = '8753'
Method 'SystemBooleanCosmosIL2CPUSZArrayImpl1SystemReflectionRuntimeEventInfoContainsSystemReflectionRuntimeEventInfo', ID = '8754'
Method 'SystemBooleanCosmosIL2CPUSZArrayImpl1SystemReflectionRuntimeEventInfoget_IsReadOnly', ID = '8755'
Method 'SystemVoidCosmosIL2CPUSZArrayImpl1SystemReflectionRuntimeEventInfoClear', ID = '8756'
Method 'SystemInt32CosmosIL2CPUSZArrayImpl1SystemReflectionRuntimeEventInfoIndexOfSystemReflectionRuntimeEventInfo', ID = '8757'
Method 'SystemVoidCosmosIL2CPUSZArrayImpl1SystemReflectionRuntimeEventInfoInsertSystemInt32SystemReflectionRuntimeEventInfo', ID = '8758'
Method 'SystemVoidCosmosIL2CPUSZArrayImpl1SystemReflectionRuntimeEventInfoRemoveAtSystemInt32', ID = '8759'
Method 'SystemBooleanCosmosIL2CPUSZArrayImpl1SystemReflectionRuntimeEventInfoget_IsFixedSize', ID = '8760'
Method 'SystemVoidCosmosIL2CPUSZArrayImpl1SystemReflectionRuntimeEventInfoRemoveSystemReflectionRuntimeEventInfo', ID = '8761'
Method 'SystemObjectCosmosIL2CPUSZArrayImpl1SystemReflectionRuntimeEventInfoget_SyncRoot', ID = '8762'
Method 'SystemBooleanCosmosIL2CPUSZArrayImpl1SystemReflectionRuntimeEventInfoget_IsSynchronized', ID = '8763'
Method 'SystemObjectCosmosCore_PlugsSystemRuntimeTypeHandleImplGetElementTypeSystemObject', ID = '8764'
Method 'SystemBooleanSystemRuntimeTypeHandleHasElementTypeSystemRuntimeType', ID = '8765'
Method 'SystemBooleanCosmosCore_PlugsSystemRuntimeTypeHandleImplHasInstantiationSystemObject', ID = '8766'
Method 'SystemVoidpointerInternalRuntimeCompilerServicesUnsafeAsPointerSystemReflectionRuntimeAssemblySystemReflectionRuntimeAssembly', ID = '8770'
Method 'SystemIntPtrSystemReflectionRuntimeAssemblyGetUnderlyingNativeHandle', ID = '8771'
Method 'SystemVoidCosmosCore_PlugsSystemReflectionRuntimeAssemblyImplGetFullNameSystemObjectSystemObject', ID = '8772'
Method 'SystemObjectInternalRuntimeCompilerServicesUnsafeAsSystemStringSystemObjectSystemString', ID = '8773'
Method 'SystemStringInternalRuntimeCompilerServicesUnsafeAsSystemStringSystemObject', ID = '8774'
Method 'SystemObjectCosmosCore_PlugsSystemRuntimeTypeHandleImplGetAttributesSystemObject', ID = '8775'
Method 'SystemVoidSystemSZGenericArrayEnumerator1SystemTypecctor', ID = '8776'
Method 'SystemVoidSystemSZGenericArrayEnumerator1SystemTypeDispose', ID = '8777'
Method 'SystemBooleanSystemSZGenericArrayEnumerator1SystemTypeMoveNext', ID = '8778'
Method 'SystemBooleanSystemRuntimeCompilerServicesRuntimeHelpersIsBitwiseEquatableSystemType', ID = '8779'
Method 'SystemInt32InternalRuntimeCompilerServicesUnsafeSizeOfSystemType', ID = '8780'
Method 'SystemByteInternalRuntimeCompilerServicesUnsafeAsSystemTypeSystemByteSystemType', ID = '8781'
Method 'SystemCharInternalRuntimeCompilerServicesUnsafeAsSystemTypeSystemCharSystemType', ID = '8782'
Method 'SystemInt32InternalRuntimeCompilerServicesUnsafeAsSystemTypeSystemInt32SystemType', ID = '8783'
Method 'SystemInt64InternalRuntimeCompilerServicesUnsafeAsSystemTypeSystemInt64SystemType', ID = '8784'
Method 'SystemCollectionsGenericEqualityComparer1SystemTypeSystemCollectionsGenericEqualityComparer1SystemTypeget_Default', ID = '8785'
Method 'SystemInt32SystemCollectionsGenericEqualityComparer1SystemTypeIndexOfSystemTypearraySystemTypeSystemInt32SystemInt32', ID = '8786'
Method 'SystemVoidCosmosIL2CPUSZArrayImpl1GetEnumeratord__0SystemTypectorSystemInt32', ID = '8787'
Method 'SystemVoidpointerInternalRuntimeCompilerServicesUnsafeAsPointerSystemTypearraySystemTypearray', ID = '8791'
Method 'SystemVoidSystemRuntimeCompilerServicesObjectHandleOnStackctorSystemVoidpointer', ID = '8792'
Method 'SystemVoidCosmosCore_PlugsSystemRuntimeTypeHandleImplGetConstraintsSystemObjectSystemObject', ID = '8793'
Method 'SystemVoidSystemReflectionMetadataImportcctor', ID = '8794'
Method 'SystemBooleanSystemReflectionMetadataImportEqualsSystemObject', ID = '8795'
Method 'SystemInt32SystemReflectionMetadataImportGetHashCode', ID = '8796'
Method 'SystemIntPtrCosmosCore_PlugsSystemRuntimeTypeHandleImpl_GetMetadataImportSystemObject', ID = '8797'
Method 'SystemVoidCosmosCore_PlugsSystemReflectionMetadataImportImpl__GetGenericParamPropsSystemIntPtrSystemInt32SystemInt32pointer', ID = '8799'
Method 'SystemVoidSystemGlobalizationCalendarDatactor', ID = '8800'
Method 'SystemInt32CosmosCore_PlugsInteropKernel32ImplLCMapStringExSystemStringSystemUInt32SystemCharpointerSystemInt32SystemObjectSystemInt32SystemObjectSystemObjectSystemIntPtr', ID = '8801'
Method 'SystemVoidSystemCollectionsGenericEqualityComparer1SystemGlobalizationCalendarIdcctor', ID = '8802'
Method 'SystemVoidSystemCollectionsGenericEqualityComparer1SystemGlobalizationDateTimeFormatInfoTokenHashValuecctor', ID = '8804'
Method 'SystemVoidSystemCollectionsGenericEqualityComparer1SystemGlobalizationCalendarDatacctor', ID = '8806'
Method 'SystemBooleanSystemGlobalizationGlobalizationModeTryGetAppLocalIcuSwitchValueSystemString', ID = '8810'
Method 'SystemVoidSystemGlobalizationGlobalizationModeLoadAppLocalIcuSystemString', ID = '8812'
Method 'SystemReadOnlySpan1SystemByteSystemGlobalizationIcuLocaleDataget_LocalesNamesIndexes', ID = '8815'
Method 'SystemReadOnlySpan1SystemByteSystemGlobalizationIcuLocaleDataget_CultureNames', ID = '8816'
Method 'SystemInt32SystemSpanHelpersSequenceCompareToSystemByteSystemInt32SystemByteSystemInt32', ID = '8817'
Method 'SystemInt32SystemSpanHelpersSequenceCompareToSystemCharSystemInt32SystemCharSystemInt32', ID = '8818'
Method 'SystemInt32SystemSpanHelpersSequenceCompareToSystemByteSystemByteSystemInt32SystemByteSystemInt32', ID = '8819'
Method 'SystemVoidSystemGlobalizationGregorianCalendarcctor', ID = '8820'
Method 'SystemGlobalizationCalendarIdSystemGlobalizationGregorianCalendarget_ID', ID = '8822'
Method 'SystemVoidSystemGlobalizationCalendarctor', ID = '8823'
Method 'SystemStringSystemPrivateCoreLibSystemSRget_ArgumentOutOfRange_Range', ID = '8824'
Method 'SystemVoidSystemArgumentOutOfRangeExceptionctorSystemStringSystemObjectSystemString', ID = '8825'
Method 'SystemBooleanSystemLocalAppContextSwitchesGetCachedSwitchValueInternalSystemStringSystemInt32', ID = '8826'
Method 'SystemInt32SystemGlobalizationCultureDataIndexOfTimePartSystemStringSystemInt32SystemString', ID = '8827'
Method 'SystemStringSystemGlobalizationCultureDataUnescapeNlsStringSystemStringSystemInt32SystemInt32', ID = '8828'
Method 'SystemVoidSystemCollectionsGenericEqualityComparer1CosmosSystemNetworkIPv4ICMPPacketcctor', ID = '8830'
Method 'SystemVoidSystemCollectionsGenericEqualityComparer1SystemCollectionsGenericDictionary2EntrySystemUInt32CosmosSystemNetworkIPv4ICMPClientcctor', ID = '8832'
Method 'SystemVoidSystemSZGenericArrayEnumerator1CosmosSystemNetworkIPv4ICMPClientcctor', ID = '8834'
Method 'SystemVoidSystemSZGenericArrayEnumerator1CosmosSystemNetworkIPv4ICMPClientDispose', ID = '8835'
Method 'SystemBooleanSystemSZGenericArrayEnumerator1CosmosSystemNetworkIPv4ICMPClientMoveNext', ID = '8836'
Method 'SystemBooleanSystemRuntimeCompilerServicesRuntimeHelpersIsBitwiseEquatableCosmosSystemNetworkIPv4ICMPClient', ID = '8837'
Method 'SystemInt32InternalRuntimeCompilerServicesUnsafeSizeOfCosmosSystemNetworkIPv4ICMPClient', ID = '8838'
Method 'SystemByteInternalRuntimeCompilerServicesUnsafeAsCosmosSystemNetworkIPv4ICMPClientSystemByteCosmosSystemNetworkIPv4ICMPClient', ID = '8839'
Method 'SystemCharInternalRuntimeCompilerServicesUnsafeAsCosmosSystemNetworkIPv4ICMPClientSystemCharCosmosSystemNetworkIPv4ICMPClient', ID = '8840'
Method 'SystemInt32InternalRuntimeCompilerServicesUnsafeAsCosmosSystemNetworkIPv4ICMPClientSystemInt32CosmosSystemNetworkIPv4ICMPClient', ID = '8841'
Method 'SystemInt64InternalRuntimeCompilerServicesUnsafeAsCosmosSystemNetworkIPv4ICMPClientSystemInt64CosmosSystemNetworkIPv4ICMPClient', ID = '8842'
Method 'SystemCollectionsGenericEqualityComparer1CosmosSystemNetworkIPv4ICMPClientSystemCollectionsGenericEqualityComparer1CosmosSystemNetworkIPv4ICMPClientget_Default', ID = '8843'
Method 'SystemInt32SystemCollectionsGenericEqualityComparer1CosmosSystemNetworkIPv4ICMPClientIndexOfCosmosSystemNetworkIPv4ICMPClientarrayCosmosSystemNetworkIPv4ICMPClientSystemInt32SystemInt32', ID = '8844'
Method 'SystemVoidCosmosIL2CPUSZArrayImpl1GetEnumeratord__0CosmosSystemNetworkIPv4ICMPClientctorSystemInt32', ID = '8845'
Method 'SystemUInt32SystemCollectionsGenericKeyValuePair2SystemUInt32CosmosSystemNetworkIPv4ICMPClientget_Key', ID = '8847'
Method 'CosmosSystemNetworkIPv4ICMPClientSystemCollectionsGenericKeyValuePair2SystemUInt32CosmosSystemNetworkIPv4ICMPClientget_Value', ID = '8848'
Method 'SystemVoidCosmosIL2CPUSZArrayImpl1GetEnumeratord__0SystemCollectionsGenericKeyValuePair2SystemUInt32CosmosSystemNetworkIPv4ICMPClientSystemIDisposableDispose', ID = '8853'
Method 'SystemBooleanCosmosIL2CPUSZArrayImpl1GetEnumeratord__0SystemCollectionsGenericKeyValuePair2SystemUInt32CosmosSystemNetworkIPv4ICMPClientMoveNext', ID = '8854'
Method 'SystemVoidSystemCollectionsGenericEqualityComparer1CosmosSystemNetworkIPv4TCPTCPPacketcctor', ID = '8855'
Method 'SystemVoidSystemCollectionsGenericEqualityComparer1CosmosSystemNetworkIPv4TCPTcpcctor', ID = '8857'
Method 'SystemVoidSystemRandomThrowMinMaxValueSwapped', ID = '8859'
Method 'SystemRandomXoshiroImplSystemRandomThreadSafeRandomget_LocalRandom', ID = '8860'
Method 'SystemVoidSystemCollectionsGenericEqualityComparer1CosmosSystemNetworkIPv4UDPDNSDNSQuerycctor', ID = '8863'
Method 'SystemVoidSystemCollectionsGenericEqualityComparer1CosmosSystemNetworkIPv4UDPDNSDNSAnswercctor', ID = '8865'
Method 'SystemVoidSystemCollectionsGenericEqualityComparer1CosmosSystemNetworkIPv4UDPUDPPacketcctor', ID = '8867'
Method 'SystemVoidSystemCollectionsGenericEqualityComparer1SystemCollectionsGenericDictionary2EntrySystemUInt32CosmosSystemNetworkIPv4UDPUdpClientcctor', ID = '8869'
Method 'SystemVoidSystemSZGenericArrayEnumerator1CosmosSystemNetworkIPv4UDPUdpClientcctor', ID = '8871'
Method 'SystemVoidSystemSZGenericArrayEnumerator1CosmosSystemNetworkIPv4UDPUdpClientDispose', ID = '8872'
Method 'SystemBooleanSystemSZGenericArrayEnumerator1CosmosSystemNetworkIPv4UDPUdpClientMoveNext', ID = '8873'
Method 'SystemBooleanSystemRuntimeCompilerServicesRuntimeHelpersIsBitwiseEquatableCosmosSystemNetworkIPv4UDPUdpClient', ID = '8874'
Method 'SystemInt32InternalRuntimeCompilerServicesUnsafeSizeOfCosmosSystemNetworkIPv4UDPUdpClient', ID = '8875'
Method 'SystemByteInternalRuntimeCompilerServicesUnsafeAsCosmosSystemNetworkIPv4UDPUdpClientSystemByteCosmosSystemNetworkIPv4UDPUdpClient', ID = '8876'
Method 'SystemCharInternalRuntimeCompilerServicesUnsafeAsCosmosSystemNetworkIPv4UDPUdpClientSystemCharCosmosSystemNetworkIPv4UDPUdpClient', ID = '8877'
Method 'SystemInt32InternalRuntimeCompilerServicesUnsafeAsCosmosSystemNetworkIPv4UDPUdpClientSystemInt32CosmosSystemNetworkIPv4UDPUdpClient', ID = '8878'
Method 'SystemInt64InternalRuntimeCompilerServicesUnsafeAsCosmosSystemNetworkIPv4UDPUdpClientSystemInt64CosmosSystemNetworkIPv4UDPUdpClient', ID = '8879'
Method 'SystemCollectionsGenericEqualityComparer1CosmosSystemNetworkIPv4UDPUdpClientSystemCollectionsGenericEqualityComparer1CosmosSystemNetworkIPv4UDPUdpClientget_Default', ID = '8880'
Method 'SystemInt32SystemCollectionsGenericEqualityComparer1CosmosSystemNetworkIPv4UDPUdpClientIndexOfCosmosSystemNetworkIPv4UDPUdpClientarrayCosmosSystemNetworkIPv4UDPUdpClientSystemInt32SystemInt32', ID = '8881'
Method 'SystemVoidCosmosIL2CPUSZArrayImpl1GetEnumeratord__0CosmosSystemNetworkIPv4UDPUdpClientctorSystemInt32', ID = '8882'
Method 'SystemUInt32SystemCollectionsGenericKeyValuePair2SystemUInt32CosmosSystemNetworkIPv4UDPUdpClientget_Key', ID = '8884'
Method 'CosmosSystemNetworkIPv4UDPUdpClientSystemCollectionsGenericKeyValuePair2SystemUInt32CosmosSystemNetworkIPv4UDPUdpClientget_Value', ID = '8885'
Method 'SystemVoidCosmosIL2CPUSZArrayImpl1GetEnumeratord__0SystemCollectionsGenericKeyValuePair2SystemUInt32CosmosSystemNetworkIPv4UDPUdpClientSystemIDisposableDispose', ID = '8890'
Method 'SystemBooleanCosmosIL2CPUSZArrayImpl1GetEnumeratord__0SystemCollectionsGenericKeyValuePair2SystemUInt32CosmosSystemNetworkIPv4UDPUdpClientMoveNext', ID = '8891'
Method 'SystemVoidSystemTextEncoderExceptionFallbackctor', ID = '8892'
Method 'SystemVoidSystemTextEncoderExceptionFallbackBufferctor', ID = '8893'
Method 'SystemVoidSystemTextDecoderExceptionFallbackctor', ID = '8894'
Method 'SystemRuntimeIntrinsicsVector1281SystemSingleSystemRuntimeIntrinsicsVector128AsSystemUInt64SystemSingleSystemRuntimeIntrinsicsVector1281SystemUInt64', ID = '8895'
Method 'SystemRuntimeIntrinsicsVector1281SystemDoubleSystemRuntimeIntrinsicsVector128AsSystemUInt64SystemDoubleSystemRuntimeIntrinsicsVector1281SystemUInt64', ID = '8896'
Method 'SystemRuntimeIntrinsicsVector1281SystemSingleSystemRuntimeIntrinsicsVector128AsSystemInt16SystemSingleSystemRuntimeIntrinsicsVector1281SystemInt16', ID = '8898'
Method 'SystemRuntimeIntrinsicsVector1281SystemDoubleSystemRuntimeIntrinsicsVector128AsSystemInt16SystemDoubleSystemRuntimeIntrinsicsVector1281SystemInt16', ID = '8899'
Method 'SystemBooleanSystemNumericsVector1SystemUIntPtrScalarEqualsSystemUIntPtrSystemUIntPtr', ID = '8901'
Method 'SystemInt32SystemCharConvertToUtf32SystemCharSystemChar', ID = '8902'
Method 'SystemRuntimeIntrinsicsVector1281SystemSingleSystemRuntimeIntrinsicsVector128AsSystemUInt32SystemSingleSystemRuntimeIntrinsicsVector1281SystemUInt32', ID = '8903'
Method 'SystemRuntimeIntrinsicsVector1281SystemDoubleSystemRuntimeIntrinsicsVector128AsSystemUInt32SystemDoubleSystemRuntimeIntrinsicsVector1281SystemUInt32', ID = '8904'
Method 'SystemRuntimeIntrinsicsVector1281SystemByteSystemRuntimeIntrinsicsVector128AsSystemUInt32SystemByteSystemRuntimeIntrinsicsVector1281SystemUInt32', ID = '8905'
Method 'SystemReadOnlySpan1SystemBooleanSystemGlobalizationCompareInfoget_HighCharTable', ID = '8909'
Method 'SystemBooleanSystemReadOnlySpan1SystemBooleanget_ItemSystemInt32', ID = '8910'
Method 'SystemBooleanCosmosCore_PlugsInteropGlobalizationImplStartsWithSystemIntPtrSystemCharpointerSystemInt32SystemCharpointerSystemInt32SystemGlobalizationCompareOptionsSystemInt32pointer', ID = '8911'
Method 'SystemStringCosmosCore_PlugsSystemStringImplChangeCasingSystemStringSystemInt32SystemInt32SystemInt32', ID = '8913'
Method 'SystemVoidSystemCollectionsGenericEqualityComparer1SystemCollectionsGenericDictionary2EntrySystemStringSystemReflectionAssemblycctor', ID = '8914'
Method 'SystemVoidSystemSZGenericArrayEnumerator1SystemReflectionAssemblycctor', ID = '8916'
Method 'SystemVoidSystemSZGenericArrayEnumerator1SystemReflectionAssemblyDispose', ID = '8917'
Method 'SystemBooleanSystemSZGenericArrayEnumerator1SystemReflectionAssemblyMoveNext', ID = '8918'
Method 'SystemBooleanSystemRuntimeCompilerServicesRuntimeHelpersIsBitwiseEquatableSystemReflectionAssembly', ID = '8919'
Method 'SystemInt32InternalRuntimeCompilerServicesUnsafeSizeOfSystemReflectionAssembly', ID = '8920'
Method 'SystemByteInternalRuntimeCompilerServicesUnsafeAsSystemReflectionAssemblySystemByteSystemReflectionAssembly', ID = '8921'
Method 'SystemCharInternalRuntimeCompilerServicesUnsafeAsSystemReflectionAssemblySystemCharSystemReflectionAssembly', ID = '8922'
Method 'SystemInt32InternalRuntimeCompilerServicesUnsafeAsSystemReflectionAssemblySystemInt32SystemReflectionAssembly', ID = '8923'
Method 'SystemInt64InternalRuntimeCompilerServicesUnsafeAsSystemReflectionAssemblySystemInt64SystemReflectionAssembly', ID = '8924'
Method 'SystemCollectionsGenericEqualityComparer1SystemReflectionAssemblySystemCollectionsGenericEqualityComparer1SystemReflectionAssemblyget_Default', ID = '8925'
Method 'SystemInt32SystemCollectionsGenericEqualityComparer1SystemReflectionAssemblyIndexOfSystemReflectionAssemblyarraySystemReflectionAssemblySystemInt32SystemInt32', ID = '8926'
Method 'SystemVoidCosmosIL2CPUSZArrayImpl1GetEnumeratord__0SystemReflectionAssemblyctorSystemInt32', ID = '8927'
Method 'SystemStringSystemCollectionsGenericKeyValuePair2SystemStringSystemReflectionAssemblyget_Key', ID = '8929'
Method 'SystemReflectionAssemblySystemCollectionsGenericKeyValuePair2SystemStringSystemReflectionAssemblyget_Value', ID = '8930'
Method 'SystemVoidCosmosIL2CPUSZArrayImpl1GetEnumeratord__0SystemCollectionsGenericKeyValuePair2SystemStringSystemReflectionAssemblySystemIDisposableDispose', ID = '8935'
Method 'SystemBooleanCosmosIL2CPUSZArrayImpl1GetEnumeratord__0SystemCollectionsGenericKeyValuePair2SystemStringSystemReflectionAssemblyMoveNext', ID = '8936'
Method 'SystemVoidSystemRuntimeTypector', ID = '8937'
Method 'SystemCharSystemGlobalizationCharUnicodeInfoToUpperSystemChar', ID = '8939'
Method 'SystemBooleanSystemGlobalizationTextInfoget_IsAsciiCasingSameAsInvariant', ID = '8941'
Method 'SystemUInt32SystemTextUnicodeUtf16UtilityConvertAllAsciiCharsInUInt32ToLowercaseSystemUInt32', ID = '8942'
Method 'SystemVoidSystemGlobalizationTextInfoChangeCaseCoreSystemCharpointerSystemInt32SystemCharpointerSystemInt32SystemBoolean', ID = '8943'
Method 'SystemBooleanSystemValueTuple2SystemUInt32SystemInt32EqualsSystemValueTuple2SystemUInt32SystemInt32', ID = '8944'
Method 'SystemUInt16arraySystemArrayEmptySystemUInt16', ID = '8947'
Method 'SystemUInt16arrayarraySystemGlobalizationOrdinalCasingInitCasingTable', ID = '8949'
Method 'SystemVoidSystemThreadingVolatileWriteSystemUInt16arraySystemUInt16arraySystemUInt16array', ID = '8951'
Method 'SystemRuntimeIntrinsicsVector1281SystemByteSystemRuntimeIntrinsicsX86Sse2LoadVector128SystemBytepointer', ID = '8952'
Method 'SystemVoidSystemPlatformNotSupportedExceptionctor', ID = '8953'
Method 'SystemRuntimeIntrinsicsVector1281SystemByteSystemRuntimeIntrinsicsVector1281SystemByteget_Zero', ID = '8954'
Method 'SystemRuntimeIntrinsicsVector1281SystemByteSystemRuntimeIntrinsicsX86Sse2UnpackLowSystemRuntimeIntrinsicsVector1281SystemByteSystemRuntimeIntrinsicsVector1281SystemByte', ID = '8955'
Method 'SystemVoidSystemRuntimeIntrinsicsX86Sse2StoreSystemBytepointerSystemRuntimeIntrinsicsVector1281SystemByte', ID = '8956'
Method 'SystemRuntimeIntrinsicsVector1281SystemByteSystemRuntimeIntrinsicsX86Sse2UnpackHighSystemRuntimeIntrinsicsVector1281SystemByteSystemRuntimeIntrinsicsVector1281SystemByte', ID = '8957'
Method 'SystemVoidSystemThrowHelperThrowForUnsupportedNumericsVectorBaseTypeSystemSByte', ID = '8959'
Method 'SystemNumericsVector1SystemSByteSystemNumericsVector1SystemSByteLessThanSystemNumericsVector1SystemSByteSystemNumericsVector1SystemSByte', ID = '8960'
Method 'SystemNumericsVector1SystemInt32SystemNumericsVector1SystemSByteop_ExplicitSystemNumericsVector1SystemSByte', ID = '8961'
Method 'SystemNumericsVector1SystemByteSystemNumericsVector1SystemSByteop_ExplicitSystemNumericsVector1SystemSByte', ID = '8962'
Method 'SystemByteSystemNumericsVector1SystemByteget_ItemSystemInt32', ID = '8963'
Method 'SystemRuntimeIntrinsicsVector1281SystemUInt32SystemRuntimeIntrinsicsX86Sse2ConvertScalarToVector128UInt32SystemUInt32', ID = '8964'
Method 'SystemVoidInternalRuntimeCompilerServicesUnsafeWriteUnalignedSystemUInt64SystemByteSystemUInt64', ID = '8965'
Method 'SystemInt32SystemTextDecoderReplacementFallbackget_MaxCharCount', ID = '8966'
Method 'SystemInt32SystemTextDecoderExceptionFallbackget_MaxCharCount', ID = '8967'
Method 'SystemBuffersOperationStatusSystemTextRuneDecodeFromUtf8SystemReadOnlySpan1SystemByteSystemTextRuneSystemInt32', ID = '8969'
Method 'SystemTextDecoderFallbackBufferSystemTextDecoderReplacementFallbackCreateFallbackBuffer', ID = '8970'
Method 'SystemTextDecoderFallbackBufferSystemTextDecoderExceptionFallbackCreateFallbackBuffer', ID = '8971'
Method 'SystemVoidSystemTextRunectorSystemInt32', ID = '8972'
Method 'SystemInt32SystemRuntimeInteropServicesMemoryMarshalGetReferenceSystemInt32SystemSpan1SystemInt32', ID = '8973'
Method 'SystemTextRuneSystemTextDecoderFallbackBufferGetNextRune', ID = '8974'
Method 'SystemVoidSystemTextDecoderFallbackBufferReset', ID = '8975'
Method 'SystemStringSystemPrivateCoreLibSystemSRget_Argument_EncodingConversionOverflowChars', ID = '8976'
Method 'SystemUIntPtrSystemTextASCIIUtilityGetIndexOfFirstNonAsciiByteSystemBytepointerSystemUIntPtr', ID = '8977'
Method 'SystemBytepointerSystemTextUnicodeUtf8UtilityGetPointerToFirstInvalidByteSystemBytepointerSystemInt32SystemInt32SystemInt32', ID = '8978'
Method 'SystemInt32SystemTextDecoderFallbackBufferInternalFallbackGetCharCountSystemReadOnlySpan1SystemByteSystemInt32', ID = '8979'
Method 'SystemCollectionsGenericIEnumerator1SystemReflectionRuntimeMethodInfoarraySystemSZArrayHelperGetEnumeratorSystemReflectionRuntimeMethodInfoarray', ID = '8980'
Method 'SystemVoidSystemSZArrayHelperCopyToSystemReflectionRuntimeMethodInfoarraySystemReflectionRuntimeMethodInfoarrayarraySystemInt32', ID = '8981'
Method 'SystemInt32SystemSZArrayHelperget_CountSystemReflectionRuntimeMethodInfoarray', ID = '8982'
Method 'SystemReflectionRuntimeMethodInfoarraySystemSZArrayHelperget_ItemSystemReflectionRuntimeMethodInfoarraySystemInt32', ID = '8983'
Method 'SystemVoidSystemSZArrayHelperset_ItemSystemReflectionRuntimeMethodInfoarraySystemInt32SystemReflectionRuntimeMethodInfoarray', ID = '8984'
Method 'SystemVoidSystemSZArrayHelperAddSystemReflectionRuntimeMethodInfoarraySystemReflectionRuntimeMethodInfoarray', ID = '8985'
Method 'SystemBooleanSystemSZArrayHelperContainsSystemReflectionRuntimeMethodInfoarraySystemReflectionRuntimeMethodInfoarray', ID = '8986'
Method 'SystemBooleanSystemSZArrayHelperget_IsReadOnlySystemReflectionRuntimeMethodInfoarray', ID = '8987'
Method 'SystemVoidSystemSZArrayHelperClearSystemReflectionRuntimeMethodInfoarray', ID = '8988'
Method 'SystemInt32SystemSZArrayHelperIndexOfSystemReflectionRuntimeMethodInfoarraySystemReflectionRuntimeMethodInfoarray', ID = '8989'
Method 'SystemVoidSystemSZArrayHelperInsertSystemReflectionRuntimeMethodInfoarraySystemInt32SystemReflectionRuntimeMethodInfoarray', ID = '8990'
Method 'SystemBooleanSystemSZArrayHelperRemoveSystemReflectionRuntimeMethodInfoarraySystemReflectionRuntimeMethodInfoarray', ID = '8991'
Method 'SystemVoidSystemSZArrayHelperRemoveAtSystemReflectionRuntimeMethodInfoarraySystemInt32', ID = '8992'
Method 'SystemVoidSystemSZGenericArrayEnumerator1SystemReflectionRuntimeMethodInfocctor', ID = '8999'
Method 'SystemVoidSystemSZGenericArrayEnumerator1SystemReflectionRuntimeMethodInfoDispose', ID = '9000'
Method 'SystemBooleanSystemSZGenericArrayEnumerator1SystemReflectionRuntimeMethodInfoMoveNext', ID = '9001'
Method 'SystemInt32SystemReflectionRuntimeMethodInfoGetHashCode', ID = '9011'
Method 'SystemStringSystemReflectionRuntimeMethodInfoget_Name', ID = '9012'
Method 'SystemBooleanSystemRuntimeCompilerServicesRuntimeHelpersIsBitwiseEquatableSystemReflectionRuntimeMethodInfo', ID = '9015'
Method 'SystemInt32InternalRuntimeCompilerServicesUnsafeSizeOfSystemReflectionRuntimeMethodInfo', ID = '9016'
Method 'SystemByteInternalRuntimeCompilerServicesUnsafeAsSystemReflectionRuntimeMethodInfoSystemByteSystemReflectionRuntimeMethodInfo', ID = '9017'
Method 'SystemCharInternalRuntimeCompilerServicesUnsafeAsSystemReflectionRuntimeMethodInfoSystemCharSystemReflectionRuntimeMethodInfo', ID = '9018'
Method 'SystemInt32InternalRuntimeCompilerServicesUnsafeAsSystemReflectionRuntimeMethodInfoSystemInt32SystemReflectionRuntimeMethodInfo', ID = '9019'
Method 'SystemInt64InternalRuntimeCompilerServicesUnsafeAsSystemReflectionRuntimeMethodInfoSystemInt64SystemReflectionRuntimeMethodInfo', ID = '9020'
Method 'SystemCollectionsGenericEqualityComparer1SystemReflectionRuntimeMethodInfoSystemCollectionsGenericEqualityComparer1SystemReflectionRuntimeMethodInfoget_Default', ID = '9021'
Method 'SystemInt32SystemCollectionsGenericEqualityComparer1SystemReflectionRuntimeMethodInfoIndexOfSystemReflectionRuntimeMethodInfoarraySystemReflectionRuntimeMethodInfoSystemInt32SystemInt32', ID = '9022'
Method 'SystemVoidCosmosIL2CPUSZArrayImpl1GetEnumeratord__0SystemReflectionRuntimeMethodInfoctorSystemInt32', ID = '9023'
Method 'SystemCollectionsGenericIEnumerator1SystemReflectionRuntimeConstructorInfoarraySystemSZArrayHelperGetEnumeratorSystemReflectionRuntimeConstructorInfoarray', ID = '9025'
Method 'SystemVoidSystemSZArrayHelperCopyToSystemReflectionRuntimeConstructorInfoarraySystemReflectionRuntimeConstructorInfoarrayarraySystemInt32', ID = '9026'
Method 'SystemInt32SystemSZArrayHelperget_CountSystemReflectionRuntimeConstructorInfoarray', ID = '9027'
Method 'SystemReflectionRuntimeConstructorInfoarraySystemSZArrayHelperget_ItemSystemReflectionRuntimeConstructorInfoarraySystemInt32', ID = '9028'
Method 'SystemVoidSystemSZArrayHelperset_ItemSystemReflectionRuntimeConstructorInfoarraySystemInt32SystemReflectionRuntimeConstructorInfoarray', ID = '9029'
Method 'SystemVoidSystemSZArrayHelperAddSystemReflectionRuntimeConstructorInfoarraySystemReflectionRuntimeConstructorInfoarray', ID = '9030'
Method 'SystemBooleanSystemSZArrayHelperContainsSystemReflectionRuntimeConstructorInfoarraySystemReflectionRuntimeConstructorInfoarray', ID = '9031'
Method 'SystemBooleanSystemSZArrayHelperget_IsReadOnlySystemReflectionRuntimeConstructorInfoarray', ID = '9032'
Method 'SystemVoidSystemSZArrayHelperClearSystemReflectionRuntimeConstructorInfoarray', ID = '9033'
Method 'SystemInt32SystemSZArrayHelperIndexOfSystemReflectionRuntimeConstructorInfoarraySystemReflectionRuntimeConstructorInfoarray', ID = '9034'
Method 'SystemVoidSystemSZArrayHelperInsertSystemReflectionRuntimeConstructorInfoarraySystemInt32SystemReflectionRuntimeConstructorInfoarray', ID = '9035'
Method 'SystemBooleanSystemSZArrayHelperRemoveSystemReflectionRuntimeConstructorInfoarraySystemReflectionRuntimeConstructorInfoarray', ID = '9036'
Method 'SystemVoidSystemSZArrayHelperRemoveAtSystemReflectionRuntimeConstructorInfoarraySystemInt32', ID = '9037'
Method 'SystemVoidSystemSZGenericArrayEnumerator1SystemReflectionRuntimeConstructorInfocctor', ID = '9044'
Method 'SystemVoidSystemSZGenericArrayEnumerator1SystemReflectionRuntimeConstructorInfoDispose', ID = '9045'
Method 'SystemBooleanSystemSZGenericArrayEnumerator1SystemReflectionRuntimeConstructorInfoMoveNext', ID = '9046'
Method 'SystemStringSystemReflectionRuntimeConstructorInfoToString', ID = '9048'
Method 'SystemBooleanSystemReflectionConstructorInfoEqualsSystemObject', ID = '9049'
Method 'SystemInt32SystemReflectionConstructorInfoGetHashCode', ID = '9050'
Method 'SystemStringSystemReflectionRuntimeConstructorInfoget_Name', ID = '9051'
Method 'SystemBooleanSystemRuntimeCompilerServicesRuntimeHelpersIsBitwiseEquatableSystemReflectionRuntimeConstructorInfo', ID = '9053'
Method 'SystemInt32InternalRuntimeCompilerServicesUnsafeSizeOfSystemReflectionRuntimeConstructorInfo', ID = '9054'
Method 'SystemByteInternalRuntimeCompilerServicesUnsafeAsSystemReflectionRuntimeConstructorInfoSystemByteSystemReflectionRuntimeConstructorInfo', ID = '9055'
Method 'SystemCharInternalRuntimeCompilerServicesUnsafeAsSystemReflectionRuntimeConstructorInfoSystemCharSystemReflectionRuntimeConstructorInfo', ID = '9056'
Method 'SystemInt32InternalRuntimeCompilerServicesUnsafeAsSystemReflectionRuntimeConstructorInfoSystemInt32SystemReflectionRuntimeConstructorInfo', ID = '9057'
Method 'SystemInt64InternalRuntimeCompilerServicesUnsafeAsSystemReflectionRuntimeConstructorInfoSystemInt64SystemReflectionRuntimeConstructorInfo', ID = '9058'
Method 'SystemCollectionsGenericEqualityComparer1SystemReflectionRuntimeConstructorInfoSystemCollectionsGenericEqualityComparer1SystemReflectionRuntimeConstructorInfoget_Default', ID = '9059'
Method 'SystemInt32SystemCollectionsGenericEqualityComparer1SystemReflectionRuntimeConstructorInfoIndexOfSystemReflectionRuntimeConstructorInfoarraySystemReflectionRuntimeConstructorInfoSystemInt32SystemInt32', ID = '9060'
Method 'SystemVoidCosmosIL2CPUSZArrayImpl1GetEnumeratord__0SystemReflectionRuntimeConstructorInfoctorSystemInt32', ID = '9061'
Method 'SystemCollectionsGenericIEnumerator1SystemReflectionRuntimeFieldInfoarraySystemSZArrayHelperGetEnumeratorSystemReflectionRuntimeFieldInfoarray', ID = '9063'
Method 'SystemVoidSystemSZArrayHelperCopyToSystemReflectionRuntimeFieldInfoarraySystemReflectionRuntimeFieldInfoarrayarraySystemInt32', ID = '9064'
Method 'SystemInt32SystemSZArrayHelperget_CountSystemReflectionRuntimeFieldInfoarray', ID = '9065'
Method 'SystemReflectionRuntimeFieldInfoarraySystemSZArrayHelperget_ItemSystemReflectionRuntimeFieldInfoarraySystemInt32', ID = '9066'
Method 'SystemVoidSystemSZArrayHelperset_ItemSystemReflectionRuntimeFieldInfoarraySystemInt32SystemReflectionRuntimeFieldInfoarray', ID = '9067'
Method 'SystemVoidSystemSZArrayHelperAddSystemReflectionRuntimeFieldInfoarraySystemReflectionRuntimeFieldInfoarray', ID = '9068'
Method 'SystemBooleanSystemSZArrayHelperContainsSystemReflectionRuntimeFieldInfoarraySystemReflectionRuntimeFieldInfoarray', ID = '9069'
Method 'SystemBooleanSystemSZArrayHelperget_IsReadOnlySystemReflectionRuntimeFieldInfoarray', ID = '9070'
Method 'SystemVoidSystemSZArrayHelperClearSystemReflectionRuntimeFieldInfoarray', ID = '9071'
Method 'SystemInt32SystemSZArrayHelperIndexOfSystemReflectionRuntimeFieldInfoarraySystemReflectionRuntimeFieldInfoarray', ID = '9072'
Method 'SystemVoidSystemSZArrayHelperInsertSystemReflectionRuntimeFieldInfoarraySystemInt32SystemReflectionRuntimeFieldInfoarray', ID = '9073'
Method 'SystemBooleanSystemSZArrayHelperRemoveSystemReflectionRuntimeFieldInfoarraySystemReflectionRuntimeFieldInfoarray', ID = '9074'
Method 'SystemVoidSystemSZArrayHelperRemoveAtSystemReflectionRuntimeFieldInfoarraySystemInt32', ID = '9075'
Method 'SystemVoidSystemSZGenericArrayEnumerator1SystemReflectionRuntimeFieldInfocctor', ID = '9082'
Method 'SystemVoidSystemSZGenericArrayEnumerator1SystemReflectionRuntimeFieldInfoDispose', ID = '9083'
Method 'SystemBooleanSystemSZGenericArrayEnumerator1SystemReflectionRuntimeFieldInfoMoveNext', ID = '9084'
Method 'SystemStringSystemReflectionRuntimeFieldInfoToString', ID = '9086'
Method 'SystemBooleanSystemReflectionFieldInfoEqualsSystemObject', ID = '9087'
Method 'SystemInt32SystemReflectionFieldInfoGetHashCode', ID = '9088'
Method 'SystemBooleanSystemRuntimeCompilerServicesRuntimeHelpersIsBitwiseEquatableSystemReflectionRuntimeFieldInfo', ID = '9089'
Method 'SystemInt32InternalRuntimeCompilerServicesUnsafeSizeOfSystemReflectionRuntimeFieldInfo', ID = '9090'
Method 'SystemByteInternalRuntimeCompilerServicesUnsafeAsSystemReflectionRuntimeFieldInfoSystemByteSystemReflectionRuntimeFieldInfo', ID = '9091'
Method 'SystemCharInternalRuntimeCompilerServicesUnsafeAsSystemReflectionRuntimeFieldInfoSystemCharSystemReflectionRuntimeFieldInfo', ID = '9092'
Method 'SystemInt32InternalRuntimeCompilerServicesUnsafeAsSystemReflectionRuntimeFieldInfoSystemInt32SystemReflectionRuntimeFieldInfo', ID = '9093'
Method 'SystemInt64InternalRuntimeCompilerServicesUnsafeAsSystemReflectionRuntimeFieldInfoSystemInt64SystemReflectionRuntimeFieldInfo', ID = '9094'
Method 'SystemCollectionsGenericEqualityComparer1SystemReflectionRuntimeFieldInfoSystemCollectionsGenericEqualityComparer1SystemReflectionRuntimeFieldInfoget_Default', ID = '9095'
Method 'SystemInt32SystemCollectionsGenericEqualityComparer1SystemReflectionRuntimeFieldInfoIndexOfSystemReflectionRuntimeFieldInfoarraySystemReflectionRuntimeFieldInfoSystemInt32SystemInt32', ID = '9096'
Method 'SystemVoidCosmosIL2CPUSZArrayImpl1GetEnumeratord__0SystemReflectionRuntimeFieldInfoctorSystemInt32', ID = '9097'
Method 'SystemCollectionsGenericIEnumerator1SystemRuntimeTypearraySystemSZArrayHelperGetEnumeratorSystemRuntimeTypearray', ID = '9099'
Method 'SystemVoidSystemSZArrayHelperCopyToSystemRuntimeTypearraySystemRuntimeTypearrayarraySystemInt32', ID = '9100'
Method 'SystemInt32SystemSZArrayHelperget_CountSystemRuntimeTypearray', ID = '9101'
Method 'SystemRuntimeTypearraySystemSZArrayHelperget_ItemSystemRuntimeTypearraySystemInt32', ID = '9102'
Method 'SystemVoidSystemSZArrayHelperset_ItemSystemRuntimeTypearraySystemInt32SystemRuntimeTypearray', ID = '9103'
Method 'SystemVoidSystemSZArrayHelperAddSystemRuntimeTypearraySystemRuntimeTypearray', ID = '9104'
Method 'SystemBooleanSystemSZArrayHelperContainsSystemRuntimeTypearraySystemRuntimeTypearray', ID = '9105'
Method 'SystemBooleanSystemSZArrayHelperget_IsReadOnlySystemRuntimeTypearray', ID = '9106'
Method 'SystemVoidSystemSZArrayHelperClearSystemRuntimeTypearray', ID = '9107'
Method 'SystemInt32SystemSZArrayHelperIndexOfSystemRuntimeTypearraySystemRuntimeTypearray', ID = '9108'
Method 'SystemVoidSystemSZArrayHelperInsertSystemRuntimeTypearraySystemInt32SystemRuntimeTypearray', ID = '9109'
Method 'SystemBooleanSystemSZArrayHelperRemoveSystemRuntimeTypearraySystemRuntimeTypearray', ID = '9110'
Method 'SystemVoidSystemSZArrayHelperRemoveAtSystemRuntimeTypearraySystemInt32', ID = '9111'
Method 'SystemVoidSystemSZGenericArrayEnumerator1SystemRuntimeTypecctor', ID = '9118'
Method 'SystemVoidSystemSZGenericArrayEnumerator1SystemRuntimeTypeDispose', ID = '9119'
Method 'SystemBooleanSystemSZGenericArrayEnumerator1SystemRuntimeTypeMoveNext', ID = '9120'
Method 'SystemBooleanSystemRuntimeCompilerServicesRuntimeHelpersIsBitwiseEquatableSystemRuntimeType', ID = '9121'
Method 'SystemInt32InternalRuntimeCompilerServicesUnsafeSizeOfSystemRuntimeType', ID = '9122'
Method 'SystemByteInternalRuntimeCompilerServicesUnsafeAsSystemRuntimeTypeSystemByteSystemRuntimeType', ID = '9123'
Method 'SystemCharInternalRuntimeCompilerServicesUnsafeAsSystemRuntimeTypeSystemCharSystemRuntimeType', ID = '9124'
Method 'SystemInt32InternalRuntimeCompilerServicesUnsafeAsSystemRuntimeTypeSystemInt32SystemRuntimeType', ID = '9125'
Method 'SystemInt64InternalRuntimeCompilerServicesUnsafeAsSystemRuntimeTypeSystemInt64SystemRuntimeType', ID = '9126'
Method 'SystemCollectionsGenericEqualityComparer1SystemRuntimeTypeSystemCollectionsGenericEqualityComparer1SystemRuntimeTypeget_Default', ID = '9127'
Method 'SystemInt32SystemCollectionsGenericEqualityComparer1SystemRuntimeTypeIndexOfSystemRuntimeTypearraySystemRuntimeTypeSystemInt32SystemInt32', ID = '9128'
Method 'SystemVoidCosmosIL2CPUSZArrayImpl1GetEnumeratord__0SystemRuntimeTypectorSystemInt32', ID = '9129'
Method 'SystemCollectionsGenericIEnumerator1SystemReflectionRuntimePropertyInfoarraySystemSZArrayHelperGetEnumeratorSystemReflectionRuntimePropertyInfoarray', ID = '9131'
Method 'SystemVoidSystemSZArrayHelperCopyToSystemReflectionRuntimePropertyInfoarraySystemReflectionRuntimePropertyInfoarrayarraySystemInt32', ID = '9132'
Method 'SystemInt32SystemSZArrayHelperget_CountSystemReflectionRuntimePropertyInfoarray', ID = '9133'
Method 'SystemReflectionRuntimePropertyInfoarraySystemSZArrayHelperget_ItemSystemReflectionRuntimePropertyInfoarraySystemInt32', ID = '9134'
Method 'SystemVoidSystemSZArrayHelperset_ItemSystemReflectionRuntimePropertyInfoarraySystemInt32SystemReflectionRuntimePropertyInfoarray', ID = '9135'
Method 'SystemVoidSystemSZArrayHelperAddSystemReflectionRuntimePropertyInfoarraySystemReflectionRuntimePropertyInfoarray', ID = '9136'
Method 'SystemBooleanSystemSZArrayHelperContainsSystemReflectionRuntimePropertyInfoarraySystemReflectionRuntimePropertyInfoarray', ID = '9137'
Method 'SystemBooleanSystemSZArrayHelperget_IsReadOnlySystemReflectionRuntimePropertyInfoarray', ID = '9138'
Method 'SystemVoidSystemSZArrayHelperClearSystemReflectionRuntimePropertyInfoarray', ID = '9139'
Method 'SystemInt32SystemSZArrayHelperIndexOfSystemReflectionRuntimePropertyInfoarraySystemReflectionRuntimePropertyInfoarray', ID = '9140'
Method 'SystemVoidSystemSZArrayHelperInsertSystemReflectionRuntimePropertyInfoarraySystemInt32SystemReflectionRuntimePropertyInfoarray', ID = '9141'
Method 'SystemBooleanSystemSZArrayHelperRemoveSystemReflectionRuntimePropertyInfoarraySystemReflectionRuntimePropertyInfoarray', ID = '9142'
Method 'SystemVoidSystemSZArrayHelperRemoveAtSystemReflectionRuntimePropertyInfoarraySystemInt32', ID = '9143'
Method 'SystemVoidSystemSZGenericArrayEnumerator1SystemReflectionRuntimePropertyInfocctor', ID = '9150'
Method 'SystemVoidSystemSZGenericArrayEnumerator1SystemReflectionRuntimePropertyInfoDispose', ID = '9151'
Method 'SystemBooleanSystemSZGenericArrayEnumerator1SystemReflectionRuntimePropertyInfoMoveNext', ID = '9152'
Method 'SystemBooleanSystemReflectionPropertyInfoEqualsSystemObject', ID = '9157'
Method 'SystemInt32SystemReflectionPropertyInfoGetHashCode', ID = '9158'
Method 'SystemStringSystemReflectionRuntimePropertyInfoget_Name', ID = '9159'
Method 'SystemInt32SystemReflectionRuntimePropertyInfoget_MetadataToken', ID = '9160'
Method 'SystemBooleanSystemRuntimeCompilerServicesRuntimeHelpersIsBitwiseEquatableSystemReflectionRuntimePropertyInfo', ID = '9161'
Method 'SystemInt32InternalRuntimeCompilerServicesUnsafeSizeOfSystemReflectionRuntimePropertyInfo', ID = '9162'
Method 'SystemByteInternalRuntimeCompilerServicesUnsafeAsSystemReflectionRuntimePropertyInfoSystemByteSystemReflectionRuntimePropertyInfo', ID = '9163'
Method 'SystemCharInternalRuntimeCompilerServicesUnsafeAsSystemReflectionRuntimePropertyInfoSystemCharSystemReflectionRuntimePropertyInfo', ID = '9164'
Method 'SystemInt32InternalRuntimeCompilerServicesUnsafeAsSystemReflectionRuntimePropertyInfoSystemInt32SystemReflectionRuntimePropertyInfo', ID = '9165'
Method 'SystemInt64InternalRuntimeCompilerServicesUnsafeAsSystemReflectionRuntimePropertyInfoSystemInt64SystemReflectionRuntimePropertyInfo', ID = '9166'
Method 'SystemCollectionsGenericEqualityComparer1SystemReflectionRuntimePropertyInfoSystemCollectionsGenericEqualityComparer1SystemReflectionRuntimePropertyInfoget_Default', ID = '9167'
Method 'SystemInt32SystemCollectionsGenericEqualityComparer1SystemReflectionRuntimePropertyInfoIndexOfSystemReflectionRuntimePropertyInfoarraySystemReflectionRuntimePropertyInfoSystemInt32SystemInt32', ID = '9168'
Method 'SystemVoidCosmosIL2CPUSZArrayImpl1GetEnumeratord__0SystemReflectionRuntimePropertyInfoctorSystemInt32', ID = '9169'
Method 'SystemCollectionsGenericIEnumerator1SystemReflectionRuntimeEventInfoarraySystemSZArrayHelperGetEnumeratorSystemReflectionRuntimeEventInfoarray', ID = '9171'
Method 'SystemVoidSystemSZArrayHelperCopyToSystemReflectionRuntimeEventInfoarraySystemReflectionRuntimeEventInfoarrayarraySystemInt32', ID = '9172'
Method 'SystemInt32SystemSZArrayHelperget_CountSystemReflectionRuntimeEventInfoarray', ID = '9173'
Method 'SystemReflectionRuntimeEventInfoarraySystemSZArrayHelperget_ItemSystemReflectionRuntimeEventInfoarraySystemInt32', ID = '9174'
Method 'SystemVoidSystemSZArrayHelperset_ItemSystemReflectionRuntimeEventInfoarraySystemInt32SystemReflectionRuntimeEventInfoarray', ID = '9175'
Method 'SystemVoidSystemSZArrayHelperAddSystemReflectionRuntimeEventInfoarraySystemReflectionRuntimeEventInfoarray', ID = '9176'
Method 'SystemBooleanSystemSZArrayHelperContainsSystemReflectionRuntimeEventInfoarraySystemReflectionRuntimeEventInfoarray', ID = '9177'
Method 'SystemBooleanSystemSZArrayHelperget_IsReadOnlySystemReflectionRuntimeEventInfoarray', ID = '9178'
Method 'SystemVoidSystemSZArrayHelperClearSystemReflectionRuntimeEventInfoarray', ID = '9179'
Method 'SystemInt32SystemSZArrayHelperIndexOfSystemReflectionRuntimeEventInfoarraySystemReflectionRuntimeEventInfoarray', ID = '9180'
Method 'SystemVoidSystemSZArrayHelperInsertSystemReflectionRuntimeEventInfoarraySystemInt32SystemReflectionRuntimeEventInfoarray', ID = '9181'
Method 'SystemBooleanSystemSZArrayHelperRemoveSystemReflectionRuntimeEventInfoarraySystemReflectionRuntimeEventInfoarray', ID = '9182'
Method 'SystemVoidSystemSZArrayHelperRemoveAtSystemReflectionRuntimeEventInfoarraySystemInt32', ID = '9183'
Method 'SystemVoidSystemSZGenericArrayEnumerator1SystemReflectionRuntimeEventInfocctor', ID = '9190'
Method 'SystemVoidSystemSZGenericArrayEnumerator1SystemReflectionRuntimeEventInfoDispose', ID = '9191'
Method 'SystemBooleanSystemSZGenericArrayEnumerator1SystemReflectionRuntimeEventInfoMoveNext', ID = '9192'
Method 'SystemStringSystemReflectionRuntimeEventInfoToString', ID = '9195'
Method 'SystemBooleanSystemReflectionEventInfoEqualsSystemObject', ID = '9196'
Method 'SystemInt32SystemReflectionEventInfoGetHashCode', ID = '9197'
Method 'SystemStringSystemReflectionRuntimeEventInfoget_Name', ID = '9198'
Method 'SystemInt32SystemReflectionRuntimeEventInfoget_MetadataToken', ID = '9199'
Method 'SystemBooleanSystemRuntimeCompilerServicesRuntimeHelpersIsBitwiseEquatableSystemReflectionRuntimeEventInfo', ID = '9200'
Method 'SystemInt32InternalRuntimeCompilerServicesUnsafeSizeOfSystemReflectionRuntimeEventInfo', ID = '9201'
Method 'SystemByteInternalRuntimeCompilerServicesUnsafeAsSystemReflectionRuntimeEventInfoSystemByteSystemReflectionRuntimeEventInfo', ID = '9202'
Method 'SystemCharInternalRuntimeCompilerServicesUnsafeAsSystemReflectionRuntimeEventInfoSystemCharSystemReflectionRuntimeEventInfo', ID = '9203'
Method 'SystemInt32InternalRuntimeCompilerServicesUnsafeAsSystemReflectionRuntimeEventInfoSystemInt32SystemReflectionRuntimeEventInfo', ID = '9204'
Method 'SystemInt64InternalRuntimeCompilerServicesUnsafeAsSystemReflectionRuntimeEventInfoSystemInt64SystemReflectionRuntimeEventInfo', ID = '9205'
Method 'SystemCollectionsGenericEqualityComparer1SystemReflectionRuntimeEventInfoSystemCollectionsGenericEqualityComparer1SystemReflectionRuntimeEventInfoget_Default', ID = '9206'
Method 'SystemInt32SystemCollectionsGenericEqualityComparer1SystemReflectionRuntimeEventInfoIndexOfSystemReflectionRuntimeEventInfoarraySystemReflectionRuntimeEventInfoSystemInt32SystemInt32', ID = '9207'
Method 'SystemVoidCosmosIL2CPUSZArrayImpl1GetEnumeratord__0SystemReflectionRuntimeEventInfoctorSystemInt32', ID = '9208'
Method 'SystemVoidCosmosCore_PlugsSystemRuntimeTypeHandleImplGetInstantiationSystemObjectSystemObjectSystemObject', ID = '9212'
Method 'SystemVoidCosmosIL2CPUSZArrayImpl1GetEnumeratord__0SystemTypeSystemIDisposableDispose', ID = '9218'
Method 'SystemBooleanCosmosIL2CPUSZArrayImpl1GetEnumeratord__0SystemTypeMoveNext', ID = '9219'
Method 'SystemBooleanSystemReflectionMetadataImportEqualsSystemReflectionMetadataImport', ID = '9221'
Method 'SystemInt32CosmosCore_PlugsSystemRuntimeTypeHandleImplGetTokenSystemObject', ID = '9222'
Method 'SystemStringCosmosCore_PlugsSystemInternalEnvironmentImplGetEnvironmentVariableSystemString', ID = '9224'
Method 'SystemBooleanSystemGlobalizationGlobalizationModeTryGetStringValueSystemStringSystemStringSystemString', ID = '9225'
Method 'SystemInt32CosmosCore_PlugsInteropGlobalizationImplLoadICU', ID = '9226'
Method 'SystemInt32SystemStringIndexOfSystemChar', ID = '9227'
Method 'SystemReadOnlySpan1SystemCharSystemMemoryExtensionsAsSpanSystemStringSystemInt32', ID = '9228'
Method 'SystemVoidSystemGlobalizationGlobalizationModeLoadAppLocalIcuCoreSystemReadOnlySpan1SystemCharSystemReadOnlySpan1SystemChar', ID = '9229'
Method 'SystemInt32SystemByteCompareToSystemByte', ID = '9232'
Method 'SystemInt32SystemCharCompareToSystemChar', ID = '9233'
Method 'SystemInt32SystemInt32CompareToSystemInt32', ID = '9235'
Method 'SystemBooleanSystemLocalAppContextSwitchesGetSwitchDefaultValueSystemString', ID = '9240'
Method 'SystemBooleanSystemStringContainsSystemChar', ID = '9241'
Method 'SystemVoidSystemTextStringBuilderctorSystemStringSystemInt32SystemInt32SystemInt32', ID = '9242'
Method 'SystemVoidCosmosCore_PlugsSystemBufferImpl__ZeroMemorySystemVoidpointerSystemUIntPtr', ID = '9243'
Method 'SystemVoidCosmosIL2CPUSZArrayImpl1GetEnumeratord__0CosmosSystemNetworkIPv4ICMPClientSystemIDisposableDispose', ID = '9247'
Method 'SystemBooleanCosmosIL2CPUSZArrayImpl1GetEnumeratord__0CosmosSystemNetworkIPv4ICMPClientMoveNext', ID = '9248'
Method 'SystemVoidSystemCollectionsGenericEqualityComparer1SystemCollectionsGenericKeyValuePair2SystemUInt32CosmosSystemNetworkIPv4ICMPClientcctor', ID = '9249'
Method 'SystemRandomXoshiroImplSystemRandomThreadSafeRandomCreate', ID = '9253'
Method 'SystemInt32SystemRandomXoshiroImplNextSystemInt32SystemInt32', ID = '9254'
Method 'SystemVoidSystemRandomXoshiroImplNextBytesSystemBytearray', ID = '9255'
Method 'SystemVoidCosmosIL2CPUSZArrayImpl1GetEnumeratord__0CosmosSystemNetworkIPv4UDPUdpClientSystemIDisposableDispose', ID = '9259'
Method 'SystemBooleanCosmosIL2CPUSZArrayImpl1GetEnumeratord__0CosmosSystemNetworkIPv4UDPUdpClientMoveNext', ID = '9260'
Method 'SystemVoidSystemCollectionsGenericEqualityComparer1SystemCollectionsGenericKeyValuePair2SystemUInt32CosmosSystemNetworkIPv4UDPUdpClientcctor', ID = '9261'
Method 'SystemRuntimeIntrinsicsVector1281SystemSingleInternalRuntimeCompilerServicesUnsafeAsSystemRuntimeIntrinsicsVector1281SystemUInt64SystemRuntimeIntrinsicsVector1281SystemEB507EBAE860D843EFB4A07CC3D5A00B', ID = '9264'
Method 'SystemRuntimeIntrinsicsVector1281SystemDoubleInternalRuntimeCompilerServicesUnsafeAsSystemRuntimeIntrinsicsVector1281SystemUInt64SystemRuntimeIntrinsicsVector1281System2C7D9302356DF4108C5FFA045A66A8AA', ID = '9265'
Method 'SystemBooleanSystemUInt64EqualsSystemUInt64', ID = '9266'
Method 'SystemRuntimeIntrinsicsVector1281SystemSingleInternalRuntimeCompilerServicesUnsafeAsSystemRuntimeIntrinsicsVector1281SystemInt16SystemRuntimeIntrinsicsVector1281SystemSD13364A5CE70452FC8F11390CA0973B5', ID = '9267'
Method 'SystemRuntimeIntrinsicsVector1281SystemDoubleInternalRuntimeCompilerServicesUnsafeAsSystemRuntimeIntrinsicsVector1281SystemInt16SystemRuntimeIntrinsicsVector1281SystemDF23DBE7EBBE724955B57B0C90852D35F', ID = '9268'
Method 'SystemBooleanSystemInt16EqualsSystemInt16', ID = '9269'
Method 'SystemVoidSystemCharConvertToUtf32_ThrowInvalidArgsSystemUInt32', ID = '9270'
Method 'SystemRuntimeIntrinsicsVector1281SystemSingleInternalRuntimeCompilerServicesUnsafeAsSystemRuntimeIntrinsicsVector1281SystemUInt32SystemRuntimeIntrinsicsVector1281System7D00C84329A2417DCEF68A5FDCC0DA01', ID = '9271'
Method 'SystemRuntimeIntrinsicsVector1281SystemDoubleInternalRuntimeCompilerServicesUnsafeAsSystemRuntimeIntrinsicsVector1281SystemUInt32SystemRuntimeIntrinsicsVector1281SystemD5A52A796484216A81516BD2E50FAF3E', ID = '9272'
Method 'SystemRuntimeIntrinsicsVector1281SystemByteInternalRuntimeCompilerServicesUnsafeAsSystemRuntimeIntrinsicsVector1281SystemUInt32SystemRuntimeIntrinsicsVector1281SystemBy25D2EACD4CF50CFBE2129F71F0D910EB', ID = '9273'
Method 'SystemVoidCosmosSystem_PlugsSystemGlobalizationEncodingTableImplCctor', ID = '9274'
Method 'SystemVoidCosmosSystem_PlugsSystemGlobalizationEncodingTableImplcctor', ID = '9275'
Method 'SystemVoidSystemReadOnlySpan1SystemBooleanctorSystemVoidpointerSystemInt32', ID = '9278'
Method 'SystemBooleanSystemByReference1SystemBooleanget_Value', ID = '9279'
Method 'SystemBooleanInternalRuntimeCompilerServicesUnsafeAddSystemBooleanSystemBooleanSystemIntPtr', ID = '9280'
Method 'SystemInt32CosmosCore_PlugsInteropKernel32ImplFindNLSStringExSystemCharpointerSystemUInt32SystemCharpointerSystemInt32SystemCharpointerSystemInt32SystemInt32pointerSystA4A2156931B08123ABAA98F6E49BF551', ID = '9281'
Method 'SystemVoidCosmosIL2CPUSZArrayImpl1GetEnumeratord__0SystemReflectionAssemblySystemIDisposableDispose', ID = '9286'
Method 'SystemBooleanCosmosIL2CPUSZArrayImpl1GetEnumeratord__0SystemReflectionAssemblyMoveNext', ID = '9287'
Method 'SystemVoidSystemCollectionsGenericEqualityComparer1SystemCollectionsGenericKeyValuePair2SystemStringSystemReflectionAssemblycctor', ID = '9288'
Method 'SystemVoidSystemGlobalizationTextInfoPopulateIsAsciiCasingSameAsInvariant', ID = '9290'
Method 'SystemVoidSystemGlobalizationTextInfoNlsChangeCaseSystemCharpointerSystemInt32SystemCharpointerSystemInt32SystemBoolean', ID = '9291'
Method 'SystemVoidSystemGlobalizationTextInfoIcuChangeCaseSystemCharpointerSystemInt32SystemCharpointerSystemInt32SystemBoolean', ID = '9292'
Method 'SystemReadOnlySpan1SystemByteSystemGlobalizationOrdinalCasingget_s_casingTableInit', ID = '9296'
Method 'SystemVoidCosmosCore_PlugsInteropGlobalizationImplInitOrdinalCasingPageSystemInt32SystemCharpointer', ID = '9297'
Method 'SystemThreadingVolatileVolatileObjectInternalRuntimeCompilerServicesUnsafeAsSystemUInt16arraySystemThreadingVolatileVolatileObjectSystemUInt16array', ID = '9299'
Method 'SystemStringSystemPrivateCoreLibSystemSRget_Arg_PlatformNotSupported', ID = '9302'
Method 'SystemStringSystemNumericsVector1SystemSByteToString', ID = '9303'
Method 'SystemBooleanSystemNumericsVector1SystemSByteEqualsSystemObject', ID = '9304'
Method 'SystemInt32SystemNumericsVector1SystemSByteGetHashCode', ID = '9305'
Method 'SystemStringSystemNumericsVector1SystemSByteToStringSystemStringSystemIFormatProvider', ID = '9306'
Method 'SystemSByteSystemNumericsVector1SystemSByteGetElementSystemIntPtr', ID = '9308'
Method 'SystemBooleanSystemNumericsVector1SystemSByteScalarLessThanSystemSByteSystemSByte', ID = '9309'
Method 'SystemSByteSystemNumericsVector1SystemSByteGetAllBitsSetValue', ID = '9310'
Method 'SystemVoidSystemNumericsVector1SystemSByteSetElementSystemIntPtrSystemSByte', ID = '9311'
Method 'SystemInt32SystemNumericsVector1SystemSByteget_Count', ID = '9312'
Method 'SystemNumericsVector1SystemInt32InternalRuntimeCompilerServicesUnsafeAsSystemNumericsVector1SystemSByteSystemNumericsVector1SystemInt32SystemNumericsVector1SystemSByte', ID = '9313'
Method 'SystemNumericsVector1SystemByteInternalRuntimeCompilerServicesUnsafeAsSystemNumericsVector1SystemSByteSystemNumericsVector1SystemByteSystemNumericsVector1SystemSByte', ID = '9314'
Method 'SystemVoidSystemTextDecoderReplacementFallbackBufferctorSystemTextDecoderReplacementFallback', ID = '9315'
Method 'SystemVoidSystemTextDecoderExceptionFallbackBufferctor', ID = '9316'
Method 'SystemVoidSystemTextRunectorSystemUInt32', ID = '9317'
Method 'SystemUIntPtrSystemTextASCIIUtilityGetIndexOfFirstNonAsciiByte_DefaultSystemBytepointerSystemUIntPtr', ID = '9319'
Method 'SystemUIntPtrSystemTextASCIIUtilityGetIndexOfFirstNonAsciiByte_IntrinsifiedSystemBytepointerSystemUIntPtr', ID = '9320'
Method 'SystemUInt32SystemTextASCIIUtilityCountNumberOfLeadingAsciiBytesFromUInt32WithSomeNonAsciiDataSystemUInt32', ID = '9321'
Method 'SystemBooleanSystemTextUnicodeUtf8UtilityIsUtf8ContinuationByteSystemByte', ID = '9322'
Method 'SystemInt32SystemTextDecoderFallbackBufferDrainRemainingDataForGetCharCount', ID = '9323'
Method 'SystemReflectionRuntimeMethodInfoarrayarrayInternalRuntimeCompilerServicesUnsafeAsSystemReflectionRuntimeMethodInfoarrayarraySystemObject', ID = '9325'
Method 'SystemVoidSystemSZGenericArrayEnumerator1SystemReflectionRuntimeMethodInfoarrayctorSystemReflectionRuntimeMethodInfoarrayarray', ID = '9326'
Method 'SystemInt32SystemArrayIndexOfSystemReflectionRuntimeMethodInfoarraySystemReflectionRuntimeMethodInfoarrayarraySystemReflectionRuntimeMethodInfoarraySystemInt32SystemInt32', ID = '9329'
Method 'SystemCollectionsGenericIEnumerator1SystemReflectionRuntimeMethodInfoarrayCosmosIL2CPUSZArrayImpl1SystemReflectionRuntimeMethodInfoarrayGetEnumerator', ID = '9330'
Method 'SystemVoidCosmosIL2CPUSZArrayImpl1SystemReflectionRuntimeMethodInfoarrayCopyToSystemReflectionRuntimeMethodInfoarrayarraySystemInt32', ID = '9331'
Method 'SystemInt32CosmosIL2CPUSZArrayImpl1SystemReflectionRuntimeMethodInfoarrayget_Count', ID = '9332'
Method 'SystemReflectionRuntimeMethodInfoarrayCosmosIL2CPUSZArrayImpl1SystemReflectionRuntimeMethodInfoarrayget_ItemSystemInt32', ID = '9333'
Method 'SystemVoidCosmosIL2CPUSZArrayImpl1SystemReflectionRuntimeMethodInfoarrayset_ItemSystemInt32SystemReflectionRuntimeMethodInfoarray', ID = '9334'
Method 'SystemVoidCosmosIL2CPUSZArrayImpl1SystemReflectionRuntimeMethodInfoarrayAddSystemReflectionRuntimeMethodInfoarray', ID = '9335'
Method 'SystemBooleanCosmosIL2CPUSZArrayImpl1SystemReflectionRuntimeMethodInfoarrayContainsSystemReflectionRuntimeMethodInfoarray', ID = '9336'
Method 'SystemBooleanCosmosIL2CPUSZArrayImpl1SystemReflectionRuntimeMethodInfoarrayget_IsReadOnly', ID = '9337'
Method 'SystemVoidCosmosIL2CPUSZArrayImpl1SystemReflectionRuntimeMethodInfoarrayClear', ID = '9338'
Method 'SystemInt32CosmosIL2CPUSZArrayImpl1SystemReflectionRuntimeMethodInfoarrayIndexOfSystemReflectionRuntimeMethodInfoarray', ID = '9339'
Method 'SystemVoidCosmosIL2CPUSZArrayImpl1SystemReflectionRuntimeMethodInfoarrayInsertSystemInt32SystemReflectionRuntimeMethodInfoarray', ID = '9340'
Method 'SystemVoidCosmosIL2CPUSZArrayImpl1SystemReflectionRuntimeMethodInfoarrayRemoveAtSystemInt32', ID = '9341'
Method 'SystemBooleanCosmosIL2CPUSZArrayImpl1SystemReflectionRuntimeMethodInfoarrayget_IsFixedSize', ID = '9342'
Method 'SystemVoidCosmosIL2CPUSZArrayImpl1SystemReflectionRuntimeMethodInfoarrayRemoveSystemReflectionRuntimeMethodInfoarray', ID = '9343'
Method 'SystemObjectCosmosIL2CPUSZArrayImpl1SystemReflectionRuntimeMethodInfoarrayget_SyncRoot', ID = '9344'
Method 'SystemBooleanCosmosIL2CPUSZArrayImpl1SystemReflectionRuntimeMethodInfoarrayget_IsSynchronized', ID = '9345'
Method 'SystemBooleanSystemReflectionMethodInfoEqualsSystemObject', ID = '9346'
Method 'SystemInt32SystemReflectionMethodInfoGetHashCode', ID = '9347'
Method 'SystemCollectionsGenericIEnumerator1SystemReflectionParameterInfoSystemSZArrayHelperGetEnumeratorSystemReflectionParameterInfo', ID = '9348'
Method 'SystemVoidSystemSZArrayHelperCopyToSystemReflectionParameterInfoSystemReflectionParameterInfoarraySystemInt32', ID = '9349'
Method 'SystemInt32SystemSZArrayHelperget_CountSystemReflectionParameterInfo', ID = '9350'
Method 'SystemReflectionParameterInfoSystemSZArrayHelperget_ItemSystemReflectionParameterInfoSystemInt32', ID = '9351'
Method 'SystemVoidSystemSZArrayHelperset_ItemSystemReflectionParameterInfoSystemInt32SystemReflectionParameterInfo', ID = '9352'
Method 'SystemVoidSystemSZArrayHelperAddSystemReflectionParameterInfoSystemReflectionParameterInfo', ID = '9353'
Method 'SystemBooleanSystemSZArrayHelperContainsSystemReflectionParameterInfoSystemReflectionParameterInfo', ID = '9354'
Method 'SystemBooleanSystemSZArrayHelperget_IsReadOnlySystemReflectionParameterInfo', ID = '9355'
Method 'SystemVoidSystemSZArrayHelperClearSystemReflectionParameterInfo', ID = '9356'
Method 'SystemInt32SystemSZArrayHelperIndexOfSystemReflectionParameterInfoSystemReflectionParameterInfo', ID = '9357'
Method 'SystemVoidSystemSZArrayHelperInsertSystemReflectionParameterInfoSystemInt32SystemReflectionParameterInfo', ID = '9358'
Method 'SystemBooleanSystemSZArrayHelperRemoveSystemReflectionParameterInfoSystemReflectionParameterInfo', ID = '9359'
Method 'SystemVoidSystemSZArrayHelperRemoveAtSystemReflectionParameterInfoSystemInt32', ID = '9360'
Method 'SystemStringSystemReflectionParameterInfoToString', ID = '9368'
Method 'SystemStringCosmosSystem_PlugsSystemReflectionRuntimeMethodInfoImplToString', ID = '9371'
Method 'SystemBooleanCosmosSystem_PlugsSystemReflectionRuntimeMethodInfoImplEqualsSystemObject', ID = '9372'
Method 'SystemBooleanSystemReflectionMethodBaseget_IsGenericMethod', ID = '9373'
Method 'SystemInt32CosmosSystem_PlugsSystemReflectionRuntimeMethodInfoImplget_MetadataToken', ID = '9375'
Method 'SystemVoidCosmosIL2CPUSZArrayImpl1GetEnumeratord__0SystemReflectionRuntimeMethodInfoSystemIDisposableDispose', ID = '9380'
Method 'SystemBooleanCosmosIL2CPUSZArrayImpl1GetEnumeratord__0SystemReflectionRuntimeMethodInfoMoveNext', ID = '9381'
Method 'SystemReflectionRuntimeConstructorInfoarrayarrayInternalRuntimeCompilerServicesUnsafeAsSystemReflectionRuntimeConstructorInfoarrayarraySystemObject', ID = '9383'
Method 'SystemVoidSystemSZGenericArrayEnumerator1SystemReflectionRuntimeConstructorInfoarrayctorSystemReflectionRuntimeConstructorInfoarrayarray', ID = '9384'
Method 'SystemInt32SystemArrayIndexOfSystemReflectionRuntimeConstructorInfoarraySystemReflectionRuntimeConstructorInfoarrayarraySystemReflectionRuntimeConstructorInfoarraySystemInt32SystemInt32', ID = '9387'
Method 'SystemCollectionsGenericIEnumerator1SystemReflectionRuntimeConstructorInfoarrayCosmosIL2CPUSZArrayImpl1SystemReflectionRuntimeConstructorInfoarrayGetEnumerator', ID = '9388'
Method 'SystemVoidCosmosIL2CPUSZArrayImpl1SystemReflectionRuntimeConstructorInfoarrayCopyToSystemReflectionRuntimeConstructorInfoarrayarraySystemInt32', ID = '9389'
Method 'SystemInt32CosmosIL2CPUSZArrayImpl1SystemReflectionRuntimeConstructorInfoarrayget_Count', ID = '9390'
Method 'SystemReflectionRuntimeConstructorInfoarrayCosmosIL2CPUSZArrayImpl1SystemReflectionRuntimeConstructorInfoarrayget_ItemSystemInt32', ID = '9391'
Method 'SystemVoidCosmosIL2CPUSZArrayImpl1SystemReflectionRuntimeConstructorInfoarrayset_ItemSystemInt32SystemReflectionRuntimeConstructorInfoarray', ID = '9392'
Method 'SystemVoidCosmosIL2CPUSZArrayImpl1SystemReflectionRuntimeConstructorInfoarrayAddSystemReflectionRuntimeConstructorInfoarray', ID = '9393'
Method 'SystemBooleanCosmosIL2CPUSZArrayImpl1SystemReflectionRuntimeConstructorInfoarrayContainsSystemReflectionRuntimeConstructorInfoarray', ID = '9394'
Method 'SystemBooleanCosmosIL2CPUSZArrayImpl1SystemReflectionRuntimeConstructorInfoarrayget_IsReadOnly', ID = '9395'
Method 'SystemVoidCosmosIL2CPUSZArrayImpl1SystemReflectionRuntimeConstructorInfoarrayClear', ID = '9396'
Method 'SystemInt32CosmosIL2CPUSZArrayImpl1SystemReflectionRuntimeConstructorInfoarrayIndexOfSystemReflectionRuntimeConstructorInfoarray', ID = '9397'
Method 'SystemVoidCosmosIL2CPUSZArrayImpl1SystemReflectionRuntimeConstructorInfoarrayInsertSystemInt32SystemReflectionRuntimeConstructorInfoarray', ID = '9398'
Method 'SystemVoidCosmosIL2CPUSZArrayImpl1SystemReflectionRuntimeConstructorInfoarrayRemoveAtSystemInt32', ID = '9399'
Method 'SystemBooleanCosmosIL2CPUSZArrayImpl1SystemReflectionRuntimeConstructorInfoarrayget_IsFixedSize', ID = '9400'
Method 'SystemVoidCosmosIL2CPUSZArrayImpl1SystemReflectionRuntimeConstructorInfoarrayRemoveSystemReflectionRuntimeConstructorInfoarray', ID = '9401'
Method 'SystemObjectCosmosIL2CPUSZArrayImpl1SystemReflectionRuntimeConstructorInfoarrayget_SyncRoot', ID = '9402'
Method 'SystemBooleanCosmosIL2CPUSZArrayImpl1SystemReflectionRuntimeConstructorInfoarrayget_IsSynchronized', ID = '9403'
Method 'SystemVoidSystemReflectionConstructorInfocctor', ID = '9404'
Method 'SystemVoidSystemTextValueStringBuilderctorSystemInt32', ID = '9405'
Method 'SystemTypearraySystemReflectionMethodBaseGetParameterTypes', ID = '9406'
Method 'SystemReflectionCallingConventionsSystemReflectionMethodBaseget_CallingConvention', ID = '9407'
Method 'SystemVoidSystemReflectionMethodBaseAppendParametersSystemTextValueStringBuilderSystemTypearraySystemReflectionCallingConventions', ID = '9408'
Method 'SystemInt32CosmosSystem_PlugsSystemReflectionRuntimeConstructorInfoImplget_MetadataToken', ID = '9409'
Method 'SystemVoidCosmosIL2CPUSZArrayImpl1GetEnumeratord__0SystemReflectionRuntimeConstructorInfoSystemIDisposableDispose', ID = '9414'
Method 'SystemBooleanCosmosIL2CPUSZArrayImpl1GetEnumeratord__0SystemReflectionRuntimeConstructorInfoMoveNext', ID = '9415'
Method 'SystemReflectionRuntimeFieldInfoarrayarrayInternalRuntimeCompilerServicesUnsafeAsSystemReflectionRuntimeFieldInfoarrayarraySystemObject', ID = '9417'
Method 'SystemVoidSystemSZGenericArrayEnumerator1SystemReflectionRuntimeFieldInfoarrayctorSystemReflectionRuntimeFieldInfoarrayarray', ID = '9418'
Method 'SystemInt32SystemArrayIndexOfSystemReflectionRuntimeFieldInfoarraySystemReflectionRuntimeFieldInfoarrayarraySystemReflectionRuntimeFieldInfoarraySystemInt32SystemInt32', ID = '9421'
Method 'SystemCollectionsGenericIEnumerator1SystemReflectionRuntimeFieldInfoarrayCosmosIL2CPUSZArrayImpl1SystemReflectionRuntimeFieldInfoarrayGetEnumerator', ID = '9422'
Method 'SystemVoidCosmosIL2CPUSZArrayImpl1SystemReflectionRuntimeFieldInfoarrayCopyToSystemReflectionRuntimeFieldInfoarrayarraySystemInt32', ID = '9423'
Method 'SystemInt32CosmosIL2CPUSZArrayImpl1SystemReflectionRuntimeFieldInfoarrayget_Count', ID = '9424'
Method 'SystemReflectionRuntimeFieldInfoarrayCosmosIL2CPUSZArrayImpl1SystemReflectionRuntimeFieldInfoarrayget_ItemSystemInt32', ID = '9425'
Method 'SystemVoidCosmosIL2CPUSZArrayImpl1SystemReflectionRuntimeFieldInfoarrayset_ItemSystemInt32SystemReflectionRuntimeFieldInfoarray', ID = '9426'
Method 'SystemVoidCosmosIL2CPUSZArrayImpl1SystemReflectionRuntimeFieldInfoarrayAddSystemReflectionRuntimeFieldInfoarray', ID = '9427'
Method 'SystemBooleanCosmosIL2CPUSZArrayImpl1SystemReflectionRuntimeFieldInfoarrayContainsSystemReflectionRuntimeFieldInfoarray', ID = '9428'
Method 'SystemBooleanCosmosIL2CPUSZArrayImpl1SystemReflectionRuntimeFieldInfoarrayget_IsReadOnly', ID = '9429'
Method 'SystemVoidCosmosIL2CPUSZArrayImpl1SystemReflectionRuntimeFieldInfoarrayClear', ID = '9430'
Method 'SystemInt32CosmosIL2CPUSZArrayImpl1SystemReflectionRuntimeFieldInfoarrayIndexOfSystemReflectionRuntimeFieldInfoarray', ID = '9431'
Method 'SystemVoidCosmosIL2CPUSZArrayImpl1SystemReflectionRuntimeFieldInfoarrayInsertSystemInt32SystemReflectionRuntimeFieldInfoarray', ID = '9432'
Method 'SystemVoidCosmosIL2CPUSZArrayImpl1SystemReflectionRuntimeFieldInfoarrayRemoveAtSystemInt32', ID = '9433'
Method 'SystemBooleanCosmosIL2CPUSZArrayImpl1SystemReflectionRuntimeFieldInfoarrayget_IsFixedSize', ID = '9434'
Method 'SystemVoidCosmosIL2CPUSZArrayImpl1SystemReflectionRuntimeFieldInfoarrayRemoveSystemReflectionRuntimeFieldInfoarray', ID = '9435'
Method 'SystemObjectCosmosIL2CPUSZArrayImpl1SystemReflectionRuntimeFieldInfoarrayget_SyncRoot', ID = '9436'
Method 'SystemBooleanCosmosIL2CPUSZArrayImpl1SystemReflectionRuntimeFieldInfoarrayget_IsSynchronized', ID = '9437'
Method 'SystemStringSystemTypeFormatTypeName', ID = '9439'
Method 'SystemVoidCosmosIL2CPUSZArrayImpl1GetEnumeratord__0SystemReflectionRuntimeFieldInfoSystemIDisposableDispose', ID = '9444'
Method 'SystemBooleanCosmosIL2CPUSZArrayImpl1GetEnumeratord__0SystemReflectionRuntimeFieldInfoMoveNext', ID = '9445'
Method 'SystemRuntimeTypearrayarrayInternalRuntimeCompilerServicesUnsafeAsSystemRuntimeTypearrayarraySystemObject', ID = '9447'
Method 'SystemVoidSystemSZGenericArrayEnumerator1SystemRuntimeTypearrayctorSystemRuntimeTypearrayarray', ID = '9448'
Method 'SystemInt32SystemArrayIndexOfSystemRuntimeTypearraySystemRuntimeTypearrayarraySystemRuntimeTypearraySystemInt32SystemInt32', ID = '9451'
Method 'SystemCollectionsGenericIEnumerator1SystemRuntimeTypearrayCosmosIL2CPUSZArrayImpl1SystemRuntimeTypearrayGetEnumerator', ID = '9452'
Method 'SystemVoidCosmosIL2CPUSZArrayImpl1SystemRuntimeTypearrayCopyToSystemRuntimeTypearrayarraySystemInt32', ID = '9453'
Method 'SystemInt32CosmosIL2CPUSZArrayImpl1SystemRuntimeTypearrayget_Count', ID = '9454'
Method 'SystemRuntimeTypearrayCosmosIL2CPUSZArrayImpl1SystemRuntimeTypearrayget_ItemSystemInt32', ID = '9455'
Method 'SystemVoidCosmosIL2CPUSZArrayImpl1SystemRuntimeTypearrayset_ItemSystemInt32SystemRuntimeTypearray', ID = '9456'
Method 'SystemVoidCosmosIL2CPUSZArrayImpl1SystemRuntimeTypearrayAddSystemRuntimeTypearray', ID = '9457'
Method 'SystemBooleanCosmosIL2CPUSZArrayImpl1SystemRuntimeTypearrayContainsSystemRuntimeTypearray', ID = '9458'
Method 'SystemBooleanCosmosIL2CPUSZArrayImpl1SystemRuntimeTypearrayget_IsReadOnly', ID = '9459'
Method 'SystemVoidCosmosIL2CPUSZArrayImpl1SystemRuntimeTypearrayClear', ID = '9460'
Method 'SystemInt32CosmosIL2CPUSZArrayImpl1SystemRuntimeTypearrayIndexOfSystemRuntimeTypearray', ID = '9461'
Method 'SystemVoidCosmosIL2CPUSZArrayImpl1SystemRuntimeTypearrayInsertSystemInt32SystemRuntimeTypearray', ID = '9462'
Method 'SystemVoidCosmosIL2CPUSZArrayImpl1SystemRuntimeTypearrayRemoveAtSystemInt32', ID = '9463'
Method 'SystemBooleanCosmosIL2CPUSZArrayImpl1SystemRuntimeTypearrayget_IsFixedSize', ID = '9464'
Method 'SystemVoidCosmosIL2CPUSZArrayImpl1SystemRuntimeTypearrayRemoveSystemRuntimeTypearray', ID = '9465'
Method 'SystemObjectCosmosIL2CPUSZArrayImpl1SystemRuntimeTypearrayget_SyncRoot', ID = '9466'
Method 'SystemBooleanCosmosIL2CPUSZArrayImpl1SystemRuntimeTypearrayget_IsSynchronized', ID = '9467'
Method 'SystemVoidCosmosIL2CPUSZArrayImpl1GetEnumeratord__0SystemRuntimeTypeSystemIDisposableDispose', ID = '9472'
Method 'SystemBooleanCosmosIL2CPUSZArrayImpl1GetEnumeratord__0SystemRuntimeTypeMoveNext', ID = '9473'
Method 'SystemReflectionRuntimePropertyInfoarrayarrayInternalRuntimeCompilerServicesUnsafeAsSystemReflectionRuntimePropertyInfoarrayarraySystemObject', ID = '9475'
Method 'SystemVoidSystemSZGenericArrayEnumerator1SystemReflectionRuntimePropertyInfoarrayctorSystemReflectionRuntimePropertyInfoarrayarray', ID = '9476'
Method 'SystemInt32SystemArrayIndexOfSystemReflectionRuntimePropertyInfoarraySystemReflectionRuntimePropertyInfoarrayarraySystemReflectionRuntimePropertyInfoarraySystemInt32SystemInt32', ID = '9479'
Method 'SystemCollectionsGenericIEnumerator1SystemReflectionRuntimePropertyInfoarrayCosmosIL2CPUSZArrayImpl1SystemReflectionRuntimePropertyInfoarrayGetEnumerator', ID = '9480'
Method 'SystemVoidCosmosIL2CPUSZArrayImpl1SystemReflectionRuntimePropertyInfoarrayCopyToSystemReflectionRuntimePropertyInfoarrayarraySystemInt32', ID = '9481'
Method 'SystemInt32CosmosIL2CPUSZArrayImpl1SystemReflectionRuntimePropertyInfoarrayget_Count', ID = '9482'
Method 'SystemReflectionRuntimePropertyInfoarrayCosmosIL2CPUSZArrayImpl1SystemReflectionRuntimePropertyInfoarrayget_ItemSystemInt32', ID = '9483'
Method 'SystemVoidCosmosIL2CPUSZArrayImpl1SystemReflectionRuntimePropertyInfoarrayset_ItemSystemInt32SystemReflectionRuntimePropertyInfoarray', ID = '9484'
Method 'SystemVoidCosmosIL2CPUSZArrayImpl1SystemReflectionRuntimePropertyInfoarrayAddSystemReflectionRuntimePropertyInfoarray', ID = '9485'
Method 'SystemBooleanCosmosIL2CPUSZArrayImpl1SystemReflectionRuntimePropertyInfoarrayContainsSystemReflectionRuntimePropertyInfoarray', ID = '9486'
Method 'SystemBooleanCosmosIL2CPUSZArrayImpl1SystemReflectionRuntimePropertyInfoarrayget_IsReadOnly', ID = '9487'
Method 'SystemVoidCosmosIL2CPUSZArrayImpl1SystemReflectionRuntimePropertyInfoarrayClear', ID = '9488'
Method 'SystemInt32CosmosIL2CPUSZArrayImpl1SystemReflectionRuntimePropertyInfoarrayIndexOfSystemReflectionRuntimePropertyInfoarray', ID = '9489'
Method 'SystemVoidCosmosIL2CPUSZArrayImpl1SystemReflectionRuntimePropertyInfoarrayInsertSystemInt32SystemReflectionRuntimePropertyInfoarray', ID = '9490'
Method 'SystemVoidCosmosIL2CPUSZArrayImpl1SystemReflectionRuntimePropertyInfoarrayRemoveAtSystemInt32', ID = '9491'
Method 'SystemBooleanCosmosIL2CPUSZArrayImpl1SystemReflectionRuntimePropertyInfoarrayget_IsFixedSize', ID = '9492'
Method 'SystemVoidCosmosIL2CPUSZArrayImpl1SystemReflectionRuntimePropertyInfoarrayRemoveSystemReflectionRuntimePropertyInfoarray', ID = '9493'
Method 'SystemObjectCosmosIL2CPUSZArrayImpl1SystemReflectionRuntimePropertyInfoarrayget_SyncRoot', ID = '9494'
Method 'SystemBooleanCosmosIL2CPUSZArrayImpl1SystemReflectionRuntimePropertyInfoarrayget_IsSynchronized', ID = '9495'
Method 'SystemCollectionsGenericIEnumerator1SystemReflectionMethodInfoSystemSZArrayHelperGetEnumeratorSystemReflectionMethodInfo', ID = '9496'
Method 'SystemVoidSystemSZArrayHelperCopyToSystemReflectionMethodInfoSystemReflectionMethodInfoarraySystemInt32', ID = '9497'
Method 'SystemInt32SystemSZArrayHelperget_CountSystemReflectionMethodInfo', ID = '9498'
Method 'SystemReflectionMethodInfoSystemSZArrayHelperget_ItemSystemReflectionMethodInfoSystemInt32', ID = '9499'
Method 'SystemVoidSystemSZArrayHelperset_ItemSystemReflectionMethodInfoSystemInt32SystemReflectionMethodInfo', ID = '9500'
Method 'SystemVoidSystemSZArrayHelperAddSystemReflectionMethodInfoSystemReflectionMethodInfo', ID = '9501'
Method 'SystemBooleanSystemSZArrayHelperContainsSystemReflectionMethodInfoSystemReflectionMethodInfo', ID = '9502'
Method 'SystemBooleanSystemSZArrayHelperget_IsReadOnlySystemReflectionMethodInfo', ID = '9503'
Method 'SystemVoidSystemSZArrayHelperClearSystemReflectionMethodInfo', ID = '9504'
Method 'SystemInt32SystemSZArrayHelperIndexOfSystemReflectionMethodInfoSystemReflectionMethodInfo', ID = '9505'
Method 'SystemVoidSystemSZArrayHelperInsertSystemReflectionMethodInfoSystemInt32SystemReflectionMethodInfo', ID = '9506'
Method 'SystemBooleanSystemSZArrayHelperRemoveSystemReflectionMethodInfoSystemReflectionMethodInfo', ID = '9507'
Method 'SystemVoidSystemSZArrayHelperRemoveAtSystemReflectionMethodInfoSystemInt32', ID = '9508'
Method 'SystemStringCosmosSystem_PlugsSystemReflectionRuntimePropertyInfoImplToString', ID = '9515'
Method 'SystemVoidSystemMdUtf8StringctorSystemVoidpointer', ID = '9516'
Method 'SystemVoidCosmosIL2CPUSZArrayImpl1GetEnumeratord__0SystemReflectionRuntimePropertyInfoSystemIDisposableDispose', ID = '9522'
Method 'SystemBooleanCosmosIL2CPUSZArrayImpl1GetEnumeratord__0SystemReflectionRuntimePropertyInfoMoveNext', ID = '9523'
Method 'SystemReflectionRuntimeEventInfoarrayarrayInternalRuntimeCompilerServicesUnsafeAsSystemReflectionRuntimeEventInfoarrayarraySystemObject', ID = '9525'
Method 'SystemVoidSystemSZGenericArrayEnumerator1SystemReflectionRuntimeEventInfoarrayctorSystemReflectionRuntimeEventInfoarrayarray', ID = '9526'
Method 'SystemInt32SystemArrayIndexOfSystemReflectionRuntimeEventInfoarraySystemReflectionRuntimeEventInfoarrayarraySystemReflectionRuntimeEventInfoarraySystemInt32SystemInt32', ID = '9529'
Method 'SystemCollectionsGenericIEnumerator1SystemReflectionRuntimeEventInfoarrayCosmosIL2CPUSZArrayImpl1SystemReflectionRuntimeEventInfoarrayGetEnumerator', ID = '9530'
Method 'SystemVoidCosmosIL2CPUSZArrayImpl1SystemReflectionRuntimeEventInfoarrayCopyToSystemReflectionRuntimeEventInfoarrayarraySystemInt32', ID = '9531'
Method 'SystemInt32CosmosIL2CPUSZArrayImpl1SystemReflectionRuntimeEventInfoarrayget_Count', ID = '9532'
Method 'SystemReflectionRuntimeEventInfoarrayCosmosIL2CPUSZArrayImpl1SystemReflectionRuntimeEventInfoarrayget_ItemSystemInt32', ID = '9533'
Method 'SystemVoidCosmosIL2CPUSZArrayImpl1SystemReflectionRuntimeEventInfoarrayset_ItemSystemInt32SystemReflectionRuntimeEventInfoarray', ID = '9534'
Method 'SystemVoidCosmosIL2CPUSZArrayImpl1SystemReflectionRuntimeEventInfoarrayAddSystemReflectionRuntimeEventInfoarray', ID = '9535'
Method 'SystemBooleanCosmosIL2CPUSZArrayImpl1SystemReflectionRuntimeEventInfoarrayContainsSystemReflectionRuntimeEventInfoarray', ID = '9536'
Method 'SystemBooleanCosmosIL2CPUSZArrayImpl1SystemReflectionRuntimeEventInfoarrayget_IsReadOnly', ID = '9537'
Method 'SystemVoidCosmosIL2CPUSZArrayImpl1SystemReflectionRuntimeEventInfoarrayClear', ID = '9538'
Method 'SystemInt32CosmosIL2CPUSZArrayImpl1SystemReflectionRuntimeEventInfoarrayIndexOfSystemReflectionRuntimeEventInfoarray', ID = '9539'
Method 'SystemVoidCosmosIL2CPUSZArrayImpl1SystemReflectionRuntimeEventInfoarrayInsertSystemInt32SystemReflectionRuntimeEventInfoarray', ID = '9540'
Method 'SystemVoidCosmosIL2CPUSZArrayImpl1SystemReflectionRuntimeEventInfoarrayRemoveAtSystemInt32', ID = '9541'
Method 'SystemBooleanCosmosIL2CPUSZArrayImpl1SystemReflectionRuntimeEventInfoarrayget_IsFixedSize', ID = '9542'
Method 'SystemVoidCosmosIL2CPUSZArrayImpl1SystemReflectionRuntimeEventInfoarrayRemoveSystemReflectionRuntimeEventInfoarray', ID = '9543'
Method 'SystemObjectCosmosIL2CPUSZArrayImpl1SystemReflectionRuntimeEventInfoarrayget_SyncRoot', ID = '9544'
Method 'SystemBooleanCosmosIL2CPUSZArrayImpl1SystemReflectionRuntimeEventInfoarrayget_IsSynchronized', ID = '9545'
Method 'SystemBooleanSystemReflectionMethodInfoop_EqualitySystemReflectionMethodInfoSystemReflectionMethodInfo', ID = '9546'
Method 'SystemReflectionParameterInfoarraySystemReflectionMethodBaseGetParametersNoCopy', ID = '9547'
Method 'SystemStringSystemPrivateCoreLibSystemSRget_InvalidOperation_NoPublicAddMethod', ID = '9548'
Method 'SystemTypeSystemReflectionParameterInfoget_ParameterType', ID = '9549'
Method 'SystemVoidCosmosIL2CPUSZArrayImpl1GetEnumeratord__0SystemReflectionRuntimeEventInfoSystemIDisposableDispose', ID = '9554'
Method 'SystemBooleanCosmosIL2CPUSZArrayImpl1GetEnumeratord__0SystemReflectionRuntimeEventInfoMoveNext', ID = '9555'
Method 'SystemObjectCosmosCore_PlugsSystemRuntimeTypeHandleImplGetCorElementTypeSystemObject', ID = '9557'
Method 'SystemVoidSystemCollectionsGenericEqualityComparer1SystemTypecctor', ID = '9558'
Method 'SystemInt32SystemMemoryExtensionsIndexOfSystemCharSystemReadOnlySpan1SystemCharSystemChar', ID = '9560'
Method 'SystemStringSystemGlobalizationGlobalizationModeCreateLibraryNameSystemReadOnlySpan1SystemCharSystemReadOnlySpan1SystemCharSystemReadOnlySpan1SystemCharSystemReadOnlySpan1SystemCharSystemBoolean', ID = '9561'
Method 'SystemIntPtrSystemGlobalizationGlobalizationModeLoadLibrarySystemStringSystemBoolean', ID = '9562'
Method 'SystemVoidInteropGlobalizationInitICUFunctionsSystemIntPtrSystemIntPtrSystemReadOnlySpan1SystemCharSystemReadOnlySpan1SystemChar', ID = '9563'
Method 'SystemBooleanSystemSpanHelpersContainsSystemCharSystemCharSystemInt32', ID = '9564'
Method 'SystemStringSystemPrivateCoreLibSystemSRget_ArgumentOutOfRange_MustBePositive', ID = '9565'
Method 'SystemStringSystemPrivateCoreLibSystemSRget_ArgumentOutOfRange_MustBeNonNegNum', ID = '9566'
Method 'SystemVoidpointerSystemUIntPtrToPointer', ID = '9567'
Method 'SystemVoidSystemCollectionsGenericEqualityComparer1CosmosSystemNetworkIPv4ICMPClientcctor', ID = '9568'
Method 'SystemVoidSystemRandomXoshiroImplctor', ID = '9570'
Method 'SystemInt32SystemNumericsBitOperationsLog2CeilingSystemUInt64', ID = '9571'
Method 'SystemUInt64SystemRandomXoshiroImplNextUInt64', ID = '9572'
Method 'SystemSpan1SystemByteSystemSpan1SystemByteop_ImplicitSystemBytearray', ID = '9573'
Method 'SystemVoidSystemCollectionsGenericEqualityComparer1CosmosSystemNetworkIPv4UDPUdpClientcctor', ID = '9575'
Method 'SystemInt32SystemTextEncoderExceptionFallbackBufferget_Remaining', ID = '9577'
Method 'SystemBooleanSystemTextEncoderExceptionFallbackBufferFallbackSystemCharSystemInt32', ID = '9578'
Method 'SystemBooleanSystemTextEncoderExceptionFallbackBufferFallbackSystemCharSystemCharSystemInt32', ID = '9579'
Method 'SystemBooleanSystemTextEncoderExceptionFallbackBufferMovePrevious', ID = '9580'
Method 'SystemCharSystemTextEncoderExceptionFallbackBufferGetNextChar', ID = '9581'
Method 'SystemStringSystemPrivateCoreLibSystemSRget_ArgumentOutOfRange_InvalidHighSurrogate', ID = '9582'
Method 'SystemStringSystemPrivateCoreLibSystemSRget_ArgumentOutOfRange_InvalidLowSurrogate', ID = '9583'
Method 'SystemStringSystemReadOnlySpan1SystemBooleanToString', ID = '9586'
Method 'SystemBooleanSystemReadOnlySpan1SystemBooleanEqualsSystemObject', ID = '9587'
Method 'SystemInt32SystemReadOnlySpan1SystemBooleanGetHashCode', ID = '9588'
Method 'SystemBooleanInternalRuntimeCompilerServicesUnsafeAsSystemByteSystemBooleanSystemByte', ID = '9590'
Method 'SystemVoidSystemByReference1SystemBooleanctorSystemBoolean', ID = '9591'
Method 'SystemVoidSystemCollectionsGenericEqualityComparer1SystemReflectionAssemblycctor', ID = '9592'
Method 'SystemInt32SystemGlobalizationCompareInfoCompareSystemStringSystemStringSystemGlobalizationCompareOptions', ID = '9594'
Method 'SystemBooleanSystemGlobalizationTextInfoIsInvariantLocaleSystemString', ID = '9595'
Method 'SystemStringSystemPrivateCoreLibSystemSRget_InvalidOperation_ReadOnly', ID = '9596'
Method 'SystemBooleanSystemGlobalizationTextInfoget_IsInvariant', ID = '9597'
Method 'SystemBooleanSystemGlobalizationTextInfoNeedsTurkishCasingSystemString', ID = '9599'
Method 'SystemVoidSystemArrayEmptyArray1SystemUInt16cctor', ID = '9602'
Method 'SystemCollectionsGenericIEnumerator1SystemUInt16arraySystemSZArrayHelperGetEnumeratorSystemUInt16array', ID = '9603'
Method 'SystemVoidSystemSZArrayHelperCopyToSystemUInt16arraySystemUInt16arrayarraySystemInt32', ID = '9604'
Method 'SystemInt32SystemSZArrayHelperget_CountSystemUInt16array', ID = '9605'
Method 'SystemUInt16arraySystemSZArrayHelperget_ItemSystemUInt16arraySystemInt32', ID = '9606'
Method 'SystemVoidSystemSZArrayHelperset_ItemSystemUInt16arraySystemInt32SystemUInt16array', ID = '9607'
Method 'SystemVoidSystemSZArrayHelperAddSystemUInt16arraySystemUInt16array', ID = '9608'
Method 'SystemBooleanSystemSZArrayHelperContainsSystemUInt16arraySystemUInt16array', ID = '9609'
Method 'SystemBooleanSystemSZArrayHelperget_IsReadOnlySystemUInt16array', ID = '9610'
Method 'SystemVoidSystemSZArrayHelperClearSystemUInt16array', ID = '9611'
Method 'SystemInt32SystemSZArrayHelperIndexOfSystemUInt16arraySystemUInt16array', ID = '9612'
Method 'SystemVoidSystemSZArrayHelperInsertSystemUInt16arraySystemInt32SystemUInt16array', ID = '9613'
Method 'SystemBooleanSystemSZArrayHelperRemoveSystemUInt16arraySystemUInt16array', ID = '9614'
Method 'SystemVoidSystemSZArrayHelperRemoveAtSystemUInt16arraySystemInt32', ID = '9615'
Method 'SystemBooleanSystemNumericsVector1SystemSByteEqualsSystemNumericsVector1SystemSByte', ID = '9624'
Method 'SystemVoidSystemHashCodeAddSystemSByteSystemSByte', ID = '9625'
Method 'SystemNumericsVector1SystemSByteInternalRuntimeCompilerServicesUnsafeAsRefSystemNumericsVector1SystemSByteSystemNumericsVector1SystemSByte', ID = '9626'
Method 'SystemSByteInternalRuntimeCompilerServicesUnsafeAsSystemNumericsVector1SystemSByteSystemSByteSystemNumericsVector1SystemSByte', ID = '9627'
Method 'SystemSByteInternalRuntimeCompilerServicesUnsafeAddSystemSByteSystemSByteSystemIntPtr', ID = '9628'
Method 'SystemInt32InternalRuntimeCompilerServicesUnsafeSizeOfSystemNumericsVector1SystemSByte', ID = '9629'
Method 'SystemInt32InternalRuntimeCompilerServicesUnsafeSizeOfSystemSByte', ID = '9630'
Method 'SystemVoidSystemTextDecoderFallbackBufferctor', ID = '9633'
Method 'SystemBooleanSystemTextUnicodeUtilityIsValidUnicodeScalarSystemUInt32', ID = '9635'
Method 'SystemCharSystemTextDecoderReplacementFallbackBufferGetNextChar', ID = '9636'
Method 'SystemCharSystemTextDecoderExceptionFallbackBufferGetNextChar', ID = '9637'
Method 'SystemBooleanSystemNumericsVectorGreaterThanOrEqualAllSystemSByteSystemNumericsVector1SystemSByteSystemNumericsVector1SystemSByte', ID = '9638'
Method 'SystemNumericsVector1SystemSByteInternalRuntimeCompilerServicesUnsafeReadSystemNumericsVector1SystemSByteSystemVoidpointer', ID = '9639'
Method 'SystemBooleanSystemTextASCIIUtilityContainsNonAsciiByte_Sse2SystemUInt32', ID = '9640'
Method 'SystemRuntimeIntrinsicsVector1281SystemByteSystemRuntimeIntrinsicsX86Sse2LoadAlignedVector128SystemBytepointer', ID = '9641'
Method 'SystemBooleanSystemTextASCIIUtilityAllBytesInUInt64AreAsciiSystemUInt64', ID = '9642'
Method 'SystemVoidSystemSZGenericArrayEnumerator1SystemReflectionRuntimeMethodInfoarraycctor', ID = '9643'
Method 'SystemVoidSystemSZGenericArrayEnumerator1SystemReflectionRuntimeMethodInfoarrayDispose', ID = '9644'
Method 'SystemBooleanSystemSZGenericArrayEnumerator1SystemReflectionRuntimeMethodInfoarrayMoveNext', ID = '9645'
Method 'SystemBooleanSystemRuntimeCompilerServicesRuntimeHelpersIsBitwiseEquatableSystemReflectionRuntimeMethodInfoarray', ID = '9646'
Method 'SystemInt32InternalRuntimeCompilerServicesUnsafeSizeOfSystemReflectionRuntimeMethodInfoarray', ID = '9647'
Method 'SystemByteInternalRuntimeCompilerServicesUnsafeAsSystemReflectionRuntimeMethodInfoarraySystemByteSystemReflectionRuntimeMethodInfoarray', ID = '9648'
Method 'SystemCharInternalRuntimeCompilerServicesUnsafeAsSystemReflectionRuntimeMethodInfoarraySystemCharSystemReflectionRuntimeMethodInfoarray', ID = '9649'
Method 'SystemInt32InternalRuntimeCompilerServicesUnsafeAsSystemReflectionRuntimeMethodInfoarraySystemInt32SystemReflectionRuntimeMethodInfoarray', ID = '9650'
Method 'SystemInt64InternalRuntimeCompilerServicesUnsafeAsSystemReflectionRuntimeMethodInfoarraySystemInt64SystemReflectionRuntimeMethodInfoarray', ID = '9651'
Method 'SystemCollectionsGenericEqualityComparer1SystemReflectionRuntimeMethodInfoarraySystemCollectionsGenericEqualityComparer1SystemReflectionRuntimeMethodInfoarrayget_Default', ID = '9652'
Method 'SystemInt32SystemCollectionsGenericEqualityComparer1SystemReflectionRuntimeMethodInfoarrayIndexOfSystemReflectionRuntimeMethodInfoarrayarraySystemReflectionRuntimeMethodInfoarraySystemInt32SystemInt32', ID = '9653'
Method 'SystemVoidCosmosIL2CPUSZArrayImpl1GetEnumeratord__0SystemReflectionRuntimeMethodInfoarrayctorSystemInt32', ID = '9654'
Method 'SystemReflectionParameterInfoarrayInternalRuntimeCompilerServicesUnsafeAsSystemReflectionParameterInfoarraySystemObject', ID = '9657'
Method 'SystemVoidSystemSZGenericArrayEnumerator1SystemReflectionParameterInfoctorSystemReflectionParameterInfoarray', ID = '9658'
Method 'SystemInt32SystemArrayIndexOfSystemReflectionParameterInfoSystemReflectionParameterInfoarraySystemReflectionParameterInfoSystemInt32SystemInt32', ID = '9661'
Method 'SystemCollectionsGenericIEnumerator1SystemReflectionParameterInfoCosmosIL2CPUSZArrayImpl1SystemReflectionParameterInfoGetEnumerator', ID = '9662'
Method 'SystemVoidCosmosIL2CPUSZArrayImpl1SystemReflectionParameterInfoCopyToSystemReflectionParameterInfoarraySystemInt32', ID = '9663'
Method 'SystemInt32CosmosIL2CPUSZArrayImpl1SystemReflectionParameterInfoget_Count', ID = '9664'
Method 'SystemReflectionParameterInfoCosmosIL2CPUSZArrayImpl1SystemReflectionParameterInfoget_ItemSystemInt32', ID = '9665'
Method 'SystemVoidCosmosIL2CPUSZArrayImpl1SystemReflectionParameterInfoset_ItemSystemInt32SystemReflectionParameterInfo', ID = '9666'
Method 'SystemVoidCosmosIL2CPUSZArrayImpl1SystemReflectionParameterInfoAddSystemReflectionParameterInfo', ID = '9667'
Method 'SystemBooleanCosmosIL2CPUSZArrayImpl1SystemReflectionParameterInfoContainsSystemReflectionParameterInfo', ID = '9668'
Method 'SystemBooleanCosmosIL2CPUSZArrayImpl1SystemReflectionParameterInfoget_IsReadOnly', ID = '9669'
Method 'SystemVoidCosmosIL2CPUSZArrayImpl1SystemReflectionParameterInfoClear', ID = '9670'
Method 'SystemInt32CosmosIL2CPUSZArrayImpl1SystemReflectionParameterInfoIndexOfSystemReflectionParameterInfo', ID = '9671'
Method 'SystemVoidCosmosIL2CPUSZArrayImpl1SystemReflectionParameterInfoInsertSystemInt32SystemReflectionParameterInfo', ID = '9672'
Method 'SystemVoidCosmosIL2CPUSZArrayImpl1SystemReflectionParameterInfoRemoveAtSystemInt32', ID = '9673'
Method 'SystemBooleanCosmosIL2CPUSZArrayImpl1SystemReflectionParameterInfoget_IsFixedSize', ID = '9674'
Method 'SystemVoidCosmosIL2CPUSZArrayImpl1SystemReflectionParameterInfoRemoveSystemReflectionParameterInfo', ID = '9675'
Method 'SystemObjectCosmosIL2CPUSZArrayImpl1SystemReflectionParameterInfoget_SyncRoot', ID = '9676'
Method 'SystemBooleanCosmosIL2CPUSZArrayImpl1SystemReflectionParameterInfoget_IsSynchronized', ID = '9677'
Method 'SystemStringSystemReflectionParameterInfoget_Name', ID = '9678'
Method 'SystemBooleanSystemReflectionRuntimeMethodInfoget_IsGenericMethod', ID = '9680'
Method 'SystemStringCosmosCore_PlugsSystemRuntimeMethodHandleImplGetNameSystemObject', ID = '9682'
Method 'SystemVoidSystemCollectionsGenericEqualityComparer1SystemReflectionRuntimeMethodInfocctor', ID = '9683'
Method 'SystemVoidSystemSZGenericArrayEnumerator1SystemReflectionRuntimeConstructorInfoarraycctor', ID = '9685'
Method 'SystemVoidSystemSZGenericArrayEnumerator1SystemReflectionRuntimeConstructorInfoarrayDispose', ID = '9686'
Method 'SystemBooleanSystemSZGenericArrayEnumerator1SystemReflectionRuntimeConstructorInfoarrayMoveNext', ID = '9687'
Method 'SystemBooleanSystemRuntimeCompilerServicesRuntimeHelpersIsBitwiseEquatableSystemReflectionRuntimeConstructorInfoarray', ID = '9688'
Method 'SystemInt32InternalRuntimeCompilerServicesUnsafeSizeOfSystemReflectionRuntimeConstructorInfoarray', ID = '9689'
Method 'SystemByteInternalRuntimeCompilerServicesUnsafeAsSystemReflectionRuntimeConstructorInfoarraySystemByteSystemReflectionRuntimeConstructorInfoarray', ID = '9690'
Method 'SystemCharInternalRuntimeCompilerServicesUnsafeAsSystemReflectionRuntimeConstructorInfoarraySystemCharSystemReflectionRuntimeConstructorInfoarray', ID = '9691'
Method 'SystemInt32InternalRuntimeCompilerServicesUnsafeAsSystemReflectionRuntimeConstructorInfoarraySystemInt32SystemReflectionRuntimeConstructorInfoarray', ID = '9692'
Method 'SystemInt64InternalRuntimeCompilerServicesUnsafeAsSystemReflectionRuntimeConstructorInfoarraySystemInt64SystemReflectionRuntimeConstructorInfoarray', ID = '9693'
Method 'SystemCollectionsGenericEqualityComparer1SystemReflectionRuntimeConstructorInfoarraySystemCollectionsGenericEqualityComparer1SystemReflectionRuntimeConstructorInfoarrayget_Default', ID = '9694'
Method 'SystemInt32SystemCollectionsGenericEqualityComparer1SystemReflectionRuntimeConstructorInfoarrayIndexOfSystemReflectionRuntimeConstructorInfoarrayarraySystemReflectionRu216ED1390C821CAD4196A81D917F212B', ID = '9695'
Method 'SystemVoidCosmosIL2CPUSZArrayImpl1GetEnumeratord__0SystemReflectionRuntimeConstructorInfoarrayctorSystemInt32', ID = '9696'
Method 'SystemBooleanSystemTypeget_IsByRef', ID = '9703'
Method 'SystemReadOnlySpan1SystemCharSystemMemoryExtensionsTrimEndSystemReadOnlySpan1SystemCharSystemChar', ID = '9704'
Method 'SystemVoidSystemCollectionsGenericEqualityComparer1SystemReflectionRuntimeConstructorInfocctor', ID = '9706'
Method 'SystemVoidSystemSZGenericArrayEnumerator1SystemReflectionRuntimeFieldInfoarraycctor', ID = '9708'
Method 'SystemVoidSystemSZGenericArrayEnumerator1SystemReflectionRuntimeFieldInfoarrayDispose', ID = '9709'
Method 'SystemBooleanSystemSZGenericArrayEnumerator1SystemReflectionRuntimeFieldInfoarrayMoveNext', ID = '9710'
Method 'SystemBooleanSystemRuntimeCompilerServicesRuntimeHelpersIsBitwiseEquatableSystemReflectionRuntimeFieldInfoarray', ID = '9711'
Method 'SystemInt32InternalRuntimeCompilerServicesUnsafeSizeOfSystemReflectionRuntimeFieldInfoarray', ID = '9712'
Method 'SystemByteInternalRuntimeCompilerServicesUnsafeAsSystemReflectionRuntimeFieldInfoarraySystemByteSystemReflectionRuntimeFieldInfoarray', ID = '9713'
Method 'SystemCharInternalRuntimeCompilerServicesUnsafeAsSystemReflectionRuntimeFieldInfoarraySystemCharSystemReflectionRuntimeFieldInfoarray', ID = '9714'
Method 'SystemInt32InternalRuntimeCompilerServicesUnsafeAsSystemReflectionRuntimeFieldInfoarraySystemInt32SystemReflectionRuntimeFieldInfoarray', ID = '9715'
Method 'SystemInt64InternalRuntimeCompilerServicesUnsafeAsSystemReflectionRuntimeFieldInfoarraySystemInt64SystemReflectionRuntimeFieldInfoarray', ID = '9716'
Method 'SystemCollectionsGenericEqualityComparer1SystemReflectionRuntimeFieldInfoarraySystemCollectionsGenericEqualityComparer1SystemReflectionRuntimeFieldInfoarrayget_Default', ID = '9717'
Method 'SystemInt32SystemCollectionsGenericEqualityComparer1SystemReflectionRuntimeFieldInfoarrayIndexOfSystemReflectionRuntimeFieldInfoarrayarraySystemReflectionRuntimeFieldInfoarraySystemInt32SystemInt32', ID = '9718'
Method 'SystemVoidCosmosIL2CPUSZArrayImpl1GetEnumeratord__0SystemReflectionRuntimeFieldInfoarrayctorSystemInt32', ID = '9719'
Method 'SystemBooleanSystemTypeget_IsPrimitive', ID = '9721'
Method 'SystemBooleanSystemTypeget_IsNested', ID = '9722'
Method 'SystemVoidSystemCollectionsGenericEqualityComparer1SystemReflectionRuntimeFieldInfocctor', ID = '9724'
Method 'SystemVoidSystemSZGenericArrayEnumerator1SystemRuntimeTypearraycctor', ID = '9726'
Method 'SystemVoidSystemSZGenericArrayEnumerator1SystemRuntimeTypearrayDispose', ID = '9727'
Method 'SystemBooleanSystemSZGenericArrayEnumerator1SystemRuntimeTypearrayMoveNext', ID = '9728'
Method 'SystemBooleanSystemRuntimeCompilerServicesRuntimeHelpersIsBitwiseEquatableSystemRuntimeTypearray', ID = '9729'
Method 'SystemInt32InternalRuntimeCompilerServicesUnsafeSizeOfSystemRuntimeTypearray', ID = '9730'
Method 'SystemByteInternalRuntimeCompilerServicesUnsafeAsSystemRuntimeTypearraySystemByteSystemRuntimeTypearray', ID = '9731'
Method 'SystemCharInternalRuntimeCompilerServicesUnsafeAsSystemRuntimeTypearraySystemCharSystemRuntimeTypearray', ID = '9732'
Method 'SystemInt32InternalRuntimeCompilerServicesUnsafeAsSystemRuntimeTypearraySystemInt32SystemRuntimeTypearray', ID = '9733'
Method 'SystemInt64InternalRuntimeCompilerServicesUnsafeAsSystemRuntimeTypearraySystemInt64SystemRuntimeTypearray', ID = '9734'
Method 'SystemCollectionsGenericEqualityComparer1SystemRuntimeTypearraySystemCollectionsGenericEqualityComparer1SystemRuntimeTypearrayget_Default', ID = '9735'
Method 'SystemInt32SystemCollectionsGenericEqualityComparer1SystemRuntimeTypearrayIndexOfSystemRuntimeTypearrayarraySystemRuntimeTypearraySystemInt32SystemInt32', ID = '9736'
Method 'SystemVoidCosmosIL2CPUSZArrayImpl1GetEnumeratord__0SystemRuntimeTypearrayctorSystemInt32', ID = '9737'
Method 'SystemVoidSystemCollectionsGenericEqualityComparer1SystemRuntimeTypecctor', ID = '9739'
Method 'SystemVoidSystemSZGenericArrayEnumerator1SystemReflectionRuntimePropertyInfoarraycctor', ID = '9741'
Method 'SystemVoidSystemSZGenericArrayEnumerator1SystemReflectionRuntimePropertyInfoarrayDispose', ID = '9742'
Method 'SystemBooleanSystemSZGenericArrayEnumerator1SystemReflectionRuntimePropertyInfoarrayMoveNext', ID = '9743'
Method 'SystemBooleanSystemRuntimeCompilerServicesRuntimeHelpersIsBitwiseEquatableSystemReflectionRuntimePropertyInfoarray', ID = '9744'
Method 'SystemInt32InternalRuntimeCompilerServicesUnsafeSizeOfSystemReflectionRuntimePropertyInfoarray', ID = '9745'
Method 'SystemByteInternalRuntimeCompilerServicesUnsafeAsSystemReflectionRuntimePropertyInfoarraySystemByteSystemReflectionRuntimePropertyInfoarray', ID = '9746'
Method 'SystemCharInternalRuntimeCompilerServicesUnsafeAsSystemReflectionRuntimePropertyInfoarraySystemCharSystemReflectionRuntimePropertyInfoarray', ID = '9747'
Method 'SystemInt32InternalRuntimeCompilerServicesUnsafeAsSystemReflectionRuntimePropertyInfoarraySystemInt32SystemReflectionRuntimePropertyInfoarray', ID = '9748'
Method 'SystemInt64InternalRuntimeCompilerServicesUnsafeAsSystemReflectionRuntimePropertyInfoarraySystemInt64SystemReflectionRuntimePropertyInfoarray', ID = '9749'
Method 'SystemCollectionsGenericEqualityComparer1SystemReflectionRuntimePropertyInfoarraySystemCollectionsGenericEqualityComparer1SystemReflectionRuntimePropertyInfoarrayget_Default', ID = '9750'
Method 'SystemInt32SystemCollectionsGenericEqualityComparer1SystemReflectionRuntimePropertyInfoarrayIndexOfSystemReflectionRuntimePropertyInfoarrayarraySystemReflectionRuntimePD39D1006767B1ACE0329F9AD4BAFF6FE', ID = '9751'
Method 'SystemVoidCosmosIL2CPUSZArrayImpl1GetEnumeratord__0SystemReflectionRuntimePropertyInfoarrayctorSystemInt32', ID = '9752'
Method 'SystemReflectionMethodInfoarrayInternalRuntimeCompilerServicesUnsafeAsSystemReflectionMethodInfoarraySystemObject', ID = '9755'
Method 'SystemVoidSystemSZGenericArrayEnumerator1SystemReflectionMethodInfoctorSystemReflectionMethodInfoarray', ID = '9756'
Method 'SystemInt32SystemArrayIndexOfSystemReflectionMethodInfoSystemReflectionMethodInfoarraySystemReflectionMethodInfoSystemInt32SystemInt32', ID = '9759'
Method 'SystemCollectionsGenericIEnumerator1SystemReflectionMethodInfoCosmosIL2CPUSZArrayImpl1SystemReflectionMethodInfoGetEnumerator', ID = '9760'
Method 'SystemVoidCosmosIL2CPUSZArrayImpl1SystemReflectionMethodInfoCopyToSystemReflectionMethodInfoarraySystemInt32', ID = '9761'
Method 'SystemInt32CosmosIL2CPUSZArrayImpl1SystemReflectionMethodInfoget_Count', ID = '9762'
Method 'SystemReflectionMethodInfoCosmosIL2CPUSZArrayImpl1SystemReflectionMethodInfoget_ItemSystemInt32', ID = '9763'
Method 'SystemVoidCosmosIL2CPUSZArrayImpl1SystemReflectionMethodInfoset_ItemSystemInt32SystemReflectionMethodInfo', ID = '9764'
Method 'SystemVoidCosmosIL2CPUSZArrayImpl1SystemReflectionMethodInfoAddSystemReflectionMethodInfo', ID = '9765'
Method 'SystemBooleanCosmosIL2CPUSZArrayImpl1SystemReflectionMethodInfoContainsSystemReflectionMethodInfo', ID = '9766'
Method 'SystemBooleanCosmosIL2CPUSZArrayImpl1SystemReflectionMethodInfoget_IsReadOnly', ID = '9767'
Method 'SystemVoidCosmosIL2CPUSZArrayImpl1SystemReflectionMethodInfoClear', ID = '9768'
Method 'SystemInt32CosmosIL2CPUSZArrayImpl1SystemReflectionMethodInfoIndexOfSystemReflectionMethodInfo', ID = '9769'
Method 'SystemVoidCosmosIL2CPUSZArrayImpl1SystemReflectionMethodInfoInsertSystemInt32SystemReflectionMethodInfo', ID = '9770'
Method 'SystemVoidCosmosIL2CPUSZArrayImpl1SystemReflectionMethodInfoRemoveAtSystemInt32', ID = '9771'
Method 'SystemBooleanCosmosIL2CPUSZArrayImpl1SystemReflectionMethodInfoget_IsFixedSize', ID = '9772'
Method 'SystemVoidCosmosIL2CPUSZArrayImpl1SystemReflectionMethodInfoRemoveSystemReflectionMethodInfo', ID = '9773'
Method 'SystemObjectCosmosIL2CPUSZArrayImpl1SystemReflectionMethodInfoget_SyncRoot', ID = '9774'
Method 'SystemBooleanCosmosIL2CPUSZArrayImpl1SystemReflectionMethodInfoget_IsSynchronized', ID = '9775'
Method 'SystemInt32SystemStringstrlenSystemBytepointer', ID = '9777'
Method 'SystemStringSystemMdUtf8StringToString', ID = '9778'
Method 'SystemVoidSystemCollectionsGenericEqualityComparer1SystemReflectionRuntimePropertyInfocctor', ID = '9779'
Method 'SystemVoidSystemSZGenericArrayEnumerator1SystemReflectionRuntimeEventInfoarraycctor', ID = '9781'
Method 'SystemVoidSystemSZGenericArrayEnumerator1SystemReflectionRuntimeEventInfoarrayDispose', ID = '9782'
Method 'SystemBooleanSystemSZGenericArrayEnumerator1SystemReflectionRuntimeEventInfoarrayMoveNext', ID = '9783'
Method 'SystemBooleanSystemRuntimeCompilerServicesRuntimeHelpersIsBitwiseEquatableSystemReflectionRuntimeEventInfoarray', ID = '9784'
Method 'SystemInt32InternalRuntimeCompilerServicesUnsafeSizeOfSystemReflectionRuntimeEventInfoarray', ID = '9785'
Method 'SystemByteInternalRuntimeCompilerServicesUnsafeAsSystemReflectionRuntimeEventInfoarraySystemByteSystemReflectionRuntimeEventInfoarray', ID = '9786'
Method 'SystemCharInternalRuntimeCompilerServicesUnsafeAsSystemReflectionRuntimeEventInfoarraySystemCharSystemReflectionRuntimeEventInfoarray', ID = '9787'
Method 'SystemInt32InternalRuntimeCompilerServicesUnsafeAsSystemReflectionRuntimeEventInfoarraySystemInt32SystemReflectionRuntimeEventInfoarray', ID = '9788'
Method 'SystemInt64InternalRuntimeCompilerServicesUnsafeAsSystemReflectionRuntimeEventInfoarraySystemInt64SystemReflectionRuntimeEventInfoarray', ID = '9789'
Method 'SystemCollectionsGenericEqualityComparer1SystemReflectionRuntimeEventInfoarraySystemCollectionsGenericEqualityComparer1SystemReflectionRuntimeEventInfoarrayget_Default', ID = '9790'
Method 'SystemInt32SystemCollectionsGenericEqualityComparer1SystemReflectionRuntimeEventInfoarrayIndexOfSystemReflectionRuntimeEventInfoarrayarraySystemReflectionRuntimeEventInfoarraySystemInt32SystemInt32', ID = '9791'
Method 'SystemVoidCosmosIL2CPUSZArrayImpl1GetEnumeratord__0SystemReflectionRuntimeEventInfoarrayctorSystemInt32', ID = '9792'
Method 'SystemVoidSystemCollectionsGenericEqualityComparer1SystemReflectionRuntimeEventInfocctor', ID = '9797'
Method 'SystemInt32SystemSpanHelpersIndexOfSystemCharSystemCharSystemCharSystemInt32', ID = '9799'
Method 'SystemStringSystemStringConcatSystemReadOnlySpan1SystemCharSystemReadOnlySpan1SystemCharSystemReadOnlySpan1SystemCharSystemReadOnlySpan1SystemChar', ID = '9800'
Method 'SystemVoidSystemNullable1SystemRuntimeInteropServicesDllImportSearchPathctorSystemRuntimeInteropServicesDllImportSearchPath', ID = '9801'
Method 'SystemBooleanSystemRuntimeInteropServicesNativeLibraryTryLoadSystemStringSystemReflectionAssemblySystemNullable1SystemRuntimeInteropServicesDllImportSearchPathSystemIntPtr', ID = '9802'
Method 'SystemVoidSystemRandomImplBasector', ID = '9805'
Method 'SystemVoidInteropGetRandomBytesSystemBytepointerSystemInt32', ID = '9806'
Method 'SystemInt32SystemNumericsBitOperationsPopCountSystemUInt64', ID = '9807'
Method 'SystemUInt64SystemNumericsBitOperationsRotateLeftSystemUInt64SystemInt32', ID = '9808'
Method 'SystemVoidSystemSpan1SystemBytectorSystemBytearray', ID = '9809'
Method 'SystemVoidSystemRandomXoshiroImplNextBytesSystemSpan1SystemByte', ID = '9810'
Method 'SystemStringSystemPrivateCoreLibSystemSRget_Argument_InvalidCodePageConversionIndex', ID = '9811'
Method 'SystemVoidSystemTextEncoderFallbackExceptionctorSystemStringSystemCharSystemInt32', ID = '9812'
Method 'SystemVoidSystemTextEncoderFallbackExceptionctorSystemStringSystemCharSystemCharSystemInt32', ID = '9813'
Method 'SystemBooleanCosmosCore_PlugsSystemRuntimeCompilerServicesRuntimeHelpersImplIsReferenceOrContainsReferencesSystemBoolean', ID = '9814'
Method 'SystemInt32SystemGlobalizationCompareInfoCompareSystemReadOnlySpan1SystemCharSystemReadOnlySpan1SystemCharSystemGlobalizationCompareOptions', ID = '9815'
Method 'SystemVoidSystemGlobalizationCompareInfoCheckCompareOptionsForCompareSystemGlobalizationCompareOptions', ID = '9816'
Method 'SystemVoidCosmosCore_PlugsInteropGlobalizationImplChangeCaseInvariantSystemCharpointerSystemInt32SystemCharpointerSystemInt32SystemBoolean', ID = '9817'
Method 'SystemVoidCosmosCore_PlugsInteropGlobalizationImplChangeCaseTurkishSystemCharpointerSystemInt32SystemCharpointerSystemInt32SystemBoolean', ID = '9818'
Method 'SystemVoidCosmosCore_PlugsInteropGlobalizationImplChangeCaseSystemCharpointerSystemInt32SystemCharpointerSystemInt32SystemBoolean', ID = '9819'
Method 'SystemUInt16arrayarrayInternalRuntimeCompilerServicesUnsafeAsSystemUInt16arrayarraySystemObject', ID = '9821'
Method 'SystemVoidSystemSZGenericArrayEnumerator1SystemUInt16arrayctorSystemUInt16arrayarray', ID = '9822'
Method 'SystemInt32SystemArrayIndexOfSystemUInt16arraySystemUInt16arrayarraySystemUInt16arraySystemInt32SystemInt32', ID = '9825'
Method 'SystemCollectionsGenericIEnumerator1SystemUInt16arrayCosmosIL2CPUSZArrayImpl1SystemUInt16arrayGetEnumerator', ID = '9826'
Method 'SystemVoidCosmosIL2CPUSZArrayImpl1SystemUInt16arrayCopyToSystemUInt16arrayarraySystemInt32', ID = '9827'
Method 'SystemInt32CosmosIL2CPUSZArrayImpl1SystemUInt16arrayget_Count', ID = '9828'
Method 'SystemUInt16arrayCosmosIL2CPUSZArrayImpl1SystemUInt16arrayget_ItemSystemInt32', ID = '9829'
Method 'SystemVoidCosmosIL2CPUSZArrayImpl1SystemUInt16arrayset_ItemSystemInt32SystemUInt16array', ID = '9830'
Method 'SystemVoidCosmosIL2CPUSZArrayImpl1SystemUInt16arrayAddSystemUInt16array', ID = '9831'
Method 'SystemBooleanCosmosIL2CPUSZArrayImpl1SystemUInt16arrayContainsSystemUInt16array', ID = '9832'
Method 'SystemBooleanCosmosIL2CPUSZArrayImpl1SystemUInt16arrayget_IsReadOnly', ID = '9833'
Method 'SystemVoidCosmosIL2CPUSZArrayImpl1SystemUInt16arrayClear', ID = '9834'
Method 'SystemInt32CosmosIL2CPUSZArrayImpl1SystemUInt16arrayIndexOfSystemUInt16array', ID = '9835'
Method 'SystemVoidCosmosIL2CPUSZArrayImpl1SystemUInt16arrayInsertSystemInt32SystemUInt16array', ID = '9836'
Method 'SystemVoidCosmosIL2CPUSZArrayImpl1SystemUInt16arrayRemoveAtSystemInt32', ID = '9837'
Method 'SystemBooleanCosmosIL2CPUSZArrayImpl1SystemUInt16arrayget_IsFixedSize', ID = '9838'
Method 'SystemVoidCosmosIL2CPUSZArrayImpl1SystemUInt16arrayRemoveSystemUInt16array', ID = '9839'
Method 'SystemObjectCosmosIL2CPUSZArrayImpl1SystemUInt16arrayget_SyncRoot', ID = '9840'
Method 'SystemBooleanCosmosIL2CPUSZArrayImpl1SystemUInt16arrayget_IsSynchronized', ID = '9841'
Method 'SystemBooleanSystemNumericsVector1SystemSByteop_EqualitySystemNumericsVector1SystemSByteSystemNumericsVector1SystemSByte', ID = '9842'
Method 'SystemVoidSystemTextDecoderReplacementFallbackBufferReset', ID = '9844'
Method 'SystemBooleanSystemTextDecoderExceptionFallbackBufferFallbackSystemBytearraySystemInt32', ID = '9845'
Method 'SystemNumericsVector1SystemSByteSystemNumericsVector1SystemSByteGreaterThanOrEqualSystemNumericsVector1SystemSByteSystemNumericsVector1SystemSByte', ID = '9846'
Method 'SystemVoidCosmosIL2CPUSZArrayImpl1GetEnumeratord__0SystemReflectionRuntimeMethodInfoarraySystemIDisposableDispose', ID = '9851'
Method 'SystemBooleanCosmosIL2CPUSZArrayImpl1GetEnumeratord__0SystemReflectionRuntimeMethodInfoarrayMoveNext', ID = '9852'
Method 'SystemVoidSystemSZGenericArrayEnumerator1SystemReflectionParameterInfocctor', ID = '9853'
Method 'SystemVoidSystemSZGenericArrayEnumerator1SystemReflectionParameterInfoDispose', ID = '9854'
Method 'SystemBooleanSystemSZGenericArrayEnumerator1SystemReflectionParameterInfoMoveNext', ID = '9855'
Method 'SystemBooleanSystemRuntimeCompilerServicesRuntimeHelpersIsBitwiseEquatableSystemReflectionParameterInfo', ID = '9856'
Method 'SystemInt32InternalRuntimeCompilerServicesUnsafeSizeOfSystemReflectionParameterInfo', ID = '9857'
Method 'SystemByteInternalRuntimeCompilerServicesUnsafeAsSystemReflectionParameterInfoSystemByteSystemReflectionParameterInfo', ID = '9858'
Method 'SystemCharInternalRuntimeCompilerServicesUnsafeAsSystemReflectionParameterInfoSystemCharSystemReflectionParameterInfo', ID = '9859'
Method 'SystemInt32InternalRuntimeCompilerServicesUnsafeAsSystemReflectionParameterInfoSystemInt32SystemReflectionParameterInfo', ID = '9860'
Method 'SystemInt64InternalRuntimeCompilerServicesUnsafeAsSystemReflectionParameterInfoSystemInt64SystemReflectionParameterInfo', ID = '9861'
Method 'SystemCollectionsGenericEqualityComparer1SystemReflectionParameterInfoSystemCollectionsGenericEqualityComparer1SystemReflectionParameterInfoget_Default', ID = '9862'
Method 'SystemInt32SystemCollectionsGenericEqualityComparer1SystemReflectionParameterInfoIndexOfSystemReflectionParameterInfoarraySystemReflectionParameterInfoSystemInt32SystemInt32', ID = '9863'
Method 'SystemVoidCosmosIL2CPUSZArrayImpl1GetEnumeratord__0SystemReflectionParameterInfoctorSystemInt32', ID = '9864'
Method 'SystemBooleanSystemRuntimeMethodHandleEqualsSystemObject', ID = '9867'
Method 'SystemInt32SystemRuntimeMethodHandleGetHashCode', ID = '9868'
Method 'SystemVoidCosmosIL2CPUSZArrayImpl1GetEnumeratord__0SystemReflectionRuntimeConstructorInfoarraySystemIDisposableDispose', ID = '9874'
Method 'SystemBooleanCosmosIL2CPUSZArrayImpl1GetEnumeratord__0SystemReflectionRuntimeConstructorInfoarrayMoveNext', ID = '9875'
Method 'SystemReflectionCallingConventionsCosmosSystem_PlugsSystemReflectionRuntimeMethodInfoImplget_CallingConvention', ID = '9876'
Method 'SystemReflectionCallingConventionsCosmosSystem_PlugsSystemReflectionRuntimeConstructorInfoImplget_CallingConvention', ID = '9877'
Method 'SystemVoidCosmosIL2CPUSZArrayImpl1GetEnumeratord__0SystemReflectionRuntimeFieldInfoarraySystemIDisposableDispose', ID = '9883'
Method 'SystemBooleanCosmosIL2CPUSZArrayImpl1GetEnumeratord__0SystemReflectionRuntimeFieldInfoarrayMoveNext', ID = '9884'
Method 'SystemBooleanSystemTypedReferenceEqualsSystemObject', ID = '9887'
Method 'SystemInt32SystemTypedReferenceGetHashCode', ID = '9888'
Method 'SystemVoidCosmosIL2CPUSZArrayImpl1GetEnumeratord__0SystemRuntimeTypearraySystemIDisposableDispose', ID = '9893'
Method 'SystemBooleanCosmosIL2CPUSZArrayImpl1GetEnumeratord__0SystemRuntimeTypearrayMoveNext', ID = '9894'
Method 'SystemVoidCosmosIL2CPUSZArrayImpl1GetEnumeratord__0SystemReflectionRuntimePropertyInfoarraySystemIDisposableDispose', ID = '9899'
Method 'SystemBooleanCosmosIL2CPUSZArrayImpl1GetEnumeratord__0SystemReflectionRuntimePropertyInfoarrayMoveNext', ID = '9900'
Method 'SystemVoidSystemSZGenericArrayEnumerator1SystemReflectionMethodInfocctor', ID = '9901'
Method 'SystemVoidSystemSZGenericArrayEnumerator1SystemReflectionMethodInfoDispose', ID = '9902'
Method 'SystemBooleanSystemSZGenericArrayEnumerator1SystemReflectionMethodInfoMoveNext', ID = '9903'
Method 'SystemBooleanSystemRuntimeCompilerServicesRuntimeHelpersIsBitwiseEquatableSystemReflectionMethodInfo', ID = '9904'
Method 'SystemInt32InternalRuntimeCompilerServicesUnsafeSizeOfSystemReflectionMethodInfo', ID = '9905'
Method 'SystemByteInternalRuntimeCompilerServicesUnsafeAsSystemReflectionMethodInfoSystemByteSystemReflectionMethodInfo', ID = '9906'
Method 'SystemCharInternalRuntimeCompilerServicesUnsafeAsSystemReflectionMethodInfoSystemCharSystemReflectionMethodInfo', ID = '9907'
Method 'SystemInt32InternalRuntimeCompilerServicesUnsafeAsSystemReflectionMethodInfoSystemInt32SystemReflectionMethodInfo', ID = '9908'
Method 'SystemInt64InternalRuntimeCompilerServicesUnsafeAsSystemReflectionMethodInfoSystemInt64SystemReflectionMethodInfo', ID = '9909'
Method 'SystemCollectionsGenericEqualityComparer1SystemReflectionMethodInfoSystemCollectionsGenericEqualityComparer1SystemReflectionMethodInfoget_Default', ID = '9910'
Method 'SystemInt32SystemCollectionsGenericEqualityComparer1SystemReflectionMethodInfoIndexOfSystemReflectionMethodInfoarraySystemReflectionMethodInfoSystemInt32SystemInt32', ID = '9911'
Method 'SystemVoidCosmosIL2CPUSZArrayImpl1GetEnumeratord__0SystemReflectionMethodInfoctorSystemInt32', ID = '9912'
Method 'SystemVoidSystemStringThrowMustBeNullTerminatedString', ID = '9914'
Method 'SystemTextEncodingSystemTextEncodingget_UTF8', ID = '9915'
Method 'SystemStringSystemTextEncodingGetStringSystemReadOnlySpan1SystemByte', ID = '9916'
Method 'SystemVoidCosmosIL2CPUSZArrayImpl1GetEnumeratord__0SystemReflectionRuntimeEventInfoarraySystemIDisposableDispose', ID = '9921'
Method 'SystemBooleanCosmosIL2CPUSZArrayImpl1GetEnumeratord__0SystemReflectionRuntimeEventInfoarrayMoveNext', ID = '9922'
Method 'SystemReflectionParameterInfoarrayCosmosSystem_PlugsSystemReflectionRuntimeMethodInfoImplGetParametersNoCopy', ID = '9923'
Method 'SystemReflectionParameterInfoarrayCosmosSystem_PlugsSystemReflectionRuntimeConstructorInfoImplGetParametersNoCopy', ID = '9924'
Method 'SystemReflectionParameterInfoarraySystemReflectionRuntimeConstructorInfoGetParameters', ID = '9926'
Method 'SystemBooleanSystemReflectionAssemblyop_EqualitySystemReflectionAssemblySystemReflectionAssembly', ID = '9930'
Method 'SystemBooleanSystemReflectionAssemblyIsRuntimeImplemented', ID = '9931'
Method 'SystemStringSystemPrivateCoreLibSystemSRget_Argument_MustBeRuntimeAssembly', ID = '9932'
Method 'SystemIntPtrSystemRuntimeInteropServicesNativeLibraryLoadLibraryByNameSystemStringSystemReflectionAssemblySystemNullable1SystemRuntimeInteropServicesDllImportSearchPathSystemBoolean', ID = '9933'
Method 'SystemVoidCosmosCore_PlugsSystemInternalEnvironmentImplFailFastSystemString', ID = '9934'
Method 'SystemVoidCosmosCore_PlugsInteropGlobalizationImplInitICUFunctionsSystemIntPtrSystemIntPtrSystemStringSystemString', ID = '9935'
Method 'SystemBooleanSystemRuntimeIntrinsicsX86PopcntX64get_IsSupported', ID = '9938'
Method 'SystemUInt64SystemRuntimeIntrinsicsX86PopcntX64PopCountSystemUInt64', ID = '9939'
Method 'SystemInt32SystemNumericsBitOperationsPopCountg__SoftwareFallbacksLine20_0SystemUInt64', ID = '9940'
Method 'SystemBooleanSystemReadOnlySpan1SystemCharop_EqualitySystemReadOnlySpan1SystemCharSystemReadOnlySpan1SystemChar', ID = '9942'
Method 'SystemInt32SystemGlobalizationCompareInfoCompareStringCoreSystemReadOnlySpan1SystemCharSystemReadOnlySpan1SystemCharSystemGlobalizationCompareOptions', ID = '9943'
Method 'SystemInt32SystemMemoryExtensionsSequenceCompareToSystemCharSystemReadOnlySpan1SystemCharSystemReadOnlySpan1SystemChar', ID = '9944'
Method 'SystemVoidSystemSZGenericArrayEnumerator1SystemUInt16arraycctor', ID = '9945'
Method 'SystemVoidSystemSZGenericArrayEnumerator1SystemUInt16arrayDispose', ID = '9946'
Method 'SystemBooleanSystemSZGenericArrayEnumerator1SystemUInt16arrayMoveNext', ID = '9947'
Method 'SystemBooleanSystemRuntimeCompilerServicesRuntimeHelpersIsBitwiseEquatableSystemUInt16array', ID = '9948'
Method 'SystemInt32InternalRuntimeCompilerServicesUnsafeSizeOfSystemUInt16array', ID = '9949'
Method 'SystemByteInternalRuntimeCompilerServicesUnsafeAsSystemUInt16arraySystemByteSystemUInt16array', ID = '9950'
Method 'SystemCharInternalRuntimeCompilerServicesUnsafeAsSystemUInt16arraySystemCharSystemUInt16array', ID = '9951'
Method 'SystemInt32InternalRuntimeCompilerServicesUnsafeAsSystemUInt16arraySystemInt32SystemUInt16array', ID = '9952'
Method 'SystemInt64InternalRuntimeCompilerServicesUnsafeAsSystemUInt16arraySystemInt64SystemUInt16array', ID = '9953'
Method 'SystemCollectionsGenericEqualityComparer1SystemUInt16arraySystemCollectionsGenericEqualityComparer1SystemUInt16arrayget_Default', ID = '9954'
Method 'SystemInt32SystemCollectionsGenericEqualityComparer1SystemUInt16arrayIndexOfSystemUInt16arrayarraySystemUInt16arraySystemInt32SystemInt32', ID = '9955'
Method 'SystemVoidCosmosIL2CPUSZArrayImpl1GetEnumeratord__0SystemUInt16arrayctorSystemInt32', ID = '9956'
Method 'SystemBooleanSystemNumericsVector1SystemSByteScalarEqualsSystemSByteSystemSByte', ID = '9958'
Method 'SystemBooleanCosmosSystem_PlugsSystemTextDecoderReplacementFallbackBufferImplFallbackSystemBytearraySystemInt32', ID = '9959'
Method 'SystemVoidSystemTextDecoderExceptionFallbackBufferThrowSystemBytearraySystemInt32', ID = '9960'
Method 'SystemBooleanSystemNumericsVector1SystemSByteScalarGreaterThanOrEqualSystemSByteSystemSByte', ID = '9961'
Method 'SystemVoidSystemCollectionsGenericEqualityComparer1SystemReflectionRuntimeMethodInfoarraycctor', ID = '9962'
Method 'SystemVoidCosmosIL2CPUSZArrayImpl1GetEnumeratord__0SystemReflectionParameterInfoSystemIDisposableDispose', ID = '9968'
Method 'SystemBooleanCosmosIL2CPUSZArrayImpl1GetEnumeratord__0SystemReflectionParameterInfoMoveNext', ID = '9969'
Method 'SystemBooleanCosmosCore_PlugsSystemRuntimeMethodHandleImplHasMethodInstantiationSystemObject', ID = '9970'
Method 'SystemIntPtrSystemRuntimeMethodHandleget_Value', ID = '9971'
Method 'SystemVoidSystemCollectionsGenericEqualityComparer1SystemReflectionRuntimeConstructorInfoarraycctor', ID = '9972'
Method 'SystemBooleanCosmosCoreCosmosRuntimeTypeIsByRefImpl', ID = '9974'
Method 'SystemBooleanSystemRuntimeTypeIsByRefImpl', ID = '9975'
Method 'SystemVoidSystemCollectionsGenericEqualityComparer1SystemReflectionRuntimeFieldInfoarraycctor', ID = '9976'
Method 'SystemBooleanCosmosCoreCosmosRuntimeTypeIsPrimitiveImpl', ID = '9978'
Method 'SystemBooleanSystemRuntimeTypeIsPrimitiveImpl', ID = '9979'
Method 'SystemTypeSystemTypeget_DeclaringType', ID = '9980'
Method 'SystemTypeSystemRuntimeTypeget_DeclaringType', ID = '9981'
Method 'SystemTypeSystemReflectionRuntimeMethodInfoget_DeclaringType', ID = '9982'
Method 'SystemTypeSystemReflectionRuntimeConstructorInfoget_DeclaringType', ID = '9983'
Method 'SystemTypeSystemReflectionRuntimeFieldInfoget_DeclaringType', ID = '9984'
Method 'SystemTypeSystemReflectionRuntimePropertyInfoget_DeclaringType', ID = '9985'
Method 'SystemTypeSystemReflectionRuntimeEventInfoget_DeclaringType', ID = '9986'
Method 'SystemStringSystemPrivateCoreLibSystemSRget_NotSupported_NYI', ID = '9987'
Method 'SystemVoidSystemCollectionsGenericEqualityComparer1SystemRuntimeTypearraycctor', ID = '9988'
Method 'SystemVoidSystemCollectionsGenericEqualityComparer1SystemReflectionRuntimePropertyInfoarraycctor', ID = '9990'
Method 'SystemVoidCosmosIL2CPUSZArrayImpl1GetEnumeratord__0SystemReflectionMethodInfoSystemIDisposableDispose', ID = '9996'
Method 'SystemBooleanCosmosIL2CPUSZArrayImpl1GetEnumeratord__0SystemReflectionMethodInfoMoveNext', ID = '9997'
Method 'SystemStringSystemPrivateCoreLibSystemSRget_Arg_MustBeNullTerminatedString', ID = '9998'
Method 'SystemByteSystemRuntimeInteropServicesMemoryMarshalGetNonNullPinnableReferenceSystemByteSystemReadOnlySpan1SystemByte', ID = '9999'
Method 'SystemVoidSystemCollectionsGenericEqualityComparer1SystemReflectionRuntimeEventInfoarraycctor', ID = '10000'
Method 'SystemReflectionParameterInfoarrayCosmosSystem_PlugsSystemReflectionRuntimeMethodInfoImplGetParameters', ID = '10002'
Method 'SystemStringSystemNullable1SystemRuntimeInteropServicesDllImportSearchPathToString', ID = '10003'
Method 'SystemBooleanSystemNullable1SystemRuntimeInteropServicesDllImportSearchPathEqualsSystemObject', ID = '10004'
Method 'SystemInt32SystemNullable1SystemRuntimeInteropServicesDllImportSearchPathGetHashCode', ID = '10005'
Method 'SystemBooleanSystemNullable1SystemRuntimeInteropServicesDllImportSearchPathget_HasValue', ID = '10006'
Method 'SystemRuntimeInteropServicesDllImportSearchPathSystemNullable1SystemRuntimeInteropServicesDllImportSearchPathGetValueOrDefault', ID = '10007'
Method 'SystemInt32CosmosCore_PlugsInteropBCryptImplBCryptGenRandomSystemIntPtrSystemBytepointerSystemInt32SystemInt32', ID = '10011'
Method 'SystemInt32SystemGlobalizationCompareInfoIcuCompareStringSystemReadOnlySpan1SystemCharSystemReadOnlySpan1SystemCharSystemGlobalizationCompareOptions', ID = '10013'
Method 'SystemInt32SystemGlobalizationCompareInfoNlsCompareStringSystemReadOnlySpan1SystemCharSystemReadOnlySpan1SystemCharSystemGlobalizationCompareOptions', ID = '10014'
Method 'SystemInt32SystemSpanHelpersSequenceCompareToSystemCharSystemCharSystemInt32SystemCharSystemInt32', ID = '10015'
Method 'SystemVoidCosmosIL2CPUSZArrayImpl1GetEnumeratord__0SystemUInt16arraySystemIDisposableDispose', ID = '10019'
Method 'SystemBooleanCosmosIL2CPUSZArrayImpl1GetEnumeratord__0SystemUInt16arrayMoveNext', ID = '10020'
Method 'SystemVoidSystemTextStringBuilderctorSystemInt32', ID = '10022'
Method 'SystemVoidSystemTextStringBuilderAppendInterpolatedStringHandlerctorSystemInt32SystemInt32SystemTextStringBuilder', ID = '10023'
Method 'SystemVoidSystemTextStringBuilderAppendInterpolatedStringHandlerAppendLiteralSystemString', ID = '10024'
Method 'SystemVoidSystemTextStringBuilderAppendInterpolatedStringHandlerAppendFormattedSystemByteSystemByteSystemString', ID = '10025'
Method 'SystemTextStringBuilderSystemTextStringBuilderAppendSystemTextStringBuilderAppendInterpolatedStringHandler', ID = '10026'
Method 'SystemStringSystemPrivateCoreLibSystemSRget_Argument_InvalidCodePageBytesIndex', ID = '10027'
Method 'SystemVoidSystemTextDecoderFallbackExceptionctorSystemStringSystemBytearraySystemInt32', ID = '10028'
Method 'SystemVoidSystemCollectionsGenericEqualityComparer1SystemReflectionParameterInfocctor', ID = '10029'
Method 'SystemIntPtrSystemRuntimeMethodHandleInternalget_Value', ID = '10032'
Method 'SystemBooleanSystemRuntimeTypeHandleIsByRefSystemRuntimeType', ID = '10033'
Method 'SystemBooleanSystemRuntimeTypeHandleIsPrimitiveSystemRuntimeType', ID = '10034'
Method 'SystemRuntimeTypeSystemRuntimeTypeRuntimeTypeCacheGetEnclosingType', ID = '10035'
Method 'SystemBooleanSystemRuntimeTypeRuntimeTypeCacheget_IsGlobal', ID = '10036'
Method 'SystemVoidSystemCollectionsGenericEqualityComparer1SystemReflectionMethodInfocctor', ID = '10037'
Method 'SystemByteInternalRuntimeCompilerServicesUnsafeAsRefSystemByteSystemVoidpointer', ID = '10039'
Method 'SystemIntPtrCosmosCore_PlugsSystemRuntimeInteropServicesNativeLibraryImplLoadByNameSystemStringSystemObjectSystemBooleanSystemUInt32SystemBoolean', ID = '10040'
Method 'SystemVoidSystemCollectionsGenericEqualityComparer1SystemUInt16arraycctor', ID = '10046'
Method 'SystemVoidSystemTextStringBuilderctorSystemInt32SystemInt32', ID = '10048'
Method 'SystemVoidSystemTextStringBuilderAppendInterpolatedStringHandlerAppendCustomFormatterSystemByteSystemByteSystemString', ID = '10050'
Method 'SystemVoidSystemTextStringBuilderFormatError', ID = '10051'
Method 'SystemVoidSystemTextStringBuilderAppendInterpolatedStringHandlerAppendFormattedWithTempSpaceSystemByteSystemByteSystemInt32SystemString', ID = '10052'
Method 'SystemRuntimeMethodHandleInternalSystemReflectionRuntimeMethodInfoSystemIRuntimeMethodInfoget_Value', ID = '10055'
Method 'SystemRuntimeMethodHandleInternalSystemReflectionRuntimeConstructorInfoSystemIRuntimeMethodInfoget_Value', ID = '10056'
Method 'SystemBooleanSystemRuntimeCompilerServicesRuntimeHelpersIsPrimitiveTypeSystemReflectionCorElementType', ID = '10057'
Method 'SystemRuntimeTypeSystemRuntimeTypeRuntimeTypeCacheGetRuntimeType', ID = '10058'
Method 'SystemInt32CosmosCore_PlugsInteropGlobalizationImplCompareStringSystemIntPtrSystemCharpointerSystemInt32SystemCharpointerSystemInt32SystemObject', ID = '10061'
Method 'SystemInt32CosmosCore_PlugsInteropKernel32ImplCompareStringExSystemCharpointerSystemUInt32SystemCharpointerSystemInt32SystemCharpointerSystemInt32SystemObjectSystemObjectSystemIntPtr', ID = '10062'
Method 'SystemStringSystemPrivateCoreLibSystemSRget_ArgumentOutOfRange_Capacity', ID = '10063'
Method 'SystemStringSystemPrivateCoreLibSystemSRget_ArgumentOutOfRange_SmallMaxCapacity', ID = '10064'
Method 'SystemStringSystemPrivateCoreLibSystemSRget_Format_InvalidString', ID = '10065'
Method 'SystemVoidSystemRuntimeCompilerServicesDefaultInterpolatedStringHandlerAppendFormattedSystemByteSystemByteSystemString', ID = '10066'
Method 'SystemVoidSystemTextStringBuilderAppendInterpolatedStringHandlerAppendFormattedSystemReadOnlySpan1SystemCharSystemInt32SystemString', ID = '10067'
Method 'SystemVoidSystemRuntimeMethodHandleInternalctorSystemIntPtr', ID = '10068'
Method 'SystemObjectCosmosCore_PlugsSystemRuntimeTypeHandleImplGetDeclaringTypeSystemObject', ID = '10069'
Method 'SystemTextStringBuilderSystemTextStringBuilderAppendSystemReadOnlySpan1SystemChar', ID = '10070'
